MissionDay,Case,EccentricityVectorX,EccentricityVectorY,Eccentricity,ArgumentOfPerigee_deg,ObservedMinAltitude_km,ObservedMaxAltitude_km,ObservedVariation_km,MaxDeviationFromNominal_km,WithinMaintenanceHalfBand
0,1,6.45652244496063e-20,0.0010544301343793,0.0010544301343793,90,630.477776341339,630.747440881512,0.269664540173494,0.747440881512148,1
1,1,-1.4747321803006e-16,0.00105443013437931,0.00105443013437931,90.000000000008,630.477776341337,630.747440881512,0.269664540175313,0.747440881512148,1
2,1,-2.9453840678906e-16,0.00105443013437932,0.00105443013437932,90.000000000016,630.477776341337,630.747440881514,0.269664540177132,0.747440881513967,1
3,1,-4.40659714132683e-16,0.00105443013437934,0.00105443013437934,90.000000000024,630.477776341335,630.747440881515,0.269664540179974,0.747440881514876,1
4,1,-5.85368877915097e-16,0.00105443013437937,0.00105443013437937,90.0000000000318,630.477776341334,630.747440881515,0.269664540180884,0.747440881514876,1
5,1,-7.28202161363167e-16,0.00105443013437941,0.00105443013437941,90.0000000000396,630.477776341334,630.747440881517,0.269664540182816,0.747440881516809,1
6,1,-8.68701839173039e-16,0.00105443013437945,0.00105443013437945,90.0000000000472,630.477776341332,630.747440881517,0.269664540184635,0.747440881516809,1
7,1,-1.0064176643423e-15,0.0010544301343795,0.0010544301343795,90.0000000000547,630.477776341332,630.747440881519,0.269664540186454,0.747440881518628,1
8,1,-1.1409083110371e-15,0.00105443013437956,0.00105443013437956,90.000000000062,630.47777634133,630.747440881519,0.269664540188387,0.747440881518628,1
9,1,-1.27174278887032e-15,0.00105443013437963,0.00105443013437963,90.0000000000691,630.477776341329,630.747440881519,0.269664540189297,0.747440881518628,1
10,1,-1.39850182405876e-15,0.00105443013437971,0.00105443013437971,90.000000000076,630.477776341329,630.74744088152,0.269664540190206,0.747440881519537,1
11,1,-1.52077920303302e-15,0.00105443013437979,0.00105443013437979,90.0000000000826,630.477776341328,630.74744088152,0.269664540192025,0.747440881519537,1
12,1,-1.63818307419454e-15,0.00105443013437988,0.00105443013437988,90.000000000089,630.477776341326,630.74744088152,0.269664540193958,0.747440881519537,1
13,1,-1.7503372036481e-15,0.00105443013437998,0.00105443013437998,90.0000000000951,630.477776341326,630.747440881521,0.26966454019589,0.74744088152147,1
14,1,-1.85688218088555e-15,0.00105443013438008,0.00105443013438008,90.0000000001009,630.477776341325,630.747440881521,0.2696645401968,0.74744088152147,1
15,1,-1.95747657055722e-15,0.00105443013438019,0.00105443013438019,90.0000000001064,630.477776341323,630.747440881521,0.269664540198619,0.74744088152147,1
16,1,-2.05179800663982e-15,0.0010544301343803,0.0010544301343803,90.0000000001115,630.477776341323,630.747440881521,0.269664540198619,0.74744088152147,1
17,1,-2.13954422549459e-15,0.00105443013438042,0.00105443013438042,90.0000000001163,630.477776341321,630.747440881521,0.269664540200552,0.74744088152147,1
18,1,-2.22043403450509e-15,0.00105443013438054,0.00105443013438054,90.0000000001207,630.477776341321,630.747440881521,0.269664540200552,0.74744088152147,1
19,1,-2.29420821319054e-15,0.00105443013438067,0.00105443013438067,90.0000000001247,630.47777634132,630.747440881521,0.269664540201461,0.74744088152147,1
20,1,-2.36063034390694e-15,0.0010544301343808,0.0010544301343808,90.0000000001283,630.47777634132,630.747440881521,0.269664540201461,0.74744088152147,1
21,1,-2.41948756947402e-15,0.00105443013438094,0.00105443013438094,90.0000000001315,630.477776341318,630.747440881521,0.26966454020328,0.74744088152147,1
22,1,-2.47059127529996e-15,0.00105443013438108,0.00105443013438108,90.0000000001343,630.477776341318,630.747440881521,0.26966454020328,0.74744088152147,1
23,1,-2.51377769381803e-15,0.00105443013438122,0.00105443013438122,90.0000000001366,630.477776341316,630.747440881521,0.269664540205213,0.74744088152147,1
24,1,-2.54890842929818e-15,0.00105443013438136,0.00105443013438136,90.0000000001385,630.477776341316,630.747440881521,0.269664540205213,0.74744088152147,1
25,1,-2.57587090135169e-15,0.00105443013438151,0.00105443013438151,90.00000000014,630.477776341315,630.747440881521,0.269664540206122,0.74744088152147,1
26,1,-2.59457870570769e-15,0.00105443013438165,0.00105443013438165,90.000000000141,630.477776341315,630.747440881521,0.269664540206122,0.74744088152147,1
27,1,-2.60497189110533e-15,0.0010544301343818,0.0010544301343818,90.0000000001416,630.477776341315,630.747440881521,0.269664540206122,0.74744088152147,1
28,1,-2.60701715141435e-15,0.00105443013438195,0.00105443013438195,90.0000000001417,630.477776341314,630.74744088152,0.269664540206008,0.747440881519537,1
29,1,-2.60070793236831e-15,0.00105443013438209,0.00105443013438209,90.0000000001413,630.477776341314,630.74744088152,0.269664540206008,0.747440881519537,1
30,1,-2.58606445256847e-15,0.00105443013438224,0.00105443013438224,90.0000000001405,630.477776341314,630.74744088152,0.269664540206008,0.747440881519537,1
31,1,-2.56313363869102e-15,0.00105443013438239,0.00105443013438239,90.0000000001393,630.477776341314,630.747440881519,0.269664540205099,0.747440881518628,1
32,1,-2.53198897510525e-15,0.00105443013438253,0.00105443013438253,90.0000000001376,630.477776341314,630.747440881519,0.269664540205099,0.747440881518628,1
33,1,-2.49273026838468e-15,0.00105443013438267,0.00105443013438267,90.0000000001355,630.477776341314,630.747440881517,0.26966454020328,0.747440881516809,1
34,1,-2.44548332746563e-15,0.00105443013438281,0.00105443013438281,90.0000000001329,630.477776341312,630.747440881517,0.269664540205213,0.747440881516809,1
35,1,-2.39039956047837e-15,0.00105443013438295,0.00105443013438295,90.0000000001299,630.477776341312,630.747440881515,0.26966454020328,0.747440881514876,1
36,1,-2.32765548954278e-15,0.00105443013438308,0.00105443013438308,90.0000000001265,630.477776341312,630.747440881515,0.26966454020328,0.747440881514876,1
37,1,-2.25745218508333e-15,0.00105443013438321,0.00105443013438321,90.0000000001227,630.477776341314,630.747440881514,0.269664540200438,0.747440881513967,1
38,1,-2.18001462147639e-15,0.00105443013438334,0.00105443013438334,90.0000000001185,630.477776341314,630.747440881514,0.269664540200438,0.747440881513967,1
39,1,-2.09559095609448e-15,0.00105443013438346,0.00105443013438346,90.0000000001139,630.477776341314,630.747440881512,0.269664540198619,0.747440881512148,1
40,1,-2.00445173405816e-15,0.00105443013438358,0.00105443013438358,90.0000000001089,630.477776341314,630.747440881512,0.269664540198619,0.747440881512148,1
41,1,-1.90688902124376e-15,0.00105443013438369,0.00105443013438369,90.0000000001036,630.477776341314,630.74744088151,0.269664540196686,0.747440881510215,1
42,1,-1.80321546832548e-15,0.00105443013438379,0.00105443013438379,90.000000000098,630.477776341314,630.747440881509,0.269664540195777,0.747440881509306,1
43,1,-1.69376330885116e-15,0.00105443013438389,0.00105443013438389,90.000000000092,630.477776341315,630.747440881509,0.269664540193958,0.747440881509306,1
44,1,-1.57888329456259e-15,0.00105443013438398,0.00105443013438398,90.0000000000858,630.477776341315,630.747440881507,0.269664540192139,0.747440881507487,1
45,1,-1.4589435713721e-15,0.00105443013438407,0.00105443013438407,90.0000000000793,630.477776341315,630.747440881506,0.269664540190206,0.747440881505554,1
46,1,-1.33432849959764e-15,0.00105443013438415,0.00105443013438415,90.0000000000725,630.477776341316,630.747440881506,0.269664540189297,0.747440881505554,1
47,1,-1.20543742223699e-15,0.00105443013438422,0.00105443013438422,90.0000000000655,630.477776341316,630.747440881505,0.269664540188387,0.747440881504644,1
48,1,-1.07268338522821e-15,0.00105443013438429,0.00105443013438429,90.0000000000583,630.477776341316,630.747440881503,0.269664540186568,0.747440881502826,1
49,1,-9.36491813797557e-16,0.00105443013438434,0.00105443013438434,90.0000000000509,630.477776341318,630.747440881503,0.269664540184635,0.747440881502826,1
50,1,-7.97299149136536e-16,0.00105443013438439,0.00105443013438439,90.0000000000433,630.477776341318,630.747440881501,0.269664540182816,0.747440881501007,1
51,1,-6.55551449777083e-16,0.00105443013438443,0.00105443013438443,90.0000000000356,630.47777634132,630.7474408815,0.269664540179974,0.747440881499983,1
52,1,-5.11702962146878e-16,0.00105443013438447,0.00105443013438447,90.0000000000278,630.47777634132,630.7474408815,0.269664540179974,0.747440881499983,1
53,1,-3.66214664885631e-16,0.00105443013438449,0.00105443013438449,90.0000000000199,630.477776341321,630.747440881498,0.269664540177246,0.747440881498164,1
54,1,-2.19552791587247e-16,0.00105443013438451,0.00105443013438451,90.0000000000119,630.477776341321,630.747440881498,0.269664540177246,0.747440881498164,1
55,1,-7.21873367018877e-17,0.00105443013438452,0.00105443013438452,90.0000000000039,630.477776341323,630.747440881496,0.269664540173494,0.747440881496345,1
56,1,7.54094506140408e-17,0.00105443013438452,0.00105443013438452,89.9999999999959,630.477776341323,630.747440881496,0.269664540173494,0.747440881496345,1
57,1,2.2276457987337e-16,0.00105443013438451,0.00105443013438451,89.9999999999879,630.477776341321,630.747440881498,0.269664540177246,0.747440881498164,1
58,1,3.69405835009324e-16,0.00105443013438449,0.00105443013438449,89.9999999999799,630.477776341321,630.747440881498,0.269664540177246,0.747440881498164,1
59,1,5.14863287644956e-16,0.00105443013438446,0.00105443013438446,89.999999999972,630.47777634132,630.7474408815,0.269664540179974,0.747440881499983,1
60,1,6.58670803031433e-16,0.00105443013438443,0.00105443013438443,89.9999999999642,630.47777634132,630.7474408815,0.269664540179974,0.747440881499983,1
61,1,8.00367533829199e-16,0.00105443013438439,0.00105443013438439,89.9999999999565,630.477776341318,630.747440881501,0.269664540182816,0.747440881501007,1
62,1,9.39499396945059e-16,0.00105443013438434,0.00105443013438434,89.999999999949,630.477776341318,630.747440881503,0.269664540184635,0.747440881502826,1
63,1,1.07562052869246e-15,0.00105443013438428,0.00105443013438428,89.9999999999416,630.477776341316,630.747440881503,0.269664540186568,0.747440881502826,1
64,1,1.20829471361178e-15,0.00105443013438422,0.00105443013438422,89.9999999999344,630.477776341316,630.747440881505,0.269664540188387,0.747440881504644,1
65,1,1.33709678237174e-15,0.00105443013438415,0.00105443013438415,89.9999999999273,630.477776341316,630.747440881506,0.269664540189297,0.747440881505554,1
66,1,1.46161397427234e-15,0.00105443013438407,0.00105443013438407,89.9999999999206,630.477776341315,630.747440881506,0.269664540190206,0.747440881505554,1
67,1,1.58144725998288e-15,0.00105443013438398,0.00105443013438398,89.9999999999141,630.477776341315,630.747440881507,0.269664540192139,0.747440881507487,1
68,1,1.69621262027625e-15,0.00105443013438389,0.00105443013438389,89.9999999999078,630.477776341315,630.747440881509,0.269664540193958,0.747440881509306,1
69,1,1.80554227666172e-15,0.00105443013438379,0.00105443013438379,89.9999999999019,630.477776341314,630.747440881509,0.269664540195777,0.747440881509306,1
70,1,1.90908586997244e-15,0.00105443013438368,0.00105443013438368,89.9999999998963,630.477776341314,630.74744088151,0.269664540196686,0.747440881510215,1
71,1,2.00651158313071e-15,0.00105443013438357,0.00105443013438357,89.999999999891,630.477776341314,630.747440881512,0.269664540198619,0.747440881512148,1
72,1,2.09750720449312e-15,0.00105443013438346,0.00105443013438346,89.999999999886,630.477776341314,630.747440881512,0.269664540198619,0.747440881512148,1
73,1,2.18178112836785e-15,0.00105443013438334,0.00105443013438334,89.9999999998815,630.477776341314,630.747440881514,0.269664540200438,0.747440881513967,1
74,1,2.25906328949782e-15,0.00105443013438321,0.00105443013438321,89.9999999998773,630.477776341314,630.747440881514,0.269664540200438,0.747440881513967,1
75,1,2.32910602851518e-15,0.00105443013438308,0.00105443013438308,89.9999999998734,630.477776341312,630.747440881515,0.26966454020328,0.747440881514876,1
76,1,2.39168488559359e-15,0.00105443013438295,0.00105443013438295,89.99999999987,630.477776341312,630.747440881515,0.26966454020328,0.747440881514876,1
77,1,2.44659931975493e-15,0.00105443013438281,0.00105443013438281,89.9999999998671,630.477776341312,630.747440881517,0.269664540205213,0.747440881516809,1
78,1,2.49367335152539e-15,0.00105443013438267,0.00105443013438267,89.9999999998645,630.477776341314,630.747440881517,0.26966454020328,0.747440881516809,1
79,1,2.5327561268815e-15,0.00105443013438253,0.00105443013438253,89.9999999998624,630.477776341314,630.747440881519,0.269664540205099,0.747440881518628,1
80,1,2.56372240067874e-15,0.00105443013438238,0.00105443013438238,89.9999999998607,630.477776341314,630.747440881519,0.269664540205099,0.747440881518628,1
81,1,2.58647293801373e-15,0.00105443013438224,0.00105443013438224,89.9999999998595,630.477776341314,630.74744088152,0.269664540206008,0.747440881519537,1
82,1,2.60093483223361e-15,0.00105443013438209,0.00105443013438209,89.9999999998587,630.477776341314,630.74744088152,0.269664540206008,0.747440881519537,1
83,1,2.60706173857358e-15,0.00105443013438194,0.00105443013438194,89.9999999998583,630.477776341314,630.74744088152,0.269664540206008,0.747440881519537,1
84,1,2.60483402267393e-15,0.0010544301343818,0.0010544301343818,89.9999999998585,630.477776341315,630.747440881521,0.269664540206122,0.74744088152147,1
85,1,2.59425882350054e-15,0.00105443013438165,0.00105443013438165,89.999999999859,630.477776341315,630.747440881521,0.269664540206122,0.74744088152147,1
86,1,2.57537003046726e-15,0.0010544301343815,0.0010544301343815,89.9999999998601,630.477776341315,630.747440881521,0.269664540206122,0.74744088152147,1
87,1,2.54822817483348e-15,0.00105443013438136,0.00105443013438136,89.9999999998615,630.477776341316,630.747440881521,0.269664540205213,0.74744088152147,1
88,1,2.51292023572493e-15,0.00105443013438121,0.00105443013438121,89.9999999998634,630.477776341316,630.747440881521,0.269664540205213,0.74744088152147,1
89,1,2.46955936139925e-15,0.00105443013438107,0.00105443013438107,89.9999999998658,630.477776341318,630.747440881521,0.26966454020328,0.74744088152147,1
90,1,2.41828450664973e-15,0.00105443013438093,0.00105443013438093,89.9999999998686,630.477776341318,630.747440881521,0.26966454020328,0.74744088152147,1
91,1,2.35925998750905e-15,0.0010544301343808,0.0010544301343808,89.9999999998718,630.47777634132,630.747440881521,0.269664540201461,0.74744088152147,1
92,1,2.29267495468008e-15,0.00105443013438067,0.00105443013438067,89.9999999998754,630.47777634132,630.747440881521,0.269664540201461,0.74744088152147,1
93,1,2.21874278738122e-15,0.00105443013438054,0.00105443013438054,89.9999999998794,630.477776341321,630.747440881521,0.269664540200552,0.74744088152147,1
94,1,2.13770040954873e-15,0.00105443013438042,0.00105443013438042,89.9999999998838,630.477776341321,630.747440881521,0.269664540200552,0.74744088152147,1
95,1,2.04980753058731e-15,0.0010544301343803,0.0010544301343803,89.9999999998886,630.477776341323,630.747440881521,0.269664540198619,0.74744088152147,1
96,1,1.9553458131022e-15,0.00105443013438018,0.00105443013438018,89.9999999998938,630.477776341323,630.747440881521,0.269664540198619,0.74744088152147,1
97,1,1.85461797027967e-15,0.00105443013438008,0.00105443013438008,89.9999999998992,630.477776341325,630.747440881521,0.2696645401968,0.74744088152147,1
98,1,1.74794679580863e-15,0.00105443013437997,0.00105443013437997,89.999999999905,630.477776341326,630.747440881521,0.26966454019589,0.74744088152147,1
99,1,1.63567412945196e-15,0.00105443013437988,0.00105443013437988,89.9999999999111,630.477776341326,630.74744088152,0.269664540193958,0.747440881519537,1
100,1,1.51815976158262e-15,0.00105443013437979,0.00105443013437979,89.9999999999175,630.477776341328,630.74744088152,0.269664540192025,0.747440881519537,1
101,1,1.39578028019497e-15,0.00105443013437971,0.00105443013437971,89.9999999999242,630.477776341329,630.74744088152,0.269664540190206,0.747440881519537,1
102,1,1.26892786408621e-15,0.00105443013437963,0.00105443013437963,89.9999999999311,630.477776341329,630.747440881519,0.269664540189297,0.747440881518628,1
103,1,1.13800902607538e-15,0.00105443013437956,0.00105443013437956,89.9999999999382,630.47777634133,630.747440881519,0.269664540188387,0.747440881518628,1
104,1,1.00344331028738e-15,0.0010544301343795,0.0010544301343795,89.9999999999455,630.477776341332,630.747440881519,0.269664540186454,0.747440881518628,1
105,1,8.65661947676636e-16,0.00105443013437945,0.00105443013437945,89.999999999953,630.477776341332,630.747440881517,0.269664540184635,0.747440881516809,1
106,1,7.25106474099111e-16,0.0010544301343794,0.0010544301343794,89.9999999999606,630.477776341334,630.747440881517,0.269664540182816,0.747440881516809,1
107,1,5.8222731536102e-16,0.00105443013437937,0.00105443013437937,89.9999999999684,630.477776341335,630.747440881515,0.269664540179974,0.747440881514876,1
108,1,4.37482343778738e-16,0.00105443013437934,0.00105443013437934,89.9999999999762,630.477776341335,630.747440881515,0.269664540179974,0.747440881514876,1
109,1,2.91335410875519e-16,0.00105443013437932,0.00105443013437932,89.9999999999842,630.477776341337,630.747440881514,0.269664540177132,0.747440881513967,1
110,1,1.44254860917177e-16,0.00105443013437931,0.00105443013437931,89.9999999999922,630.477776341337,630.747440881512,0.269664540175313,0.747440881512148,1
111,1,-3.28796994972999e-18,0.0010544301343793,0.0010544301343793,90.0000000000002,630.477776341339,630.747440881512,0.269664540173494,0.747440881512148,1
112,1,-1.50820264147536e-16,0.00105443013437931,0.00105443013437931,90.0000000000082,630.477776341337,630.747440881512,0.269664540175313,0.747440881512148,1
113,1,-2.97869237864515e-16,0.00105443013437932,0.00105443013437932,90.0000000000162,630.477776341337,630.747440881514,0.269664540177132,0.747440881513967,1
114,1,-4.43963656143722e-16,0.00105443013437934,0.00105443013437934,90.0000000000241,630.477776341335,630.747440881515,0.269664540179974,0.747440881514876,1
115,1,-5.88635343008355e-16,0.00105443013437937,0.00105443013437937,90.000000000032,630.477776341334,630.747440881515,0.269664540180884,0.747440881514876,1
116,1,-7.31420681784272e-16,0.00105443013437941,0.00105443013437941,90.0000000000398,630.477776341334,630.747440881517,0.269664540182816,0.747440881516809,1
117,1,-8.71862100811706e-16,0.00105443013437945,0.00105443013437945,90.0000000000474,630.477776341332,630.747440881517,0.269664540184635,0.747440881516809,1
118,1,-1.00950953978506e-15,0.00105443013437951,0.00105443013437951,90.0000000000549,630.47777634133,630.747440881519,0.269664540188387,0.747440881518628,1
119,1,-1.14392189202173e-15,0.00105443013437957,0.00105443013437957,90.0000000000622,630.47777634133,630.747440881519,0.269664540188387,0.747440881518628,1
120,1,-1.27466841803799e-15,0.00105443013437963,0.00105443013437963,90.0000000000693,630.477776341329,630.747440881519,0.269664540189297,0.747440881518628,1
121,1,-1.4013301259021e-15,0.00105443013437971,0.00105443013437971,90.0000000000762,630.477776341329,630.74744088152,0.269664540190206,0.747440881519537,1
122,1,-1.52350111394103e-15,0.00105443013437979,0.00105443013437979,90.0000000000828,630.477776341328,630.74744088152,0.269664540192025,0.747440881519537,1
123,1,-1.64078987149791e-15,0.00105443013437988,0.00105443013437988,90.0000000000892,630.477776341326,630.74744088152,0.269664540193958,0.747440881519537,1
124,1,-1.752820533572e-15,0.00105443013437998,0.00105443013437998,90.0000000000953,630.477776341326,630.747440881521,0.26966454019589,0.74744088152147,1
125,1,-1.85923408532025e-15,0.00105443013438008,0.00105443013438008,90.000000000101,630.477776341325,630.747440881521,0.2696645401968,0.74744088152147,1
126,1,-1.95968951256072e-15,0.00105443013438019,0.00105443013438019,90.0000000001065,630.477776341323,630.747440881521,0.269664540198619,0.74744088152147,1
127,1,-2.05386489459085e-15,0.0010544301343803,0.0010544301343803,90.0000000001116,630.477776341323,630.747440881521,0.269664540198619,0.74744088152147,1
128,1,-2.1414584358185e-15,0.00105443013438042,0.00105443013438042,90.0000000001164,630.477776341321,630.747440881521,0.269664540200552,0.74744088152147,1
129,1,-2.22218943289985e-15,0.00105443013438055,0.00105443013438055,90.0000000001208,630.477776341321,630.747440881521,0.269664540200552,0.74744088152147,1
130,1,-2.29579917428476e-15,0.00105443013438067,0.00105443013438067,90.0000000001248,630.47777634132,630.747440881521,0.269664540201461,0.74744088152147,1
131,1,-2.36205176928706e-15,0.0010544301343808,0.0010544301343808,90.0000000001284,630.47777634132,630.747440881521,0.269664540201461,0.74744088152147,1
132,1,-2.42073490402272e-15,0.00105443013438094,0.00105443013438094,90.0000000001315,630.477776341318,630.747440881521,0.26966454020328,0.74744088152147,1
133,1,-2.47166052179354e-15,0.00105443013438108,0.00105443013438108,90.0000000001343,630.477776341318,630.747440881521,0.26966454020328,0.74744088152147,1
134,1,-2.51466542573597e-15,0.00105443013438122,0.00105443013438122,90.0000000001367,630.477776341316,630.747440881521,0.269664540205213,0.74744088152147,1
135,1,-2.54961180180382e-15,0.00105443013438136,0.00105443013438136,90.0000000001385,630.477776341316,630.747440881521,0.269664540205213,0.74744088152147,1
136,1,-2.57638766040881e-15,0.00105443013438151,0.00105443013438151,90.00000000014,630.477776341315,630.747440881521,0.269664540206122,0.74744088152147,1
137,1,-2.59490719530383e-15,0.00105443013438166,0.00105443013438166,90.000000000141,630.477776341315,630.747440881521,0.269664540206122,0.74744088152147,1
138,1,-2.60511105855868e-15,0.0010544301343818,0.0010544301343818,90.0000000001416,630.477776341315,630.747440881521,0.269664540206122,0.74744088152147,1
139,1,-2.60696655074717e-15,0.00105443013438195,0.00105443013438195,90.0000000001417,630.477776341314,630.74744088152,0.269664540206008,0.747440881519537,1
140,1,-2.60046772573612e-15,0.0010544301343821,0.0010544301343821,90.0000000001413,630.477776341314,630.74744088152,0.269664540206008,0.747440881519537,1
141,1,-2.58563540974041e-15,0.00105443013438224,0.00105443013438224,90.0000000001405,630.477776341314,630.74744088152,0.269664540206008,0.747440881519537,1
142,1,-2.56251713458304e-15,0.00105443013438239,0.00105443013438239,90.0000000001393,630.477776341314,630.747440881519,0.269664540205099,0.747440881518628,1
143,1,-2.53118698537403e-15,0.00105443013438253,0.00105443013438253,90.0000000001375,630.477776341314,630.747440881519,0.269664540205099,0.747440881518628,1
144,1,-2.4917453630964e-15,0.00105443013438268,0.00105443013438268,90.0000000001354,630.477776341314,630.747440881517,0.26966454020328,0.747440881516809,1
145,1,-2.44431866285995e-15,0.00105443013438282,0.00105443013438282,90.0000000001328,630.477776341312,630.747440881517,0.269664540205213,0.747440881516809,1
146,1,-2.38905886885387e-15,0.00105443013438295,0.00105443013438295,90.0000000001298,630.477776341312,630.747440881515,0.26966454020328,0.747440881514876,1
147,1,-2.32614306729638e-15,0.00105443013438309,0.00105443013438309,90.0000000001264,630.477776341312,630.747440881515,0.26966454020328,0.747440881514876,1
148,1,-2.25577287894205e-15,0.00105443013438322,0.00105443013438322,90.0000000001226,630.477776341314,630.747440881514,0.269664540200438,0.747440881513967,1
149,1,-2.17817381296542e-15,0.00105443013438334,0.00105443013438334,90.0000000001184,630.477776341314,630.747440881514,0.269664540200438,0.747440881513967,1
150,1,-2.09359454429151e-15,0.00105443013438346,0.00105443013438346,90.0000000001138,630.477776341314,630.747440881512,0.269664540198619,0.747440881512148,1
151,1,-2.0023061166891e-15,0.00105443013438358,0.00105443013438358,90.0000000001088,630.477776341314,630.747440881512,0.269664540198619,0.747440881512148,1
152,1,-1.90460107418053e-15,0.00105443013438369,0.00105443013438369,90.0000000001035,630.477776341314,630.74744088151,0.269664540196686,0.747440881510215,1
153,1,-1.80079252355149e-15,0.00105443013438379,0.00105443013438379,90.0000000000979,630.477776341314,630.747440881509,0.269664540195777,0.747440881509306,1
154,1,-1.69121313096515e-15,0.00105443013438389,0.00105443013438389,90.0000000000919,630.477776341315,630.747440881509,0.269664540193958,0.747440881509306,1
155,1,-1.5762140558961e-15,0.00105443013438399,0.00105443013438399,90.0000000000857,630.477776341315,630.747440881507,0.269664540192139,0.747440881507487,1
156,1,-1.45616382580032e-15,0.00105443013438407,0.00105443013438407,90.0000000000791,630.477776341315,630.747440881506,0.269664540190206,0.747440881505554,1
157,1,-1.33144715512757e-15,0.00105443013438415,0.00105443013438415,90.0000000000723,630.477776341316,630.747440881506,0.269664540189297,0.747440881505554,1
158,1,-1.20246371246068e-15,0.00105443013438422,0.00105443013438422,90.0000000000654,630.477776341316,630.747440881505,0.269664540188387,0.747440881504644,1
159,1,-1.06962683973273e-15,0.00105443013438429,0.00105443013438429,90.0000000000581,630.477776341316,630.747440881503,0.269664540186568,0.747440881502826,1
160,1,-9.33362227626346e-16,0.00105443013438434,0.00105443013438434,90.0000000000507,630.477776341318,630.747440881503,0.269664540184635,0.747440881502826,1
161,1,-7.94106551400087e-16,0.00105443013438439,0.00105443013438439,90.0000000000432,630.477776341318,630.747440881501,0.269664540182816,0.747440881501007,1
162,1,-6.52306071513521e-16,0.00105443013438443,0.00105443013438443,90.0000000000355,630.47777634132,630.7474408815,0.269664540179974,0.747440881499983,1
163,1,-5.08415203535464e-16,0.00105443013438447,0.00105443013438447,90.0000000000276,630.47777634132,630.7474408815,0.269664540179974,0.747440881499983,1
164,1,-3.62895061918204e-16,0.00105443013438449,0.00105443013438449,90.0000000000197,630.477776341321,630.747440881498,0.269664540177246,0.747440881498164,1
165,1,-2.16211982304472e-16,0.00105443013438451,0.00105443013438451,90.0000000000118,630.477776341321,630.747440881498,0.269664540177246,0.747440881498164,1
166,1,-6.883602710244e-17,0.00105443013438452,0.00105443013438452,90.0000000000038,630.477776341323,630.747440881496,0.269664540173494,0.747440881496345,1
167,1,7.87605208820317e-17,0.00105443013438452,0.00105443013438452,89.9999999999957,630.477776341323,630.747440881496,0.269664540173494,0.747440881496345,1
168,1,2.26104671928749e-16,0.00105443013438451,0.00105443013438451,89.9999999999877,630.477776341321,630.747440881498,0.269664540177246,0.747440881498164,1
169,1,3.72724245151841e-16,0.00105443013438449,0.00105443013438449,89.9999999999797,630.477776341321,630.747440881498,0.269664540177246,0.747440881498164,1
170,1,5.18149381656499e-16,0.00105443013438446,0.00105443013438446,89.9999999999718,630.47777634132,630.7474408815,0.269664540179974,0.747440881499983,1
171,1,6.61914050254549e-16,0.00105443013438443,0.00105443013438443,89.999999999964,630.47777634132,630.7474408815,0.269664540179974,0.747440881499983,1
172,1,8.03557540913794e-16,0.00105443013438439,0.00105443013438439,89.9999999999563,630.477776341318,630.747440881501,0.269664540182816,0.747440881501007,1
173,1,9.42625941155036e-16,0.00105443013438434,0.00105443013438434,89.9999999999488,630.477776341318,630.747440881503,0.269664540184635,0.747440881502826,1
174,1,1.07867359066564e-15,0.00105443013438428,0.00105443013438428,89.9999999999414,630.477776341316,630.747440881503,0.269664540186568,0.747440881502826,1
175,1,1.21126450946806e-15,0.00105443013438422,0.00105443013438422,89.9999999999342,630.477776341316,630.747440881505,0.269664540188387,0.747440881504644,1
176,1,1.33997379506665e-15,0.00105443013438415,0.00105443013438415,89.9999999999272,630.477776341316,630.747440881506,0.269664540189297,0.747440881505554,1
177,1,1.46438898409548e-15,0.00105443013438407,0.00105443013438407,89.9999999999204,630.477776341315,630.747440881506,0.269664540190206,0.747440881505554,1
178,1,1.58411137410349e-15,0.00105443013438398,0.00105443013438398,89.9999999999139,630.477776341315,630.747440881507,0.269664540192139,0.747440881507487,1
179,1,1.69875730124133e-15,0.00105443013438389,0.00105443013438389,89.9999999999077,630.477776341315,630.747440881509,0.269664540193958,0.747440881509306,1
180,1,1.80795936975523e-15,0.00105443013438379,0.00105443013438379,89.9999999999018,630.477776341314,630.747440881509,0.269664540195777,0.747440881509306,1
181,1,1.911367629348e-15,0.00105443013438368,0.00105443013438368,89.9999999998961,630.477776341314,630.74744088151,0.269664540196686,0.747440881510215,1
182,1,2.00865069663405e-15,0.00105443013438357,0.00105443013438357,89.9999999998909,630.477776341314,630.747440881512,0.269664540198619,0.747440881512148,1
183,1,2.0994968170947e-15,0.00105443013438345,0.00105443013438345,89.9999999998859,630.477776341314,630.747440881512,0.269664540198619,0.747440881512148,1
184,1,2.18361486413056e-15,0.00105443013438333,0.00105443013438333,89.9999999998814,630.477776341314,630.747440881514,0.269664540200438,0.747440881513967,1
185,1,2.26073527200938e-15,0.00105443013438321,0.00105443013438321,89.9999999998771,630.477776341314,630.747440881514,0.269664540200438,0.747440881513967,1
186,1,2.3306108997198e-15,0.00105443013438308,0.00105443013438308,89.9999999998734,630.477776341312,630.747440881515,0.26966454020328,0.747440881514876,1
187,1,2.39301782296242e-15,0.00105443013438294,0.00105443013438294,89.99999999987,630.477776341312,630.747440881515,0.26966454020328,0.747440881514876,1
188,1,2.44775605174041e-15,0.00105443013438281,0.00105443013438281,89.999999999867,630.477776341312,630.747440881517,0.269664540205213,0.747440881516809,1
189,1,2.49465017124993e-15,0.00105443013438267,0.00105443013438267,89.9999999998644,630.477776341314,630.747440881517,0.26966454020328,0.747440881516809,1
190,1,2.53354990401654e-15,0.00105443013438252,0.00105443013438252,89.9999999998623,630.477776341314,630.747440881519,0.269664540205099,0.747440881518628,1
191,1,2.56433059147628e-15,0.00105443013438238,0.00105443013438238,89.9999999998607,630.477776341314,630.747440881519,0.269664540205099,0.747440881518628,1
192,1,2.58689359345803e-15,0.00105443013438223,0.00105443013438223,89.9999999998594,630.477776341314,630.74744088152,0.269664540206008,0.747440881519537,1
193,1,2.60116660428703e-15,0.00105443013438209,0.00105443013438209,89.9999999998587,630.477776341314,630.74744088152,0.269664540206008,0.747440881519537,1
194,1,2.60710388449654e-15,0.00105443013438194,0.00105443013438194,89.9999999998583,630.477776341314,630.74744088152,0.269664540206008,0.747440881519537,1
195,1,2.60468640740509e-15,0.00105443013438179,0.00105443013438179,89.9999999998585,630.477776341315,630.747440881521,0.269664540206122,0.74744088152147,1
196,1,2.5939219200896e-15,0.00105443013438165,0.00105443013438165,89.9999999998591,630.477776341315,630.747440881521,0.269664540206122,0.74744088152147,1
197,1,2.57484491855906e-15,0.0010544301343815,0.0010544301343815,89.9999999998601,630.477776341315,630.747440881521,0.269664540206122,0.74744088152147,1
198,1,2.54751653720813e-15,0.00105443013438135,0.00105443013438135,89.9999999998616,630.477776341316,630.747440881521,0.269664540205213,0.74744088152147,1
199,1,2.51202435290514e-15,0.00105443013438121,0.00105443013438121,89.9999999998635,630.477776341316,630.747440881521,0.269664540205213,0.74744088152147,1
200,1,2.46848210434217e-15,0.00105443013438107,0.00105443013438107,89.9999999998659,630.477776341318,630.747440881521,0.26966454020328,0.74744088152147,1
201,1,2.41702932754663e-15,0.00105443013438093,0.00105443013438093,89.9999999998687,630.477776341318,630.747440881521,0.26966454020328,0.74744088152147,1
202,1,2.35783090872238e-15,0.0010544301343808,0.0010544301343808,89.9999999998719,630.47777634132,630.747440881521,0.269664540201461,0.74744088152147,1
203,1,2.29107655585337e-15,0.00105443013438066,0.00105443013438066,89.9999999998755,630.47777634132,630.747440881521,0.269664540201461,0.74744088152147,1
204,1,2.21698019076309e-15,0.00105443013438054,0.00105443013438054,89.9999999998795,630.477776341321,630.747440881521,0.269664540200552,0.74744088152147,1
205,1,2.13577926357806e-15,0.00105443013438041,0.00105443013438041,89.999999999884,630.477776341321,630.747440881521,0.269664540200552,0.74744088152147,1
206,1,2.04773399179221e-15,0.00105443013438029,0.00105443013438029,89.9999999998887,630.477776341323,630.747440881521,0.269664540198619,0.74744088152147,1
207,1,1.95312652637069e-15,0.00105443013438018,0.00105443013438018,89.9999999998939,630.477776341323,630.747440881521,0.269664540198619,0.74744088152147,1
208,1,1.85226004756541e-15,0.00105443013438007,0.00105443013438007,89.9999999998994,630.477776341325,630.747440881521,0.2696645401968,0.74744088152147,1
209,1,1.74545779333986e-15,0.00105443013437997,0.00105443013437997,89.9999999999052,630.477776341326,630.747440881521,0.26966454019589,0.74744088152147,1
210,1,1.63306202351674e-15,0.00105443013437988,0.00105443013437988,89.9999999999113,630.477776341326,630.74744088152,0.269664540193958,0.747440881519537,1
211,1,1.51543292296788e-15,0.00105443013437979,0.00105443013437979,89.9999999999177,630.477776341328,630.74744088152,0.269664540192025,0.747440881519537,1
212,1,1.39294744736141e-15,0.0010544301343797,0.0010544301343797,89.9999999999243,630.477776341329,630.74744088152,0.269664540190206,0.747440881519537,1
213,1,1.2659981151649e-15,0.00105443013437963,0.00105443013437963,89.9999999999312,630.477776341329,630.747440881519,0.269664540189297,0.747440881518628,1
214,1,1.1349917497759e-15,0.00105443013437956,0.00105443013437956,89.9999999999383,630.47777634133,630.747440881519,0.269664540188387,0.747440881518628,1
215,1,1.00034817581061e-15,0.0010544301343795,0.0010544301343795,89.9999999999456,630.477776341332,630.747440881519,0.269664540186454,0.747440881518628,1
216,1,8.62498873728736e-16,0.00105443013437945,0.00105443013437945,89.9999999999531,630.477776341332,630.747440881517,0.269664540184635,0.747440881516809,1
217,1,7.21885597105919e-16,0.0010544301343794,0.0010544301343794,89.9999999999608,630.477776341334,630.747440881517,0.269664540182816,0.747440881516809,1
218,1,5.78958956984716e-16,0.00105443013437937,0.00105443013437937,89.9999999999685,630.477776341335,630.747440881515,0.269664540179974,0.747440881514876,1
219,1,4.34176977840936e-16,0.00105443013437934,0.00105443013437934,89.9999999999764,630.477776341335,630.747440881515,0.269664540179974,0.747440881514876,1
220,1,2.88003629792714e-16,0.00105443013437932,0.00105443013437932,89.9999999999844,630.477776341337,630.747440881514,0.269664540177132,0.747440881513967,1
221,1,1.40907341756172e-16,0.00105443013437931,0.00105443013437931,89.9999999999923,630.477776341337,630.747440881512,0.269664540175313,0.747440881512148,1
222,1,-6.64049968769966e-18,0.0010544301343793,0.0010544301343793,90.0000000000004,630.477776341339,630.747440881512,0.269664540173494,0.747440881512148,1
223,1,-1.5416706090427e-16,0.00105443013437931,0.00105443013437931,90.0000000000084,630.477776341337,630.747440881512,0.269664540175313,0.747440881512148,1
224,1,-3.01199576453806e-16,0.00105443013437932,0.00105443013437932,90.0000000000164,630.477776341337,630.747440881514,0.269664540177132,0.747440881513967,1
225,1,-4.47266864121398e-16,0.00105443013437934,0.00105443013437934,90.0000000000243,630.477776341335,630.747440881515,0.269664540179974,0.747440881514876,1
226,1,-5.91900834873348e-16,0.00105443013437937,0.00105443013437937,90.0000000000322,630.477776341334,630.747440881515,0.269664540180884,0.747440881514876,1
227,1,-7.34637992901023e-16,0.00105443013437941,0.00105443013437941,90.0000000000399,630.477776341334,630.747440881517,0.269664540182816,0.747440881516809,1
228,1,-8.75020920945289e-16,0.00105443013437945,0.00105443013437945,90.0000000000475,630.477776341332,630.747440881517,0.269664540184635,0.747440881516809,1
229,1,-1.01259974614147e-15,0.00105443013437951,0.00105443013437951,90.000000000055,630.47777634133,630.747440881519,0.269664540188387,0.747440881518628,1
230,1,-1.14693358168751e-15,0.00105443013437957,0.00105443013437957,90.0000000000623,630.47777634133,630.747440881519,0.269664540188387,0.747440881518628,1
231,1,-1.27759193971525e-15,0.00105443013437964,0.00105443013437964,90.0000000000694,630.477776341329,630.747440881519,0.269664540189297,0.747440881518628,1
232,1,-1.40415611083718e-15,0.00105443013437971,0.00105443013437971,90.0000000000763,630.477776341328,630.74744088152,0.269664540192025,0.747440881519537,1
233,1,-1.52622050594771e-15,0.00105443013437979,0.00105443013437979,90.0000000000829,630.477776341328,630.74744088152,0.269664540192025,0.747440881519537,1
234,1,-1.64339395597899e-15,0.00105443013437988,0.00105443013437988,90.0000000000893,630.477776341326,630.74744088152,0.269664540193958,0.747440881519537,1
235,1,-1.75530096544619e-15,0.00105443013437998,0.00105443013437998,90.0000000000954,630.477776341326,630.747440881521,0.26966454019589,0.74744088152147,1
236,1,-1.86158291576493e-15,0.00105443013438008,0.00105443013438008,90.0000000001012,630.477776341325,630.747440881521,0.2696645401968,0.74744088152147,1
237,1,-1.96189921448486e-15,0.00105443013438019,0.00105443013438019,90.0000000001066,630.477776341323,630.747440881521,0.269664540198619,0.74744088152147,1
238,1,-2.05592838675637e-15,0.00105443013438031,0.00105443013438031,90.0000000001117,630.477776341323,630.747440881521,0.269664540198619,0.74744088152147,1
239,1,-2.14336910553293e-15,0.00105443013438042,0.00105443013438042,90.0000000001165,630.477776341321,630.747440881521,0.269664540200552,0.74744088152147,1
240,1,-2.22394115720742e-15,0.00105443013438055,0.00105443013438055,90.0000000001208,630.477776341321,630.747440881521,0.269664540200552,0.74744088152147,1
241,1,-2.29738633958813e-15,0.00105443013438068,0.00105443013438068,90.0000000001248,630.47777634132,630.747440881521,0.269664540201461,0.74744088152147,1
242,1,-2.36346928933671e-15,0.00105443013438081,0.00105443013438081,90.0000000001284,630.47777634132,630.747440881521,0.269664540201461,0.74744088152147,1
243,1,-2.42197823621638e-15,0.00105443013438094,0.00105443013438094,90.0000000001316,630.477776341318,630.747440881521,0.26966454020328,0.74744088152147,1
244,1,-2.47272568173351e-15,0.00105443013438108,0.00105443013438108,90.0000000001344,630.477776341318,630.747440881521,0.26966454020328,0.74744088152147,1
245,1,-2.51554899999757e-15,0.00105443013438122,0.00105443013438122,90.0000000001367,630.477776341316,630.747440881521,0.269664540205213,0.74744088152147,1
246,1,-2.55031095887404e-15,0.00105443013438137,0.00105443013438137,90.0000000001386,630.477776341316,630.747440881521,0.269664540205213,0.74744088152147,1
247,1,-2.57690015976028e-15,0.00105443013438151,0.00105443013438151,90.00000000014,630.477776341315,630.747440881521,0.269664540206122,0.74744088152147,1
248,1,-2.5952313945748e-15,0.00105443013438166,0.00105443013438166,90.000000000141,630.477776341315,630.747440881521,0.269664540206122,0.74744088152147,1
249,1,-2.60524591881617e-15,0.00105443013438181,0.00105443013438181,90.0000000001416,630.477776341315,630.747440881521,0.269664540206122,0.74744088152147,1
250,1,-2.60691163981632e-15,0.00105443013438195,0.00105443013438195,90.0000000001417,630.477776341314,630.74744088152,0.269664540206008,0.747440881519537,1
251,1,-2.60022321958519e-15,0.0010544301343821,0.0010544301343821,90.0000000001413,630.477776341314,630.74744088152,0.269664540206008,0.747440881519537,1
252,1,-2.58520209191682e-15,0.00105443013438225,0.00105443013438225,90.0000000001405,630.477776341314,630.74744088152,0.269664540206008,0.747440881519537,1
253,1,-2.56189639370244e-15,0.00105443013438239,0.00105443013438239,90.0000000001392,630.477776341314,630.747440881519,0.269664540205099,0.747440881518628,1
254,1,-2.53038081067031e-15,0.00105443013438254,0.00105443013438254,90.0000000001375,630.477776341314,630.747440881519,0.269664540205099,0.747440881518628,1
255,1,-2.49075633804698e-15,0.00105443013438268,0.00105443013438268,90.0000000001354,630.477776341314,630.747440881517,0.26966454020328,0.747440881516809,1
256,1,-2.4431499569067e-15,0.00105443013438282,0.00105443013438282,90.0000000001328,630.477776341312,630.747440881517,0.269664540205213,0.747440881516809,1
257,1,-2.38771422724633e-15,0.00105443013438296,0.00105443013438296,90.0000000001298,630.477776341312,630.747440881515,0.26966454020328,0.747440881514876,1
258,1,-2.32462679908965e-15,0.00105443013438309,0.00105443013438309,90.0000000001263,630.477776341312,630.747440881515,0.26966454020328,0.747440881514876,1
259,1,-2.25408984318795e-15,0.00105443013438322,0.00105443013438322,90.0000000001225,630.477776341314,630.747440881514,0.269664540200438,0.747440881513967,1
260,1,-2.1763294031411e-15,0.00105443013438334,0.00105443013438334,90.0000000001183,630.477776341314,630.747440881514,0.269664540200438,0.747440881513967,1
261,1,-2.09159467101547e-15,0.00105443013438347,0.00105443013438347,90.0000000001137,630.477776341314,630.747440881512,0.269664540198619,0.747440881512148,1
262,1,-2.00015718877994e-15,0.00105443013438358,0.00105443013438358,90.0000000001087,630.477776341314,630.747440881512,0.269664540198619,0.747440881512148,1
263,1,-1.90230997811916e-15,0.00105443013438369,0.00105443013438369,90.0000000001034,630.477776341314,630.74744088151,0.269664540196686,0.747440881510215,1
264,1,-1.79836660141264e-15,0.0010544301343838,0.0010544301343838,90.0000000000977,630.477776341314,630.747440881509,0.269664540195777,0.747440881509306,1
265,1,-1.68866015688886e-15,0.0010544301343839,0.0010544301343839,90.0000000000918,630.477776341315,630.747440881509,0.269664540193958,0.747440881509306,1
266,1,-1.57354221117463e-15,0.00105443013438399,0.00105443013438399,90.0000000000855,630.477776341315,630.747440881507,0.269664540192139,0.747440881507487,1
267,1,-1.45338167266024e-15,0.00105443013438407,0.00105443013438407,90.000000000079,630.477776341315,630.747440881506,0.269664540190206,0.747440881505554,1
268,1,-1.32856360929119e-15,0.00105443013438415,0.00105443013438415,90.0000000000722,630.477776341316,630.747440881506,0.269664540189297,0.747440881505554,1
269,1,-1.1994880145746e-15,0.00105443013438422,0.00105443013438422,90.0000000000652,630.477776341316,630.747440881505,0.269664540188387,0.747440881504644,1
270,1,-1.06656852575514e-15,0.00105443013438429,0.00105443013438429,90.000000000058,630.477776341316,630.747440881503,0.269664540186568,0.747440881502826,1
271,1,-9.30231098267979e-16,0.00105443013438434,0.00105443013438434,90.0000000000506,630.477776341318,630.747440881503,0.269664540184635,0.747440881502826,1
272,1,-7.90912640716749e-16,0.00105443013438439,0.00105443013438439,90.000000000043,630.477776341318,630.747440881501,0.269664540182816,0.747440881501007,1
273,1,-6.49059614750827e-16,0.00105443013438443,0.00105443013438443,90.0000000000353,630.47777634132,630.7474408815,0.269664540179974,0.747440881499983,1
274,1,-5.05126604328843e-16,0.00105443013438447,0.00105443013438447,90.0000000000275,630.47777634132,630.7474408815,0.269664540179974,0.747440881499983,1
275,1,-3.59574858953283e-16,0.00105443013438449,0.00105443013438449,90.0000000000196,630.477776341321,630.747440881498,0.269664540177246,0.747440881498164,1
276,1,-2.12870815544668e-16,0.00105443013438451,0.00105443013438451,90.0000000000116,630.477776341323,630.747440881496,0.269664540173494,0.747440881496345,1
277,1,-6.54846036920101e-17,0.00105443013438452,0.00105443013438452,90.0000000000036,630.477776341323,630.747440881496,0.269664540173494,0.747440881496345,1
278,1,8.21114609302433e-17,0.00105443013438451,0.00105443013438451,89.9999999999956,630.477776341323,630.747440881496,0.269664540173494,0.747440881496345,1
279,1,2.29444390150886e-16,0.00105443013438451,0.00105443013438451,89.9999999999875,630.477776341321,630.747440881498,0.269664540177246,0.747440881498164,1
280,1,3.7604203904565e-16,0.00105443013438449,0.00105443013438449,89.9999999999796,630.477776341321,630.747440881498,0.269664540177246,0.747440881498164,1
281,1,5.21434618978699e-16,0.00105443013438446,0.00105443013438446,89.9999999999717,630.47777634132,630.7474408815,0.269664540179974,0.747440881499983,1
282,1,6.65156203093051e-16,0.00105443013438443,0.00105443013438443,89.9999999999639,630.47777634132,630.7474408815,0.269664540179974,0.747440881499983,1
283,1,8.06746219425579e-16,0.00105443013438439,0.00105443013438439,89.9999999999562,630.477776341318,630.747440881501,0.269664540182816,0.747440881501007,1
284,1,9.45750926861573e-16,0.00105443013438434,0.00105443013438434,89.9999999999486,630.477776341318,630.747440881503,0.269664540184635,0.747440881502826,1
285,1,1.08172486919914e-15,0.00105443013438428,0.00105443013438428,89.9999999999412,630.477776341316,630.747440881503,0.269664540186568,0.747440881502826,1
286,1,1.21423230266366e-15,0.00105443013438422,0.00105443013438422,89.999999999934,630.477776341316,630.747440881505,0.269664540188387,0.747440881504644,1
287,1,1.34284859229763e-15,0.00105443013438414,0.00105443013438414,89.999999999927,630.477776341316,630.747440881506,0.269664540189297,0.747440881505554,1
288,1,1.46716157275113e-15,0.00105443013438406,0.00105443013438406,89.9999999999203,630.477776341315,630.747440881506,0.269664540190206,0.747440881505554,1
289,1,1.58677286911197e-15,0.00105443013438398,0.00105443013438398,89.9999999999138,630.477776341315,630.747440881507,0.269664540192139,0.747440881507487,1
290,1,1.70129917354288e-15,0.00105443013438388,0.00105443013438388,89.9999999999076,630.477776341315,630.747440881509,0.269664540193958,0.747440881509306,1
291,1,1.81037347363448e-15,0.00105443013438379,0.00105443013438379,89.9999999999016,630.477776341314,630.747440881509,0.269664540195777,0.747440881509306,1
292,1,1.91364622853785e-15,0.00105443013438368,0.00105443013438368,89.999999999896,630.477776341314,630.74744088151,0.269664540196686,0.747440881510215,1
293,1,2.01078648910739e-15,0.00105443013438357,0.00105443013438357,89.9999999998907,630.477776341314,630.747440881512,0.269664540198619,0.747440881512148,1
294,1,2.10148295846461e-15,0.00105443013438345,0.00105443013438345,89.9999999998858,630.477776341314,630.747440881512,0.269664540198619,0.747440881512148,1
295,1,2.18544498958387e-15,0.00105443013438333,0.00105443013438333,89.9999999998813,630.477776341314,630.747440881514,0.269664540200438,0.747440881513967,1
296,1,2.26240351670348e-15,0.0010544301343832,0.0010544301343832,89.9999999998771,630.477776341314,630.747440881514,0.269664540200438,0.747440881513967,1
297,1,2.33211191757712e-15,0.00105443013438307,0.00105443013438307,89.9999999998733,630.477776341312,630.747440881515,0.26966454020328,0.747440881514876,1
298,1,2.39434680380262e-15,0.00105443013438294,0.00105443013438294,89.9999999998699,630.477776341312,630.747440881515,0.26966454020328,0.747440881514876,1
299,1,2.44890873669508e-15,0.0010544301343828,0.0010544301343828,89.9999999998669,630.477776341312,630.747440881517,0.269664540205213,0.747440881516809,1
300,1,2.49562286641062e-15,0.00105443013438266,0.00105443013438266,89.9999999998644,630.477776341314,630.747440881517,0.26966454020328,0.747440881516809,1
301,1,2.53433949227233e-15,0.00105443013438252,0.00105443013438252,89.9999999998623,630.477776341314,630.747440881519,0.269664540205099,0.747440881518628,1
302,1,2.56493454250289e-15,0.00105443013438238,0.00105443013438238,89.9999999998606,630.477776341314,630.747440881519,0.269664540205099,0.747440881518628,1
303,1,2.58730997182655e-15,0.00105443013438223,0.00105443013438223,89.9999999998594,630.477776341314,630.74744088152,0.269664540206008,0.747440881519537,1
304,1,2.6013940756662e-15,0.00105443013438208,0.00105443013438208,89.9999999998586,630.477776341314,630.74744088152,0.269664540206008,0.747440881519537,1
305,1,2.60714171992877e-15,0.00105443013438194,0.00105443013438194,89.9999999998583,630.477776341314,630.74744088152,0.269664540206008,0.747440881519537,1
306,1,2.60453448564248e-15,0.00105443013438179,0.00105443013438179,89.9999999998585,630.477776341315,630.747440881521,0.269664540206122,0.74744088152147,1
307,1,2.59358072798251e-15,0.00105443013438164,0.00105443013438164,89.9999999998591,630.477776341315,630.747440881521,0.269664540206122,0.74744088152147,1
308,1,2.57431554949593e-15,0.0010544301343815,0.0010544301343815,89.9999999998601,630.477776341315,630.747440881521,0.269664540206122,0.74744088152147,1
309,1,2.54680068761159e-15,0.00105443013438135,0.00105443013438135,89.9999999998616,630.477776341316,630.747440881521,0.269664540205213,0.74744088152147,1
310,1,2.51112431679566e-15,0.00105443013438121,0.00105443013438121,89.9999999998635,630.477776341316,630.747440881521,0.269664540205213,0.74744088152147,1
311,1,2.46740076598657e-15,0.00105443013438107,0.00105443013438107,89.9999999998659,630.477776341318,630.747440881521,0.26966454020328,0.74744088152147,1
312,1,2.41577015221516e-15,0.00105443013438093,0.00105443013438093,89.9999999998687,630.477776341318,630.747440881521,0.26966454020328,0.74744088152147,1
313,1,2.35639793158386e-15,0.00105443013438079,0.00105443013438079,89.999999999872,630.47777634132,630.747440881521,0.269664540201461,0.74744088152147,1
314,1,2.28947436904402e-15,0.00105443013438066,0.00105443013438066,89.9999999998756,630.47777634132,630.747440881521,0.269664540201461,0.74744088152147,1
315,1,2.21521392867055e-15,0.00105443013438053,0.00105443013438053,89.9999999998796,630.477776341321,630.747440881521,0.269664540200552,0.74744088152147,1
316,1,2.13385458638764e-15,0.00105443013438041,0.00105443013438041,89.9999999998841,630.477776341321,630.747440881521,0.269664540200552,0.74744088152147,1
317,1,2.0456570673482e-15,0.00105443013438029,0.00105443013438029,89.9999999998888,630.477776341323,630.747440881521,0.269664540198619,0.74744088152147,1
318,1,1.95090401041081e-15,0.00105443013438018,0.00105443013438018,89.999999999894,630.477776341323,630.747440881521,0.269664540198619,0.74744088152147,1
319,1,1.84989906239176e-15,0.00105443013438007,0.00105443013438007,89.9999999998995,630.477776341325,630.747440881521,0.2696645401968,0.74744088152147,1
320,1,1.74296590499467e-15,0.00105443013437997,0.00105443013437997,89.9999999999053,630.477776341326,630.747440881521,0.26966454019589,0.74744088152147,1
321,1,1.63044721753617e-15,0.00105443013437987,0.00105443013437987,89.9999999999114,630.477776341326,630.74744088152,0.269664540193958,0.747440881519537,1
322,1,1.51270357879147e-15,0.00105443013437979,0.00105443013437979,89.9999999999178,630.477776341328,630.74744088152,0.269664540192025,0.747440881519537,1
323,1,1.3901123114792e-15,0.0010544301343797,0.0010544301343797,89.9999999999245,630.477776341329,630.74744088152,0.269664540190206,0.747440881519537,1
324,1,1.26306627308835e-15,0.00105443013437963,0.00105443013437963,89.9999999999314,630.477776341329,630.747440881519,0.269664540189297,0.747440881518628,1
325,1,1.13197259692234e-15,0.00105443013437956,0.00105443013437956,89.9999999999385,630.47777634133,630.747440881519,0.269664540188387,0.747440881518628,1
326,1,9.97251387394546e-16,0.0010544301343795,0.0010544301343795,89.9999999999458,630.477776341332,630.747440881519,0.269664540186454,0.747440881518628,1
327,1,8.59334373756571e-16,0.00105443013437945,0.00105443013437945,89.9999999999533,630.477776341332,630.747440881517,0.269664540184635,0.747440881516809,1
328,1,7.18663526573332e-16,0.0010544301343794,0.0010544301343794,89.9999999999609,630.477776341334,630.747440881517,0.269664540182816,0.747440881516809,1
329,1,5.75689641378735e-16,0.00105443013437937,0.00105443013437937,89.9999999999687,630.477776341335,630.747440881515,0.269664540179974,0.747440881514876,1
330,1,4.30870894050709e-16,0.00105443013437934,0.00105443013437934,89.9999999999766,630.477776341335,630.747440881515,0.269664540179974,0.747440881514876,1
331,1,2.84671372535183e-16,0.00105443013437932,0.00105443013437932,89.9999999999845,630.477776341337,630.747440881514,0.269664540177132,0.747440881513967,1
332,1,1.37559589624087e-16,0.00105443013437931,0.00105443013437931,89.9999999999925,630.477776341337,630.747440881512,0.269664540175313,0.747440881512148,1
333,1,-9.99301844650406e-18,0.0010544301343793,0.0010544301343793,90.0000000000005,630.477776341339,630.747440881512,0.269664540173494,0.747440881512148,1
334,1,-1.57513602766797e-16,0.00105443013437931,0.00105443013437931,90.0000000000086,630.477776341337,630.747440881514,0.269664540177132,0.747440881513967,1
335,1,-3.04529417050673e-16,0.00105443013437932,0.00105443013437932,90.0000000000166,630.477776341337,630.747440881514,0.269664540177132,0.747440881513967,1
336,1,-4.50569332604317e-16,0.00105443013437934,0.00105443013437934,90.0000000000245,630.477776341335,630.747440881515,0.269664540179974,0.747440881514876,1
337,1,-5.95165348111026e-16,0.00105443013437937,0.00105443013437937,90.0000000000324,630.477776341334,630.747440881515,0.269664540180884,0.747440881514876,1
338,1,-7.37854089394041e-16,0.00105443013437941,0.00105443013437941,90.0000000000401,630.477776341334,630.747440881517,0.269664540182816,0.747440881516809,1
339,1,-8.78178294351108e-16,0.00105443013437945,0.00105443013437945,90.0000000000477,630.477776341332,630.747440881517,0.269664540184635,0.747440881516809,1
340,1,-1.01568827830229e-15,0.00105443013437951,0.00105443013437951,90.0000000000552,630.47777634133,630.747440881519,0.269664540188387,0.747440881518628,1
341,1,-1.14994337505502e-15,0.00105443013437957,0.00105443013437957,90.0000000000625,630.47777634133,630.747440881519,0.269664540188387,0.747440881518628,1
342,1,-1.28051334906847e-15,0.00105443013437964,0.00105443013437964,90.0000000000696,630.477776341329,630.747440881519,0.269664540189297,0.747440881518628,1
343,1,-1.40697977419163e-15,0.00105443013437971,0.00105443013437971,90.0000000000765,630.477776341328,630.74744088152,0.269664540192025,0.747440881519537,1
344,1,-1.52893737455692e-15,0.0010544301343798,0.0010544301343798,90.0000000000831,630.477776341328,630.74744088152,0.269664540192025,0.747440881519537,1
345,1,-1.64599532333227e-15,0.00105443013437989,0.00105443013437989,90.0000000000894,630.477776341326,630.74744088152,0.269664540193958,0.747440881519537,1
346,1,-1.7577784951696e-15,0.00105443013437998,0.00105443013437998,90.0000000000955,630.477776341326,630.747440881521,0.26966454019589,0.74744088152147,1
347,1,-1.86392866833614e-15,0.00105443013438009,0.00105443013438009,90.0000000001013,630.477776341325,630.747440881521,0.2696645401968,0.74744088152147,1
348,1,-1.9641056726762e-15,0.00105443013438019,0.00105443013438019,90.0000000001067,630.477776341323,630.747440881521,0.269664540198619,0.74744088152147,1
349,1,-2.05798847972468e-15,0.00105443013438031,0.00105443013438031,90.0000000001118,630.477776341323,630.747440881521,0.269664540198619,0.74744088152147,1
350,1,-2.14527623147884e-15,0.00105443013438043,0.00105443013438043,90.0000000001166,630.477776341321,630.747440881521,0.269664540200552,0.74744088152147,1
351,1,-2.22568920453157e-15,0.00105443013438055,0.00105443013438055,90.0000000001209,630.477776341321,630.747440881521,0.269664540200552,0.74744088152147,1
352,1,-2.2989697064765e-15,0.00105443013438068,0.00105443013438068,90.0000000001249,630.47777634132,630.747440881521,0.269664540201461,0.74744088152147,1
353,1,-2.3648829017122e-15,0.00105443013438081,0.00105443013438081,90.0000000001285,630.47777634132,630.747440881521,0.269664540201461,0.74744088152147,1
354,1,-2.42321756399932e-15,0.00105443013438095,0.00105443013438095,90.0000000001317,630.477776341318,630.747440881521,0.26966454020328,0.74744088152147,1
355,1,-2.47378675335879e-15,0.00105443013438109,0.00105443013438109,90.0000000001344,630.477776341318,630.747440881521,0.26966454020328,0.74744088152147,1
356,1,-2.51642841514194e-15,0.00105443013438123,0.00105443013438123,90.0000000001368,630.477776341316,630.747440881521,0.269664540205213,0.74744088152147,1
357,1,-2.55100589935289e-15,0.00105443013438137,0.00105443013438137,90.0000000001386,630.477776341316,630.747440881521,0.269664540205213,0.74744088152147,1
358,1,-2.57740839855876e-15,0.00105443013438152,0.00105443013438152,90.0000000001401,630.477776341315,630.747440881521,0.269664540206122,0.74744088152147,1
359,1,-2.59555130298459e-15,0.00105443013438166,0.00105443013438166,90.0000000001411,630.477776341315,630.747440881521,0.269664540206122,0.74744088152147,1
360,1,-2.60537647165481e-15,0.00105443013438181,0.00105443013438181,90.0000000001416,630.477776341315,630.74744088152,0.26966454020419,0.747440881519537,1
361,1,-2.60685241871259e-15,0.00105443013438196,0.00105443013438196,90.0000000001417,630.477776341314,630.74744088152,0.269664540206008,0.747440881519537,1
362,1,-2.59997441431976e-15,0.0010544301343821,0.0010544301343821,90.0000000001413,630.477776341314,630.74744088152,0.269664540206008,0.747440881519537,1
363,1,-2.58476449981412e-15,0.00105443013438225,0.00105443013438225,90.0000000001405,630.477776341314,630.74744088152,0.269664540206008,0.747440881519537,1
364,1,-2.56127141707552e-15,0.0010544301343824,0.0010544301343824,90.0000000001392,630.477776341314,630.747440881519,0.269664540205099,0.747440881518628,1
365,1,-2.52957045232699e-15,0.00105443013438254,0.00105443013438254,90.0000000001375,630.477776341314,630.747440881519,0.269664540205099,0.747440881518628,1
366,1,-2.48976319487162e-15,0.00105443013438268,0.00105443013438268,90.0000000001353,630.477776341314,630.747440881517,0.26966454020328,0.747440881516809,1
367,1,-2.44197721153818e-15,0.00105443013438282,0.00105443013438282,90.0000000001327,630.477776341312,630.747440881517,0.269664540205213,0.747440881516809,1
368,1,-2.38636563787893e-15,0.00105443013438296,0.00105443013438296,90.0000000001297,630.477776341312,630.747440881515,0.26966454020328,0.747440881514876,1
369,1,-2.32310668742952e-15,0.00105443013438309,0.00105443013438309,90.0000000001262,630.477776341312,630.747440881515,0.26966454020328,0.747440881514876,1
370,1,-2.25240308060368e-15,0.00105443013438322,0.00105443013438322,90.0000000001224,630.477776341314,630.747440881514,0.269664540200438,0.747440881513967,1
371,1,-2.1744813950529e-15,0.00105443013438335,0.00105443013438335,90.0000000001182,630.477776341314,630.747440881514,0.269664540200438,0.747440881513967,1
372,1,-2.08959133957288e-15,0.00105443013438347,0.00105443013438347,90.0000000001136,630.477776341314,630.747440881512,0.269664540198619,0.747440881512148,1
373,1,-1.99800495388363e-15,0.00105443013438358,0.00105443013438358,90.0000000001086,630.477776341314,630.747440881512,0.269664540198619,0.747440881512148,1
374,1,-1.90001573684767e-15,0.00105443013438369,0.00105443013438369,90.0000000001033,630.477776341314,630.74744088151,0.269664540196686,0.747440881510215,1
375,1,-1.79593770591986e-15,0.0010544301343838,0.0010544301343838,90.0000000000976,630.477776341314,630.747440881509,0.269664540195777,0.747440881509306,1
376,1,-1.68610439084329e-15,0.0010544301343839,0.0010544301343839,90.0000000000916,630.477776341315,630.747440881509,0.269664540193958,0.747440881509306,1
377,1,-1.57086776481569e-15,0.00105443013438399,0.00105443013438399,90.0000000000854,630.477776341315,630.747440881507,0.269664540192139,0.747440881507487,1
378,1,-1.45059711655177e-15,0.00105443013438408,0.00105443013438408,90.0000000000788,630.477776341315,630.747440881506,0.269664540190206,0.747440881505554,1
379,1,-1.32567786685607e-15,0.00105443013438415,0.00105443013438415,90.000000000072,630.477776341316,630.747440881506,0.269664540189297,0.747440881505554,1
380,1,-1.19651033349867e-15,0.00105443013438423,0.00105443013438423,90.000000000065,630.477776341316,630.747440881505,0.269664540188387,0.747440881504644,1
381,1,-1.06350844835194e-15,0.00105443013438429,0.00105443013438429,90.0000000000578,630.477776341316,630.747440881503,0.269664540186568,0.747440881502826,1
382,1,-9.27098430899354e-16,0.00105443013438435,0.00105443013438435,90.0000000000504,630.477776341318,630.747440881503,0.269664540184635,0.747440881502826,1
383,1,-7.8771742236722e-16,0.00105443013438439,0.00105443013438439,90.0000000000428,630.477776341318,630.747440881501,0.269664540182816,0.747440881501007,1
384,1,-6.45812084856575e-16,0.00105443013438443,0.00105443013438443,90.0000000000351,630.47777634132,630.7474408815,0.269664540179974,0.747440881499983,1
385,1,-5.01837169964264e-16,0.00105443013438447,0.00105443013438447,90.0000000000273,630.47777634132,630.7474408815,0.269664540179974,0.747440881499983,1
386,1,-3.56254061480373e-16,0.00105443013438449,0.00105443013438449,90.0000000000194,630.477776341321,630.747440881498,0.269664540177246,0.747440881498164,1
387,1,-2.09529296832001e-16,0.00105443013438451,0.00105443013438451,90.0000000000114,630.477776341323,630.747440881496,0.269664540173494,0.747440881496345,1
388,1,-6.21330720117184e-17,0.00105443013438452,0.00105443013438452,90.0000000000034,630.477776341323,630.747440881496,0.269664540173494,0.747440881496345,1
389,1,8.54622652183568e-17,0.00105443013438451,0.00105443013438451,89.9999999999954,630.477776341323,630.747440881496,0.269664540173494,0.747440881496345,1
390,1,2.3278372901801e-16,0.00105443013438451,0.00105443013438451,89.9999999999874,630.477776341321,630.747440881498,0.269664540177246,0.747440881498164,1
391,1,3.7935921120523e-16,0.00105443013438449,0.00105443013438449,89.9999999999794,630.477776341321,630.747440881498,0.269664540177246,0.747440881498164,1
392,1,5.24718994179867e-16,0.00105443013438446,0.00105443013438446,89.9999999999715,630.47777634132,630.7474408815,0.269664540179974,0.747440881499983,1
393,1,6.68397256186486e-16,0.00105443013438443,0.00105443013438443,89.9999999999637,630.47777634132,630.7474408815,0.269664540179974,0.747440881499983,1
394,1,8.09933564092504e-16,0.00105443013438439,0.00105443013438439,89.999999999956,630.477776341318,630.747440881501,0.269664540182816,0.747440881501007,1
395,1,9.4887434889792e-16,0.00105443013438434,0.00105443013438434,89.9999999999484,630.477776341318,630.747440881503,0.269664540184635,0.747440881502826,1
396,1,1.08477435924809e-15,0.00105443013438428,0.00105443013438428,89.9999999999411,630.477776341316,630.747440881503,0.269664540186568,0.747440881502826,1
397,1,1.21719808829174e-15,0.00105443013438421,0.00105443013438421,89.9999999999339,630.477776341316,630.747440881505,0.269664540188387,0.747440881504644,1
398,1,1.34572116931159e-15,0.00105443013438414,0.00105443013438414,89.9999999999269,630.477776341316,630.747440881506,0.269664540189297,0.747440881505554,1
399,1,1.46993173565521e-15,0.00105443013438406,0.00105443013438406,89.9999999999201,630.477776341315,630.747440881506,0.269664540190206,0.747440881505554,1
400,1,1.58943174060792e-15,0.00105443013438398,0.00105443013438398,89.9999999999136,630.477776341315,630.747440881507,0.269664540192139,0.747440881507487,1
401,1,1.70383823297826e-15,0.00105443013438388,0.00105443013438388,89.9999999999074,630.477776341315,630.747440881509,0.269664540193958,0.747440881509306,1
402,1,1.81278458430807e-15,0.00105443013438378,0.00105443013438378,89.9999999999015,630.477776341314,630.747440881509,0.269664540195777,0.747440881509306,1
403,1,1.91592166377462e-15,0.00105443013438368,0.00105443013438368,89.9999999998959,630.477776341314,630.74744088151,0.269664540196686,0.747440881510215,1
404,1,2.0129189570195e-15,0.00105443013438357,0.00105443013438357,89.9999999998906,630.477776341314,630.747440881512,0.269664540198619,0.747440881512148,1
405,1,2.10346562531904e-15,0.00105443013438345,0.00105443013438345,89.9999999998857,630.477776341314,630.747440881512,0.269664540198619,0.747440881512148,1
406,1,2.18727150170193e-15,0.00105443013438333,0.00105443013438333,89.9999999998812,630.477776341314,630.747440881514,0.269664540200438,0.747440881513967,1
407,1,2.26406802082189e-15,0.0010544301343832,0.0010544301343832,89.999999999877,630.477776341314,630.747440881514,0.269664540200438,0.747440881513967,1
408,1,2.33360907960544e-15,0.00105443013438307,0.00105443013438307,89.9999999998732,630.477776341312,630.747440881515,0.26966454020328,0.747440881514876,1
409,1,2.39567182591691e-15,0.00105443013438294,0.00105443013438294,89.9999999998698,630.477776341312,630.747440881515,0.26966454020328,0.747440881514876,1
410,1,2.45005737271311e-15,0.0010544301343828,0.0010544301343828,89.9999999998669,630.477776341312,630.747440881517,0.269664540205213,0.747440881516809,1
411,1,2.49659143539924e-15,0.00105443013438266,0.00105443013438266,89.9999999998643,630.477776341314,630.747440881517,0.26966454020328,0.747440881516809,1
412,1,2.53512489034338e-15,0.00105443013438252,0.00105443013438252,89.9999999998622,630.477776341314,630.747440881519,0.269664540205099,0.747440881518628,1
413,1,2.56553425276003e-15,0.00105443013438237,0.00105443013438237,89.9999999998606,630.477776341314,630.747440881519,0.269664540205099,0.747440881518628,1
414,1,2.58772207243088e-15,0.00105443013438223,0.00105443013438223,89.9999999998594,630.477776341314,630.74744088152,0.269664540206008,0.747440881519537,1
415,1,2.60161724599503e-15,0.00105443013438208,0.00105443013438208,89.9999999998586,630.477776341314,630.74744088152,0.269664540206008,0.747440881519537,1
416,1,2.60717524480771e-15,0.00105443013438193,0.00105443013438193,89.9999999998583,630.477776341314,630.74744088152,0.269664540206008,0.747440881519537,1
417,1,2.60437825763728e-15,0.00105443013438179,0.00105443013438179,89.9999999998585,630.477776341315,630.747440881521,0.269664540206122,0.74744088152147,1
418,1,2.59323524774338e-15,0.00105443013438164,0.00105443013438164,89.9999999998591,630.477776341315,630.747440881521,0.269664540206122,0.74744088152147,1
419,1,2.5737819241531e-15,0.00105443013438149,0.00105443013438149,89.9999999998602,630.477776341315,630.747440881521,0.269664540206122,0.74744088152147,1
420,1,2.54608062722744e-15,0.00105443013438135,0.00105443013438135,89.9999999998617,630.477776341316,630.747440881521,0.269664540205213,0.74744088152147,1
421,1,2.51022012888457e-15,0.0010544301343812,0.0010544301343812,89.9999999998636,630.477776341316,630.747440881521,0.269664540205213,0.74744088152147,1
422,1,2.4663153481203e-15,0.00105443013438106,0.00105443013438106,89.999999999866,630.477776341318,630.747440881521,0.26966454020328,0.74744088152147,1
423,1,2.41450698273719e-15,0.00105443013438092,0.00105443013438092,89.9999999998688,630.477776341318,630.747440881521,0.26966454020328,0.74744088152147,1
424,1,2.3549610584627e-15,0.00105443013438079,0.00105443013438079,89.999999999872,630.47777634132,630.747440881521,0.269664540201461,0.74744088152147,1
425,1,2.28786839690103e-15,0.00105443013438066,0.00105443013438066,89.9999999998757,630.47777634132,630.747440881521,0.269664540201461,0.74744088152147,1
426,1,2.21344400402388e-15,0.00105443013438053,0.00105443013438053,89.9999999998797,630.477776341321,630.747440881521,0.269664540200552,0.74744088152147,1
427,1,2.13192638115967e-15,0.00105443013438041,0.00105443013438041,89.9999999998842,630.477776341321,630.747440881521,0.269664540200552,0.74744088152147,1
428,1,2.04357676068921e-15,0.00105443013438029,0.00105443013438029,89.999999999889,630.477776341323,630.747440881521,0.269664540198619,0.74744088152147,1
429,1,1.94867826889721e-15,0.00105443013438018,0.00105443013438018,89.9999999998941,630.477776341323,630.747440881521,0.269664540198619,0.74744088152147,1
430,1,1.84753501866229e-15,0.00105443013438007,0.00105443013438007,89.9999999998996,630.477776341325,630.747440881521,0.2696645401968,0.74744088152147,1
431,1,1.74047113489305e-15,0.00105443013437997,0.00105443013437997,89.9999999999054,630.477776341326,630.747440881521,0.26966454019589,0.74744088152147,1
432,1,1.62782971583348e-15,0.00105443013437987,0.00105443013437987,89.9999999999116,630.477776341326,630.74744088152,0.269664540193958,0.747440881519537,1
433,1,1.50997173356598e-15,0.00105443013437978,0.00105443013437978,89.999999999918,630.477776341328,630.74744088152,0.269664540192025,0.747440881519537,1
434,1,1.38727487723587e-15,0.0010544301343797,0.0010544301343797,89.9999999999246,630.477776341329,630.74744088152,0.269664540190206,0.747440881519537,1
435,1,1.26013234270398e-15,0.00105443013437963,0.00105443013437963,89.9999999999315,630.477776341329,630.747440881519,0.269664540189297,0.747440881518628,1
436,1,1.12895157250646e-15,0.00105443013437956,0.00105443013437956,89.9999999999387,630.47777634133,630.747440881519,0.269664540188387,0.747440881518628,1
437,1,9.9415295015931e-16,0.0010544301343795,0.0010544301343795,89.999999999946,630.477776341332,630.747440881519,0.269664540186454,0.747440881518628,1
438,1,8.56168452992213e-16,0.00105443013437945,0.00105443013437945,89.9999999999535,630.477776341332,630.747440881517,0.269664540184635,0.747440881516809,1
439,1,7.15440267828619e-16,0.0010544301343794,0.0010544301343794,89.9999999999611,630.477776341334,630.747440881517,0.269664540182816,0.747440881516809,1
440,1,5.72419373948432e-16,0.00105443013437937,0.00105443013437937,89.9999999999689,630.477776341335,630.747440881515,0.269664540179974,0.747440881514876,1
441,1,4.27564097874213e-16,0.00105443013437934,0.00105443013437934,89.9999999999768,630.477776341335,630.747440881515,0.269664540179974,0.747440881514876,1
442,1,2.81338644612364e-16,0.00105443013437932,0.00105443013437932,89.9999999999847,630.477776341337,630.747440881514,0.269664540177132,0.747440881513967,1
443,1,1.3421161005599e-16,0.00105443013437931,0.00105443013437931,89.9999999999927,630.477776341337,630.747440881512,0.269664540175313,0.747440881512148,1
444,1,-1.33455206832245e-17,0.0010544301343793,0.0010544301343793,90.0000000000007,630.477776341339,630.747440881512,0.269664540173494,0.747440881512148,1
445,1,-1.60859884202066e-16,0.00105443013437931,0.00105443013437931,90.0000000000088,630.477776341337,630.747440881514,0.269664540177132,0.747440881513967,1
446,1,-3.07858754149674e-16,0.00105443013437932,0.00105443013437932,90.0000000000167,630.477776341337,630.747440881514,0.269664540177132,0.747440881513967,1
447,1,-4.53871056132281e-16,0.00105443013437934,0.00105443013437934,90.0000000000247,630.477776341335,630.747440881515,0.269664540179974,0.747440881514876,1
448,1,-5.98428877323974e-16,0.00105443013437937,0.00105443013437937,90.0000000000325,630.477776341334,630.747440881515,0.269664540180884,0.747440881514876,1
449,1,-7.41068965945951e-16,0.00105443013437941,0.00105443013437941,90.0000000000403,630.477776341334,630.747440881517,0.269664540182816,0.747440881516809,1
450,1,-8.81334215808874e-16,0.00105443013437946,0.00105443013437946,90.0000000000479,630.477776341332,630.747440881517,0.269664540184635,0.747440881516809,1
451,1,-1.01877513116105e-15,0.00105443013437951,0.00105443013437951,90.0000000000554,630.47777634133,630.747440881519,0.269664540188387,0.747440881518628,1
452,1,-1.15295126714799e-15,0.00105443013437957,0.00105443013437957,90.0000000000627,630.47777634133,630.747440881519,0.269664540188387,0.747440881518628,1
453,1,-1.2834326412675e-15,0.00105443013437964,0.00105443013437964,90.0000000000697,630.477776341329,630.747440881519,0.269664540189297,0.747440881518628,1
454,1,-1.40980111129688e-15,0.00105443013437972,0.00105443013437972,90.0000000000766,630.477776341328,630.74744088152,0.269664540192025,0.747440881519537,1
455,1,-1.53165171527668e-15,0.0010544301343798,0.0010544301343798,90.0000000000832,630.477776341328,630.74744088152,0.269664540192025,0.747440881519537,1
456,1,-1.64859396925676e-15,0.00105443013437989,0.00105443013437989,90.0000000000896,630.477776341326,630.74744088152,0.269664540193958,0.747440881519537,1
457,1,-1.760253118646e-15,0.00105443013437999,0.00105443013437999,90.0000000000957,630.477776341326,630.747440881521,0.26966454019589,0.74744088152147,1
458,1,-1.86627133915548e-15,0.00105443013438009,0.00105443013438009,90.0000000001014,630.477776341325,630.747440881521,0.2696645401968,0.74744088152147,1
459,1,-1.96630888348666e-15,0.0010544301343802,0.0010544301343802,90.0000000001069,630.477776341323,630.747440881521,0.269664540198619,0.74744088152147,1
460,1,-2.06004517008968e-15,0.00105443013438031,0.00105443013438031,90.0000000001119,630.477776341323,630.747440881521,0.269664540198619,0.74744088152147,1
461,1,-2.14717981050306e-15,0.00105443013438043,0.00105443013438043,90.0000000001167,630.477776341321,630.747440881521,0.269664540200552,0.74744088152147,1
462,1,-2.22743357198216e-15,0.00105443013438055,0.00105443013438055,90.000000000121,630.477776341321,630.747440881521,0.269664540200552,0.74744088152147,1
463,1,-2.30054927233196e-15,0.00105443013438068,0.00105443013438068,90.000000000125,630.47777634132,630.747440881521,0.269664540201461,0.74744088152147,1
464,1,-2.36629260407631e-15,0.00105443013438081,0.00105443013438081,90.0000000001286,630.47777634132,630.747440881521,0.269664540201461,0.74744088152147,1
465,1,-2.42445288532248e-15,0.00105443013438095,0.00105443013438095,90.0000000001317,630.477776341318,630.747440881521,0.26966454020328,0.74744088152147,1
466,1,-2.47484373491503e-15,0.00105443013438109,0.00105443013438109,90.0000000001345,630.477776341318,630.747440881521,0.26966454020328,0.74744088152147,1
467,1,-2.51730366971511e-15,0.00105443013438123,0.00105443013438123,90.0000000001368,630.477776341316,630.747440881521,0.269664540205213,0.74744088152147,1
468,1,-2.55169662209137e-15,0.00105443013438137,0.00105443013438137,90.0000000001387,630.477776341316,630.747440881521,0.269664540205213,0.74744088152147,1
469,1,-2.57791237596395e-15,0.00105443013438152,0.00105443013438152,90.0000000001401,630.477776341315,630.747440881521,0.269664540206122,0.74744088152147,1
470,1,-2.59586692000426e-15,0.00105443013438167,0.00105443013438167,90.0000000001411,630.477776341315,630.747440881521,0.269664540206122,0.74744088152147,1
471,1,-2.60550271685876e-15,0.00105443013438181,0.00105443013438181,90.0000000001416,630.477776341315,630.74744088152,0.26966454020419,0.747440881519537,1
472,1,-2.60678888753389e-15,0.00105443013438196,0.00105443013438196,90.0000000001417,630.477776341314,630.74744088152,0.269664540206008,0.747440881519537,1
473,1,-2.5997213103512e-15,0.00105443013438211,0.00105443013438211,90.0000000001413,630.477776341314,630.74744088152,0.269664540206008,0.747440881519537,1
474,1,-2.58432263415582e-15,0.00105443013438225,0.00105443013438225,90.0000000001404,630.477776341314,630.74744088152,0.269664540206008,0.747440881519537,1
475,1,-2.56064220573561e-15,0.0010544301343824,0.0010544301343824,90.0000000001392,630.477776341314,630.747440881519,0.269664540205099,0.747440881518628,1
476,1,-2.52875591168391e-15,0.00105443013438254,0.00105443013438254,90.0000000001374,630.477776341314,630.747440881519,0.269664540205099,0.747440881518628,1
477,1,-2.48876593521236e-15,0.00105443013438269,0.00105443013438269,90.0000000001352,630.477776341314,630.747440881517,0.26966454020328,0.747440881516809,1
478,1,-2.44080042869336e-15,0.00105443013438283,0.00105443013438283,90.0000000001326,630.477776341312,630.747440881517,0.269664540205213,0.747440881516809,1
479,1,-2.3850131029814e-15,0.00105443013438296,0.00105443013438296,90.0000000001296,630.477776341312,630.747440881515,0.26966454020328,0.747440881514876,1
480,1,-2.3215827348293e-15,0.0010544301343831,0.0010544301343831,90.0000000001261,630.477776341312,630.747440881515,0.26966454020328,0.747440881514876,1
481,1,-2.25071259397809e-15,0.00105443013438323,0.00105443013438323,90.0000000001223,630.477776341314,630.747440881514,0.269664540200438,0.747440881513967,1
482,1,-2.17262979175626e-15,0.00105443013438335,0.00105443013438335,90.0000000001181,630.477776341314,630.747440881514,0.269664540200438,0.747440881513967,1
483,1,-2.08758455327598e-15,0.00105443013438347,0.00105443013438347,90.0000000001134,630.477776341314,630.747440881512,0.269664540198619,0.747440881512148,1
484,1,-1.99584941555862e-15,0.00105443013438359,0.00105443013438359,90.0000000001085,630.477776341314,630.747440881512,0.269664540198619,0.747440881512148,1
485,1,-1.89771835415926e-15,0.0010544301343837,0.0010544301343837,90.0000000001031,630.477776341314,630.74744088151,0.269664540196686,0.747440881510215,1
486,1,-1.793505841089e-15,0.0010544301343838,0.0010544301343838,90.0000000000975,630.477776341314,630.747440881509,0.269664540195777,0.747440881509306,1
487,1,-1.68354583705406e-15,0.0010544301343839,0.0010544301343839,90.0000000000915,630.477776341315,630.747440881509,0.269664540193958,0.747440881509306,1
488,1,-1.56819072124113e-15,0.00105443013438399,0.00105443013438399,90.0000000000852,630.477776341315,630.747440881507,0.269664540192139,0.747440881507487,1
489,1,-1.44781016207878e-15,0.00105443013438408,0.00105443013438408,90.0000000000787,630.477776341315,630.747440881506,0.269664540190206,0.747440881505554,1
490,1,-1.32278993259337e-15,0.00105443013438416,0.00105443013438416,90.0000000000719,630.477776341316,630.747440881506,0.269664540189297,0.747440881505554,1
491,1,-1.19353067415607e-15,0.00105443013438423,0.00105443013438423,90.0000000000649,630.477776341316,630.747440881505,0.269664540188387,0.747440881504644,1
492,1,-1.06044661258256e-15,0.00105443013438429,0.00105443013438429,90.0000000000576,630.477776341316,630.747440881503,0.269664540186568,0.747440881502826,1
493,1,-9.23964230699897e-16,0.00105443013438435,0.00105443013438435,90.0000000000502,630.477776341318,630.747440881503,0.269664540184635,0.747440881502826,1
494,1,-7.84520901634352e-16,0.0010544301343844,0.0010544301343844,90.0000000000426,630.477776341318,630.747440881501,0.269664540182816,0.747440881501007,1
495,1,-6.42563487200117e-16,0.00105443013438444,0.00105443013438444,90.0000000000349,630.47777634132,630.7474408815,0.269664540179974,0.747440881499983,1
496,1,-4.98546905880371e-16,0.00105443013438447,0.00105443013438447,90.0000000000271,630.47777634132,630.7474408815,0.269664540179974,0.747440881499983,1
497,1,-3.52932674989947e-16,0.00105443013438449,0.00105443013438449,90.0000000000192,630.477776341321,630.747440881498,0.269664540177246,0.747440881498164,1
498,1,-2.06187431691211e-16,0.00105443013438451,0.00105443013438451,90.0000000000112,630.477776341323,630.747440881496,0.269664540173494,0.747440881496345,1
499,1,-5.878143760287e-17,0.00105443013438452,0.00105443013438452,90.0000000000032,630.477776341323,630.747440881496,0.269664540173494,0.747440881496345,1
500,1,8.88129282062602e-17,0.00105443013438451,0.00105443013438451,89.9999999999952,630.477776341323,630.747440881496,0.269664540173494,0.747440881496345,1
501,1,2.36122683008992e-16,0.00105443013438451,0.00105443013438451,89.9999999999872,630.477776341321,630.747440881498,0.269664540177246,0.747440881498164,1
502,1,3.82675756146093e-16,0.00105443013438449,0.00105443013438449,89.9999999999792,630.477776341321,630.747440881498,0.269664540177246,0.747440881498164,1
503,1,5.28002501829731e-16,0.00105443013438446,0.00105443013438446,89.9999999999713,630.47777634132,630.7474408815,0.269664540179974,0.747440881499983,1
504,1,6.71637204176201e-16,0.00105443013438443,0.00105443013438443,89.9999999999635,630.47777634132,630.747440881501,0.269664540180997,0.747440881501007,1
505,1,8.13119569644743e-16,0.00105443013438439,0.00105443013438439,89.9999999999558,630.477776341318,630.747440881501,0.269664540182816,0.747440881501007,1
506,1,9.51996202099941e-16,0.00105443013438434,0.00105443013438434,89.9999999999483,630.477776341318,630.747440881503,0.269664540184635,0.747440881502826,1
507,1,1.08782205577056e-15,0.00105443013438428,0.00105443013438428,89.9999999999409,630.477776341316,630.747440881503,0.269664540186568,0.747440881502826,1
508,1,1.22016186144876e-15,0.00105443013438421,0.00105443013438421,89.9999999999337,630.477776341316,630.747440881505,0.269664540188387,0.747440881504644,1
509,1,1.34859152135912e-15,0.00105443013438414,0.00105443013438414,89.9999999999267,630.477776341316,630.747440881506,0.269664540189297,0.747440881505554,1
510,1,1.47269946822762e-15,0.00105443013438406,0.00105443013438406,89.99999999992,630.477776341315,630.747440881506,0.269664540190206,0.747440881505554,1
511,1,1.59208798419523e-15,0.00105443013438397,0.00105443013438397,89.9999999999135,630.477776341315,630.747440881507,0.269664540192139,0.747440881507487,1
512,1,1.70637447534947e-15,0.00105443013438388,0.00105443013438388,89.9999999999073,630.477776341315,630.747440881509,0.269664540193958,0.747440881509306,1
513,1,1.81519269778958e-15,0.00105443013438378,0.00105443013438378,89.9999999999014,630.477776341314,630.747440881509,0.269664540195777,0.747440881509306,1
514,1,1.91819393129622e-15,0.00105443013438367,0.00105443013438367,89.9999999998958,630.477776341314,630.74744088151,0.269664540196686,0.747440881510215,1
515,1,2.01504809684461e-15,0.00105443013438356,0.00105443013438356,89.9999999998905,630.477776341314,630.747440881512,0.269664540198619,0.747440881512148,1
516,1,2.10544481437991e-15,0.00105443013438345,0.00105443013438345,89.9999999998856,630.477776341314,630.747440881512,0.269664540198619,0.747440881512148,1
517,1,2.18909439746486e-15,0.00105443013438333,0.00105443013438333,89.999999999881,630.477776341314,630.747440881514,0.269664540200438,0.747440881513967,1
518,1,2.26572878161259e-15,0.0010544301343832,0.0010544301343832,89.9999999998769,630.477776341314,630.747440881514,0.269664540200438,0.747440881513967,1
519,1,2.33510238332938e-15,0.00105443013438307,0.00105443013438307,89.9999999998731,630.477776341312,630.747440881515,0.26966454020328,0.747440881514876,1
520,1,2.39699288711454e-15,0.00105443013438293,0.00105443013438293,89.9999999998697,630.477776341312,630.747440881515,0.26966454020328,0.747440881514876,1
521,1,2.45120195789541e-15,0.0010544301343828,0.0010544301343828,89.9999999998668,630.477776341312,630.747440881517,0.269664540205213,0.747440881516809,1
522,1,2.49755587661438e-15,0.00105443013438266,0.00105443013438266,89.9999999998643,630.477776341314,630.747440881517,0.26966454020328,0.747440881516809,1
523,1,2.53590609693116e-15,0.00105443013438251,0.00105443013438251,89.9999999998622,630.477776341314,630.747440881519,0.269664540205099,0.747440881518628,1
524,1,2.56612972125615e-15,0.00105443013438237,0.00105443013438237,89.9999999998606,630.477776341314,630.747440881519,0.269664540205099,0.747440881518628,1
525,1,2.58812989458965e-15,0.00105443013438222,0.00105443013438222,89.9999999998594,630.477776341314,630.74744088152,0.269664540206008,0.747440881519537,1
526,1,2.60183611490453e-15,0.00105443013438208,0.00105443013438208,89.9999999998586,630.477776341314,630.74744088152,0.269664540206008,0.747440881519537,1
527,1,2.60720445907793e-15,0.00105443013438193,0.00105443013438193,89.9999999998583,630.477776341314,630.74744088152,0.269664540206008,0.747440881519537,1
528,1,2.60421772364781e-15,0.00105443013438178,0.00105443013438178,89.9999999998585,630.477776341315,630.747440881521,0.269664540206122,0.74744088152147,1
529,1,2.59288547994342e-15,0.00105443013438164,0.00105443013438164,89.9999999998591,630.477776341315,630.747440881521,0.269664540206122,0.74744088152147,1
530,1,2.57324404341287e-15,0.00105443013438149,0.00105443013438149,89.9999999998602,630.477776341315,630.747440881521,0.269664540206122,0.74744088152147,1
531,1,2.54535635724618e-15,0.00105443013438134,0.00105443013438134,89.9999999998617,630.477776341316,630.747440881521,0.269664540205213,0.74744088152147,1
532,1,2.50931179066682e-15,0.0010544301343812,0.0010544301343812,89.9999999998637,630.477776341316,630.747440881521,0.269664540205213,0.74744088152147,1
533,1,2.46522585253793e-15,0.00105443013438106,0.00105443013438106,89.999999999866,630.477776341318,630.747440881521,0.26966454020328,0.74744088152147,1
534,1,2.4132398212012e-15,0.00105443013438092,0.00105443013438092,89.9999999998689,630.477776341318,630.747440881521,0.26966454020328,0.74744088152147,1
535,1,2.35352029173459e-15,0.00105443013438079,0.00105443013438079,89.9999999998721,630.47777634132,630.747440881521,0.269664540201461,0.74744088152147,1
536,1,2.28625864207964e-15,0.00105443013438066,0.00105443013438066,89.9999999998758,630.47777634132,630.747440881521,0.269664540201461,0.74744088152147,1
537,1,2.2116704197494e-15,0.00105443013438053,0.00105443013438053,89.9999999998798,630.477776341321,630.747440881521,0.269664540200552,0.74744088152147,1
538,1,2.12999465108216e-15,0.00105443013438041,0.00105443013438041,89.9999999998843,630.477776341321,630.747440881521,0.269664540200552,0.74744088152147,1
539,1,2.04149307525474e-15,0.00105443013438029,0.00105443013438029,89.9999999998891,630.477776341323,630.747440881521,0.269664540198619,0.74744088152147,1
540,1,1.94644930550984e-15,0.00105443013438017,0.00105443013438017,89.9999999998942,630.477776341323,630.747440881521,0.269664540198619,0.74744088152147,1
541,1,1.84516792028561e-15,0.00105443013438007,0.00105443013438007,89.9999999998997,630.477776341325,630.747440881521,0.2696645401968,0.74744088152147,1
542,1,1.73797348715976e-15,0.00105443013437997,0.00105443013437997,89.9999999999056,630.477776341326,630.747440881521,0.26966454019589,0.74744088152147,1
543,1,1.62520952273635e-15,0.00105443013437987,0.00105443013437987,89.9999999999117,630.477776341326,630.74744088152,0.269664540193958,0.747440881519537,1
544,1,1.50723739180816e-15,0.00105443013437978,0.00105443013437978,89.9999999999181,630.477776341328,630.74744088152,0.269664540192025,0.747440881519537,1
545,1,1.3844351493227e-15,0.0010544301343797,0.0010544301343797,89.9999999999248,630.477776341329,630.74744088152,0.269664540190206,0.747440881519537,1
546,1,1.25719632886262e-15,0.00105443013437962,0.00105443013437962,89.9999999999317,630.477776341329,630.747440881519,0.269664540189297,0.747440881518628,1
547,1,1.12592868152312e-15,0.00105443013437956,0.00105443013437956,89.9999999999388,630.47777634133,630.747440881519,0.269664540188387,0.747440881518628,1
548,1,9.91052869227756e-16,0.0010544301343795,0.0010544301343795,89.9999999999461,630.477776341332,630.747440881519,0.269664540186454,0.747440881518628,1
549,1,8.53001116670069e-16,0.00105443013437945,0.00105443013437945,89.9999999999537,630.477776341332,630.747440881517,0.269664540184635,0.747440881516809,1
550,1,7.12215826200981e-16,0.0010544301343794,0.0010544301343794,89.9999999999613,630.477776341334,630.747440881517,0.269664540182816,0.747440881516809,1
551,1,5.69148160100766e-16,0.00105443013437936,0.00105443013437936,89.9999999999691,630.477776341335,630.747440881515,0.269664540179974,0.747440881514876,1
552,1,4.24256594778799e-16,0.00105443013437934,0.00105443013437934,89.9999999999769,630.477776341335,630.747440881515,0.269664540179974,0.747440881514876,1
553,1,2.78005451534453e-16,0.00105443013437932,0.00105443013437932,89.9999999999849,630.477776341337,630.747440881514,0.269664540177132,0.747440881513967,1
554,1,1.30863408587288e-16,0.0010544301343793,0.0010544301343793,89.9999999999929,630.477776341337,630.747440881512,0.269664540175313,0.747440881512148,1
555,1,-1.66980008549372e-17,0.0010544301343793,0.0010544301343793,90.0000000000009,630.477776341339,630.747440881512,0.269664540173494,0.747440881512148,1
556,1,-1.64205899677444e-16,0.00105443013437931,0.00105443013437931,90.0000000000089,630.477776341337,630.747440881514,0.269664540177132,0.747440881513967,1
557,1,-3.11187582246218e-16,0.00105443013437932,0.00105443013437932,90.0000000000169,630.477776341337,630.747440881514,0.269664540177132,0.747440881513967,1
558,1,-4.57172029246359e-16,0.00105443013437934,0.00105443013437934,90.0000000000248,630.477776341335,630.747440881515,0.269664540179974,0.747440881514876,1
559,1,-6.01691417116374e-16,0.00105443013437937,0.00105443013437937,90.0000000000327,630.477776341334,630.747440881515,0.269664540180884,0.747440881514876,1
560,1,-7.44282617241378e-16,0.00105443013437941,0.00105443013437941,90.0000000000405,630.477776341334,630.747440881517,0.269664540182816,0.747440881516809,1
561,1,-8.84488680100713e-16,0.00105443013437946,0.00105443013437946,90.0000000000481,630.477776341332,630.747440881517,0.269664540184635,0.747440881516809,1
562,1,-1.02186029961407e-15,0.00105443013437951,0.00105443013437951,90.0000000000555,630.47777634133,630.747440881519,0.269664540188387,0.747440881518628,1
563,1,-1.15595725299326e-15,0.00105443013437957,0.00105443013437957,90.0000000000628,630.47777634133,630.747440881519,0.269664540188387,0.747440881518628,1
564,1,-1.28634981148568e-15,0.00105443013437964,0.00105443013437964,90.0000000000699,630.477776341329,630.747440881519,0.269664540189297,0.747440881518628,1
565,1,-1.41262011748827e-15,0.00105443013437972,0.00105443013437972,90.0000000000768,630.477776341328,630.74744088152,0.269664540192025,0.747440881519537,1
566,1,-1.53436352361922e-15,0.0010544301343798,0.0010544301343798,90.0000000000834,630.477776341328,630.74744088152,0.269664540192025,0.747440881519537,1
567,1,-1.65118988945595e-15,0.00105443013437989,0.00105443013437989,90.0000000000897,630.477776341326,630.74744088152,0.269664540193958,0.747440881519537,1
568,1,-1.76272483178391e-15,0.00105443013437999,0.00105443013437999,90.0000000000958,630.477776341326,630.747440881521,0.26966454019589,0.74744088152147,1
569,1,-1.86861092434967e-15,0.00105443013438009,0.00105443013438009,90.0000000001016,630.477776341325,630.747440881521,0.2696645401968,0.74744088152147,1
570,1,-1.96850884327353e-15,0.0010544301343802,0.0010544301343802,90.000000000107,630.477776341323,630.747440881521,0.269664540198619,0.74744088152147,1
571,1,-2.06209845445094e-15,0.00105443013438031,0.00105443013438031,90.0000000001121,630.477776341323,630.747440881521,0.269664540198619,0.74744088152147,1
572,1,-2.14907983945827e-15,0.00105443013438043,0.00105443013438043,90.0000000001168,630.477776341321,630.747440881521,0.269664540200552,0.74744088152147,1
573,1,-2.22917425667509e-15,0.00105443013438056,0.00105443013438056,90.0000000001211,630.477776341321,630.747440881521,0.269664540200552,0.74744088152147,1
574,1,-2.30212503454295e-15,0.00105443013438069,0.00105443013438069,90.0000000001251,630.47777634132,630.747440881521,0.269664540201461,0.74744088152147,1
575,1,-2.36769839409831e-15,0.00105443013438082,0.00105443013438082,90.0000000001287,630.477776341318,630.747440881521,0.26966454020328,0.74744088152147,1
576,1,-2.42568419814343e-15,0.00105443013438095,0.00105443013438095,90.0000000001318,630.477776341318,630.747440881521,0.26966454020328,0.74744088152147,1
577,1,-2.47589662465465e-15,0.00105443013438109,0.00105443013438109,90.0000000001345,630.477776341318,630.747440881521,0.26966454020328,0.74744088152147,1
578,1,-2.51817476226995e-15,0.00105443013438123,0.00105443013438123,90.0000000001368,630.477776341316,630.747440881521,0.269664540205213,0.74744088152147,1
579,1,-2.55238312594747e-15,0.00105443013438138,0.00105443013438138,90.0000000001387,630.477776341316,630.747440881521,0.269664540205213,0.74744088152147,1
580,1,-2.57841209114257e-15,0.00105443013438152,0.00105443013438152,90.0000000001401,630.477776341315,630.747440881521,0.269664540206122,0.74744088152147,1
581,1,-2.59617824511198e-15,0.00105443013438167,0.00105443013438167,90.0000000001411,630.477776341315,630.747440881521,0.269664540206122,0.74744088152147,1
582,1,-2.6056246542193e-15,0.00105443013438182,0.00105443013438182,90.0000000001416,630.477776341315,630.74744088152,0.26966454020419,0.747440881519537,1
583,1,-2.60672104638526e-15,0.00105443013438196,0.00105443013438196,90.0000000001417,630.477776341314,630.74744088152,0.269664540206008,0.747440881519537,1
584,1,-2.599463908098e-15,0.00105443013438211,0.00105443013438211,90.0000000001413,630.477776341314,630.74744088152,0.269664540206008,0.747440881519537,1
585,1,-2.58387649567247e-15,0.00105443013438226,0.00105443013438226,90.0000000001404,630.477776341314,630.74744088152,0.269664540206008,0.747440881519537,1
586,1,-2.56000876072302e-15,0.0010544301343824,0.0010544301343824,90.0000000001391,630.477776341314,630.747440881519,0.269664540205099,0.747440881518628,1
587,1,-2.52793719008778e-15,0.00105443013438255,0.00105443013438255,90.0000000001374,630.477776341314,630.747440881519,0.269664540205099,0.747440881518628,1
588,1,-2.48776456071802e-15,0.00105443013438269,0.00105443013438269,90.0000000001352,630.477776341314,630.747440881517,0.26966454020328,0.747440881516809,1
589,1,-2.4396196103179e-15,0.00105443013438283,0.00105443013438283,90.0000000001326,630.477776341312,630.747440881517,0.269664540205213,0.747440881516809,1
590,1,-2.38365662478994e-15,0.00105443013438297,0.00105443013438297,90.0000000001295,630.477776341312,630.747440881515,0.26966454020328,0.747440881514876,1
591,1,-2.32005494380862e-15,0.0010544301343831,0.0010544301343831,90.0000000001261,630.477776341312,630.747440881515,0.26966454020328,0.747440881514876,1
592,1,-2.24901838610616e-15,0.00105443013438323,0.00105443013438323,90.0000000001222,630.477776341314,630.747440881514,0.269664540200438,0.747440881513967,1
593,1,-2.17077459631254e-15,0.00105443013438335,0.00105443013438335,90.000000000118,630.477776341314,630.747440881514,0.269664540200438,0.747440881513967,1
594,1,-2.08557431544271e-15,0.00105443013438347,0.00105443013438347,90.0000000001133,630.477776341314,630.747440881512,0.269664540198619,0.747440881512148,1
595,1,-1.99369057736877e-15,0.00105443013438359,0.00105443013438359,90.0000000001083,630.477776341314,630.747440881512,0.269664540198619,0.747440881512148,1
596,1,-1.89541783385236e-15,0.0010544301343837,0.0010544301343837,90.000000000103,630.477776341314,630.74744088151,0.269664540196686,0.747440881510215,1
597,1,-1.79107101094083e-15,0.0010544301343838,0.0010544301343838,90.0000000000973,630.477776341314,630.747440881509,0.269664540195777,0.747440881509306,1
598,1,-1.68098449975136e-15,0.0010544301343839,0.0010544301343839,90.0000000000913,630.477776341315,630.747440881509,0.269664540193958,0.747440881509306,1
599,1,-1.56551108487707e-15,0.00105443013438399,0.00105443013438399,90.0000000000851,630.477776341315,630.747440881507,0.269664540192139,0.747440881507487,1
600,1,-1.44502081384914e-15,0.00105443013438408,0.00105443013438408,90.0000000000785,630.477776341315,630.747440881506,0.269664540190206,0.747440881505554,1
601,1,-1.31989981127792e-15,0.00105443013438416,0.00105443013438416,90.0000000000717,630.477776341316,630.747440881506,0.269664540189297,0.747440881505554,1
602,1,-1.19054904147328e-15,0.00105443013438423,0.00105443013438423,90.0000000000647,630.477776341316,630.747440881505,0.269664540188387,0.747440881504644,1
603,1,-1.05738302350933e-15,0.00105443013438429,0.00105443013438429,90.0000000000575,630.477776341316,630.747440881503,0.269664540186568,0.747440881502826,1
604,1,-9.20828502851597e-16,0.00105443013438435,0.00105443013438435,90.0000000000501,630.477776341318,630.747440881503,0.269664540184635,0.747440881502826,1
605,1,-7.8132308380317e-16,0.0010544301343844,0.0010544301343844,90.0000000000425,630.477776341318,630.747440881501,0.269664540182816,0.747440881501007,1
606,1,-6.39313827152553e-16,0.00105443013438444,0.00105443013438444,90.0000000000347,630.47777634132,630.7474408815,0.269664540179974,0.747440881499983,1
607,1,-4.95255817517148e-16,0.00105443013438447,0.00105443013438447,90.0000000000269,630.47777634132,630.7474408815,0.269664540179974,0.747440881499983,1
608,1,-3.49610704973473e-16,0.00105443013438449,0.00105443013438449,90.000000000019,630.477776341321,630.747440881498,0.269664540177246,0.747440881498164,1
609,1,-2.02845225647622e-16,0.00105443013438451,0.00105443013438451,90.000000000011,630.477776341323,630.747440881496,0.269664540173494,0.747440881496345,1
610,1,-5.54297060069308e-17,0.00105443013438452,0.00105443013438452,90.000000000003,630.477776341323,630.747440881496,0.269664540173494,0.747440881496345,1
611,1,9.21634443540986e-17,0.00105443013438451,0.00105443013438451,89.999999999995,630.477776341323,630.747440881496,0.269664540173494,0.747440881496345,1
612,1,2.3946124660331e-16,0.00105443013438451,0.00105443013438451,89.999999999987,630.477776341321,630.747440881498,0.269664540177246,0.747440881498164,1
613,1,3.85991668384771e-16,0.00105443013438449,0.00105443013438449,89.999999999979,630.477776341321,630.747440881498,0.269664540177246,0.747440881498164,1
614,1,5.31285136499473e-16,0.00105443013438446,0.00105443013438446,89.9999999999711,630.47777634132,630.7474408815,0.269664540179974,0.747440881499983,1
615,1,6.74876041705402e-16,0.00105443013438443,0.00105443013438443,89.9999999999633,630.47777634132,630.747440881501,0.269664540180997,0.747440881501007,1
616,1,8.16304230814662e-16,0.00105443013438438,0.00105443013438438,89.9999999999556,630.477776341318,630.747440881501,0.269664540182816,0.747440881501007,1
617,1,9.55116481306069e-16,0.00105443013438433,0.00105443013438433,89.9999999999481,630.477776341318,630.747440881503,0.269664540184635,0.747440881502826,1
618,1,1.09086795372762e-15,0.00105443013438428,0.00105443013438428,89.9999999999407,630.477776341316,630.747440881503,0.269664540186568,0.747440881502826,1
619,1,1.22312361723455e-15,0.00105443013438421,0.00105443013438421,89.9999999999335,630.477776341316,630.747440881505,0.269664540188387,0.747440881504644,1
620,1,1.35145964369447e-15,0.00105443013438414,0.00105443013438414,89.9999999999266,630.477776341316,630.747440881506,0.269664540189297,0.747440881505554,1
621,1,1.47546476589229e-15,0.00105443013438406,0.00105443013438406,89.9999999999198,630.477776341315,630.747440881506,0.269664540190206,0.747440881505554,1
622,1,1.59474159548218e-15,0.00105443013438397,0.00105443013438397,89.9999999999133,630.477776341315,630.747440881507,0.269664540192139,0.747440881507487,1
623,1,1.70890789646321e-15,0.00105443013438388,0.00105443013438388,89.9999999999071,630.477776341315,630.747440881509,0.269664540193958,0.747440881509306,1
624,1,1.8175978100975e-15,0.00105443013438378,0.00105443013438378,89.9999999999012,630.477776341314,630.747440881509,0.269664540195777,0.747440881509306,1
625,1,1.92046302734573e-15,0.00105443013438367,0.00105443013438367,89.9999999998956,630.477776341314,630.74744088151,0.269664540196686,0.747440881510215,1
626,1,2.0171739050625e-15,0.00105443013438356,0.00105443013438356,89.9999999998904,630.477776341314,630.747440881512,0.269664540198619,0.747440881512148,1
627,1,2.1074205223749e-15,0.00105443013438344,0.00105443013438344,89.9999999998855,630.477776341314,630.747440881512,0.269664540198619,0.747440881512148,1
628,1,2.19091367385872e-15,0.00105443013438332,0.00105443013438332,89.999999999881,630.477776341314,630.747440881514,0.269664540200438,0.747440881513967,1
629,1,2.26738579632973e-15,0.0010544301343832,0.0010544301343832,89.9999999998768,630.477776341314,630.747440881514,0.269664540200438,0.747440881513967,1
630,1,2.33659182627998e-15,0.00105443013438307,0.00105443013438307,89.999999999873,630.477776341312,630.747440881515,0.26966454020328,0.747440881514876,1
631,1,2.39830998521132e-15,0.00105443013438293,0.00105443013438293,89.9999999998697,630.477776341312,630.747440881515,0.26966454020328,0.747440881514876,1
632,1,2.45234249034954e-15,0.00105443013438279,0.00105443013438279,89.9999999998667,630.477776341312,630.747440881517,0.269664540205213,0.747440881516809,1
633,1,2.49851618846149e-15,0.00105443013438265,0.00105443013438265,89.9999999998642,630.477776341314,630.747440881517,0.26966454020328,0.747440881516809,1
634,1,2.53668311074403e-15,0.00105443013438251,0.00105443013438251,89.9999999998622,630.477776341314,630.747440881519,0.269664540205099,0.747440881518628,1
635,1,2.56672094700673e-15,0.00105443013438237,0.00105443013438237,89.9999999998605,630.477776341314,630.747440881519,0.269664540205099,0.747440881518628,1
636,1,2.5885334376286e-15,0.00105443013438222,0.00105443013438222,89.9999999998593,630.477776341314,630.74744088152,0.269664540206008,0.747440881519537,1
637,1,2.60205068203284e-15,0.00105443013438207,0.00105443013438207,89.9999999998586,630.477776341314,630.74744088152,0.269664540206008,0.747440881519537,1
638,1,2.60722936269113e-15,0.00105443013438193,0.00105443013438193,89.9999999998583,630.477776341314,630.74744088152,0.269664540206008,0.747440881519537,1
639,1,2.60405288393948e-15,0.00105443013438178,0.00105443013438178,89.9999999998585,630.477776341315,630.747440881521,0.269664540206122,0.74744088152147,1
640,1,2.59253142516092e-15,0.00105443013438163,0.00105443013438163,89.9999999998591,630.477776341315,630.747440881521,0.269664540206122,0.74744088152147,1
641,1,2.57270190816452e-15,0.00105443013438149,0.00105443013438149,89.9999999998602,630.477776341315,630.747440881521,0.269664540206122,0.74744088152147,1
642,1,2.54462787886531e-15,0.00105443013438134,0.00105443013438134,89.9999999998617,630.477776341316,630.747440881521,0.269664540205213,0.74744088152147,1
643,1,2.50839930364424e-15,0.0010544301343812,0.0010544301343812,89.9999999998637,630.477776341316,630.747440881521,0.269664540205213,0.74744088152147,1
644,1,2.46413228104081e-15,0.00105443013438106,0.00105443013438106,89.9999999998661,630.477776341318,630.747440881521,0.26966454020328,0.74744088152147,1
645,1,2.41196866970226e-15,0.00105443013438092,0.00105443013438092,89.9999999998689,630.477776341318,630.747440881521,0.26966454020328,0.74744088152147,1
646,1,2.35207563378163e-15,0.00105443013438078,0.00105443013438078,89.9999999998722,630.47777634132,630.747440881521,0.269664540201461,0.74744088152147,1
647,1,2.28464510724138e-15,0.00105443013438065,0.00105443013438065,89.9999999998759,630.47777634132,630.747440881521,0.269664540201461,0.74744088152147,1
648,1,2.20989317877949e-15,0.00105443013438053,0.00105443013438053,89.9999999998799,630.477776341321,630.747440881521,0.269664540200552,0.74744088152147,1
649,1,2.12805939934897e-15,0.0010544301343804,0.0010544301343804,89.9999999998844,630.477776341321,630.747440881521,0.269664540200552,0.74744088152147,1
650,1,2.03940601448987e-15,0.00105443013438028,0.00105443013438028,89.9999999998892,630.477776341323,630.747440881521,0.269664540198619,0.74744088152147,1
651,1,1.94421712393399e-15,0.00105443013438017,0.00105443013438017,89.9999999998944,630.477776341323,630.747440881521,0.269664540198619,0.74744088152147,1
652,1,1.84279777117542e-15,0.00105443013438006,0.00105443013438006,89.9999999998999,630.477776341325,630.747440881521,0.2696645401968,0.74744088152147,1
653,1,1.73547296592433e-15,0.00105443013437996,0.00105443013437996,89.9999999999057,630.477776341326,630.747440881521,0.26966454019589,0.74744088152147,1
654,1,1.6225866425769e-15,0.00105443013437987,0.00105443013437987,89.9999999999118,630.477776341326,630.74744088152,0.269664540193958,0.747440881519537,1
655,1,1.50450055803885e-15,0.00105443013437978,0.00105443013437978,89.9999999999182,630.477776341328,630.74744088152,0.269664540192025,0.747440881519537,1
656,1,1.38159313243482e-15,0.0010544301343797,0.0010544301343797,89.9999999999249,630.477776341329,630.74744088152,0.269664540190206,0.747440881519537,1
657,1,1.25425823641858e-15,0.00105443013437962,0.00105443013437962,89.9999999999318,630.477776341329,630.747440881519,0.269664540189297,0.747440881518628,1
658,1,1.12290392897025e-15,0.00105443013437956,0.00105443013437956,89.999999999939,630.47777634133,630.747440881519,0.269664540188387,0.747440881518628,1
659,1,9.87951149725435e-16,0.0010544301343795,0.0010544301343795,89.9999999999463,630.477776341332,630.747440881517,0.269664540184635,0.747440881516809,1
660,1,8.49832370026914e-16,0.00105443013437944,0.00105443013437944,89.9999999999538,630.477776341332,630.747440881517,0.269664540184635,0.747440881516809,1
661,1,7.08990207021612e-16,0.0010544301343794,0.0010544301343794,89.9999999999615,630.477776341334,630.747440881517,0.269664540182816,0.747440881516809,1
662,1,5.65876005244225e-16,0.00105443013437936,0.00105443013437936,89.9999999999692,630.477776341335,630.747440881515,0.269664540179974,0.747440881514876,1
663,1,4.20948390232954e-16,0.00105443013437934,0.00105443013437934,89.9999999999771,630.477776341335,630.747440881515,0.269664540179974,0.747440881514876,1
664,1,2.74671798812442e-16,0.00105443013437932,0.00105443013437932,89.9999999999851,630.477776341337,630.747440881514,0.269664540177132,0.747440881513967,1
665,1,1.27514990753787e-16,0.0010544301343793,0.0010544301343793,89.9999999999931,630.477776341337,630.747440881512,0.269664540175313,0.747440881512148,1
666,1,-2.00504534187827e-17,0.0010544301343793,0.0010544301343793,90.0000000000011,630.477776341339,630.747440881512,0.269664540173494,0.747440881512148,1
667,1,-1.67551643660761e-16,0.00105443013437931,0.00105443013437931,90.0000000000091,630.477776341337,630.747440881514,0.269664540177132,0.747440881513967,1
668,1,-3.14515895836524e-16,0.00105443013437932,0.00105443013437932,90.0000000000171,630.477776341337,630.747440881514,0.269664540177132,0.747440881513967,1
669,1,-4.60472246488824e-16,0.00105443013437934,0.00105443013437934,90.000000000025,630.477776341335,630.747440881515,0.269664540179974,0.747440881514876,1
670,1,-6.04952962094081e-16,0.00105443013437937,0.00105443013437937,90.0000000000329,630.477776341334,630.747440881515,0.269664540180884,0.747440881514876,1
671,1,-7.47495037967007e-16,0.00105443013437941,0.00105443013437941,90.0000000000406,630.477776341334,630.747440881517,0.269664540182816,0.747440881516809,1
672,1,-8.87641682011141e-16,0.00105443013437946,0.00105443013437946,90.0000000000482,630.477776341332,630.747440881517,0.269664540184635,0.747440881516809,1
673,1,-1.02494377856044e-15,0.00105443013437951,0.00105443013437951,90.0000000000557,630.47777634133,630.747440881519,0.269664540188387,0.747440881518628,1
674,1,-1.15896132762086e-15,0.00105443013437957,0.00105443013437957,90.000000000063,630.47777634133,630.747440881519,0.269664540188387,0.747440881518628,1
675,1,-1.28926485489987e-15,0.00105443013437964,0.00105443013437964,90.0000000000701,630.477776341329,630.747440881519,0.269664540189297,0.747440881518628,1
676,1,-1.41543678810493e-15,0.00105443013437972,0.00105443013437972,90.0000000000769,630.477776341328,630.74744088152,0.269664540192025,0.747440881519537,1
677,1,-1.53707279510091e-15,0.0010544301343798,0.0010544301343798,90.0000000000835,630.477776341328,630.74744088152,0.269664540192025,0.747440881519537,1
678,1,-1.65378307963782e-15,0.00105443013437989,0.00105443013437989,90.0000000000899,630.477776341326,630.74744088152,0.269664540193958,0.747440881519537,1
679,1,-1.7651936304967e-15,0.00105443013437999,0.00105443013437999,90.0000000000959,630.477776341325,630.747440881521,0.2696645401968,0.74744088152147,1
680,1,-1.87094742005054e-15,0.00105443013438009,0.00105443013438009,90.0000000001017,630.477776341325,630.747440881521,0.2696645401968,0.74744088152147,1
681,1,-1.97070554839949e-15,0.0010544301343802,0.0010544301343802,90.0000000001071,630.477776341323,630.747440881521,0.269664540198619,0.74744088152147,1
682,1,-2.06414832941361e-15,0.00105443013438032,0.00105443013438032,90.0000000001122,630.477776341323,630.747440881521,0.269664540198619,0.74744088152147,1
683,1,-2.15097631520305e-15,0.00105443013438044,0.00105443013438044,90.0000000001169,630.477776341321,630.747440881521,0.269664540200552,0.74744088152147,1
684,1,-2.23091125573238e-15,0.00105443013438056,0.00105443013438056,90.0000000001212,630.477776341321,630.747440881521,0.269664540200552,0.74744088152147,1
685,1,-2.30369699050414e-15,0.00105443013438069,0.00105443013438069,90.0000000001252,630.47777634132,630.747440881521,0.269664540201461,0.74744088152147,1
686,1,-2.3691002694539e-15,0.00105443013438082,0.00105443013438082,90.0000000001287,630.477776341318,630.747440881521,0.26966454020328,0.74744088152147,1
687,1,-2.42691150042635e-15,0.00105443013438096,0.00105443013438096,90.0000000001319,630.477776341318,630.747440881521,0.26966454020328,0.74744088152147,1
688,1,-2.47694542083685e-15,0.00105443013438109,0.00105443013438109,90.0000000001346,630.477776341318,630.747440881521,0.26966454020328,0.74744088152147,1
689,1,-2.51904169136624e-15,0.00105443013438124,0.00105443013438124,90.0000000001369,630.477776341316,630.747440881521,0.269664540205213,0.74744088152147,1
690,1,-2.55306540978616e-15,0.00105443013438138,0.00105443013438138,90.0000000001387,630.477776341316,630.747440881521,0.269664540205213,0.74744088152147,1
691,1,-2.57890754326844e-15,0.00105443013438153,0.00105443013438153,90.0000000001401,630.477776341315,630.747440881521,0.269664540206122,0.74744088152147,1
692,1,-2.59648527779302e-15,0.00105443013438167,0.00105443013438167,90.0000000001411,630.477776341315,630.747440881521,0.269664540206122,0.74744088152147,1
693,1,-2.6057422835348e-15,0.00105443013438182,0.00105443013438182,90.0000000001416,630.477776341315,630.74744088152,0.26966454020419,0.747440881519537,1
694,1,-2.60664889537887e-15,0.00105443013438197,0.00105443013438197,90.0000000001417,630.477776341314,630.74744088152,0.269664540206008,0.747440881519537,1
695,1,-2.59920220798571e-15,0.00105443013438211,0.00105443013438211,90.0000000001412,630.477776341314,630.74744088152,0.269664540206008,0.747440881519537,1
696,1,-2.58342608510171e-15,0.00105443013438226,0.00105443013438226,90.0000000001404,630.477776341314,630.74744088152,0.269664540206008,0.747440881519537,1
697,1,-2.55937108308505e-15,0.00105443013438241,0.00105443013438241,90.0000000001391,630.477776341314,630.747440881519,0.269664540205099,0.747440881518628,1
698,1,-2.52711428889224e-15,0.00105443013438255,0.00105443013438255,90.0000000001373,630.477776341314,630.747440881519,0.269664540205099,0.747440881518628,1
699,1,-2.48675907304426e-15,0.00105443013438269,0.00105443013438269,90.0000000001351,630.477776341314,630.747440881517,0.26966454020328,0.747440881516809,1
700,1,-2.43843475836411e-15,0.00105443013438283,0.00105443013438283,90.0000000001325,630.477776341312,630.747440881517,0.269664540205213,0.747440881516809,1
701,1,-2.38229620554733e-15,0.00105443013438297,0.00105443013438297,90.0000000001295,630.477776341312,630.747440881515,0.26966454020328,0.747440881514876,1
702,1,-2.3185233168935e-15,0.0010544301343831,0.0010544301343831,90.000000000126,630.477776341312,630.747440881515,0.26966454020328,0.747440881514876,1
703,1,-2.24732045978905e-15,0.00105443013438323,0.00105443013438323,90.0000000001221,630.477776341314,630.747440881514,0.269664540200438,0.747440881513967,1
704,1,-2.16891581178908e-15,0.00105443013438336,0.00105443013438336,90.0000000001179,630.477776341314,630.747440881514,0.269664540200438,0.747440881513967,1
705,1,-2.08356062939672e-15,0.00105443013438348,0.00105443013438348,90.0000000001132,630.477776341314,630.747440881512,0.269664540198619,0.747440881512148,1
706,1,-1.99152844288343e-15,0.00105443013438359,0.00105443013438359,90.0000000001082,630.477776341314,630.74744088151,0.269664540196686,0.747440881510215,1
707,1,-1.89311417973056e-15,0.0010544301343837,0.0010544301343837,90.0000000001029,630.477776341314,630.74744088151,0.269664540196686,0.747440881510215,1
708,1,-1.788633219501e-15,0.00105443013438381,0.00105443013438381,90.0000000000972,630.477776341314,630.747440881509,0.269664540195777,0.747440881509306,1
709,1,-1.67842038317005e-15,0.0010544301343839,0.0010544301343839,90.0000000000912,630.477776341315,630.747440881509,0.269664540193958,0.747440881509306,1
710,1,-1.56282886015393e-15,0.001054430134384,0.001054430134384,90.0000000000849,630.477776341315,630.747440881507,0.269664540192139,0.747440881507487,1
711,1,-1.44222907647465e-15,0.00105443013438408,0.00105443013438408,90.0000000000784,630.477776341315,630.747440881506,0.269664540190206,0.747440881505554,1
712,1,-1.31700750768814e-15,0.00105443013438416,0.00105443013438416,90.0000000000716,630.477776341316,630.747440881506,0.269664540189297,0.747440881505554,1
713,1,-1.18756544037998e-15,0.00105443013438423,0.00105443013438423,90.0000000000645,630.477776341316,630.747440881505,0.269664540188387,0.747440881504644,1
714,1,-1.05431768619745e-15,0.00105443013438429,0.00105443013438429,90.0000000000573,630.477776341316,630.747440881503,0.269664540186568,0.747440881502826,1
715,1,-9.17691252538945e-16,0.00105443013438435,0.00105443013438435,90.0000000000499,630.477776341318,630.747440881503,0.269664540184635,0.747440881502826,1
716,1,-7.78123974160821e-16,0.0010544301343844,0.0010544301343844,90.0000000000423,630.477776341318,630.747440881501,0.269664540182816,0.747440881501007,1
717,1,-6.3606311008677e-16,0.00105443013438444,0.00105443013438444,90.0000000000346,630.47777634132,630.7474408815,0.269664540179974,0.747440881499983,1
718,1,-4.9196391031598e-16,0.00105443013438447,0.00105443013438447,90.0000000000267,630.47777634132,630.7474408815,0.269664540179974,0.747440881499983,1
719,1,-3.46288156923386e-16,0.00105443013438449,0.00105443013438449,90.0000000000188,630.477776341321,630.747440881498,0.269664540177246,0.747440881498164,1
720,1,-1.99502684227124e-16,0.00105443013438451,0.00105443013438451,90.0000000000109,630.477776341323,630.747440881496,0.269664540173494,0.747440881496345,1
721,1,-5.20778827655133e-17,0.00105443013438452,0.00105443013438452,90.0000000000028,630.477776341323,630.747440881496,0.269664540173494,0.747440881496345,1
722,1,9.5513808122269e-17,0.00105443013438451,0.00105443013438451,89.9999999999948,630.477776341323,630.747440881496,0.269664540173494,0.747440881496345,1
723,1,2.42799414281113e-16,0.0010544301343845,0.0010544301343845,89.9999999999868,630.477776341321,630.747440881498,0.269664540177246,0.747440881498164,1
724,1,3.89306942438865e-16,0.00105443013438449,0.00105443013438449,89.9999999999788,630.477776341321,630.747440881498,0.269664540177246,0.747440881498164,1
725,1,5.34566892761687e-16,0.00105443013438446,0.00105443013438446,89.999999999971,630.47777634132,630.7474408815,0.269664540179974,0.747440881499983,1
726,1,6.78113763419093e-16,0.00105443013438443,0.00105443013438443,89.9999999999632,630.47777634132,630.747440881501,0.269664540180997,0.747440881501007,1
727,1,8.19487542336848e-16,0.00105443013438438,0.00105443013438438,89.9999999999555,630.477776341318,630.747440881501,0.269664540182816,0.747440881501007,1
728,1,9.58235181357339e-16,0.00105443013438433,0.00105443013438433,89.9999999999479,630.477776341318,630.747440881503,0.269664540184635,0.747440881502826,1
729,1,1.09391204808329e-15,0.00105443013438428,0.00105443013438428,89.9999999999406,630.477776341316,630.747440881505,0.269664540188387,0.747440881504644,1
730,1,1.22608335075225e-15,0.00105443013438421,0.00105443013438421,89.9999999999334,630.477776341316,630.747440881505,0.269664540188387,0.747440881504644,1
731,1,1.35432553157561e-15,0.00105443013438414,0.00105443013438414,89.9999999999264,630.477776341316,630.747440881506,0.269664540189297,0.747440881505554,1
732,1,1.47822762407719e-15,0.00105443013438406,0.00105443013438406,89.9999999999197,630.477776341315,630.747440881507,0.269664540192139,0.747440881507487,1
733,1,1.59739257008138e-15,0.00105443013438397,0.00105443013438397,89.9999999999132,630.477776341315,630.747440881507,0.269664540192139,0.747440881507487,1
734,1,1.71143849213077e-15,0.00105443013438388,0.00105443013438388,89.999999999907,630.477776341315,630.747440881509,0.269664540193958,0.747440881509306,1
735,1,1.81999991725532e-15,0.00105443013438378,0.00105443013438378,89.9999999999011,630.477776341314,630.747440881509,0.269664540195777,0.747440881509306,1
736,1,1.92272894817153e-15,0.00105443013438367,0.00105443013438367,89.9999999998955,630.477776341314,630.74744088151,0.269664540196686,0.747440881510215,1
737,1,2.01929637815843e-15,0.00105443013438356,0.00105443013438356,89.9999999998903,630.477776341314,630.747440881512,0.269664540198619,0.747440881512148,1
738,1,2.10939274603747e-15,0.00105443013438344,0.00105443013438344,89.9999999998854,630.477776341314,630.747440881512,0.269664540198619,0.747440881512148,1
739,1,2.19272932787561e-15,0.00105443013438332,0.00105443013438332,89.9999999998809,630.477776341314,630.747440881514,0.269664540200438,0.747440881513967,1
740,1,2.26903906223367e-15,0.00105443013438319,0.00105443013438319,89.9999999998767,630.477776341312,630.747440881514,0.269664540202371,0.747440881513967,1
741,1,2.33807740599464e-15,0.00105443013438306,0.00105443013438306,89.999999999873,630.477776341312,630.747440881515,0.26966454020328,0.747440881514876,1
742,1,2.3996231180296e-15,0.00105443013438293,0.00105443013438293,89.9999999998696,630.477776341312,630.747440881515,0.26966454020328,0.747440881514876,1
743,1,2.4534789681898e-15,0.00105443013438279,0.00105443013438279,89.9999999998667,630.477776341312,630.747440881517,0.269664540205213,0.747440881516809,1
744,1,2.49947236935281e-15,0.00105443013438265,0.00105443013438265,89.9999999998642,630.477776341314,630.747440881517,0.26966454020328,0.747440881516809,1
745,1,2.53745593049731e-15,0.00105443013438251,0.00105443013438251,89.9999999998621,630.477776341314,630.747440881519,0.269664540205099,0.747440881518628,1
746,1,2.56730792903426e-15,0.00105443013438236,0.00105443013438236,89.9999999998605,630.477776341314,630.747440881519,0.269664540205099,0.747440881518628,1
747,1,2.58893270088051e-15,0.00105443013438222,0.00105443013438222,89.9999999998593,630.477776341314,630.74744088152,0.269664540206008,0.747440881519537,1
748,1,2.6022609470252e-15,0.00105443013438207,0.00105443013438207,89.9999999998586,630.477776341314,630.74744088152,0.269664540206008,0.747440881519537,1
749,1,2.60724995560614e-15,0.00105443013438192,0.00105443013438192,89.9999999998583,630.477776341314,630.74744088152,0.269664540206008,0.747440881519537,1
750,1,2.60388373878483e-15,0.00105443013438178,0.00105443013438178,89.9999999998585,630.477776341315,630.747440881521,0.269664540206122,0.74744088152147,1
751,1,2.59217308398126e-15,0.00105443013438163,0.00105443013438163,89.9999999998592,630.477776341315,630.747440881521,0.269664540206122,0.74744088152147,1
752,1,2.57215551930442e-15,0.00105443013438148,0.00105443013438148,89.9999999998602,630.477776341315,630.747440881521,0.269664540206122,0.74744088152147,1
753,1,2.54389519328926e-15,0.00105443013438134,0.00105443013438134,89.9999999998618,630.477776341316,630.747440881521,0.269664540205213,0.74744088152147,1
754,1,2.50748266932548e-15,0.00105443013438119,0.00105443013438119,89.9999999998638,630.477776341316,630.747440881521,0.269664540205213,0.74744088152147,1
755,1,2.463034635437e-15,0.00105443013438105,0.00105443013438105,89.9999999998662,630.477776341318,630.747440881521,0.26966454020328,0.74744088152147,1
756,1,2.41069353034207e-15,0.00105443013438092,0.00105443013438092,89.999999999869,630.477776341318,630.747440881521,0.26966454020328,0.74744088152147,1
757,1,2.35062708699238e-15,0.00105443013438078,0.00105443013438078,89.9999999998723,630.47777634132,630.747440881521,0.269664540201461,0.74744088152147,1
758,1,2.28302779505399e-15,0.00105443013438065,0.00105443013438065,89.9999999998759,630.47777634132,630.747440881521,0.269664540201461,0.74744088152147,1
759,1,2.20811228405259e-15,0.00105443013438052,0.00105443013438052,89.99999999988,630.477776341321,630.747440881521,0.269664540200552,0.74744088152147,1
760,1,2.12612062915978e-15,0.0010544301343804,0.0010544301343804,89.9999999998845,630.477776341321,630.747440881521,0.269664540200552,0.74744088152147,1
761,1,2.03731558184527e-15,0.00105443013438028,0.00105443013438028,89.9999999998893,630.477776341323,630.747440881521,0.269664540198619,0.74744088152147,1
762,1,1.94198172786025e-15,0.00105443013438017,0.00105443013438017,89.9999999998945,630.477776341323,630.747440881521,0.269664540198619,0.74744088152147,1
763,1,1.84042457525042e-15,0.00105443013438006,0.00105443013438006,89.9999999999,630.477776341325,630.747440881521,0.2696645401968,0.74744088152147,1
764,1,1.73296957532102e-15,0.00105443013437996,0.00105443013437996,89.9999999999058,630.477776341326,630.747440881521,0.26966454019589,0.74744088152147,1
765,1,1.61996107969172e-15,0.00105443013437987,0.00105443013437987,89.999999999912,630.477776341326,630.74744088152,0.269664540193958,0.747440881519537,1
766,1,1.50176123678304e-15,0.00105443013437978,0.00105443013437978,89.9999999999184,630.477776341328,630.74744088152,0.269664540192025,0.747440881519537,1
767,1,1.37874883127111e-15,0.0010544301343797,0.0010544301343797,89.9999999999251,630.477776341329,630.74744088152,0.269664540190206,0.747440881519537,1
768,1,1.2513180702296e-15,0.00105443013437962,0.00105443013437962,89.999999999932,630.477776341329,630.747440881519,0.269664540189297,0.747440881518628,1
769,1,1.11987731984886e-15,0.00105443013437955,0.00105443013437955,89.9999999999391,630.47777634133,630.747440881519,0.269664540188387,0.747440881518628,1
770,1,9.84847796780602e-16,0.00105443013437949,0.00105443013437949,89.9999999999465,630.477776341332,630.747440881517,0.269664540184635,0.747440881516809,1
771,1,8.46662218301829e-16,0.00105443013437944,0.00105443013437944,89.999999999954,630.477776341332,630.747440881517,0.269664540184635,0.747440881516809,1
772,1,7.05763415623622e-16,0.0010544301343794,0.0010544301343794,89.9999999999617,630.477776341334,630.747440881517,0.269664540182816,0.747440881516809,1
773,1,5.62602914788889e-16,0.00105443013437936,0.00105443013437936,89.9999999999694,630.477776341335,630.747440881515,0.269664540179974,0.747440881514876,1
774,1,4.17639489706361e-16,0.00105443013437934,0.00105443013437934,89.9999999999773,630.477776341335,630.747440881515,0.269664540179974,0.747440881514876,1
775,1,2.71337691958078e-16,0.00105443013437932,0.00105443013437932,89.9999999999852,630.477776341337,630.747440881514,0.269664540177132,0.747440881513967,1
776,1,1.24166362091648e-16,0.0010544301343793,0.0010544301343793,89.9999999999932,630.477776341339,630.747440881512,0.269664540173494,0.747440881512148,1
777,1,-2.34028728319563e-17,0.0010544301343793,0.0010544301343793,90.0000000000013,630.477776341339,630.747440881512,0.269664540173494,0.747440881512148,1
778,1,-1.70897110620303e-16,0.00105443013437931,0.00105443013437931,90.0000000000093,630.477776341337,630.747440881514,0.269664540177132,0.747440881513967,1
779,1,-3.17843689417687e-16,0.00105443013437932,0.00105443013437932,90.0000000000173,630.477776341337,630.747440881514,0.269664540177132,0.747440881513967,1
780,1,-4.63771702403225e-16,0.00105443013437934,0.00105443013437934,90.0000000000252,630.477776341335,630.747440881515,0.269664540179974,0.747440881514876,1
781,1,-6.08213506864554e-16,0.00105443013437937,0.00105443013437937,90.0000000000331,630.477776341334,630.747440881515,0.269664540180884,0.747440881514876,1
782,1,-7.50706222811521e-16,0.00105443013437941,0.00105443013437941,90.0000000000408,630.477776341334,630.747440881517,0.269664540182816,0.747440881516809,1
783,1,-8.9079321632709e-16,0.00105443013437946,0.00105443013437946,90.0000000000484,630.477776341332,630.747440881517,0.269664540184635,0.747440881516809,1
784,1,-1.02802556290204e-15,0.00105443013437951,0.00105443013437951,90.0000000000559,630.47777634133,630.747440881519,0.269664540188387,0.747440881518628,1
785,1,-1.16196348606397e-15,0.00105443013437957,0.00105443013437957,90.0000000000632,630.47777634133,630.747440881519,0.269664540188387,0.747440881518628,1
786,1,-1.29217776669046e-15,0.00105443013437964,0.00105443013437964,90.0000000000702,630.477776341329,630.747440881519,0.269664540189297,0.747440881518628,1
787,1,-1.41825111848989e-15,0.00105443013437972,0.00105443013437972,90.0000000000771,630.477776341328,630.74744088152,0.269664540192025,0.747440881519537,1
788,1,-1.53977952524235e-15,0.0010544301343798,0.0010544301343798,90.0000000000837,630.477776341328,630.74744088152,0.269664540192025,0.747440881519537,1
789,1,-1.65637353551491e-15,0.0010544301343799,0.0010544301343799,90.00000000009,630.477776341326,630.74744088152,0.269664540193958,0.747440881519537,1
790,1,-1.76765951070254e-15,0.00105443013437999,0.00105443013437999,90.0000000000961,630.477776341325,630.747440881521,0.2696645401968,0.74744088152147,1
791,1,-1.87328082239498e-15,0.0010544301343801,0.0010544301343801,90.0000000001018,630.477776341325,630.747440881521,0.2696645401968,0.74744088152147,1
792,1,-1.97289899523257e-15,0.0010544301343802,0.0010544301343802,90.0000000001072,630.477776341323,630.747440881521,0.269664540198619,0.74744088152147,1
793,1,-2.06619479158853e-15,0.00105443013438032,0.00105443013438032,90.0000000001123,630.477776341323,630.747440881521,0.269664540198619,0.74744088152147,1
794,1,-2.15286923460184e-15,0.00105443013438044,0.00105443013438044,90.000000000117,630.477776341321,630.747440881521,0.269664540200552,0.74744088152147,1
795,1,-2.23264456628216e-15,0.00105443013438056,0.00105443013438056,90.0000000001213,630.477776341321,630.747440881521,0.269664540200552,0.74744088152147,1
796,1,-2.30526513761651e-15,0.00105443013438069,0.00105443013438069,90.0000000001253,630.47777634132,630.747440881521,0.269664540201461,0.74744088152147,1
797,1,-2.37049822782528e-15,0.00105443013438082,0.00105443013438082,90.0000000001288,630.477776341318,630.747440881521,0.26966454020328,0.74744088152147,1
798,1,-2.42813479014207e-15,0.00105443013438096,0.00105443013438096,90.0000000001319,630.477776341318,630.747440881521,0.26966454020328,0.74744088152147,1
799,1,-2.47799012172759e-15,0.0010544301343811,0.0010544301343811,90.0000000001347,630.477776341318,630.747440881521,0.26966454020328,0.74744088152147,1
800,1,-2.51990445557061e-15,0.00105443013438124,0.00105443013438124,90.0000000001369,630.477776341316,630.747440881521,0.269664540205213,0.74744088152147,1
801,1,-2.55374347247935e-15,0.00105443013438138,0.00105443013438138,90.0000000001388,630.477776341316,630.747440881521,0.269664540205213,0.74744088152147,1
802,1,-2.57939873152237e-15,0.00105443013438153,0.00105443013438153,90.0000000001402,630.477776341315,630.747440881521,0.269664540206122,0.74744088152147,1
803,1,-2.59678801753975e-15,0.00105443013438168,0.00105443013438168,90.0000000001411,630.477776341315,630.747440881521,0.269664540206122,0.74744088152147,1
804,1,-2.6058556046108e-15,0.00105443013438182,0.00105443013438182,90.0000000001416,630.477776341315,630.74744088152,0.26966454020419,0.747440881519537,1
805,1,-2.60657243463401e-15,0.00105443013438197,0.00105443013438197,90.0000000001417,630.477776341314,630.74744088152,0.269664540206008,0.747440881519537,1
806,1,-2.59893621044704e-15,0.00105443013438212,0.00105443013438212,90.0000000001412,630.477776341314,630.74744088152,0.269664540206008,0.747440881519537,1
807,1,-2.58297140318823e-15,0.00105443013438226,0.00105443013438226,90.0000000001404,630.477776341314,630.74744088152,0.269664540206008,0.747440881519537,1
808,1,-2.55872917387604e-15,0.00105443013438241,0.00105443013438241,90.000000000139,630.477776341314,630.747440881519,0.269664540205099,0.747440881518628,1
809,1,-2.52628720945786e-15,0.00105443013438255,0.00105443013438255,90.0000000001373,630.477776341314,630.747440881519,0.269664540205099,0.747440881518628,1
810,1,-2.48574947385348e-15,0.0010544301343827,0.0010544301343827,90.0000000001351,630.477776341314,630.747440881517,0.26966454020328,0.747440881516809,1
811,1,-2.43724587479098e-15,0.00105443013438284,0.00105443013438284,90.0000000001324,630.477776341312,630.747440881517,0.269664540205213,0.747440881516809,1
812,1,-2.38093184750283e-15,0.00105443013438297,0.00105443013438297,90.0000000001294,630.477776341312,630.747440881515,0.26966454020328,0.747440881514876,1
813,1,-2.31698785661625e-15,0.0010544301343831,0.0010544301343831,90.0000000001259,630.477776341312,630.747440881515,0.26966454020328,0.747440881514876,1
814,1,-2.24561881783402e-15,0.00105443013438323,0.00105443013438323,90.000000000122,630.477776341314,630.747440881514,0.269664540200438,0.747440881513967,1
815,1,-2.1670534412591e-15,0.00105443013438336,0.00105443013438336,90.0000000001178,630.477776341314,630.747440881514,0.269664540200438,0.747440881513967,1
816,1,-2.08154349846738e-15,0.00105443013438348,0.00105443013438348,90.0000000001131,630.477776341314,630.747440881512,0.269664540198619,0.747440881512148,1
817,1,-1.98936301567742e-15,0.00105443013438359,0.00105443013438359,90.0000000001081,630.477776341314,630.74744088151,0.269664540196686,0.747440881510215,1
818,1,-1.89080739560262e-15,0.0010544301343837,0.0010544301343837,90.0000000001028,630.477776341314,630.74744088151,0.269664540196686,0.747440881510215,1
819,1,-1.78619247080005e-15,0.00105443013438381,0.00105443013438381,90.0000000000971,630.477776341314,630.747440881509,0.269664540195777,0.747440881509306,1
820,1,-1.67585349154952e-15,0.00105443013438391,0.00105443013438391,90.0000000000911,630.477776341315,630.747440881509,0.269664540193958,0.747440881509306,1
821,1,-1.56014405150641e-15,0.001054430134384,0.001054430134384,90.0000000000848,630.477776341315,630.747440881507,0.269664540192139,0.747440881507487,1
822,1,-1.43943495457106e-15,0.00105443013438408,0.00105443013438408,90.0000000000782,630.477776341315,630.747440881506,0.269664540190206,0.747440881505554,1
823,1,-1.31411302660604e-15,0.00105443013438416,0.00105443013438416,90.0000000000714,630.477776341316,630.747440881506,0.269664540189297,0.747440881505554,1
824,1,-1.1845798758092e-15,0.00105443013438423,0.00105443013438423,90.0000000000644,630.477776341316,630.747440881505,0.269664540188387,0.747440881504644,1
825,1,-1.05125060571507e-15,0.00105443013438429,0.00105443013438429,90.0000000000571,630.477776341316,630.747440881503,0.269664540186568,0.747440881502826,1
826,1,-9.14552484948938e-16,0.00105443013438435,0.00105443013438435,90.0000000000497,630.477776341318,630.747440881503,0.269664540184635,0.747440881502826,1
827,1,-7.74923577996578e-16,0.0010544301343844,0.0010544301343844,90.0000000000421,630.477776341318,630.747440881501,0.269664540182816,0.747440881501007,1
828,1,-6.32811341377376e-16,0.00105443013438444,0.00105443013438444,90.0000000000344,630.47777634132,630.7474408815,0.269664540179974,0.747440881499983,1
829,1,-4.88671189719578e-16,0.00105443013438447,0.00105443013438447,90.0000000000266,630.47777634132,630.7474408815,0.269664540179974,0.747440881499983,1
830,1,-3.42965036333056e-16,0.00105443013438449,0.00105443013438449,90.0000000000186,630.477776341321,630.747440881498,0.269664540177246,0.747440881498164,1
831,1,-1.96159812956144e-16,0.00105443013438451,0.00105443013438451,90.0000000000107,630.477776341323,630.747440881496,0.269664540173494,0.747440881496345,1
832,1,-4.87259734204373e-17,0.00105443013438452,0.00105443013438452,90.0000000000027,630.477776341323,630.747440881496,0.269664540173494,0.747440881496345,1
833,1,9.88640139713646e-17,0.00105443013438451,0.00105443013438451,89.9999999999946,630.477776341323,630.747440881496,0.269664540173494,0.747440881496345,1
834,1,2.46137180523214e-16,0.0010544301343845,0.0010544301343845,89.9999999999866,630.477776341321,630.747440881498,0.269664540177246,0.747440881498164,1
835,1,3.92621572827038e-16,0.00105443013438449,0.00105443013438449,89.9999999999787,630.477776341321,630.747440881498,0.269664540177246,0.747440881498164,1
836,1,5.37847765190443e-16,0.00105443013438446,0.00105443013438446,89.9999999999708,630.47777634132,630.7474408815,0.269664540179974,0.747440881499983,1
837,1,6.81350363964154e-16,0.00105443013438443,0.00105443013438443,89.999999999963,630.47777634132,630.747440881501,0.269664540180997,0.747440881501007,1
838,1,8.2266949894814e-16,0.00105443013438438,0.00105443013438438,89.9999999999553,630.477776341318,630.747440881501,0.269664540182816,0.747440881501007,1
839,1,9.61352297097414e-16,0.00105443013438433,0.00105443013438433,89.9999999999478,630.477776341318,630.747440881503,0.269664540184635,0.747440881502826,1
840,1,1.09695433380456e-15,0.00105443013438427,0.00105443013438427,89.9999999999404,630.477776341316,630.747440881505,0.269664540188387,0.747440881504644,1
841,1,1.22904105710833e-15,0.00105443013438421,0.00105443013438421,89.9999999999332,630.477776341316,630.747440881505,0.269664540188387,0.747440881504644,1
842,1,1.35718918026419e-15,0.00105443013438413,0.00105443013438413,89.9999999999263,630.477776341315,630.747440881506,0.269664540190206,0.747440881505554,1
843,1,1.48098803821431e-15,0.00105443013438405,0.00105443013438405,89.9999999999195,630.477776341315,630.747440881507,0.269664540192139,0.747440881507487,1
844,1,1.60004090360981e-15,0.00105443013438397,0.00105443013438397,89.9999999999131,630.477776341315,630.747440881507,0.269664540192139,0.747440881507487,1
845,1,1.71396625816819e-15,0.00105443013438387,0.00105443013438387,89.9999999999069,630.477776341315,630.747440881509,0.269664540193958,0.747440881509306,1
846,1,1.82239901529146e-15,0.00105443013438377,0.00105443013438377,89.999999999901,630.477776341314,630.747440881509,0.269664540195777,0.747440881509306,1
847,1,1.92499169002722e-15,0.00105443013438367,0.00105443013438367,89.9999999998954,630.477776341314,630.74744088151,0.269664540196686,0.747440881510215,1
848,1,2.02141551262317e-15,0.00105443013438356,0.00105443013438356,89.9999999998902,630.477776341314,630.747440881512,0.269664540198619,0.747440881512148,1
849,1,2.11136148210679e-15,0.00105443013438344,0.00105443013438344,89.9999999998853,630.477776341314,630.747440881512,0.269664540198619,0.747440881512148,1
850,1,2.1945413565136e-15,0.00105443013438332,0.00105443013438332,89.9999999998808,630.477776341314,630.747440881514,0.269664540200438,0.747440881513967,1
851,1,2.27068857659097e-15,0.00105443013438319,0.00105443013438319,89.9999999998766,630.477776341312,630.747440881514,0.269664540202371,0.747440881513967,1
852,1,2.33955912001716e-15,0.00105443013438306,0.00105443013438306,89.9999999998729,630.477776341312,630.747440881515,0.26966454020328,0.747440881514876,1
853,1,2.4009322833983e-15,0.00105443013438293,0.00105443013438293,89.9999999998695,630.477776341312,630.747440881515,0.26966454020328,0.747440881514876,1
854,1,2.45461138953718e-15,0.00105443013438279,0.00105443013438279,89.9999999998666,630.477776341312,630.747440881517,0.269664540205213,0.747440881516809,1
855,1,2.50042441770742e-15,0.00105443013438265,0.00105443013438265,89.9999999998641,630.477776341314,630.747440881517,0.26966454020328,0.747440881516809,1
856,1,2.53822455491326e-15,0.0010544301343825,0.0010544301343825,89.9999999998621,630.477776341314,630.747440881519,0.269664540205099,0.747440881518628,1
857,1,2.56789066636824e-15,0.00105443013438236,0.00105443013438236,89.9999999998605,630.477776341314,630.747440881519,0.269664540205099,0.747440881518628,1
858,1,2.58932768368527e-15,0.00105443013438221,0.00105443013438221,89.9999999998593,630.477776341314,630.74744088152,0.269664540206008,0.747440881519537,1
859,1,2.60246690953396e-15,0.00105443013438207,0.00105443013438207,89.9999999998586,630.477776341314,630.74744088152,0.269664540206008,0.747440881519537,1
860,1,2.6072662377889e-15,0.00105443013438192,0.00105443013438192,89.9999999998583,630.477776341314,630.74744088152,0.269664540206008,0.747440881519537,1
861,1,2.60371028846351e-15,0.00105443013438177,0.00105443013438177,89.9999999998585,630.477776341315,630.747440881521,0.269664540206122,0.74744088152147,1
862,1,2.59181045699691e-15,0.00105443013438163,0.00105443013438163,89.9999999998592,630.477776341315,630.747440881521,0.269664540206122,0.74744088152147,1
863,1,2.57160487773595e-15,0.00105443013438148,0.00105443013438148,89.9999999998603,630.477776341315,630.747440881521,0.269664540206122,0.74744088152147,1
864,1,2.54315830172943e-15,0.00105443013438133,0.00105443013438133,89.9999999998618,630.477776341316,630.747440881521,0.269664540205213,0.74744088152147,1
865,1,2.50656188922608e-15,0.00105443013438119,0.00105443013438119,89.9999999998638,630.477776341316,630.747440881521,0.269664540205213,0.74744088152147,1
866,1,2.46193291754131e-15,0.00105443013438105,0.00105443013438105,89.9999999998662,630.477776341318,630.747440881521,0.26966454020328,0.74744088152147,1
867,1,2.40941440522886e-15,0.00105443013438091,0.00105443013438091,89.9999999998691,630.477776341318,630.747440881521,0.26966454020328,0.74744088152147,1
868,1,2.3491746537618e-15,0.00105443013438078,0.00105443013438078,89.9999999998724,630.47777634132,630.747440881521,0.269664540201461,0.74744088152147,1
869,1,2.2814067081915e-15,0.00105443013438065,0.00105443013438065,89.999999999876,630.47777634132,630.747440881521,0.269664540201461,0.74744088152147,1
870,1,2.20632773851315e-15,0.00105443013438052,0.00105443013438052,89.9999999998801,630.477776341321,630.747440881521,0.269664540200552,0.74744088152147,1
871,1,2.12417834372007e-15,0.0010544301343804,0.0010544301343804,89.9999999998846,630.477776341321,630.747440881521,0.269664540200552,0.74744088152147,1
872,1,2.0352217807772e-15,0.00105443013438028,0.00105443013438028,89.9999999998894,630.477776341323,630.747440881521,0.269664540198619,0.74744088152147,1
873,1,1.93974312098457e-15,0.00105443013438017,0.00105443013438017,89.9999999998946,630.477776341323,630.747440881521,0.269664540198619,0.74744088152147,1
874,1,1.83804833643435e-15,0.00105443013438006,0.00105443013438006,89.9999999999001,630.477776341325,630.747440881521,0.2696645401968,0.74744088152147,1
875,1,1.73046331948884e-15,0.00105443013437996,0.00105443013437996,89.999999999906,630.477776341326,630.747440881521,0.26966454019589,0.74744088152147,1
876,1,1.61733283842182e-15,0.00105443013437986,0.00105443013437986,89.9999999999121,630.477776341326,630.74744088152,0.269664540193958,0.747440881519537,1
877,1,1.49901943256984e-15,0.00105443013437978,0.00105443013437978,89.9999999999186,630.477776341328,630.74744088152,0.269664540192025,0.747440881519537,1
878,1,1.37590225053424e-15,0.00105443013437969,0.00105443013437969,89.9999999999253,630.477776341329,630.74744088152,0.269664540190206,0.747440881519537,1
879,1,1.24837583515683e-15,0.00105443013437962,0.00105443013437962,89.9999999999322,630.477776341329,630.747440881519,0.269664540189297,0.747440881518628,1
880,1,1.11684885916305e-15,0.00105443013437955,0.00105443013437955,89.9999999999393,630.47777634133,630.747440881519,0.269664540188387,0.747440881518628,1
881,1,9.81742815524262e-16,0.00105443013437949,0.00105443013437949,89.9999999999467,630.477776341332,630.747440881517,0.269664540184635,0.747440881516809,1
882,1,8.43490666736212e-16,0.00105443013437944,0.00105443013437944,89.9999999999542,630.477776341332,630.747440881517,0.269664540184635,0.747440881516809,1
883,1,7.02535457342054e-16,0.0010544301343794,0.0010544301343794,89.9999999999618,630.477776341334,630.747440881517,0.269664540182816,0.747440881516809,1
884,1,5.59328894146357e-16,0.00105443013437936,0.00105443013437936,89.9999999999696,630.477776341335,630.747440881515,0.269664540179974,0.747440881514876,1
885,1,4.14329898669827e-16,0.00105443013437933,0.00105443013437933,89.9999999999775,630.477776341335,630.747440881514,0.269664540179065,0.747440881513967,1
886,1,2.68003136483844e-16,0.00105443013437932,0.00105443013437932,89.9999999999854,630.477776341337,630.747440881514,0.269664540177132,0.747440881513967,1
887,1,1.20817528137362e-16,0.0010544301343793,0.0010544301343793,89.9999999999934,630.477776341339,630.747440881512,0.269664540173494,0.747440881512148,1
888,1,-2.67552535516527e-17,0.0010544301343793,0.0010544301343793,90.0000000000015,630.477776341339,630.747440881512,0.269664540173494,0.747440881512148,1
889,1,-1.7424229502476e-16,0.00105443013437931,0.00105443013437931,90.0000000000095,630.477776341337,630.747440881514,0.269664540177132,0.747440881513967,1
890,1,-3.21170957487674e-16,0.00105443013437932,0.00105443013437932,90.0000000000175,630.477776341337,630.747440881514,0.269664540177132,0.747440881513967,1
891,1,-4.67070391534381e-16,0.00105443013437934,0.00105443013437934,90.0000000000254,630.477776341335,630.747440881515,0.269664540179974,0.747440881514876,1
892,1,-6.11473046036939e-16,0.00105443013437937,0.00105443013437937,90.0000000000332,630.477776341334,630.747440881515,0.269664540180884,0.747440881514876,1
893,1,-7.53916166465671e-16,0.00105443013437941,0.00105443013437941,90.000000000041,630.477776341334,630.747440881517,0.269664540182816,0.747440881516809,1
894,1,-8.93943277837936e-16,0.00105443013437946,0.00105443013437946,90.0000000000486,630.477776341332,630.747440881517,0.269664540184635,0.747440881516809,1
895,1,-1.03110564754356e-15,0.00105443013437951,0.00105443013437951,90.000000000056,630.47777634133,630.747440881519,0.269664540188387,0.747440881518628,1
896,1,-1.16496372335891e-15,0.00105443013437958,0.00105443013437958,90.0000000000633,630.47777634133,630.747440881519,0.269664540188387,0.747440881518628,1
897,1,-1.29508854204131e-15,0.00105443013437965,0.00105443013437965,90.0000000000704,630.477776341329,630.747440881519,0.269664540189297,0.747440881518628,1
898,1,-1.42106310399005e-15,0.00105443013437972,0.00105443013437972,90.0000000000772,630.477776341328,630.74744088152,0.269664540192025,0.747440881519537,1
899,1,-1.54248370956835e-15,0.00105443013437981,0.00105443013437981,90.0000000000838,630.477776341328,630.74744088152,0.269664540192025,0.747440881519537,1
900,1,-1.65896125280424e-15,0.0010544301343799,0.0010544301343799,90.0000000000902,630.477776341326,630.74744088152,0.269664540193958,0.747440881519537,1
901,1,-1.77012246832445e-15,0.00105443013437999,0.00105443013437999,90.0000000000962,630.477776341325,630.747440881521,0.2696645401968,0.74744088152147,1
902,1,-1.87561112752505e-15,0.0010544301343801,0.0010544301343801,90.0000000001019,630.477776341325,630.747440881521,0.2696645401968,0.74744088152147,1
903,1,-1.97508918014621e-15,0.00105443013438021,0.00105443013438021,90.0000000001073,630.477776341323,630.747440881521,0.269664540198619,0.74744088152147,1
904,1,-2.06823783759213e-15,0.00105443013438032,0.00105443013438032,90.0000000001124,630.477776341323,630.747440881521,0.269664540198619,0.74744088152147,1
905,1,-2.15475859452494e-15,0.00105443013438044,0.00105443013438044,90.0000000001171,630.477776341321,630.747440881521,0.269664540200552,0.74744088152147,1
906,1,-2.23437418545862e-15,0.00105443013438057,0.00105443013438057,90.0000000001214,630.477776341321,630.747440881521,0.269664540200552,0.74744088152147,1
907,1,-2.30682947328737e-15,0.00105443013438069,0.00105443013438069,90.0000000001254,630.47777634132,630.747440881521,0.269664540201461,0.74744088152147,1
908,1,-2.37189226690111e-15,0.00105443013438083,0.00105443013438083,90.0000000001289,630.477776341318,630.747440881521,0.26966454020328,0.74744088152147,1
909,1,-2.42935406526805e-15,0.00105443013438096,0.00105443013438096,90.000000000132,630.477776341318,630.747440881521,0.26966454020328,0.74744088152147,1
910,1,-2.47903072559959e-15,0.0010544301343811,0.0010544301343811,90.0000000001347,630.477776341318,630.747440881521,0.26966454020328,0.74744088152147,1
911,1,-2.52076305345662e-15,0.00105443013438124,0.00105443013438124,90.000000000137,630.477776341316,630.747440881521,0.269664540205213,0.74744088152147,1
912,1,-2.55441731290598e-15,0.00105443013438139,0.00105443013438139,90.0000000001388,630.477776341316,630.747440881521,0.269664540205213,0.74744088152147,1
913,1,-2.57988565509227e-15,0.00105443013438153,0.00105443013438153,90.0000000001402,630.477776341315,630.747440881521,0.269664540206122,0.74744088152147,1
914,1,-2.59708646385163e-15,0.00105443013438168,0.00105443013438168,90.0000000001411,630.477776341315,630.747440881521,0.269664540206122,0.74744088152147,1
915,1,-2.60596461725992e-15,0.00105443013438183,0.00105443013438183,90.0000000001416,630.477776341315,630.74744088152,0.26966454020419,0.747440881519537,1
916,1,-2.60649166427709e-15,0.00105443013438197,0.00105443013438197,90.0000000001416,630.477776341314,630.74744088152,0.269664540206008,0.747440881519537,1
917,1,-2.59866591592178e-15,0.00105443013438212,0.00105443013438212,90.0000000001412,630.477776341314,630.74744088152,0.269664540206008,0.747440881519537,1
918,1,-2.58251245068378e-15,0.00105443013438227,0.00105443013438227,90.0000000001403,630.477776341314,630.747440881519,0.269664540205099,0.747440881518628,1
919,1,-2.55808303415727e-15,0.00105443013438241,0.00105443013438241,90.000000000139,630.477776341314,630.747440881519,0.269664540205099,0.747440881518628,1
920,1,-2.5254559531521e-15,0.00105443013438256,0.00105443013438256,90.0000000001372,630.477776341314,630.747440881519,0.269664540205099,0.747440881518628,1
921,1,-2.48473576481495e-15,0.0010544301343827,0.0010544301343827,90.000000000135,630.477776341314,630.747440881517,0.26966454020328,0.747440881516809,1
922,1,-2.43605296156417e-15,0.00105443013438284,0.00105443013438284,90.0000000001324,630.477776341312,630.747440881517,0.269664540205213,0.747440881516809,1
923,1,-2.37956355291221e-15,0.00105443013438297,0.00105443013438297,90.0000000001293,630.477776341312,630.747440881515,0.26966454020328,0.747440881514876,1
924,1,-2.31544856551555e-15,0.00105443013438311,0.00105443013438311,90.0000000001258,630.477776341312,630.747440881515,0.26966454020328,0.747440881514876,1
925,1,-2.24391346305453e-15,0.00105443013438324,0.00105443013438324,90.0000000001219,630.477776341314,630.747440881514,0.269664540200438,0.747440881513967,1
926,1,-2.16518748780178e-15,0.00105443013438336,0.00105443013438336,90.0000000001177,630.477776341314,630.747440881514,0.269664540200438,0.747440881513967,1
927,1,-2.07952292598973e-15,0.00105443013438348,0.00105443013438348,90.000000000113,630.477776341314,630.747440881512,0.269664540198619,0.747440881512148,1
928,1,-1.98719429933095e-15,0.0010544301343836,0.0010544301343836,90.000000000108,630.477776341314,630.74744088151,0.269664540196686,0.747440881510215,1
929,1,-1.88849748528252e-15,0.00105443013438371,0.00105443013438371,90.0000000001026,630.477776341314,630.74744088151,0.269664540196686,0.747440881510215,1
930,1,-1.78374876887344e-15,0.00105443013438381,0.00105443013438381,90.0000000000969,630.477776341314,630.747440881509,0.269664540195777,0.747440881509306,1
931,1,-1.67328382913378e-15,0.00105443013438391,0.00105443013438391,90.0000000000909,630.477776341315,630.747440881509,0.269664540193958,0.747440881509306,1
932,1,-1.55745666337344e-15,0.001054430134384,0.001054430134384,90.0000000000846,630.477776341315,630.747440881507,0.269664540192139,0.747440881507487,1
933,1,-1.43663845275807e-15,0.00105443013438408,0.00105443013438408,90.0000000000781,630.477776341315,630.747440881506,0.269664540190206,0.747440881505554,1
934,1,-1.31121637281727e-15,0.00105443013438416,0.00105443013438416,90.0000000000713,630.477776341316,630.747440881506,0.269664540189297,0.747440881505554,1
935,1,-1.18159235269715e-15,0.00105443013438423,0.00105443013438423,90.0000000000642,630.477776341316,630.747440881505,0.269664540188387,0.747440881504644,1
936,1,-1.04818178713318e-15,0.0010544301343843,0.0010544301343843,90.000000000057,630.477776341316,630.747440881503,0.269664540186568,0.747440881502826,1
937,1,-9.11412205271135e-16,0.00105443013438435,0.00105443013438435,90.0000000000495,630.477776341318,630.747440881503,0.269664540184635,0.747440881502826,1
938,1,-7.71721900601896e-16,0.0010544301343844,0.0010544301343844,90.000000000042,630.477776341318,630.747440881501,0.269664540182816,0.747440881501007,1
939,1,-6.2955852640071e-16,0.00105443013438444,0.00105443013438444,90.0000000000342,630.47777634132,630.7474408815,0.269664540179974,0.747440881499983,1
940,1,-4.85377661171986e-16,0.00105443013438447,0.00105443013438447,90.0000000000264,630.47777634132,630.7474408815,0.269664540179974,0.747440881499983,1
941,1,-3.3964134869681e-16,0.00105443013438449,0.00105443013438449,90.0000000000185,630.477776341321,630.747440881498,0.269664540177246,0.747440881498164,1
942,1,-1.92816617361665e-16,0.00105443013438451,0.00105443013438451,90.0000000000105,630.477776341323,630.747440881496,0.269664540173494,0.747440881496345,1
943,1,-4.53739835136091e-17,0.00105443013438452,0.00105443013438452,90.0000000000025,630.477776341323,630.747440881496,0.269664540173494,0.747440881496345,1
944,1,1.02214056362296e-16,0.00105443013438451,0.00105443013438451,89.9999999999945,630.477776341323,630.747440881496,0.269664540173494,0.747440881496345,1
945,1,2.49474539811035e-16,0.0010544301343845,0.0010544301343845,89.9999999999865,630.477776341321,630.747440881498,0.269664540177246,0.747440881498164,1
946,1,3.95935554068966e-16,0.00105443013438449,0.00105443013438449,89.9999999999785,630.477776341321,630.747440881498,0.269664540177246,0.747440881498164,1
947,1,5.41127748361287e-16,0.00105443013438446,0.00105443013438446,89.9999999999706,630.47777634132,630.7474408815,0.269664540179974,0.747440881499983,1
948,1,6.84585837989323e-16,0.00105443013438442,0.00105443013438442,89.9999999999628,630.47777634132,630.747440881501,0.269664540180997,0.747440881501007,1
949,1,8.25850095387606e-16,0.00105443013438438,0.00105443013438438,89.9999999999551,630.477776341318,630.747440881501,0.269664540182816,0.747440881501007,1
950,1,9.6446782337257e-16,0.00105443013438433,0.00105443013438433,89.9999999999476,630.477776341318,630.747440881503,0.269664540184635,0.747440881502826,1
951,1,1.09999480586143e-15,0.00105443013438427,0.00105443013438427,89.9999999999402,630.477776341316,630.747440881505,0.269664540188387,0.747440881504644,1
952,1,1.23199673141262e-15,0.00105443013438421,0.00105443013438421,89.9999999999331,630.477776341316,630.747440881505,0.269664540188387,0.747440881504644,1
953,1,1.36005058502553e-15,0.00105443013438413,0.00105443013438413,89.9999999999261,630.477776341315,630.747440881506,0.269664540190206,0.747440881505554,1
954,1,1.48374600373967e-15,0.00105443013438405,0.00105443013438405,89.9999999999194,630.477776341315,630.747440881507,0.269664540192139,0.747440881507487,1
955,1,1.60268659168882e-15,0.00105443013438397,0.00105443013438397,89.9999999999129,630.477776341315,630.747440881507,0.269664540192139,0.747440881507487,1
956,1,1.71649119039615e-15,0.00105443013438387,0.00105443013438387,89.9999999999067,630.477776341315,630.747440881509,0.269664540193958,0.747440881509306,1
957,1,1.82479510023937e-15,0.00105443013438377,0.00105443013438377,89.9999999999008,630.477776341314,630.747440881509,0.269664540195777,0.747440881509306,1
958,1,1.92725124917167e-15,0.00105443013438366,0.00105443013438366,89.9999999998953,630.477776341314,630.74744088151,0.269664540196686,0.747440881510215,1
959,1,2.02353130495303e-15,0.00105443013438355,0.00105443013438355,89.9999999998901,630.477776341314,630.747440881512,0.269664540198619,0.747440881512148,1
960,1,2.11332672732783e-15,0.00105443013438344,0.00105443013438344,89.9999999998852,630.477776341314,630.747440881512,0.269664540198619,0.747440881512148,1
961,1,2.19634975677672e-15,0.00105443013438331,0.00105443013438331,89.9999999998807,630.477776341314,630.747440881514,0.269664540200438,0.747440881513967,1
962,1,2.27233433667436e-15,0.00105443013438319,0.00105443013438319,89.9999999998765,630.477776341312,630.747440881514,0.269664540202371,0.747440881513967,1
963,1,2.34103696589773e-15,0.00105443013438306,0.00105443013438306,89.9999999998728,630.477776341312,630.747440881515,0.26966454020328,0.747440881514876,1
964,1,2.4022374791529e-15,0.00105443013438292,0.00105443013438292,89.9999999998695,630.477776341312,630.747440881515,0.26966454020328,0.747440881514876,1
965,1,2.45573975251936e-15,0.00105443013438278,0.00105443013438278,89.9999999998666,630.477776341312,630.747440881517,0.269664540205213,0.747440881516809,1
966,1,2.50137233195126e-15,0.00105443013438264,0.00105443013438264,89.9999999998641,630.477776341314,630.747440881517,0.26966454020328,0.747440881516809,1
967,1,2.53898898272105e-15,0.0010544301343825,0.0010544301343825,89.999999999862,630.477776341314,630.747440881519,0.269664540205099,0.747440881518628,1
968,1,2.56846915804519e-15,0.00105443013438236,0.00105443013438236,89.9999999998604,630.477776341314,630.747440881519,0.269664540205099,0.747440881518628,1
969,1,2.58971838538982e-15,0.00105443013438221,0.00105443013438221,89.9999999998593,630.477776341314,630.74744088152,0.269664540206008,0.747440881519537,1
970,1,2.60266856921859e-15,0.00105443013438206,0.00105443013438206,89.9999999998586,630.477776341314,630.74744088152,0.269664540206008,0.747440881519537,1
971,1,2.60727820921251e-15,0.00105443013438192,0.00105443013438192,89.9999999998583,630.477776341314,630.74744088152,0.269664540206008,0.747440881519537,1
972,1,2.60353253326232e-15,0.00105443013438177,0.00105443013438177,89.9999999998585,630.477776341315,630.747440881521,0.269664540206122,0.74744088152147,1
973,1,2.59144354480742e-15,0.00105443013438162,0.00105443013438162,89.9999999998592,630.477776341315,630.747440881521,0.269664540206122,0.74744088152147,1
974,1,2.57104998436951e-15,0.00105443013438148,0.00105443013438148,89.9999999998603,630.477776341315,630.747440881521,0.269664540206122,0.74744088152147,1
975,1,2.54241720540417e-15,0.00105443013438133,0.00105443013438133,89.9999999998618,630.477776341316,630.747440881521,0.269664540205213,0.74744088152147,1
976,1,2.50563696486843e-15,0.00105443013438119,0.00105443013438119,89.9999999998638,630.477776341316,630.747440881521,0.269664540205213,0.74744088152147,1
977,1,2.46082712917529e-15,0.00105443013438105,0.00105443013438105,89.9999999998663,630.477776341318,630.747440881521,0.26966454020328,0.74744088152147,1
978,1,2.40813129647753e-15,0.00105443013438091,0.00105443013438091,89.9999999998691,630.477776341318,630.747440881521,0.26966454020328,0.74744088152147,1
979,1,2.34771833649128e-15,0.00105443013438077,0.00105443013438077,89.9999999998724,630.47777634132,630.747440881521,0.269664540201461,0.74744088152147,1
980,1,2.27978184933413e-15,0.00105443013438064,0.00105443013438064,89.9999999998761,630.47777634132,630.747440881521,0.269664540201461,0.74744088152147,1
981,1,2.20453954511169e-15,0.00105443013438052,0.00105443013438052,89.9999999998802,630.477776341321,630.747440881521,0.269664540200552,0.74744088152147,1
982,1,2.12223254624116e-15,0.00105443013438039,0.00105443013438039,89.9999999998847,630.477776341321,630.747440881521,0.269664540200552,0.74744088152147,1
983,1,2.03312461474746e-15,0.00105443013438028,0.00105443013438028,89.9999999998895,630.477776341323,630.747440881521,0.269664540198619,0.74744088152147,1
984,1,1.93750130700817e-15,0.00105443013438016,0.00105443013438016,89.9999999998947,630.477776341323,630.747440881521,0.269664540198619,0.74744088152147,1
985,1,1.83566905865604e-15,0.00105443013438006,0.00105443013438006,89.9999999999003,630.477776341325,630.747440881521,0.2696645401968,0.74744088152147,1
986,1,1.72795420257156e-15,0.00105443013437996,0.00105443013437996,89.9999999999061,630.477776341326,630.747440881521,0.26966454019589,0.74744088152147,1
987,1,1.61470192311262e-15,0.00105443013437986,0.00105443013437986,89.9999999999123,630.477776341326,630.74744088152,0.269664540193958,0.747440881519537,1
988,1,1.49627514993241e-15,0.00105443013437977,0.00105443013437977,89.9999999999187,630.477776341328,630.74744088152,0.269664540192025,0.747440881519537,1
989,1,1.37305339493063e-15,0.00105443013437969,0.00105443013437969,89.9999999999254,630.477776341329,630.74744088152,0.269664540190206,0.747440881519537,1
990,1,1.24543153606487e-15,0.00105443013437962,0.00105443013437962,89.9999999999323,630.477776341329,630.747440881519,0.269664540189297,0.747440881518628,1
991,1,1.11381855191996e-15,0.00105443013437955,0.00105443013437955,89.9999999999395,630.47777634133,630.747440881519,0.269664540188387,0.747440881518628,1
992,1,9.78636211090059e-16,0.00105443013437949,0.00105443013437949,89.9999999999468,630.477776341332,630.747440881517,0.269664540184635,0.747440881516809,1
993,1,8.40317720573824e-16,0.00105443013437944,0.00105443013437944,89.9999999999543,630.477776341332,630.747440881517,0.269664540184635,0.747440881516809,1
994,1,6.99306337513933e-16,0.0010544301343794,0.0010544301343794,89.999999999962,630.477776341334,630.747440881517,0.269664540182816,0.747440881516809,1
995,1,5.56053948729759e-16,0.00105443013437936,0.00105443013437936,89.9999999999698,630.477776341335,630.747440881515,0.269664540179974,0.747440881514876,1
996,1,4.11019622595291e-16,0.00105443013437933,0.00105443013437933,89.9999999999777,630.477776341335,630.747440881514,0.269664540179065,0.747440881513967,1
997,1,2.64668137902972e-16,0.00105443013437932,0.00105443013437932,89.9999999999856,630.477776341337,630.747440881514,0.269664540177132,0.747440881513967,1
998,1,1.17468494427769e-16,0.0010544301343793,0.0010544301343793,89.9999999999936,630.477776341339,630.747440881512,0.269664540173494,0.747440881512148,1
999,1,-3.0107590035186e-17,0.0010544301343793,0.0010544301343793,90.0000000000016,630.477776341339,630.747440881512,0.269664540173494,0.747440881512148,1
1000,1,-1.77587191343344e-16,0.00105443013437931,0.00105443013437931,90.0000000000096,630.477776341337,630.747440881514,0.269664540177132,0.747440881513967,1
1001,1,-3.24497694545263e-16,0.00105443013437932,0.00105443013437932,90.0000000000176,630.477776341337,630.747440881514,0.269664540177132,0.747440881513967,1
1002,1,-4.70368308428322e-16,0.00105443013437934,0.00105443013437934,90.0000000000256,630.477776341335,630.747440881515,0.269664540179974,0.747440881514876,1
1003,1,-6.14731574222048e-16,0.00105443013437938,0.00105443013437938,90.0000000000334,630.477776341334,630.747440881515,0.269664540180884,0.747440881514876,1
1004,1,-7.57124863622273e-16,0.00105443013437941,0.00105443013437941,90.0000000000411,630.477776341334,630.747440881517,0.269664540182816,0.747440881516809,1
1005,1,-8.97091861335482e-16,0.00105443013437946,0.00105443013437946,90.0000000000488,630.477776341332,630.747440881517,0.269664540184635,0.747440881516809,1
1006,1,-1.03418402739252e-15,0.00105443013437952,0.00105443013437952,90.0000000000562,630.47777634133,630.747440881519,0.269664540188387,0.747440881518628,1
1007,1,-1.16796203454519e-15,0.00105443013437958,0.00105443013437958,90.0000000000635,630.47777634133,630.747440881519,0.269664540188387,0.747440881518628,1
1008,1,-1.29799717613988e-15,0.00105443013437965,0.00105443013437965,90.0000000000705,630.477776341329,630.747440881519,0.269664540189297,0.747440881518628,1
1009,1,-1.42387273995615e-15,0.00105443013437972,0.00105443013437972,90.0000000000774,630.477776341328,630.74744088152,0.269664540192025,0.747440881519537,1
1010,1,-1.54518534360787e-15,0.00105443013437981,0.00105443013437981,90.000000000084,630.477776341328,630.74744088152,0.269664540192025,0.747440881519537,1
1011,1,-1.6615462272274e-15,0.0010544301343799,0.0010544301343799,90.0000000000903,630.477776341326,630.74744088152,0.269664540193958,0.747440881519537,1
1012,1,-1.77258249929026e-15,0.00105443013438,0.00105443013438,90.0000000000963,630.477776341325,630.747440881521,0.2696645401968,0.74744088152147,1
1013,1,-1.87793833158791e-15,0.0010544301343801,0.0010544301343801,90.0000000001021,630.477776341325,630.747440881521,0.2696645401968,0.74744088152147,1
1014,1,-1.97727609951924e-15,0.00105443013438021,0.00105443013438021,90.0000000001074,630.477776341323,630.747440881521,0.269664540198619,0.74744088152147,1
1015,1,-2.07027746404651e-15,0.00105443013438032,0.00105443013438032,90.0000000001125,630.477776341323,630.747440881521,0.269664540198619,0.74744088152147,1
1016,1,-2.15664439184855e-15,0.00105443013438044,0.00105443013438044,90.0000000001172,630.477776341321,630.747440881521,0.269664540200552,0.74744088152147,1
1017,1,-2.23610011040207e-15,0.00105443013438057,0.00105443013438057,90.0000000001215,630.47777634132,630.747440881521,0.269664540201461,0.74744088152147,1
1018,1,-2.30838999493027e-15,0.0010544301343807,0.0010544301343807,90.0000000001254,630.47777634132,630.747440881521,0.269664540201461,0.74744088152147,1
1019,1,-2.37328238437655e-15,0.00105443013438083,0.00105443013438083,90.000000000129,630.477776341318,630.747440881521,0.26966454020328,0.74744088152147,1
1020,1,-2.43056932378839e-15,0.00105443013438097,0.00105443013438097,90.0000000001321,630.477776341318,630.747440881521,0.26966454020328,0.74744088152147,1
1021,1,-2.48006723073237e-15,0.0010544301343811,0.0010544301343811,90.0000000001348,630.477776341318,630.747440881521,0.26966454020328,0.74744088152147,1
1022,1,-2.52161748360469e-15,0.00105443013438125,0.00105443013438125,90.000000000137,630.477776341316,630.747440881521,0.269664540205213,0.74744088152147,1
1023,1,-2.55508692995194e-15,0.00105443013438139,0.00105443013438139,90.0000000001389,630.477776341316,630.747440881521,0.269664540205213,0.74744088152147,1
1024,1,-2.58036831317306e-15,0.00105443013438154,0.00105443013438154,90.0000000001402,630.477776341315,630.747440881521,0.269664540206122,0.74744088152147,1
1025,1,-2.59738061623521e-15,0.00105443013438168,0.00105443013438168,90.0000000001411,630.477776341315,630.747440881521,0.269664540206122,0.74744088152147,1
1026,1,-2.60606932130193e-15,0.00105443013438183,0.00105443013438183,90.0000000001416,630.477776341315,630.74744088152,0.26966454020419,0.747440881519537,1
1027,1,-2.60640658444167e-15,0.00105443013438198,0.00105443013438198,90.0000000001416,630.477776341314,630.74744088152,0.269664540206008,0.747440881519537,1
1028,1,-2.59839132485681e-15,0.00105443013438212,0.00105443013438212,90.0000000001412,630.477776341314,630.74744088152,0.269664540206008,0.747440881519537,1
1029,1,-2.58204922834718e-15,0.00105443013438227,0.00105443013438227,90.0000000001403,630.477776341314,630.747440881519,0.269664540205099,0.747440881518628,1
1030,1,-2.55743266499707e-15,0.00105443013438242,0.00105443013438242,90.000000000139,630.477776341314,630.747440881519,0.269664540205099,0.747440881518628,1
1031,1,-2.52462052134933e-15,0.00105443013438256,0.00105443013438256,90.0000000001372,630.477776341314,630.747440881519,0.269664540205099,0.747440881518628,1
1032,1,-2.48371794760468e-15,0.0010544301343827,0.0010544301343827,90.000000000135,630.477776341314,630.747440881517,0.26966454020328,0.747440881516809,1
1033,1,-2.43485602065601e-15,0.00105443013438284,0.00105443013438284,90.0000000001323,630.477776341312,630.747440881517,0.269664540205213,0.747440881516809,1
1034,1,-2.37819132403776e-15,0.00105443013438298,0.00105443013438298,90.0000000001292,630.477776341312,630.747440881515,0.26966454020328,0.747440881514876,1
1035,1,-2.31390544613642e-15,0.00105443013438311,0.00105443013438311,90.0000000001258,630.477776341312,630.747440881515,0.26966454020328,0.747440881514876,1
1036,1,-2.24220439827012e-15,0.00105443013438324,0.00105443013438324,90.0000000001218,630.477776341314,630.747440881514,0.269664540200438,0.747440881513967,1
1037,1,-2.16331795450222e-15,0.00105443013438336,0.00105443013438336,90.0000000001176,630.477776341314,630.747440881514,0.269664540200438,0.747440881513967,1
1038,1,-2.07749891530452e-15,0.00105443013438348,0.00105443013438348,90.0000000001129,630.477776341314,630.747440881512,0.269664540198619,0.747440881512148,1
1039,1,-1.98502229742971e-15,0.0010544301343836,0.0010544301343836,90.0000000001079,630.477776341314,630.74744088151,0.269664540196686,0.747440881510215,1
1040,1,-1.88618445258937e-15,0.00105443013438371,0.00105443013438371,90.0000000001025,630.477776341314,630.74744088151,0.269664540196686,0.747440881510215,1
1041,1,-1.78130211776151e-15,0.00105443013438381,0.00105443013438381,90.0000000000968,630.477776341314,630.747440881509,0.269664540195777,0.747440881509306,1
1042,1,-1.67071140017142e-15,0.00105443013438391,0.00105443013438391,90.0000000000908,630.477776341315,630.747440881509,0.269664540193958,0.747440881509306,1
1043,1,-1.55476670019828e-15,0.001054430134384,0.001054430134384,90.0000000000845,630.477776341315,630.747440881507,0.269664540192139,0.747440881507487,1
1044,1,-1.43383957565931e-15,0.00105443013438409,0.00105443013438409,90.0000000000779,630.477776341315,630.747440881506,0.269664540190206,0.747440881505554,1
1045,1,-1.30831755111103e-15,0.00105443013438416,0.00105443013438416,90.0000000000711,630.477776341316,630.747440881506,0.269664540189297,0.747440881505554,1
1046,1,-1.17860287598327e-15,0.00105443013438423,0.00105443013438423,90.0000000000641,630.477776341316,630.747440881505,0.269664540188387,0.747440881504644,1
1047,1,-1.04511123552564e-15,0.0010544301343843,0.0010544301343843,90.0000000000568,630.477776341316,630.747440881503,0.269664540186568,0.747440881502826,1
1048,1,-9.08270418697543e-16,0.00105443013438435,0.00105443013438435,90.0000000000494,630.477776341318,630.747440881503,0.269664540184635,0.747440881502826,1
1049,1,-7.68518947270294e-16,0.0010544301343844,0.0010544301343844,90.0000000000418,630.477776341318,630.747440881501,0.269664540182816,0.747440881501007,1
1050,1,-6.26304670534894e-16,0.00105443013438444,0.00105443013438444,90.000000000034,630.47777634132,630.7474408815,0.269664540179974,0.747440881499983,1
1051,1,-4.82083330118643e-16,0.00105443013438447,0.00105443013438447,90.0000000000262,630.47777634132,630.7474408815,0.269664540179974,0.747440881499983,1
1052,1,-3.36317099509893e-16,0.00105443013438449,0.00105443013438449,90.0000000000183,630.477776341321,630.747440881498,0.269664540177246,0.747440881498164,1
1053,1,-1.89473102971185e-16,0.00105443013438451,0.00105443013438451,90.0000000000103,630.477776341323,630.747440881496,0.269664540173494,0.747440881496345,1
1054,1,-4.2021918587087e-17,0.00105443013438452,0.00105443013438452,90.0000000000023,630.477776341323,630.747440881496,0.269664540173494,0.747440881496345,1
1055,1,1.05563929756224e-16,0.00105443013438451,0.00105443013438451,89.9999999999943,630.477776341323,630.747440881496,0.269664540173494,0.747440881496345,1
1056,1,2.52811486626726e-16,0.0010544301343845,0.0010544301343845,89.9999999999863,630.477776341321,630.747440881498,0.269664540177246,0.747440881498164,1
1057,1,3.9924888068545e-16,0.00105443013438449,0.00105443013438449,89.9999999999783,630.477776341321,630.747440881498,0.269664540177246,0.747440881498164,1
1058,1,5.44406836851175e-16,0.00105443013438446,0.00105443013438446,89.9999999999704,630.47777634132,630.7474408815,0.269664540179974,0.747440881499983,1
1059,1,6.87820180145152e-16,0.00105443013438442,0.00105443013438442,89.9999999999626,630.47777634132,630.747440881501,0.269664540180997,0.747440881501007,1
1060,1,8.29029326396581e-16,0.00105443013438438,0.00105443013438438,89.999999999955,630.477776341318,630.747440881501,0.269664540182816,0.747440881501007,1
1061,1,9.67581755031725e-16,0.00105443013438433,0.00105443013438433,89.9999999999474,630.477776341318,630.747440881503,0.269664540184635,0.747440881502826,1
1062,1,1.10303345922691e-15,0.00105443013438427,0.00105443013438427,89.9999999999401,630.477776341316,630.747440881505,0.269664540188387,0.747440881504644,1
1063,1,1.23495036877833e-15,0.00105443013438421,0.00105443013438421,89.9999999999329,630.477776341316,630.747440881505,0.269664540188387,0.747440881504644,1
1064,1,1.36290974112871e-15,0.00105443013438413,0.00105443013438413,89.9999999999259,630.477776341315,630.747440881506,0.269664540190206,0.747440881505554,1
1065,1,1.48650151609336e-15,0.00105443013438405,0.00105443013438405,89.9999999999192,630.477776341315,630.747440881507,0.269664540192139,0.747440881507487,1
1066,1,1.6053296299441e-15,0.00105443013438396,0.00105443013438396,89.9999999999128,630.477776341315,630.747440881507,0.269664540192139,0.747440881507487,1
1067,1,1.71901328464e-15,0.00105443013438387,0.00105443013438387,89.9999999999066,630.477776341315,630.747440881509,0.269664540193958,0.747440881509306,1
1068,1,1.82718816813744e-15,0.00105443013438377,0.00105443013438377,89.9999999999007,630.477776341314,630.747440881509,0.269664540195777,0.747440881509306,1
1069,1,1.92950762186901e-15,0.00105443013438366,0.00105443013438366,89.9999999998952,630.477776341314,630.74744088151,0.269664540196686,0.747440881510215,1
1070,1,2.02564375164983e-15,0.00105443013438355,0.00105443013438355,89.9999999998899,630.477776341314,630.747440881512,0.269664540198619,0.747440881512148,1
1071,1,2.11528847845133e-15,0.00105443013438343,0.00105443013438343,89.9999999998851,630.477776341314,630.747440881512,0.269664540198619,0.747440881512148,1
1072,1,2.19815452567504e-15,0.00105443013438331,0.00105443013438331,89.9999999998806,630.477776341314,630.747440881514,0.269664540200438,0.747440881513967,1
1073,1,2.2739763397628e-15,0.00105443013438318,0.00105443013438318,89.9999999998764,630.477776341312,630.747440881514,0.269664540202371,0.747440881513967,1
1074,1,2.34251094119294e-15,0.00105443013438305,0.00105443013438305,89.9999999998727,630.477776341312,630.747440881515,0.26966454020328,0.747440881514876,1
1075,1,2.40353870313543e-15,0.00105443013438292,0.00105443013438292,89.9999999998694,630.477776341312,630.747440881515,0.26966454020328,0.747440881514876,1
1076,1,2.45686405527078e-15,0.00105443013438278,0.00105443013438278,89.9999999998665,630.477776341312,630.747440881517,0.269664540205213,0.747440881516809,1
1077,1,2.50231611051707e-15,0.00105443013438264,0.00105443013438264,89.999999999864,630.477776341314,630.747440881517,0.26966454020328,0.747440881516809,1
1078,1,2.53974921265681e-15,0.0010544301343825,0.0010544301343825,89.999999999862,630.477776341314,630.747440881519,0.269664540205099,0.747440881518628,1
1079,1,2.56904340310867e-15,0.00105443013438235,0.00105443013438235,89.9999999998604,630.477776341314,630.747440881519,0.269664540205099,0.747440881518628,1
1080,1,2.59010480534819e-15,0.00105443013438221,0.00105443013438221,89.9999999998593,630.477776341314,630.74744088152,0.269664540206008,0.747440881519537,1
1081,1,2.60286592574568e-15,0.00105443013438206,0.00105443013438206,89.9999999998586,630.477776341314,630.74744088152,0.269664540206008,0.747440881519537,1
1082,1,2.60728586985716e-15,0.00105443013438191,0.00105443013438191,89.9999999998583,630.477776341314,630.74744088152,0.269664540206008,0.747440881519537,1
1083,1,2.60335047347513e-15,0.00105443013438177,0.00105443013438177,89.9999999998585,630.477776341315,630.747440881521,0.269664540206122,0.74744088152147,1
1084,1,2.59107234801944e-15,0.00105443013438162,0.00105443013438162,89.9999999998592,630.477776341315,630.747440881521,0.269664540206122,0.74744088152147,1
1085,1,2.57049084012254e-15,0.00105443013438147,0.00105443013438147,89.9999999998603,630.477776341315,630.747440881521,0.269664540206122,0.74744088152147,1
1086,1,2.54167190553877e-15,0.00105443013438133,0.00105443013438133,89.9999999998619,630.477776341316,630.747440881521,0.269664540205213,0.74744088152147,1
1087,1,2.50470789778176e-15,0.00105443013438118,0.00105443013438118,89.9999999998639,630.477776341316,630.747440881521,0.269664540205213,0.74744088152147,1
1088,1,2.45971727216721e-15,0.00105443013438104,0.00105443013438104,89.9999999998663,630.477776341318,630.747440881521,0.26966454020328,0.74744088152147,1
1089,1,2.4068442062095e-15,0.00105443013438091,0.00105443013438091,89.9999999998692,630.477776341318,630.747440881521,0.26966454020328,0.74744088152147,1
1090,1,2.34625813758868e-15,0.00105443013438077,0.00105443013438077,89.9999999998725,630.47777634132,630.747440881521,0.269664540201461,0.74744088152147,1
1091,1,2.27815322116837e-15,0.00105443013438064,0.00105443013438064,89.9999999998762,630.47777634132,630.747440881521,0.269664540201461,0.74744088152147,1
1092,1,2.20274770680471e-15,0.00105443013438051,0.00105443013438051,89.9999999998803,630.477776341321,630.747440881521,0.269664540200552,0.74744088152147,1
1093,1,2.12028323994013e-15,0.00105443013438039,0.00105443013438039,89.9999999998848,630.477776341321,630.747440881521,0.269664540200552,0.74744088152147,1
1094,1,2.03102408722344e-15,0.00105443013438027,0.00105443013438027,89.9999999998897,630.477776341323,630.747440881521,0.269664540198619,0.74744088152147,1
1095,1,1.93525628963759e-15,0.00105443013438016,0.00105443013438016,89.9999999998949,630.477776341323,630.747440881521,0.269664540198619,0.74744088152147,1
1096,1,1.83328674584928e-15,0.00105443013438005,0.00105443013438005,89.9999999999004,630.477776341325,630.747440881521,0.2696645401968,0.74744088152147,1
1097,1,1.72544222871766e-15,0.00105443013437995,0.00105443013437995,89.9999999999063,630.477776341326,630.747440881521,0.26966454019589,0.74744088152147,1
1098,1,1.612068338114e-15,0.00105443013437986,0.00105443013437986,89.9999999999124,630.477776341326,630.74744088152,0.269664540193958,0.747440881519537,1
1099,1,1.49352839340809e-15,0.00105443013437977,0.00105443013437977,89.9999999999188,630.477776341328,630.74744088152,0.269664540192025,0.747440881519537,1
1100,1,1.37020226917046e-15,0.00105443013437969,0.00105443013437969,89.9999999999255,630.477776341329,630.74744088152,0.269664540190206,0.747440881519537,1
1101,1,1.24248517782169e-15,0.00105443013437962,0.00105443013437962,89.9999999999325,630.477776341329,630.747440881519,0.269664540189297,0.747440881518628,1
1102,1,1.1107864031298e-15,0.00105443013437955,0.00105443013437955,89.9999999999396,630.47777634133,630.747440881519,0.269664540188387,0.747440881518628,1
1103,1,9.75527988614342e-16,0.00105443013437949,0.00105443013437949,89.999999999947,630.477776341332,630.747440881517,0.269664540184635,0.747440881516809,1
1104,1,8.37143385060682e-16,0.00105443013437944,0.00105443013437944,89.9999999999545,630.477776341332,630.747440881517,0.269664540184635,0.747440881516809,1
1105,1,6.9607606147815e-16,0.0010544301343794,0.0010544301343794,89.9999999999622,630.477776341334,630.747440881517,0.269664540182816,0.747440881516809,1
1106,1,5.52778083953806e-16,0.00105443013437936,0.00105443013437936,89.99999999997,630.477776341335,630.747440881515,0.269664540179974,0.747440881514876,1
1107,1,4.07708666955879e-16,0.00105443013437933,0.00105443013437933,89.9999999999778,630.477776341335,630.747440881514,0.269664540179065,0.747440881513967,1
1108,1,2.6133270172941e-16,0.00105443013437931,0.00105443013437931,89.9999999999858,630.477776341337,630.747440881514,0.269664540177132,0.747440881513967,1
1109,1,1.14119266500022e-16,0.0010544301343793,0.0010544301343793,89.9999999999938,630.477776341339,630.747440881512,0.269664540173494,0.747440881512148,1
1110,1,-3.34598767399251e-17,0.0010544301343793,0.0010544301343793,90.0000000000018,630.477776341339,630.747440881512,0.269664540173494,0.747440881512148,1
1111,1,-1.80931794045725e-16,0.00105443013437931,0.00105443013437931,90.0000000000098,630.477776341337,630.747440881514,0.269664540177132,0.747440881513967,1
1112,1,-3.27823895090168e-16,0.00105443013437932,0.00105443013437932,90.0000000000178,630.477776341337,630.747440881514,0.269664540177132,0.747440881513967,1
1113,1,-4.73665447632411e-16,0.00105443013437934,0.00105443013437934,90.0000000000258,630.477776341335,630.747440881515,0.269664540179974,0.747440881514876,1
1114,1,-6.17989086032315e-16,0.00105443013437938,0.00105443013437938,90.0000000000336,630.477776341334,630.747440881515,0.269664540180884,0.747440881514876,1
1115,1,-7.60332308976146e-16,0.00105443013437942,0.00105443013437942,90.0000000000413,630.477776341334,630.747440881517,0.269664540182816,0.747440881516809,1
1116,1,-9.00238961613993e-16,0.00105443013437946,0.00105443013437946,90.0000000000489,630.477776341332,630.747440881517,0.269664540184635,0.747440881516809,1
1117,1,-1.03726069735924e-15,0.00105443013437952,0.00105443013437952,90.0000000000564,630.47777634133,630.747440881519,0.269664540188387,0.747440881518628,1
1118,1,-1.17095841466553e-15,0.00105443013437958,0.00105443013437958,90.0000000000636,630.47777634133,630.747440881519,0.269664540188387,0.747440881518628,1
1119,1,-1.30090366417713e-15,0.00105443013437965,0.00105443013437965,90.0000000000707,630.477776341329,630.747440881519,0.269664540189297,0.747440881518628,1
1120,1,-1.42668002174285e-15,0.00105443013437973,0.00105443013437973,90.0000000000775,630.477776341328,630.74744088152,0.269664540192025,0.747440881519537,1
1121,1,-1.54788442289414e-15,0.00105443013437981,0.00105443013437981,90.0000000000841,630.477776341328,630.74744088152,0.269664540192025,0.747440881519537,1
1122,1,-1.66412845451044e-15,0.0010544301343799,0.0010544301343799,90.0000000000904,630.477776341326,630.74744088152,0.269664540193958,0.747440881519537,1
1123,1,-1.77503959953263e-15,0.00105443013438,0.00105443013438,90.0000000000965,630.477776341325,630.747440881521,0.2696645401968,0.74744088152147,1
1124,1,-1.88026243073585e-15,0.0010544301343801,0.0010544301343801,90.0000000001022,630.477776341325,630.747440881521,0.2696645401968,0.74744088152147,1
1125,1,-1.9794597497359e-15,0.00105443013438021,0.00105443013438021,90.0000000001076,630.477776341323,630.747440881521,0.269664540198619,0.74744088152147,1
1126,1,-2.07231366757943e-15,0.00105443013438033,0.00105443013438033,90.0000000001126,630.477776341323,630.747440881521,0.269664540198619,0.74744088152147,1
1127,1,-2.15852662345477e-15,0.00105443013438045,0.00105443013438045,90.0000000001173,630.477776341321,630.747440881521,0.269664540200552,0.74744088152147,1
1128,1,-2.23782233825894e-15,0.00105443013438057,0.00105443013438057,90.0000000001216,630.47777634132,630.747440881521,0.269664540201461,0.74744088152147,1
1129,1,-2.30994669996512e-15,0.0010544301343807,0.0010544301343807,90.0000000001255,630.47777634132,630.747440881521,0.269664540201461,0.74744088152147,1
1130,1,-2.37466857795321e-15,0.00105443013438083,0.00105443013438083,90.000000000129,630.477776341318,630.747440881521,0.26966454020328,0.74744088152147,1
1131,1,-2.43178056369381e-15,0.00105443013438097,0.00105443013438097,90.0000000001321,630.477776341318,630.747440881521,0.26966454020328,0.74744088152147,1
1132,1,-2.48109963541219e-15,0.00105443013438111,0.00105443013438111,90.0000000001348,630.477776341316,630.747440881521,0.269664540205213,0.74744088152147,1
1133,1,-2.52246774460213e-15,0.00105443013438125,0.00105443013438125,90.0000000001371,630.477776341316,630.747440881521,0.269664540205213,0.74744088152147,1
1134,1,-2.5557523225101e-15,0.00105443013438139,0.00105443013438139,90.0000000001389,630.477776341316,630.747440881521,0.269664540205213,0.74744088152147,1
1135,1,-2.58084670496674e-15,0.00105443013438154,0.00105443013438154,90.0000000001402,630.477776341315,630.747440881521,0.269664540206122,0.74744088152147,1
1136,1,-2.59767047420416e-15,0.00105443013438169,0.00105443013438169,90.0000000001412,630.477776341315,630.747440881521,0.269664540206122,0.74744088152147,1
1137,1,-2.60616971656372e-15,0.00105443013438183,0.00105443013438183,90.0000000001416,630.477776341315,630.74744088152,0.26966454020419,0.747440881519537,1
1138,1,-2.6063171952684e-15,0.00105443013438198,0.00105443013438198,90.0000000001416,630.477776341314,630.74744088152,0.269664540206008,0.747440881519537,1
1139,1,-2.59811243770613e-15,0.00105443013438213,0.00105443013438213,90.0000000001412,630.477776341314,630.74744088152,0.269664540206008,0.747440881519537,1
1140,1,-2.58158173694431e-15,0.00105443013438227,0.00105443013438227,90.0000000001403,630.477776341314,630.747440881519,0.269664540205099,0.747440881518628,1
1141,1,-2.55677806747071e-15,0.00105443013438242,0.00105443013438242,90.0000000001389,630.477776341314,630.747440881519,0.269664540205099,0.747440881518628,1
1142,1,-2.52378091543082e-15,0.00105443013438256,0.00105443013438256,90.0000000001371,630.477776341314,630.747440881519,0.269664540205099,0.747440881518628,1
1143,1,-2.4826960239055e-15,0.00105443013438271,0.00105443013438271,90.0000000001349,630.477776341314,630.747440881517,0.26966454020328,0.747440881516809,1
1144,1,-2.43365505404547e-15,0.00105443013438284,0.00105443013438284,90.0000000001322,630.477776341312,630.747440881517,0.269664540205213,0.747440881516809,1
1145,1,-2.37681516314828e-15,0.00105443013438298,0.00105443013438298,90.0000000001292,630.477776341312,630.747440881515,0.26966454020328,0.747440881514876,1
1146,1,-2.31235850103019e-15,0.00105443013438311,0.00105443013438311,90.0000000001257,630.477776341312,630.747440881515,0.26966454020328,0.747440881514876,1
1147,1,-2.24049162630654e-15,0.00105443013438324,0.00105443013438324,90.0000000001217,630.477776341314,630.747440881514,0.269664540200438,0.747440881513967,1
1148,1,-2.16144484445144e-15,0.00105443013438337,0.00105443013438337,90.0000000001175,630.477776341314,630.747440881514,0.269664540200438,0.747440881513967,1
1149,1,-2.07547146975816e-15,0.00105443013438349,0.00105443013438349,90.0000000001128,630.477776341314,630.747440881512,0.269664540198619,0.747440881512148,1
1150,1,-1.9828470135648e-15,0.0010544301343836,0.0010544301343836,90.0000000001078,630.477776341314,630.74744088151,0.269664540196686,0.747440881510215,1
1151,1,-1.88386830134745e-15,0.00105443013438371,0.00105443013438371,90.0000000001024,630.477776341314,630.74744088151,0.269664540196686,0.747440881510215,1
1152,1,-1.77885252150943e-15,0.00105443013438382,0.00105443013438382,90.0000000000967,630.477776341314,630.747440881509,0.269664540195777,0.747440881509306,1
1153,1,-1.66813620891561e-15,0.00105443013438391,0.00105443013438391,90.0000000000907,630.477776341315,630.747440881509,0.269664540193958,0.747440881509306,1
1154,1,-1.55207416642841e-15,0.001054430134384,0.001054430134384,90.0000000000843,630.477776341315,630.747440881507,0.269664540192139,0.747440881507487,1
1155,1,-1.43103832790237e-15,0.00105443013438409,0.00105443013438409,90.0000000000778,630.477776341315,630.747440881506,0.269664540190206,0.747440881505554,1
1156,1,-1.30541656628017e-15,0.00105443013438417,0.00105443013438417,90.0000000000709,630.477776341316,630.747440881506,0.269664540189297,0.747440881505554,1
1157,1,-1.17561145061025e-15,0.00105443013438424,0.00105443013438424,90.0000000000639,630.477776341316,630.747440881505,0.269664540188387,0.747440881504644,1
1158,1,-1.04203895596921e-15,0.0010544301343843,0.0010544301343843,90.0000000000566,630.477776341316,630.747440881503,0.269664540186568,0.747440881502826,1
1159,1,-9.05127130422661e-16,0.00105443013438435,0.00105443013438435,90.0000000000492,630.477776341318,630.747440881503,0.269664540184635,0.747440881502826,1
1160,1,-7.65314723297418e-16,0.0010544301343844,0.0010544301343844,90.0000000000416,630.477776341318,630.747440881501,0.269664540182816,0.747440881501007,1
1161,1,-6.23049779159699e-16,0.00105443013438444,0.00105443013438444,90.0000000000339,630.47777634132,630.7474408815,0.269664540179974,0.747440881499983,1
1162,1,-4.78788202006257e-16,0.00105443013438447,0.00105443013438447,90.000000000026,630.47777634132,630.7474408815,0.269664540179974,0.747440881499983,1
1163,1,-3.32992294268554e-16,0.00105443013438449,0.00105443013438449,90.0000000000181,630.477776341321,630.747440881498,0.269664540177246,0.747440881498164,1
1164,1,-1.86129275312788e-16,0.00105443013438451,0.00105443013438451,90.0000000000101,630.477776341323,630.747440881496,0.269664540173494,0.747440881496345,1
1165,1,-3.86697841830532e-17,0.00105443013438452,0.00105443013438452,90.0000000000021,630.477776341323,630.747440881496,0.269664540173494,0.747440881496345,1
1166,1,1.08913628614609e-16,0.00105443013438451,0.00105443013438451,89.9999999999941,630.477776341323,630.747440881496,0.269664540173494,0.747440881496345,1
1167,1,2.56148015453101e-16,0.0010544301343845,0.0010544301343845,89.9999999999861,630.477776341321,630.747440881498,0.269664540177246,0.747440881498164,1
1168,1,4.02561547198376e-16,0.00105443013438448,0.00105443013438448,89.9999999999781,630.477776341321,630.747440881498,0.269664540177246,0.747440881498164,1
1169,1,5.47685025238602e-16,0.00105443013438446,0.00105443013438446,89.9999999999702,630.47777634132,630.7474408815,0.269664540179974,0.747440881499983,1
1170,1,6.9105338508413e-16,0.00105443013438442,0.00105443013438442,89.9999999999625,630.47777634132,630.747440881501,0.269664540180997,0.747440881501007,1
1171,1,8.32207186718604e-16,0.00105443013438438,0.00105443013438438,89.9999999999548,630.477776341318,630.747440881501,0.269664540182816,0.747440881501007,1
1172,1,9.70694086926365e-16,0.00105443013438433,0.00105443013438433,89.9999999999472,630.477776341318,630.747440881503,0.269664540184635,0.747440881502826,1
1173,1,1.10607028887699e-15,0.00105443013438427,0.00105443013438427,89.9999999999399,630.477776341316,630.747440881505,0.269664540188387,0.747440881504644,1
1174,1,1.23790196432202e-15,0.0010544301343842,0.0010544301343842,89.9999999999327,630.477776341316,630.747440881505,0.269664540188387,0.747440881504644,1
1175,1,1.3657666438465e-15,0.00105443013438413,0.00105443013438413,89.9999999999258,630.477776341315,630.747440881506,0.269664540190206,0.747440881505554,1
1176,1,1.4892545707195e-15,0.00105443013438405,0.00105443013438405,89.9999999999191,630.477776341315,630.747440881507,0.269664540192139,0.747440881507487,1
1177,1,1.60797001400578e-15,0.00105443013438396,0.00105443013438396,89.9999999999126,630.477776341315,630.747440881507,0.269664540192139,0.747440881507487,1
1178,1,1.72153253672981e-15,0.00105443013438387,0.00105443013438387,89.9999999999064,630.477776341314,630.747440881509,0.269664540195777,0.747440881509306,1
1179,1,1.82957821502903e-15,0.00105443013438377,0.00105443013438377,89.9999999999006,630.477776341314,630.747440881509,0.269664540195777,0.747440881509306,1
1180,1,1.93176080438863e-15,0.00105443013438366,0.00105443013438366,89.999999999895,630.477776341314,630.74744088151,0.269664540196686,0.747440881510215,1
1181,1,2.02775284922093e-15,0.00105443013438355,0.00105443013438355,89.9999999998898,630.477776341314,630.747440881512,0.269664540198619,0.747440881512148,1
1182,1,2.11724673223381e-15,0.00105443013438343,0.00105443013438343,89.9999999998849,630.477776341314,630.747440881512,0.269664540198619,0.747440881512148,1
1183,1,2.19995566022462e-15,0.00105443013438331,0.00105443013438331,89.9999999998805,630.477776341314,630.747440881514,0.269664540200438,0.747440881513967,1
1184,1,2.27561458314149e-15,0.00105443013438318,0.00105443013438318,89.9999999998764,630.477776341312,630.747440881514,0.269664540202371,0.747440881513967,1
1185,1,2.34398104346575e-15,0.00105443013438305,0.00105443013438305,89.9999999998726,630.477776341312,630.747440881515,0.26966454020328,0.747440881514876,1
1186,1,2.40483595319449e-15,0.00105443013438292,0.00105443013438292,89.9999999998693,630.477776341312,630.747440881517,0.269664540205213,0.747440881516809,1
1187,1,2.45798429593252e-15,0.00105443013438278,0.00105443013438278,89.9999999998664,630.477776341312,630.747440881517,0.269664540205213,0.747440881516809,1
1188,1,2.50325575184443e-15,0.00105443013438264,0.00105443013438264,89.999999999864,630.477776341314,630.747440881517,0.26966454020328,0.747440881516809,1
1189,1,2.5405052434636e-15,0.0010544301343825,0.0010544301343825,89.999999999862,630.477776341314,630.747440881519,0.269664540205099,0.747440881518628,1
1190,1,2.56961340060922e-15,0.00105443013438235,0.00105443013438235,89.9999999998604,630.477776341314,630.747440881519,0.269664540205099,0.747440881518628,1
1191,1,2.59048694292148e-15,0.0010544301343822,0.0010544301343822,89.9999999998592,630.477776341314,630.74744088152,0.269664540206008,0.747440881519537,1
1192,1,2.60305897878893e-15,0.00105443013438206,0.00105443013438206,89.9999999998586,630.477776341314,630.74744088152,0.269664540206008,0.747440881519537,1
1193,1,2.60728921971018e-15,0.00105443013438191,0.00105443013438191,89.9999999998583,630.477776341314,630.74744088152,0.269664540206008,0.747440881519537,1
1194,1,2.60316410940296e-15,0.00105443013438176,0.00105443013438176,89.9999999998586,630.477776341315,630.747440881521,0.269664540206122,0.74744088152147,1
1195,1,2.59069686724669e-15,0.00105443013438162,0.00105443013438162,89.9999999998592,630.477776341315,630.747440881521,0.269664540206122,0.74744088152147,1
1196,1,2.56992744591951e-15,0.00105443013438147,0.00105443013438147,89.9999999998604,630.477776341315,630.747440881521,0.269664540206122,0.74744088152147,1
1197,1,2.5409224033655e-15,0.00105443013438132,0.00105443013438132,89.9999999998619,630.477776341316,630.747440881521,0.269664540205213,0.74744088152147,1
1198,1,2.50377468950216e-15,0.00105443013438118,0.00105443013438118,89.9999999998639,630.477776341316,630.747440881521,0.269664540205213,0.74744088152147,1
1199,1,2.45860334835206e-15,0.00105443013438104,0.00105443013438104,89.9999999998664,630.477776341318,630.747440881521,0.26966454020328,0.74744088152147,1
1200,1,2.4055531365528e-15,0.0010544301343809,0.0010544301343809,89.9999999998693,630.477776341318,630.747440881521,0.26966454020328,0.74744088152147,1
1201,1,2.34479405946821e-15,0.00105443013438077,0.00105443013438077,89.9999999998726,630.47777634132,630.747440881521,0.269664540201461,0.74744088152147,1
1202,1,2.27652082638694e-15,0.00105443013438064,0.00105443013438064,89.9999999998763,630.47777634132,630.747440881521,0.269664540201461,0.74744088152147,1
1203,1,2.20095222655481e-15,0.00105443013438051,0.00105443013438051,89.9999999998804,630.477776341321,630.747440881521,0.269664540200552,0.74744088152147,1
1204,1,2.11833042803995e-15,0.00105443013438039,0.00105443013438039,89.9999999998849,630.477776341321,630.747440881521,0.269664540200552,0.74744088152147,1
1205,1,2.02892020167806e-15,0.00105443013438027,0.00105443013438027,89.9999999998898,630.477776341323,630.747440881521,0.269664540198619,0.74744088152147,1
1206,1,1.93300807258465e-15,0.00105443013438016,0.00105443013438016,89.999999999895,630.477776341323,630.747440881521,0.269664540198619,0.74744088152147,1
1207,1,1.83090140195288e-15,0.00105443013438005,0.00105443013438005,89.9999999999005,630.477776341325,630.747440881521,0.2696645401968,0.74744088152147,1
1208,1,1.72292740208033e-15,0.00105443013437995,0.00105443013437995,89.9999999999064,630.477776341326,630.747440881521,0.26966454019589,0.74744088152147,1
1209,1,1.60943208778022e-15,0.00105443013437986,0.00105443013437986,89.9999999999125,630.477776341326,630.74744088152,0.269664540193958,0.747440881519537,1
1210,1,1.49077916753825e-15,0.00105443013437977,0.00105443013437977,89.999999999919,630.477776341328,630.74744088152,0.269664540192025,0.747440881519537,1
1211,1,1.36734887796774e-15,0.00105443013437969,0.00105443013437969,89.9999999999257,630.477776341329,630.74744088152,0.269664540190206,0.747440881519537,1
1212,1,1.23953676529873e-15,0.00105443013437962,0.00105443013437962,89.9999999999327,630.477776341329,630.747440881519,0.269664540189297,0.747440881518628,1
1213,1,1.10775241780579e-15,0.00105443013437955,0.00105443013437955,89.9999999999398,630.47777634133,630.747440881519,0.269664540188387,0.747440881518628,1
1214,1,9.72418153236114e-16,0.00105443013437949,0.00105443013437949,89.9999999999472,630.477776341332,630.747440881517,0.269664540184635,0.747440881516809,1
1215,1,8.33967665445118e-16,0.00105443013437944,0.00105443013437944,89.9999999999547,630.477776341332,630.747440881517,0.269664540184635,0.747440881516809,1
1216,1,6.92844634575507e-16,0.0010544301343794,0.0010544301343794,89.9999999999624,630.477776341334,630.747440881517,0.269664540182816,0.747440881516809,1
1217,1,5.49501305234675e-16,0.00105443013437936,0.00105443013437936,89.9999999999701,630.477776341335,630.747440881515,0.269664540179974,0.747440881514876,1
1218,1,4.04397037225769e-16,0.00105443013437933,0.00105443013437933,89.999999999978,630.477776341335,630.747440881514,0.269664540179065,0.747440881513967,1
1219,1,2.57996833477882e-16,0.00105443013437931,0.00105443013437931,89.999999999986,630.477776341337,630.747440881514,0.269664540177132,0.747440881513967,1
1220,1,1.10769849891668e-16,0.0010544301343793,0.0010544301343793,89.999999999994,630.477776341339,630.747440881512,0.269664540173494,0.747440881512148,1
1221,1,-3.68121081233396e-17,0.0010544301343793,0.0010544301343793,90.000000000002,630.477776341339,630.747440881512,0.269664540173494,0.747440881512148,1
1222,1,-1.8427609760206e-16,0.00105443013437931,0.00105443013437931,90.00000000001,630.477776341337,630.747440881514,0.269664540177132,0.747440881513967,1
1223,1,-3.31149553622987e-16,0.00105443013437932,0.00105443013437932,90.000000000018,630.477776341337,630.747440881514,0.269664540177132,0.747440881513967,1
1224,1,-4.76961803695278e-16,0.00105443013437935,0.00105443013437935,90.0000000000259,630.477776341335,630.747440881515,0.269664540179974,0.747440881514876,1
1225,1,-6.21245576081924e-16,0.00105443013437938,0.00105443013437938,90.0000000000338,630.477776341334,630.747440881515,0.269664540180884,0.747440881514876,1
1226,1,-7.63538497224236e-16,0.00105443013437942,0.00105443013437942,90.0000000000415,630.477776341334,630.747440881517,0.269664540182816,0.747440881516809,1
1227,1,-9.03384573470115e-16,0.00105443013437946,0.00105443013437946,90.0000000000491,630.477776341332,630.747440881517,0.269664540184635,0.747440881516809,1
1228,1,-1.04033565235683e-15,0.00105443013437952,0.00105443013437952,90.0000000000565,630.47777634133,630.747440881519,0.269664540188387,0.747440881518628,1
1229,1,-1.17395285876582e-15,0.00105443013437958,0.00105443013437958,90.0000000000638,630.47777634133,630.747440881519,0.269664540188387,0.747440881518628,1
1230,1,-1.30380800134759e-15,0.00105443013437965,0.00105443013437965,90.0000000000709,630.477776341329,630.747440881519,0.269664540189297,0.747440881518628,1
1231,1,-1.4294849447087e-15,0.00105443013437973,0.00105443013437973,90.0000000000777,630.477776341328,630.74744088152,0.269664540192025,0.747440881519537,1
1232,1,-1.55058094296463e-15,0.00105443013437981,0.00105443013437981,90.0000000000843,630.477776341328,630.74744088152,0.269664540192025,0.747440881519537,1
1233,1,-1.66670793038403e-15,0.0010544301343799,0.0010544301343799,90.0000000000906,630.477776341326,630.74744088152,0.269664540193958,0.747440881519537,1
1234,1,-1.77749376498911e-15,0.00105443013438,0.00105443013438,90.0000000000966,630.477776341325,630.747440881521,0.2696645401968,0.74744088152147,1
1235,1,-1.88258342112626e-15,0.0010544301343801,0.0010544301343801,90.0000000001023,630.477776341325,630.747440881521,0.2696645401968,0.74744088152147,1
1236,1,-1.98164012718579e-15,0.00105443013438021,0.00105443013438021,90.0000000001077,630.477776341323,630.747440881521,0.269664540198619,0.74744088152147,1
1237,1,-2.07434644482433e-15,0.00105443013438033,0.00105443013438033,90.0000000001127,630.477776341323,630.747440881521,0.269664540198619,0.74744088152147,1
1238,1,-2.16040528623158e-15,0.00105443013438045,0.00105443013438045,90.0000000001174,630.477776341321,630.747440881521,0.269664540200552,0.74744088152147,1
1239,1,-2.23954086618175e-15,0.00105443013438057,0.00105443013438057,90.0000000001217,630.47777634132,630.747440881521,0.269664540201461,0.74744088152147,1
1240,1,-2.31149958581812e-15,0.0010544301343807,0.0010544301343807,90.0000000001256,630.47777634132,630.747440881521,0.269664540201461,0.74744088152147,1
1241,1,-2.37605084533923e-15,0.00105443013438084,0.00105443013438084,90.0000000001291,630.477776341318,630.747440881521,0.26966454020328,0.74744088152147,1
1242,1,-2.4329877829817e-15,0.00105443013438097,0.00105443013438097,90.0000000001322,630.477776341318,630.747440881521,0.26966454020328,0.74744088152147,1
1243,1,-2.48212793793212e-15,0.00105443013438111,0.00105443013438111,90.0000000001349,630.477776341316,630.747440881521,0.269664540205213,0.74744088152147,1
1244,1,-2.52331383504315e-15,0.00105443013438125,0.00105443013438125,90.0000000001371,630.477776341316,630.747440881521,0.269664540205213,0.74744088152147,1
1245,1,-2.55641348948034e-15,0.0010544301343814,0.0010544301343814,90.0000000001389,630.477776341316,630.747440881521,0.269664540205213,0.74744088152147,1
1246,1,-2.58132082968235e-15,0.00105443013438154,0.00105443013438154,90.0000000001403,630.477776341315,630.747440881521,0.269664540206122,0.74744088152147,1
1247,1,-2.59795603727923e-15,0.00105443013438169,0.00105443013438169,90.0000000001412,630.477776341315,630.747440881521,0.269664540206122,0.74744088152147,1
1248,1,-2.60626580287929e-15,0.00105443013438184,0.00105443013438184,90.0000000001416,630.477776341315,630.74744088152,0.26966454020419,0.747440881519537,1
1249,1,-2.60622349690508e-15,0.00105443013438198,0.00105443013438198,90.0000000001416,630.477776341314,630.74744088152,0.269664540206008,0.747440881519537,1
1250,1,-2.59782925493086e-15,0.00105443013438213,0.00105443013438213,90.0000000001412,630.477776341314,630.74744088152,0.269664540206008,0.747440881519537,1
1251,1,-2.58110997724809e-15,0.00105443013438228,0.00105443013438228,90.0000000001403,630.477776341314,630.747440881519,0.269664540205099,0.747440881518628,1
1252,1,-2.55611924266051e-15,0.00105443013438242,0.00105443013438242,90.0000000001389,630.477776341314,630.747440881519,0.269664540205099,0.747440881518628,1
1253,1,-2.52293713678474e-15,0.00105443013438257,0.00105443013438257,90.0000000001371,630.477776341314,630.747440881519,0.269664540205099,0.747440881518628,1
1254,1,-2.48166999540702e-15,0.00105443013438271,0.00105443013438271,90.0000000001349,630.477776341314,630.747440881517,0.26966454020328,0.747440881516809,1
1255,1,-2.43245006371817e-15,0.00105443013438285,0.00105443013438285,90.0000000001322,630.477776341312,630.747440881517,0.269664540205213,0.747440881516809,1
1256,1,-2.37543507251908e-15,0.00105443013438298,0.00105443013438298,90.0000000001291,630.477776341312,630.747440881515,0.26966454020328,0.747440881514876,1
1257,1,-2.31080773275452e-15,0.00105443013438312,0.00105443013438312,90.0000000001256,630.477776341312,630.747440881515,0.26966454020328,0.747440881514876,1
1258,1,-2.23877514999558e-15,0.00105443013438325,0.00105443013438325,90.0000000001217,630.477776341314,630.747440881514,0.269664540200438,0.747440881513967,1
1259,1,-2.1595681607464e-15,0.00105443013438337,0.00105443013438337,90.0000000001174,630.477776341314,630.747440881514,0.269664540200438,0.747440881513967,1
1260,1,-2.07344059270276e-15,0.00105443013438349,0.00105443013438349,90.0000000001127,630.477776341314,630.747440881512,0.269664540198619,0.747440881512148,1
1261,1,-1.98066845133278e-15,0.0010544301343836,0.0010544301343836,90.0000000001076,630.477776341314,630.74744088151,0.269664540196686,0.747440881510215,1
1262,1,-1.88154903538619e-15,0.00105443013438371,0.00105443013438371,90.0000000001022,630.477776341314,630.74744088151,0.269664540196686,0.747440881510215,1
1263,1,-1.77639998416733e-15,0.00105443013438382,0.00105443013438382,90.0000000000965,630.477776341314,630.747440881509,0.269664540195777,0.747440881509306,1
1264,1,-1.66555825962406e-15,0.00105443013438391,0.00105443013438391,90.0000000000905,630.477776341315,630.747440881509,0.269664540193958,0.747440881509306,1
1265,1,-1.54937906651559e-15,0.00105443013438401,0.00105443013438401,90.0000000000842,630.477776341315,630.747440881507,0.269664540192139,0.747440881507487,1
1266,1,-1.42823471411868e-15,0.00105443013438409,0.00105443013438409,90.0000000000776,630.477776341315,630.747440881506,0.269664540190206,0.747440881505554,1
1267,1,-1.302513423121e-15,0.00105443013438417,0.00105443013438417,90.0000000000708,630.477776341316,630.747440881506,0.269664540189297,0.747440881505554,1
1268,1,-1.17261808152406e-15,0.00105443013438424,0.00105443013438424,90.0000000000637,630.477776341316,630.747440881505,0.269664540188387,0.747440881504644,1
1269,1,-1.03896495354345e-15,0.0010544301343843,0.0010544301343843,90.0000000000565,630.477776341316,630.747440881503,0.269664540186568,0.747440881502826,1
1270,1,-9.01982345643538e-16,0.00105443013438436,0.00105443013438436,90.000000000049,630.477776341318,630.747440881503,0.269664540184635,0.747440881502826,1
1271,1,-7.62109233980998e-16,0.0010544301343844,0.0010544301343844,90.0000000000414,630.477776341318,630.747440881501,0.269664540182816,0.747440881501007,1
1272,1,-6.19793857656698e-16,0.00105443013438444,0.00105443013438444,90.0000000000337,630.47777634132,630.7474408815,0.269664540179974,0.747440881499983,1
1273,1,-4.75492282282854e-16,0.00105443013438447,0.00105443013438447,90.0000000000258,630.47777634132,630.7474408815,0.269664540179974,0.747440881499983,1
1274,1,-3.2966693846983e-16,0.0010544301343845,0.0010544301343845,90.0000000000179,630.477776341321,630.747440881498,0.269664540177246,0.747440881498164,1
1275,1,-1.82785139914998e-16,0.00105443013438451,0.00105443013438451,90.0000000000099,630.477776341323,630.747440881496,0.269664540173494,0.747440881496345,1
1276,1,-3.53175858437863e-17,0.00105443013438452,0.00105443013438452,90.0000000000019,630.477776341323,630.747440881496,0.269664540173494,0.747440881496345,1
1277,1,1.12263147399124e-16,0.00105443013438451,0.00105443013438451,89.9999999999939,630.477776341323,630.747440881496,0.269664540173494,0.747440881496345,1
1278,1,2.59484120773683e-16,0.0010544301343845,0.0010544301343845,89.9999999999859,630.477776341321,630.747440881498,0.269664540177246,0.747440881498164,1
1279,1,4.05873548130645e-16,0.00105443013438448,0.00105443013438448,89.999999999978,630.477776341321,630.747440881498,0.269664540177246,0.747440881498164,1
1280,1,5.50962308103548e-16,0.00105443013438446,0.00105443013438446,89.9999999999701,630.47777634132,630.7474408815,0.269664540179974,0.747440881499983,1
1281,1,6.94285447460542e-16,0.00105443013438442,0.00105443013438442,89.9999999999623,630.47777634132,630.747440881501,0.269664540180997,0.747440881501007,1
1282,1,8.35383671099553e-16,0.00105443013438438,0.00105443013438438,89.9999999999546,630.477776341318,630.747440881501,0.269664540182816,0.747440881501007,1
1283,1,9.73804813910745e-16,0.00105443013438433,0.00105443013438433,89.9999999999471,630.477776341318,630.747440881503,0.269664540184635,0.747440881502826,1
1284,1,1.10910528979067e-15,0.00105443013438427,0.00105443013438427,89.9999999999397,630.477776341316,630.747440881505,0.269664540188387,0.747440881504644,1
1285,1,1.24085151316364e-15,0.0010544301343842,0.0010544301343842,89.9999999999326,630.477776341316,630.747440881505,0.269664540188387,0.747440881504644,1
1286,1,1.36862128845538e-15,0.00105443013438413,0.00105443013438413,89.9999999999256,630.477776341315,630.747440881506,0.269664540190206,0.747440881505554,1
1287,1,1.49200516306633e-15,0.00105443013438405,0.00105443013438405,89.9999999999189,630.477776341315,630.747440881507,0.269664540192139,0.747440881507487,1
1288,1,1.61060773950829e-15,0.00105443013438396,0.00105443013438396,89.9999999999125,630.477776341315,630.747440881507,0.269664540192139,0.747440881507487,1
1289,1,1.72404894250036e-15,0.00105443013438386,0.00105443013438386,89.9999999999063,630.477776341314,630.747440881509,0.269664540195777,0.747440881509306,1
1290,1,1.83196523696257e-15,0.00105443013438376,0.00105443013438376,89.9999999999005,630.477776341314,630.74744088151,0.269664540196686,0.747440881510215,1
1291,1,1.9340107930052e-15,0.00105443013438366,0.00105443013438366,89.9999999998949,630.477776341314,630.74744088151,0.269664540196686,0.747440881510215,1
1292,1,2.02985859417924e-15,0.00105443013438355,0.00105443013438355,89.9999999998897,630.477776341314,630.747440881512,0.269664540198619,0.747440881512148,1
1293,1,2.11920148543753e-15,0.00105443013438343,0.00105443013438343,89.9999999998848,630.477776341314,630.747440881512,0.269664540198619,0.747440881512148,1
1294,1,2.20175315744755e-15,0.00105443013438331,0.00105443013438331,89.9999999998804,630.477776341314,630.747440881514,0.269664540200438,0.747440881513967,1
1295,1,2.27724906410179e-15,0.00105443013438318,0.00105443013438318,89.9999999998763,630.477776341312,630.747440881514,0.269664540202371,0.747440881513967,1
1296,1,2.34544727028558e-15,0.00105443013438305,0.00105443013438305,89.9999999998726,630.477776341312,630.747440881515,0.26966454020328,0.747440881514876,1
1297,1,2.40612922718525e-15,0.00105443013438291,0.00105443013438291,89.9999999998693,630.477776341312,630.747440881517,0.269664540205213,0.747440881516809,1
1298,1,2.45910047265243e-15,0.00105443013438278,0.00105443013438278,89.9999999998664,630.477776341312,630.747440881517,0.269664540205213,0.747440881516809,1
1299,1,2.50419125437979e-15,0.00105443013438263,0.00105443013438263,89.9999999998639,630.477776341314,630.747440881517,0.26966454020328,0.747440881516809,1
1300,1,2.54125707389143e-15,0.00105443013438249,0.00105443013438249,89.9999999998619,630.477776341314,630.747440881519,0.269664540205099,0.747440881518628,1
1301,1,2.57017914960445e-15,0.00105443013438235,0.00105443013438235,89.9999999998603,630.477776341314,630.747440881519,0.269664540205099,0.747440881518628,1
1302,1,2.59086479747788e-15,0.0010544301343822,0.0010544301343822,89.9999999998592,630.477776341314,630.74744088152,0.269664540206008,0.747440881519537,1
1303,1,2.60324772802914e-15,0.00105443013438205,0.00105443013438205,89.9999999998585,630.477776341314,630.74744088152,0.269664540206008,0.747440881519537,1
1304,1,2.60728825876605e-15,0.00105443013438191,0.00105443013438191,89.9999999998583,630.477776341314,630.74744088152,0.269664540206008,0.747440881519537,1
1305,1,2.60297344135394e-15,0.00105443013438176,0.00105443013438176,89.9999999998586,630.477776341315,630.747440881521,0.269664540206122,0.74744088152147,1
1306,1,2.59031710310996e-15,0.00105443013438161,0.00105443013438161,89.9999999998593,630.477776341315,630.747440881521,0.269664540206122,0.74744088152147,1
1307,1,2.56935980269192e-15,0.00105443013438147,0.00105443013438147,89.9999999998604,630.477776341315,630.747440881521,0.269664540206122,0.74744088152147,1
1308,1,2.54016870012354e-15,0.00105443013438132,0.00105443013438132,89.999999999862,630.477776341316,630.747440881521,0.269664540205213,0.74744088152147,1
1309,1,2.50283734157256e-15,0.00105443013438118,0.00105443013438118,89.999999999864,630.477776341316,630.747440881521,0.269664540205213,0.74744088152147,1
1310,1,2.45748535957155e-15,0.00105443013438104,0.00105443013438104,89.9999999998665,630.477776341318,630.747440881521,0.26966454020328,0.74744088152147,1
1311,1,2.40425808964205e-15,0.0010544301343809,0.0010544301343809,89.9999999998694,630.477776341318,630.747440881521,0.26966454020328,0.74744088152147,1
1312,1,2.34332610455052e-15,0.00105443013438077,0.00105443013438077,89.9999999998727,630.47777634132,630.747440881521,0.269664540201461,0.74744088152147,1
1313,1,2.2748846676888e-15,0.00105443013438063,0.00105443013438063,89.9999999998764,630.47777634132,630.747440881521,0.269664540201461,0.74744088152147,1
1314,1,2.19915310733055e-15,0.00105443013438051,0.00105443013438051,89.9999999998805,630.477776341321,630.747440881521,0.269664540200552,0.74744088152147,1
1315,1,2.11637411376926e-15,0.00105443013438039,0.00105443013438039,89.999999999885,630.477776341321,630.747440881521,0.269664540200552,0.74744088152147,1
1316,1,2.02681296158984e-15,0.00105443013438027,0.00105443013438027,89.9999999998899,630.477776341323,630.747440881521,0.269664540198619,0.74744088152147,1
1317,1,1.93075665956645e-15,0.00105443013438016,0.00105443013438016,89.9999999998951,630.477776341325,630.747440881521,0.2696645401968,0.74744088152147,1
1318,1,1.82851303091072e-15,0.00105443013438005,0.00105443013438005,89.9999999999006,630.477776341325,630.747440881521,0.2696645401968,0.74744088152147,1
1319,1,1.72040972681749e-15,0.00105443013437995,0.00105443013437995,89.9999999999065,630.477776341326,630.747440881521,0.26966454019589,0.74744088152147,1
1320,1,1.60679317646999e-15,0.00105443013437986,0.00105443013437986,89.9999999999127,630.477776341326,630.74744088152,0.269664540193958,0.747440881519537,1
1321,1,1.48802747686834e-15,0.00105443013437977,0.00105443013437977,89.9999999999192,630.477776341328,630.74744088152,0.269664540192025,0.747440881519537,1
1322,1,1.36449322604008e-15,0.00105443013437969,0.00105443013437969,89.9999999999258,630.477776341329,630.74744088152,0.269664540190206,0.747440881519537,1
1323,1,1.23658630337075e-15,0.00105443013437961,0.00105443013437961,89.9999999999328,630.477776341329,630.747440881519,0.269664540189297,0.747440881518628,1
1324,1,1.10471660096422e-15,0.00105443013437955,0.00105443013437955,89.99999999994,630.47777634133,630.747440881519,0.269664540188387,0.747440881518628,1
1325,1,9.69306710097117e-16,0.00105443013437949,0.00105443013437949,89.9999999999473,630.477776341332,630.747440881517,0.269664540184635,0.747440881516809,1
1326,1,8.30790566977732e-16,0.00105443013437944,0.00105443013437944,89.9999999999549,630.477776341332,630.747440881517,0.269664540184635,0.747440881516809,1
1327,1,6.89612062148783e-16,0.00105443013437939,0.00105443013437939,89.9999999999625,630.477776341334,630.747440881515,0.269664540180884,0.747440881514876,1
1328,1,5.46223617990055e-16,0.00105443013437936,0.00105443013437936,89.9999999999703,630.477776341335,630.747440881515,0.269664540179974,0.747440881514876,1
1329,1,4.01084738880344e-16,0.00105443013437933,0.00105443013437933,89.9999999999782,630.477776341335,630.747440881514,0.269664540179065,0.747440881513967,1
1330,1,2.54660538663756e-16,0.00105443013437931,0.00105443013437931,89.9999999999862,630.477776341337,630.747440881514,0.269664540177132,0.747440881513967,1
1331,1,1.07420250140436e-16,0.0010544301343793,0.0010544301343793,89.9999999999942,630.477776341339,630.747440881512,0.269664540173494,0.747440881512148,1
1332,1,-4.01642786429165e-17,0.0010544301343793,0.0010544301343793,90.0000000000022,630.477776341339,630.747440881512,0.269664540173494,0.747440881512148,1
1333,1,-1.87620096483016e-16,0.00105443013437931,0.00105443013437931,90.0000000000102,630.477776341337,630.747440881514,0.269664540177132,0.747440881513967,1
1334,1,-3.34474664645142e-16,0.00105443013437932,0.00105443013437932,90.0000000000182,630.477776341337,630.747440881514,0.269664540177132,0.747440881513967,1
1335,1,-4.80257371166865e-16,0.00105443013437935,0.00105443013437935,90.0000000000261,630.477776341335,630.747440881515,0.269664540179974,0.747440881514876,1
1336,1,-6.24501038986658e-16,0.00105443013437938,0.00105443013437938,90.0000000000339,630.477776341334,630.747440881515,0.269664540180884,0.747440881514876,1
1337,1,-7.66743423065565e-16,0.00105443013437942,0.00105443013437942,90.0000000000417,630.477776341334,630.747440881517,0.269664540182816,0.747440881516809,1
1338,1,-9.06528691703077e-16,0.00105443013437946,0.00105443013437946,90.0000000000493,630.477776341332,630.747440881517,0.269664540184635,0.747440881516809,1
1339,1,-1.04340888730131e-15,0.00105443013437952,0.00105443013437952,90.0000000000567,630.47777634133,630.747440881519,0.269664540188387,0.747440881518628,1
1340,1,-1.17694536189517e-15,0.00105443013437958,0.00105443013437958,90.000000000064,630.47777634133,630.747440881519,0.269664540188387,0.747440881518628,1
1341,1,-1.3067101828493e-15,0.00105443013437965,0.00105443013437965,90.000000000071,630.477776341329,630.747440881519,0.269664540189297,0.747440881518628,1
1342,1,-1.43228750421615e-15,0.00105443013437973,0.00105443013437973,90.0000000000778,630.477776341328,630.74744088152,0.269664540192025,0.747440881519537,1
1343,1,-1.55327489936096e-15,0.00105443013437981,0.00105443013437981,90.0000000000844,630.477776341328,630.74744088152,0.269664540192025,0.747440881519537,1
1344,1,-1.66928465058336e-15,0.00105443013437991,0.00105443013437991,90.0000000000907,630.477776341326,630.74744088152,0.269664540193958,0.747440881519537,1
1345,1,-1.77994499160203e-15,0.00105443013438,0.00105443013438,90.0000000000967,630.477776341325,630.747440881521,0.2696645401968,0.74744088152147,1
1346,1,-1.88490129892174e-15,0.00105443013438011,0.00105443013438011,90.0000000001024,630.477776341325,630.747440881521,0.2696645401968,0.74744088152147,1
1347,1,-1.983817228264e-15,0.00105443013438022,0.00105443013438022,90.0000000001078,630.477776341323,630.747440881521,0.269664540198619,0.74744088152147,1
1348,1,-2.07637579242025e-15,0.00105443013438033,0.00105443013438033,90.0000000001128,630.477776341323,630.747440881521,0.269664540198619,0.74744088152147,1
1349,1,-2.16228037707289e-15,0.00105443013438045,0.00105443013438045,90.0000000001175,630.477776341321,630.747440881521,0.269664540200552,0.74744088152147,1
1350,1,-2.24125569132914e-15,0.00105443013438058,0.00105443013438058,90.0000000001218,630.47777634132,630.747440881521,0.269664540201461,0.74744088152147,1
1351,1,-2.31304864992179e-15,0.00105443013438071,0.00105443013438071,90.0000000001257,630.47777634132,630.747440881521,0.269664540201461,0.74744088152147,1
1352,1,-2.37742918424919e-15,0.00105443013438084,0.00105443013438084,90.0000000001292,630.477776341318,630.747440881521,0.26966454020328,0.74744088152147,1
1353,1,-2.43419097965609e-15,0.00105443013438097,0.00105443013438097,90.0000000001323,630.477776341318,630.747440881521,0.26966454020328,0.74744088152147,1
1354,1,-2.48315213659201e-15,0.00105443013438111,0.00105443013438111,90.0000000001349,630.477776341316,630.747440881521,0.269664540205213,0.74744088152147,1
1355,1,-2.52415575352887e-15,0.00105443013438126,0.00105443013438126,90.0000000001372,630.477776341316,630.747440881521,0.269664540205213,0.74744088152147,1
1356,1,-2.5570704297695e-15,0.0010544301343814,0.0010544301343814,90.000000000139,630.477776341316,630.747440881521,0.269664540205213,0.74744088152147,1
1357,1,-2.581790686536e-15,0.00105443013438155,0.00105443013438155,90.0000000001403,630.477776341315,630.747440881521,0.269664540206122,0.74744088152147,1
1358,1,-2.59823730498829e-15,0.00105443013438169,0.00105443013438169,90.0000000001412,630.477776341315,630.747440881521,0.269664540206122,0.74744088152147,1
1359,1,-2.60635758008979e-15,0.00105443013438184,0.00105443013438184,90.0000000001416,630.477776341315,630.74744088152,0.26966454020419,0.747440881519537,1
1360,1,-2.60612548950663e-15,0.00105443013438199,0.00105443013438199,90.0000000001416,630.477776341314,630.74744088152,0.269664540206008,0.747440881519537,1
1361,1,-2.59754177699918e-15,0.00105443013438213,0.00105443013438213,90.0000000001412,630.477776341314,630.74744088152,0.269664540206008,0.747440881519537,1
1362,1,-2.58063395003852e-15,0.00105443013438228,0.00105443013438228,90.0000000001402,630.477776341314,630.747440881519,0.269664540205099,0.747440881518628,1
1363,1,-2.55545619165571e-15,0.00105443013438243,0.00105443013438243,90.0000000001389,630.477776341314,630.747440881519,0.269664540205099,0.747440881518628,1
1364,1,-2.52208918680617e-15,0.00105443013438257,0.00105443013438257,90.000000000137,630.477776341314,630.747440881519,0.269664540205099,0.747440881518628,1
1365,1,-2.48063986380563e-15,0.00105443013438271,0.00105443013438271,90.0000000001348,630.477776341314,630.747440881517,0.26966454020328,0.747440881516809,1
1366,1,-2.43124105166643e-15,0.00105443013438285,0.00105443013438285,90.0000000001321,630.477776341312,630.747440881517,0.269664540205213,0.747440881516809,1
1367,1,-2.37405105443191e-15,0.00105443013438299,0.00105443013438299,90.000000000129,630.477776341312,630.747440881515,0.26966454020328,0.747440881514876,1
1368,1,-2.30925314387341e-15,0.00105443013438312,0.00105443013438312,90.0000000001255,630.477776341312,630.747440881515,0.26966454020328,0.747440881514876,1
1369,1,-2.23705497217521e-15,0.00105443013438325,0.00105443013438325,90.0000000001216,630.477776341314,630.747440881514,0.269664540200438,0.747440881513967,1
1370,1,-2.15768790648988e-15,0.00105443013438337,0.00105443013438337,90.0000000001173,630.477776341314,630.747440881514,0.269664540200438,0.747440881513967,1
1371,1,-2.0714062874961e-15,0.00105443013438349,0.00105443013438349,90.0000000001126,630.477776341314,630.747440881512,0.269664540198619,0.747440881512148,1
1372,1,-1.97848661433556e-15,0.00105443013438361,0.00105443013438361,90.0000000001075,630.477776341314,630.74744088151,0.269664540196686,0.747440881510215,1
1373,1,-1.87922665854022e-15,0.00105443013438372,0.00105443013438372,90.0000000001021,630.477776341314,630.74744088151,0.269664540196686,0.747440881510215,1
1374,1,-1.77394450979008e-15,0.00105443013438382,0.00105443013438382,90.0000000000964,630.477776341314,630.747440881509,0.269664540195777,0.747440881509306,1
1375,1,-1.66297755655908e-15,0.00105443013438392,0.00105443013438392,90.0000000000904,630.477776341315,630.747440881509,0.269664540193958,0.747440881509306,1
1376,1,-1.54668140491574e-15,0.00105443013438401,0.00105443013438401,90.0000000000841,630.477776341315,630.747440881507,0.269664540192139,0.747440881507487,1
1377,1,-1.42542873894371e-15,0.00105443013438409,0.00105443013438409,90.0000000000775,630.477776341315,630.747440881506,0.269664540190206,0.747440881505554,1
1378,1,-1.29960812643352e-15,0.00105443013438417,0.00105443013438417,90.0000000000706,630.477776341316,630.747440881506,0.269664540189297,0.747440881505554,1
1379,1,-1.16962277367374e-15,0.00105443013438424,0.00105443013438424,90.0000000000636,630.477776341316,630.747440881505,0.269664540188387,0.747440881504644,1
1380,1,-1.03588923333083e-15,0.0010544301343843,0.0010544301343843,90.0000000000563,630.477776341318,630.747440881503,0.269664540184635,0.747440881502826,1
1381,1,-8.98836069559579e-16,0.00105443013438436,0.00105443013438436,90.0000000000489,630.477776341318,630.747440881503,0.269664540184635,0.747440881502826,1
1382,1,-7.58902484620927e-16,0.0010544301343844,0.0010544301343844,90.0000000000412,630.477776341318,630.747440881501,0.269664540182816,0.747440881501007,1
1383,1,-6.1653691140904e-16,0.00105443013438444,0.00105443013438444,90.0000000000335,630.47777634132,630.7474408815,0.269664540179974,0.747440881499983,1
1384,1,-4.72195576397844e-16,0.00105443013438447,0.00105443013438447,90.0000000000257,630.477776341321,630.7474408815,0.269664540179065,0.747440881499983,1
1385,1,-3.26341037611782e-16,0.0010544301343845,0.0010544301343845,90.0000000000177,630.477776341321,630.747440881498,0.269664540177246,0.747440881498164,1
1386,1,-1.79440702306943e-16,0.00105443013438451,0.00105443013438451,90.0000000000098,630.477776341323,630.747440881496,0.269664540173494,0.747440881496345,1
1387,1,-3.19653291117075e-17,0.00105443013438452,0.00105443013438452,90.0000000000017,630.477776341323,630.747440881496,0.269664540173494,0.747440881496345,1
1388,1,1.15612480571873e-16,0.00105443013438451,0.00105443013438451,89.9999999999937,630.477776341323,630.747440881496,0.269664540173494,0.747440881496345,1
1389,1,2.62819797072621e-16,0.0010544301343845,0.0010544301343845,89.9999999999857,630.477776341321,630.747440881498,0.269664540177246,0.747440881498164,1
1390,1,4.0918487800639e-16,0.00105443013438448,0.00105443013438448,89.9999999999778,630.477776341321,630.747440881498,0.269664540177246,0.747440881498164,1
1391,1,5.54238680027417e-16,0.00105443013438446,0.00105443013438446,89.9999999999699,630.47777634132,630.7474408815,0.269664540179974,0.747440881499983,1
1392,1,6.97516361930685e-16,0.00105443013438442,0.00105443013438442,89.9999999999621,630.47777634132,630.747440881501,0.269664540180997,0.747440881501007,1
1393,1,8.38558774287491e-16,0.00105443013438438,0.00105443013438438,89.9999999999544,630.477776341318,630.747440881501,0.269664540182816,0.747440881501007,1
1394,1,9.76913930841666e-16,0.00105443013438433,0.00105443013438433,89.9999999999469,630.477776341318,630.747440881503,0.269664540184635,0.747440881502826,1
1395,1,1.11213845695003e-15,0.00105443013438427,0.00105443013438427,89.9999999999396,630.477776341316,630.747440881505,0.269664540188387,0.747440881504644,1
1396,1,1.24379901042651e-15,0.0010544301343842,0.0010544301343842,89.9999999999324,630.477776341316,630.747440881505,0.269664540188387,0.747440881504644,1
1397,1,1.37147367023563e-15,0.00105443013438413,0.00105443013438413,89.9999999999255,630.477776341315,630.747440881506,0.269664540190206,0.747440881505554,1
1398,1,1.49475328858605e-15,0.00105443013438405,0.00105443013438405,89.9999999999188,630.477776341315,630.747440881507,0.269664540192139,0.747440881507487,1
1399,1,1.61324280209058e-15,0.00105443013438396,0.00105443013438396,89.9999999999123,630.477776341315,630.747440881507,0.269664540192139,0.747440881507487,1
1400,1,1.72656249779106e-15,0.00105443013438386,0.00105443013438386,89.9999999999062,630.477776341314,630.747440881509,0.269664540195777,0.747440881509306,1
1401,1,1.83434922999143e-15,0.00105443013438376,0.00105443013438376,89.9999999999003,630.477776341314,630.74744088151,0.269664540196686,0.747440881510215,1
1402,1,1.93625758399866e-15,0.00105443013438365,0.00105443013438365,89.9999999998948,630.477776341314,630.74744088151,0.269664540196686,0.747440881510215,1
1403,1,2.03196098304318e-15,0.00105443013438354,0.00105443013438354,89.9999999998896,630.477776341314,630.747440881512,0.269664540198619,0.747440881512148,1
1404,1,2.12115273483062e-15,0.00105443013438343,0.00105443013438343,89.9999999998847,630.477776341314,630.747440881512,0.269664540198619,0.747440881512148,1
1405,1,2.20354701437187e-15,0.0010544301343833,0.0010544301343833,89.9999999998803,630.477776341314,630.747440881514,0.269664540200438,0.747440881513967,1
1406,1,2.27887977994133e-15,0.00105443013438318,0.00105443013438318,89.9999999998762,630.477776341312,630.747440881514,0.269664540202371,0.747440881513967,1
1407,1,2.34690961922819e-15,0.00105443013438304,0.00105443013438304,89.9999999998725,630.477776341312,630.747440881515,0.26966454020328,0.747440881514876,1
1408,1,2.40741852296948e-15,0.00105443013438291,0.00105443013438291,89.9999999998692,630.477776341312,630.747440881517,0.269664540205213,0.747440881516809,1
1409,1,2.46021258358506e-15,0.00105443013438277,0.00105443013438277,89.9999999998663,630.477776341312,630.747440881517,0.269664540205213,0.747440881516809,1
1410,1,2.50512261657642e-15,0.00105443013438263,0.00105443013438263,89.9999999998639,630.477776341314,630.747440881517,0.26966454020328,0.747440881516809,1
1411,1,2.54200470269725e-15,0.00105443013438249,0.00105443013438249,89.9999999998619,630.477776341314,630.747440881519,0.269664540205099,0.747440881518628,1
1412,1,2.57074064915896e-15,0.00105443013438234,0.00105443013438234,89.9999999998603,630.477776341314,630.747440881519,0.269664540205099,0.747440881518628,1
1413,1,2.59123836839268e-15,0.0010544301343822,0.0010544301343822,89.9999999998592,630.477776341314,630.74744088152,0.269664540206008,0.747440881519537,1
1414,1,2.60343217315424e-15,0.00105443013438205,0.00105443013438205,89.9999999998585,630.477776341314,630.74744088152,0.269664540206008,0.747440881519537,1
1415,1,2.60728298702635e-15,0.0010544301343819,0.0010544301343819,89.9999999998583,630.477776341315,630.74744088152,0.26966454020419,0.747440881519537,1
1416,1,2.60277846964331e-15,0.00105443013438176,0.00105443013438176,89.9999999998586,630.477776341315,630.747440881521,0.269664540206122,0.74744088152147,1
1417,1,2.58993305623715e-15,0.00105443013438161,0.00105443013438161,89.9999999998593,630.477776341315,630.747440881521,0.269664540206122,0.74744088152147,1
1418,1,2.5687879113783e-15,0.00105443013438146,0.00105443013438146,89.9999999998604,630.477776341315,630.747440881521,0.269664540206122,0.74744088152147,1
1419,1,2.53941079705905e-15,0.00105443013438132,0.00105443013438132,89.999999999862,630.477776341316,630.747440881521,0.269664540205213,0.74744088152147,1
1420,1,2.50189585554273e-15,0.00105443013438118,0.00105443013438118,89.999999999864,630.477776341316,630.747440881521,0.269664540205213,0.74744088152147,1
1421,1,2.45636330767415e-15,0.00105443013438103,0.00105443013438103,89.9999999998665,630.477776341318,630.747440881521,0.26966454020328,0.74744088152147,1
1422,1,2.40295906761842e-15,0.0010544301343809,0.0010544301343809,89.9999999998694,630.477776341318,630.747440881521,0.26966454020328,0.74744088152147,1
1423,1,2.34185427526271e-15,0.00105443013438076,0.00105443013438076,89.9999999998728,630.47777634132,630.747440881521,0.269664540201461,0.74744088152147,1
1424,1,2.27324474777908e-15,0.00105443013438063,0.00105443013438063,89.9999999998765,630.47777634132,630.747440881521,0.269664540201461,0.74744088152147,1
1425,1,2.19735035210655e-15,0.00105443013438051,0.00105443013438051,89.9999999998806,630.477776341321,630.747440881521,0.269664540200552,0.74744088152147,1
1426,1,2.11441430036259e-15,0.00105443013438038,0.00105443013438038,89.9999999998851,630.477776341321,630.747440881521,0.269664540200552,0.74744088152147,1
1427,1,2.02470237044277e-15,0.00105443013438027,0.00105443013438027,89.99999999989,630.477776341323,630.747440881521,0.269664540198619,0.74744088152147,1
1428,1,1.92850205430543e-15,0.00105443013438015,0.00105443013438015,89.9999999998952,630.477776341325,630.747440881521,0.2696645401968,0.74744088152147,1
1429,1,1.82612163667161e-15,0.00105443013438005,0.00105443013438005,89.9999999999008,630.477776341325,630.747440881521,0.2696645401968,0.74744088152147,1
1430,1,1.71788920709182e-15,0.00105443013437995,0.00105443013437995,89.9999999999067,630.477776341326,630.747440881521,0.26966454019589,0.74744088152147,1
1431,1,1.60415160854634e-15,0.00105443013437985,0.00105443013437985,89.9999999999128,630.477776341326,630.74744088152,0.269664540193958,0.747440881519537,1
1432,1,1.48527332594796e-15,0.00105443013437977,0.00105443013437977,89.9999999999193,630.477776341328,630.74744088152,0.269664540192025,0.747440881519537,1
1433,1,1.36163531810895e-15,0.00105443013437969,0.00105443013437969,89.999999999926,630.477776341329,630.74744088152,0.269664540190206,0.747440881519537,1
1434,1,1.23363379691599e-15,0.00105443013437961,0.00105443013437961,89.999999999933,630.477776341329,630.747440881519,0.269664540189297,0.747440881518628,1
1435,1,1.1016789576244e-15,0.00105443013437955,0.00105443013437955,89.9999999999401,630.47777634133,630.747440881519,0.269664540188387,0.747440881518628,1
1436,1,9.66193664341628e-16,0.00105443013437949,0.00105443013437949,89.9999999999475,630.477776341332,630.747440881517,0.269664540184635,0.747440881516809,1
1437,1,8.27612094911477e-16,0.00105443013437944,0.00105443013437944,89.999999999955,630.477776341332,630.747440881517,0.269664540184635,0.747440881516809,1
1438,1,6.86378349542522e-16,0.00105443013437939,0.00105443013437939,89.9999999999627,630.477776341334,630.747440881515,0.269664540180884,0.747440881514876,1
1439,1,5.4294502763921e-16,0.00105443013437936,0.00105443013437936,89.9999999999705,630.477776341335,630.747440881515,0.269664540179974,0.747440881514876,1
1440,1,3.97771777395963e-16,0.00105443013437933,0.00105443013437933,89.9999999999784,630.477776341335,630.747440881514,0.269664540179065,0.747440881513967,1
1441,1,2.51323822803195e-16,0.00105443013437931,0.00105443013437931,89.9999999999863,630.477776341337,630.747440881514,0.269664540177132,0.747440881513967,1
1442,1,1.0407047278447e-16,0.0010544301343793,0.0010544301343793,89.9999999999943,630.477776341339,630.747440881512,0.269664540173494,0.747440881512148,1
1443,1,-4.3516382756373e-17,0.0010544301343793,0.0010544301343793,90.0000000000024,630.477776341339,630.747440881512,0.269664540173494,0.747440881512148,1
1444,1,-1.90963785159728e-16,0.00105443013437931,0.00105443013437931,90.0000000000104,630.477776341337,630.747440881514,0.269664540177132,0.747440881513967,1
1445,1,-3.37799222659089e-16,0.00105443013437932,0.00105443013437932,90.0000000000184,630.477776341337,630.747440881514,0.269664540177132,0.747440881513967,1
1446,1,-4.83552144598348e-16,0.00105443013437935,0.00105443013437935,90.0000000000263,630.477776341335,630.747440881515,0.269664540179974,0.747440881514876,1
1447,1,-6.27755469364125e-16,0.00105443013437938,0.00105443013437938,90.0000000000341,630.477776341334,630.747440881515,0.269664540180884,0.747440881514876,1
1448,1,-7.69947081201172e-16,0.00105443013437942,0.00105443013437942,90.0000000000418,630.477776341334,630.747440881517,0.269664540182816,0.747440881516809,1
1449,1,-9.09671311114474e-16,0.00105443013437947,0.00105443013437947,90.0000000000494,630.477776341332,630.747440881517,0.269664540184635,0.747440881516809,1
1450,1,-1.04648039711146e-15,0.00105443013437952,0.00105443013437952,90.0000000000569,630.47777634133,630.747440881519,0.269664540188387,0.747440881518628,1
1451,1,-1.17993591910587e-15,0.00105443013437958,0.00105443013437958,90.0000000000641,630.47777634133,630.747440881519,0.269664540188387,0.747440881518628,1
1452,1,-1.30961020388395e-15,0.00105443013437965,0.00105443013437965,90.0000000000712,630.477776341329,630.747440881519,0.269664540189297,0.747440881518628,1
1453,1,-1.43508769563151e-15,0.00105443013437973,0.00105443013437973,90.000000000078,630.477776341328,630.74744088152,0.269664540192025,0.747440881519537,1
1454,1,-1.5559662876291e-15,0.00105443013437982,0.00105443013437982,90.0000000000846,630.477776341328,630.74744088152,0.269664540192025,0.747440881519537,1
1455,1,-1.67185861084814e-15,0.00105443013437991,0.00105443013437991,90.0000000000908,630.477776341326,630.74744088152,0.269664540193958,0.747440881519537,1
1456,1,-1.78239327531866e-15,0.00105443013438001,0.00105443013438001,90.0000000000969,630.477776341325,630.747440881521,0.2696645401968,0.74744088152147,1
1457,1,-1.88721606028994e-15,0.00105443013438011,0.00105443013438011,90.0000000001026,630.477776341325,630.747440881521,0.2696645401968,0.74744088152147,1
1458,1,-1.98599104937096e-15,0.00105443013438022,0.00105443013438022,90.0000000001079,630.477776341323,630.747440881521,0.269664540198619,0.74744088152147,1
1459,1,-2.07840170701197e-15,0.00105443013438033,0.00105443013438033,90.0000000001129,630.477776341323,630.747440881521,0.269664540198619,0.74744088152147,1
1460,1,-2.16415189287847e-15,0.00105443013438045,0.00105443013438045,90.0000000001176,630.477776341321,630.747440881521,0.269664540200552,0.74744088152147,1
1461,1,-2.24296681086591e-15,0.00105443013438058,0.00105443013438058,90.0000000001219,630.47777634132,630.747440881521,0.269664540201461,0.74744088152147,1
1462,1,-2.31459388971494e-15,0.00105443013438071,0.00105443013438071,90.0000000001258,630.47777634132,630.747440881521,0.269664540201461,0.74744088152147,1
1463,1,-2.37880359240423e-15,0.00105443013438084,0.00105443013438084,90.0000000001293,630.477776341318,630.747440881521,0.26966454020328,0.74744088152147,1
1464,1,-2.43539015172765e-15,0.00105443013438098,0.00105443013438098,90.0000000001323,630.477776341318,630.747440881521,0.26966454020328,0.74744088152147,1
1465,1,-2.48417222969848e-15,0.00105443013438112,0.00105443013438112,90.000000000135,630.477776341316,630.747440881521,0.269664540205213,0.74744088152147,1
1466,1,-2.52499349866726e-15,0.00105443013438126,0.00105443013438126,90.0000000001372,630.477776341316,630.747440881521,0.269664540205213,0.74744088152147,1
1467,1,-2.55772314229142e-15,0.0010544301343814,0.0010544301343814,90.000000000139,630.477776341316,630.747440881521,0.269664540205213,0.74744088152147,1
1468,1,-2.58225627475083e-15,0.00105443013438155,0.00105443013438155,90.0000000001403,630.477776341315,630.747440881521,0.269664540206122,0.74744088152147,1
1469,1,-2.59851427686629e-15,0.0010544301343817,0.0010544301343817,90.0000000001412,630.477776341315,630.747440881521,0.269664540206122,0.74744088152147,1
1470,1,-2.60644504804346e-15,0.00105443013438184,0.00105443013438184,90.0000000001416,630.477776341315,630.74744088152,0.26966454020419,0.747440881519537,1
1471,1,-2.6060231732351e-15,0.00105443013438199,0.00105443013438199,90.0000000001416,630.477776341314,630.74744088152,0.269664540206008,0.747440881519537,1
1472,1,-2.59725000438642e-15,0.00105443013438214,0.00105443013438214,90.0000000001411,630.477776341314,630.74744088152,0.269664540206008,0.747440881519537,1
1473,1,-2.58015365610265e-15,0.00105443013438228,0.00105443013438228,90.0000000001402,630.477776341314,630.747440881519,0.269664540205099,0.747440881518628,1
1474,1,-2.55478891555261e-15,0.00105443013438243,0.00105443013438243,90.0000000001388,630.477776341314,630.747440881519,0.269664540205099,0.747440881518628,1
1475,1,-2.52123706689707e-15,0.00105443013438257,0.00105443013438257,90.000000000137,630.477776341314,630.747440881519,0.269664540205099,0.747440881518628,1
1476,1,-2.47960563080452e-15,0.00105443013438271,0.00105443013438271,90.0000000001347,630.477776341314,630.747440881517,0.26966454020328,0.747440881516809,1
1477,1,-2.43002801988916e-15,0.00105443013438285,0.00105443013438285,90.0000000001321,630.477776341312,630.747440881517,0.269664540205213,0.747440881516809,1
1478,1,-2.3726631111751e-15,0.00105443013438299,0.00105443013438299,90.0000000001289,630.477776341312,630.747440881515,0.26966454020328,0.747440881514876,1
1479,1,-2.30769473695713e-15,0.00105443013438312,0.00105443013438312,90.0000000001254,630.477776341312,630.747440881515,0.26966454020328,0.747440881514876,1
1480,1,-2.23533109568955e-15,0.00105443013438325,0.00105443013438325,90.0000000001215,630.477776341314,630.747440881514,0.269664540200438,0.747440881513967,1
1481,1,-2.15580408479067e-15,0.00105443013438338,0.00105443013438338,90.0000000001171,630.477776341314,630.747440881514,0.269664540200438,0.747440881513967,1
1482,1,-2.06936855750166e-15,0.0010544301343835,0.0010544301343835,90.0000000001125,630.477776341314,630.747440881512,0.269664540198619,0.747440881512148,1
1483,1,-1.97630150618054e-15,0.00105443013438361,0.00105443013438361,90.0000000001074,630.477776341314,630.74744088151,0.269664540196686,0.747440881510215,1
1484,1,-1.87690117464923e-15,0.00105443013438372,0.00105443013438372,90.000000000102,630.477776341314,630.74744088151,0.269664540196686,0.747440881510215,1
1485,1,-1.77148610243752e-15,0.00105443013438382,0.00105443013438382,90.0000000000963,630.477776341314,630.747440881509,0.269664540195777,0.747440881509306,1
1486,1,-1.66039410398748e-15,0.00105443013438392,0.00105443013438392,90.0000000000902,630.477776341315,630.747440881509,0.269664540193958,0.747440881509306,1
1487,1,-1.54398118608916e-15,0.00105443013438401,0.00105443013438401,90.0000000000839,630.477776341315,630.747440881507,0.269664540192139,0.747440881507487,1
1488,1,-1.42262040701667e-15,0.00105443013438409,0.00105443013438409,90.0000000000773,630.477776341315,630.747440881506,0.269664540190206,0.747440881505554,1
1489,1,-1.29670068102127e-15,0.00105443013438417,0.00105443013438417,90.0000000000705,630.477776341316,630.747440881506,0.269664540189297,0.747440881505554,1
1490,1,-1.16662553201168e-15,0.00105443013438424,0.00105443013438424,90.0000000000634,630.477776341316,630.747440881505,0.269664540188387,0.747440881504644,1
1491,1,-1.03281180041666e-15,0.0010544301343843,0.0010544301343843,90.0000000000561,630.477776341318,630.747440881503,0.269664540184635,0.747440881502826,1
1492,1,-8.95688307372757e-16,0.00105443013438436,0.00105443013438436,90.0000000000487,630.477776341318,630.747440881503,0.269664540184635,0.747440881502826,1
1493,1,-7.55694480519056e-16,0.0010544301343844,0.0010544301343844,90.0000000000411,630.477776341318,630.747440881501,0.269664540182816,0.747440881501007,1
1494,1,-6.13278945801715e-16,0.00105443013438444,0.00105443013438444,90.0000000000333,630.47777634132,630.7474408815,0.269664540179974,0.747440881499983,1
1495,1,-4.68898089801807e-16,0.00105443013438447,0.00105443013438447,90.0000000000255,630.477776341321,630.7474408815,0.269664540179065,0.747440881499983,1
1496,1,-3.2301459719337e-16,0.0010544301343845,0.0010544301343845,90.0000000000176,630.477776341321,630.747440881498,0.269664540177246,0.747440881498164,1
1497,1,-1.76095968018121e-16,0.00105443013438451,0.00105443013438451,90.0000000000096,630.477776341323,630.747440881496,0.269664540173494,0.747440881496345,1
1498,1,-2.86130195293534e-17,0.00105443013438452,0.00105443013438452,90.0000000000016,630.477776341323,630.747440881496,0.269664540173494,0.747440881496345,1
1499,1,1.18961622595151e-16,0.00105443013438451,0.00105443013438451,89.9999999999935,630.477776341323,630.747440881496,0.269664540173494,0.747440881496345,1
1500,1,2.66155038834903e-16,0.0010544301343845,0.0010544301343845,89.9999999999855,630.477776341321,630.747440881498,0.269664540177246,0.747440881498164,1
1501,1,4.1249553135074e-16,0.00105443013438448,0.00105443013438448,89.9999999999776,630.477776341321,630.747440881498,0.269664540177246,0.747440881498164,1
1502,1,5.57514135593249e-16,0.00105443013438446,0.00105443013438446,89.9999999999697,630.47777634132,630.7474408815,0.269664540179974,0.747440881499983,1
1503,1,7.00746123152611e-16,0.00105443013438442,0.00105443013438442,89.9999999999619,630.47777634132,630.747440881501,0.269664540180997,0.747440881501007,1
1504,1,8.41732491032889e-16,0.00105443013438438,0.00105443013438438,89.9999999999543,630.477776341318,630.747440881501,0.269664540182816,0.747440881501007,1
1505,1,9.80021432578593e-16,0.00105443013438432,0.00105443013438432,89.9999999999467,630.477776341318,630.747440881503,0.269664540184635,0.747440881502826,1
1506,1,1.11516978534011e-15,0.00105443013438427,0.00105443013438427,89.9999999999394,630.477776341316,630.747440881505,0.269664540188387,0.747440881504644,1
1507,1,1.2467444512373e-15,0.0010544301343842,0.0010544301343842,89.9999999999323,630.477776341316,630.747440881505,0.269664540188387,0.747440881504644,1
1508,1,1.3743237844712e-15,0.00105443013438412,0.00105443013438412,89.9999999999253,630.477776341315,630.747440881506,0.269664540190206,0.747440881505554,1
1509,1,1.49749894273509e-15,0.00105443013438404,0.00105443013438404,89.9999999999186,630.477776341315,630.747440881507,0.269664540192139,0.747440881507487,1
1510,1,1.61587519739587e-15,0.00105443013438395,0.00105443013438395,89.9999999999122,630.477776341315,630.747440881507,0.269664540192139,0.747440881507487,1
1511,1,1.72907319844616e-15,0.00105443013438386,0.00105443013438386,89.9999999999061,630.477776341314,630.747440881509,0.269664540195777,0.747440881509306,1
1512,1,1.83673019017396e-15,0.00105443013438376,0.00105443013438376,89.9999999999002,630.477776341314,630.74744088151,0.269664540196686,0.747440881510215,1
1513,1,1.93850117365428e-15,0.00105443013438365,0.00105443013438365,89.9999999998947,630.477776341314,630.74744088151,0.269664540196686,0.747440881510215,1
1514,1,2.03406001233672e-15,0.00105443013438354,0.00105443013438354,89.9999999998895,630.477776341314,630.747440881512,0.269664540198619,0.747440881512148,1
1515,1,2.12310047718693e-15,0.00105443013438342,0.00105443013438342,89.9999999998846,630.477776341314,630.747440881512,0.269664540198619,0.747440881512148,1
1516,1,2.20533722803173e-15,0.0010544301343833,0.0010544301343833,89.9999999998802,630.477776341314,630.747440881514,0.269664540200438,0.747440881513967,1
1517,1,2.28050672796393e-15,0.00105443013438317,0.00105443013438317,89.9999999998761,630.477776341312,630.747440881514,0.269664540202371,0.747440881513967,1
1518,1,2.34836808787581e-15,0.00105443013438304,0.00105443013438304,89.9999999998724,630.477776341312,630.747440881515,0.26966454020328,0.747440881514876,1
1519,1,2.40870383841547e-15,0.00105443013438291,0.00105443013438291,89.9999999998691,630.477776341312,630.747440881517,0.269664540205213,0.747440881516809,1
1520,1,2.46132062689171e-15,0.00105443013438277,0.00105443013438277,89.9999999998663,630.477776341312,630.747440881517,0.269664540205213,0.747440881516809,1
1521,1,2.50604983689442e-15,0.00105443013438263,0.00105443013438263,89.9999999998638,630.477776341314,630.747440881517,0.26966454020328,0.747440881516809,1
1522,1,2.54274812864495e-15,0.00105443013438249,0.00105443013438249,89.9999999998618,630.477776341314,630.747440881519,0.269664540205099,0.747440881518628,1
1523,1,2.57129789834438e-15,0.00105443013438234,0.00105443013438234,89.9999999998603,630.477776341314,630.747440881519,0.269664540205099,0.747440881518628,1
1524,1,2.5916076550482e-15,0.00105443013438219,0.00105443013438219,89.9999999998592,630.477776341314,630.74744088152,0.269664540206008,0.747440881519537,1
1525,1,2.60361231385929e-15,0.00105443013438205,0.00105443013438205,89.9999999998585,630.477776341314,630.74744088152,0.269664540206008,0.747440881519537,1
1526,1,2.60727340449979e-15,0.0010544301343819,0.0010544301343819,89.9999999998583,630.477776341315,630.74744088152,0.26966454020419,0.747440881519537,1
1527,1,2.60257919459343e-15,0.00105443013438175,0.00105443013438175,89.9999999998586,630.477776341315,630.747440881521,0.269664540206122,0.74744088152147,1
1528,1,2.58954472726324e-15,0.00105443013438161,0.00105443013438161,89.9999999998593,630.477776341315,630.747440881521,0.269664540206122,0.74744088152147,1
1529,1,2.56821177292417e-15,0.00105443013438146,0.00105443013438146,89.9999999998604,630.477776341315,630.747440881521,0.269664540206122,0.74744088152147,1
1530,1,2.53864869542513e-15,0.00105443013438131,0.00105443013438131,89.9999999998621,630.477776341316,630.747440881521,0.269664540205213,0.74744088152147,1
1531,1,2.5009502329693e-15,0.00105443013438117,0.00105443013438117,89.9999999998641,630.477776341316,630.747440881521,0.269664540205213,0.74744088152147,1
1532,1,2.45523719451498e-15,0.00105443013438103,0.00105443013438103,89.9999999998666,630.477776341318,630.747440881521,0.26966454020328,0.74744088152147,1
1533,1,2.40165607262967e-15,0.00105443013438089,0.00105443013438089,89.9999999998695,630.477776341318,630.747440881521,0.26966454020328,0.74744088152147,1
1534,1,2.34037857403819e-15,0.00105443013438076,0.00105443013438076,89.9999999998728,630.47777634132,630.747440881521,0.269664540201461,0.74744088152147,1
1535,1,2.27160106936919e-15,0.00105443013438063,0.00105443013438063,89.9999999998766,630.47777634132,630.747440881521,0.269664540201461,0.74744088152147,1
1536,1,2.19554396386338e-15,0.0010544301343805,0.0010544301343805,89.9999999998807,630.477776341321,630.747440881521,0.269664540200552,0.74744088152147,1
1537,1,2.11245099106025e-15,0.00105443013438038,0.00105443013438038,89.9999999998852,630.477776341321,630.747440881521,0.269664540200552,0.74744088152147,1
1538,1,2.02258843172644e-15,0.00105443013438026,0.00105443013438026,89.9999999998901,630.477776341323,630.747440881521,0.269664540198619,0.74744088152147,1
1539,1,1.92624426052928e-15,0.00105443013438015,0.00105443013438015,89.9999999998953,630.477776341325,630.747440881521,0.2696645401968,0.74744088152147,1
1540,1,1.8237272231894e-15,0.00105443013438005,0.00105443013438005,89.9999999999009,630.477776341325,630.747440881521,0.2696645401968,0.74744088152147,1
1541,1,1.71536584707059e-15,0.00105443013437995,0.00105443013437995,89.9999999999068,630.477776341326,630.747440881521,0.26966454019589,0.74744088152147,1
1542,1,1.6015073883768e-15,0.00105443013437985,0.00105443013437985,89.999999999913,630.477776341326,630.74744088152,0.269664540193958,0.747440881519537,1
1543,1,1.48251671933065e-15,0.00105443013437976,0.00105443013437976,89.9999999999194,630.477776341328,630.74744088152,0.269664540192025,0.747440881519537,1
1544,1,1.35877515889955e-15,0.00105443013437968,0.00105443013437968,89.9999999999262,630.477776341329,630.74744088152,0.269664540190206,0.747440881519537,1
1545,1,1.23067925081595e-15,0.00105443013437961,0.00105443013437961,89.9999999999331,630.477776341329,630.747440881519,0.269664540189297,0.747440881518628,1
1546,1,1.0986394928087e-15,0.00105443013437954,0.00105443013437954,89.9999999999403,630.47777634133,630.747440881519,0.269664540188387,0.747440881518628,1
1547,1,9.63079021116678e-16,0.00105443013437949,0.00105443013437949,89.9999999999477,630.477776341332,630.747440881517,0.269664540184635,0.747440881516809,1
1548,1,8.24432254501452e-16,0.00105443013437944,0.00105443013437944,89.9999999999552,630.477776341332,630.747440881517,0.269664540184635,0.747440881516809,1
1549,1,6.83143502103265e-16,0.00105443013437939,0.00105443013437939,89.9999999999629,630.477776341334,630.747440881515,0.269664540180884,0.747440881514876,1
1550,1,5.39665539602768e-16,0.00105443013437936,0.00105443013437936,89.9999999999707,630.477776341335,630.747440881515,0.269664540179974,0.747440881514876,1
1551,1,3.94458158250231e-16,0.00105443013437933,0.00105443013437933,89.9999999999786,630.477776341335,630.747440881514,0.269664540179065,0.747440881513967,1
1552,1,2.4798669141293e-16,0.00105443013437931,0.00105443013437931,89.9999999999865,630.477776341337,630.747440881514,0.269664540177132,0.747440881513967,1
1553,1,1.00720523362206e-16,0.0010544301343793,0.0010544301343793,89.9999999999945,630.477776341339,630.747440881512,0.269664540173494,0.747440881512148,1
1554,1,-4.68684149214251e-17,0.0010544301343793,0.0010544301343793,90.0000000000026,630.477776341339,630.747440881512,0.269664540173494,0.747440881512148,1
1555,1,-1.94307158103828e-16,0.00105443013437931,0.00105443013437931,90.0000000000106,630.477776341337,630.747440881514,0.269664540177132,0.747440881513967,1
1556,1,-3.41123222168089e-16,0.00105443013437932,0.00105443013437932,90.0000000000185,630.477776341337,630.747440881514,0.269664540177132,0.747440881513967,1
1557,1,-4.86846118542339e-16,0.00105443013437935,0.00105443013437935,90.0000000000265,630.477776341335,630.747440881515,0.269664540179974,0.747440881514876,1
1558,1,-6.31008861833497e-16,0.00105443013437938,0.00105443013437938,90.0000000000343,630.477776341334,630.747440881515,0.269664540180884,0.747440881514876,1
1559,1,-7.73149466334316e-16,0.00105443013437942,0.00105443013437942,90.000000000042,630.477776341334,630.747440881517,0.269664540182816,0.747440881516809,1
1560,1,-9.12812426508378e-16,0.00105443013437947,0.00105443013437947,90.0000000000496,630.477776341332,630.747440881517,0.269664540184635,0.747440881516809,1
1561,1,-1.04955017670901e-15,0.00105443013437952,0.00105443013437952,90.000000000057,630.47777634133,630.747440881519,0.269664540188387,0.747440881518628,1
1562,1,-1.18292452545341e-15,0.00105443013437959,0.00105443013437959,90.0000000000643,630.47777634133,630.747440881519,0.269664540188387,0.747440881518628,1
1563,1,-1.31250805965673e-15,0.00105443013437966,0.00105443013437966,90.0000000000713,630.477776341329,630.747440881519,0.269664540189297,0.747440881518628,1
1564,1,-1.4378855143251e-15,0.00105443013437973,0.00105443013437973,90.0000000000781,630.477776341328,630.74744088152,0.269664540192025,0.747440881519537,1
1565,1,-1.55865510331917e-15,0.00105443013437982,0.00105443013437982,90.0000000000847,630.477776341328,630.74744088152,0.269664540192025,0.747440881519537,1
1566,1,-1.67442980692274e-15,0.00105443013437991,0.00105443013437991,90.000000000091,630.477776341326,630.74744088152,0.269664540193958,0.747440881519537,1
1567,1,-1.78483861209106e-15,0.00105443013438001,0.00105443013438001,90.000000000097,630.477776341325,630.747440881521,0.2696645401968,0.74744088152147,1
1568,1,-1.88952770140378e-15,0.00105443013438011,0.00105443013438011,90.0000000001027,630.477776341325,630.747440881521,0.2696645401968,0.74744088152147,1
1569,1,-1.98816158691253e-15,0.00105443013438022,0.00105443013438022,90.000000000108,630.477776341323,630.747440881521,0.269664540198619,0.74744088152147,1
1570,1,-2.08042418524992e-15,0.00105443013438034,0.00105443013438034,90.000000000113,630.477776341323,630.747440881521,0.269664540198619,0.74744088152147,1
1571,1,-2.166019830554e-15,0.00105443013438046,0.00105443013438046,90.0000000001177,630.477776341321,630.747440881521,0.269664540200552,0.74744088152147,1
1572,1,-2.24467422196294e-15,0.00105443013438058,0.00105443013438058,90.000000000122,630.47777634132,630.747440881521,0.269664540201461,0.74744088152147,1
1573,1,-2.31613530264276e-15,0.00105443013438071,0.00105443013438071,90.0000000001259,630.47777634132,630.747440881521,0.269664540201461,0.74744088152147,1
1574,1,-2.38017406753192e-15,0.00105443013438084,0.00105443013438084,90.0000000001293,630.477776341318,630.747440881521,0.26966454020328,0.74744088152147,1
1575,1,-2.43658529721372e-15,0.00105443013438098,0.00105443013438098,90.0000000001324,630.477776341318,630.747440881521,0.26966454020328,0.74744088152147,1
1576,1,-2.48518821556493e-15,0.00105443013438112,0.00105443013438112,90.000000000135,630.477776341316,630.747440881521,0.269664540205213,0.74744088152147,1
1577,1,-2.52582706907325e-15,0.00105443013438126,0.00105443013438126,90.0000000001373,630.477776341316,630.747440881521,0.269664540205213,0.74744088152147,1
1578,1,-2.55837162596692e-15,0.00105443013438141,0.00105443013438141,90.000000000139,630.477776341316,630.747440881521,0.269664540205213,0.74744088152147,1
1579,1,-2.58271759355707e-15,0.00105443013438155,0.00105443013438155,90.0000000001403,630.477776341315,630.747440881521,0.269664540206122,0.74744088152147,1
1580,1,-2.59878695245531e-15,0.0010544301343817,0.0010544301343817,90.0000000001412,630.477776341315,630.747440881521,0.269664540206122,0.74744088152147,1
1581,1,-2.6065282065957e-15,0.00105443013438185,0.00105443013438185,90.0000000001417,630.477776341315,630.74744088152,0.26966454020419,0.747440881519537,1
1582,1,-2.60591654825963e-15,0.00105443013438199,0.00105443013438199,90.0000000001416,630.477776341314,630.74744088152,0.269664540206008,0.747440881519537,1
1583,1,-2.59695393757497e-15,0.00105443013438214,0.00105443013438214,90.0000000001411,630.477776341314,630.74744088152,0.269664540206008,0.747440881519537,1
1584,1,-2.57966909623457e-15,0.00105443013438229,0.00105443013438229,90.0000000001402,630.477776341314,630.747440881519,0.269664540205099,0.747440881518628,1
1585,1,-2.55411741545444e-15,0.00105443013438243,0.00105443013438243,90.0000000001388,630.477776341314,630.747440881519,0.269664540205099,0.747440881518628,1
1586,1,-2.52038077846631e-15,0.00105443013438258,0.00105443013438258,90.000000000137,630.477776341314,630.747440881519,0.269664540205099,0.747440881518628,1
1587,1,-2.47856729811367e-15,0.00105443013438272,0.00105443013438272,90.0000000001347,630.477776341314,630.747440881517,0.26966454020328,0.747440881516809,1
1588,1,-2.42881097039195e-15,0.00105443013438286,0.00105443013438286,90.000000000132,630.477776341312,630.747440881517,0.269664540205213,0.747440881516809,1
1589,1,-2.37127124504339e-15,0.00105443013438299,0.00105443013438299,90.0000000001289,630.477776341312,630.747440881515,0.26966454020328,0.747440881514876,1
1590,1,-2.30613251458233e-15,0.00105443013438313,0.00105443013438313,90.0000000001253,630.477776341312,630.747440881515,0.26966454020328,0.747440881514876,1
1591,1,-2.23360352338874e-15,0.00105443013438325,0.00105443013438325,90.0000000001214,630.477776341314,630.747440881514,0.269664540200438,0.747440881513967,1
1592,1,-2.15391669876341e-15,0.00105443013438338,0.00105443013438338,90.000000000117,630.477776341314,630.747440881514,0.269664540200438,0.747440881513967,1
1593,1,-2.06732740608849e-15,0.0010544301343835,0.0010544301343835,90.0000000001124,630.477776341314,630.747440881512,0.269664540198619,0.747440881512148,1
1594,1,-1.97411313048052e-15,0.00105443013438361,0.00105443013438361,90.0000000001073,630.477776341314,630.74744088151,0.269664540196686,0.747440881510215,1
1595,1,-1.8745725875581e-15,0.00105443013438372,0.00105443013438372,90.0000000001019,630.477776341314,630.74744088151,0.269664540196686,0.747440881510215,1
1596,1,-1.76902476617426e-15,0.00105443013438382,0.00105443013438382,90.0000000000961,630.477776341314,630.747440881509,0.269664540195777,0.747440881509306,1
1597,1,-1.65780790618066e-15,0.00105443013438392,0.00105443013438392,90.0000000000901,630.477776341315,630.747440881507,0.269664540192139,0.747440881507487,1
1598,1,-1.5412784145002e-15,0.00105443013438401,0.00105443013438401,90.0000000000838,630.477776341315,630.747440881507,0.269664540192139,0.747440881507487,1
1599,1,-1.41980972298083e-15,0.0010544301343841,0.0010544301343841,90.0000000000772,630.477776341315,630.747440881506,0.269664540190206,0.747440881505554,1
1600,1,-1.29379109169124e-15,0.00105443013438417,0.00105443013438417,90.0000000000703,630.477776341316,630.747440881506,0.269664540189297,0.747440881505554,1
1601,1,-1.16362636149343e-15,0.00105443013438424,0.00105443013438424,90.0000000000632,630.477776341316,630.747440881505,0.269664540188387,0.747440881504644,1
1602,1,-1.02973265988899e-15,0.0010544301343843,0.0010544301343843,90.000000000056,630.477776341318,630.747440881503,0.269664540184635,0.747440881502826,1
1603,1,-8.92539064287501e-16,0.00105443013438436,0.00105443013438436,90.0000000000485,630.477776341318,630.747440881503,0.269664540184635,0.747440881502826,1
1604,1,-7.52485226979419e-16,0.00105443013438441,0.00105443013438441,90.0000000000409,630.477776341318,630.747440881501,0.269664540182816,0.747440881501007,1
1605,1,-6.10019966221251e-16,0.00105443013438444,0.00105443013438444,90.0000000000332,630.47777634132,630.7474408815,0.269664540179974,0.747440881499983,1
1606,1,-4.6559982794676e-16,0.00105443013438447,0.00105443013438447,90.0000000000253,630.477776341321,630.7474408815,0.269664540179065,0.747440881499983,1
1607,1,-3.19687622714334e-16,0.0010544301343845,0.0010544301343845,90.0000000000174,630.477776341321,630.747440881498,0.269664540177246,0.747440881498164,1
1608,1,-1.72750942578668e-16,0.00105443013438451,0.00105443013438451,90.0000000000094,630.477776341323,630.747440881496,0.269664540173494,0.747440881496345,1
1609,1,-2.52606626392364e-17,0.00105443013438452,0.00105443013438452,90.0000000000014,630.477776341323,630.747440881496,0.269664540173494,0.747440881496345,1
1610,1,1.22310567931573e-16,0.00105443013438451,0.00105443013438451,89.9999999999934,630.477776341323,630.747440881496,0.269664540173494,0.747440881496345,1
1611,1,2.69489840546125e-16,0.0010544301343845,0.0010544301343845,89.9999999999854,630.477776341321,630.747440881498,0.269664540177246,0.747440881498164,1
1612,1,4.15805502689947e-16,0.00105443013438448,0.00105443013438448,89.9999999999774,630.477776341321,630.747440881498,0.269664540177246,0.747440881498164,1
1613,1,5.60788669385488e-16,0.00105443013438446,0.00105443013438446,89.9999999999695,630.47777634132,630.7474408815,0.269664540179974,0.747440881499983,1
1614,1,7.0397472578642e-16,0.00105443013438442,0.00105443013438442,89.9999999999618,630.47777634132,630.747440881501,0.269664540180997,0.747440881501007,1
1615,1,8.44904816088367e-16,0.00105443013438438,0.00105443013438438,89.9999999999541,630.477776341318,630.747440881501,0.269664540182816,0.747440881501007,1
1616,1,9.83127313983765e-16,0.00105443013438432,0.00105443013438432,89.9999999999466,630.477776341318,630.747440881503,0.269664540184635,0.747440881502826,1
1617,1,1.11819926994901e-15,0.00105443013438426,0.00105443013438426,89.9999999999392,630.477776341316,630.747440881505,0.269664540188387,0.747440881504644,1
1618,1,1.2496878307262e-15,0.0010544301343842,0.0010544301343842,89.9999999999321,630.477776341316,630.747440881505,0.269664540188387,0.747440881504644,1
1619,1,1.37717162644978e-15,0.00105443013438412,0.00105443013438412,89.9999999999252,630.477776341315,630.747440881506,0.269664540190206,0.747440881505554,1
1620,1,1.50024212097385e-15,0.00105443013438404,0.00105443013438404,89.9999999999185,630.477776341315,630.747440881507,0.269664540192139,0.747440881507487,1
1621,1,1.61850492107192e-15,0.00105443013438395,0.00105443013438395,89.999999999912,630.477776341315,630.747440881507,0.269664540192139,0.747440881507487,1
1622,1,1.73158104031453e-15,0.00105443013438386,0.00105443013438386,89.9999999999059,630.477776341314,630.747440881509,0.269664540195777,0.747440881509306,1
1623,1,1.83910811357364e-15,0.00105443013438376,0.00105443013438376,89.9999999999001,630.477776341314,630.74744088151,0.269664540196686,0.747440881510215,1
1624,1,1.94074155826254e-15,0.00105443013438365,0.00105443013438365,89.9999999998945,630.477776341314,630.74744088151,0.269664540196686,0.747440881510215,1
1625,1,2.03615567858945e-15,0.00105443013438354,0.00105443013438354,89.9999999998894,630.477776341314,630.747440881512,0.269664540198619,0.747440881512148,1
1626,1,2.12504470928612e-15,0.00105443013438342,0.00105443013438342,89.9999999998845,630.477776341314,630.747440881512,0.269664540198619,0.747440881512148,1
1627,1,2.20712379546723e-15,0.0010544301343833,0.0010544301343833,89.9999999998801,630.477776341314,630.747440881514,0.269664540200438,0.747440881513967,1
1628,1,2.28212990547964e-15,0.00105443013438317,0.00105443013438317,89.999999999876,630.477776341312,630.747440881515,0.26966454020328,0.747440881514876,1
1629,1,2.34982267381706e-15,0.00105443013438304,0.00105443013438304,89.9999999998723,630.477776341312,630.747440881515,0.26966454020328,0.747440881514876,1
1630,1,2.40998517139817e-15,0.0010544301343829,0.0010544301343829,89.999999999869,630.477776341312,630.747440881517,0.269664540205213,0.747440881516809,1
1631,1,2.46242460074034e-15,0.00105443013438277,0.00105443013438277,89.9999999998662,630.477776341312,630.747440881517,0.269664540205213,0.747440881516809,1
1632,1,2.50697291380079e-15,0.00105443013438263,0.00105443013438263,89.9999999998638,630.477776341314,630.747440881517,0.26966454020328,0.747440881516809,1
1633,1,2.54348735050538e-15,0.00105443013438248,0.00105443013438248,89.9999999998618,630.477776341314,630.747440881519,0.269664540205099,0.747440881518628,1
1634,1,2.57185089623939e-15,0.00105443013438234,0.00105443013438234,89.9999999998603,630.477776341314,630.747440881519,0.269664540205099,0.747440881518628,1
1635,1,2.59197265683389e-15,0.00105443013438219,0.00105443013438219,89.9999999998592,630.477776341314,630.74744088152,0.269664540206008,0.747440881519537,1
1636,1,2.60378814984644e-15,0.00105443013438204,0.00105443013438204,89.9999999998585,630.477776341314,630.74744088152,0.269664540206008,0.747440881519537,1
1637,1,2.60725951120223e-15,0.0010544301343819,0.0010544301343819,89.9999999998583,630.477776341315,630.74744088152,0.26966454020419,0.747440881519537,1
1638,1,2.60237561653378e-15,0.00105443013438175,0.00105443013438175,89.9999999998586,630.477776341315,630.747440881521,0.269664540206122,0.74744088152147,1
1639,1,2.58915211683027e-15,0.0010544301343816,0.0010544301343816,89.9999999998593,630.477776341315,630.747440881521,0.269664540206122,0.74744088152147,1
1640,1,2.56763138828212e-15,0.00105443013438146,0.00105443013438146,89.9999999998605,630.477776341315,630.747440881521,0.269664540206122,0.74744088152147,1
1641,1,2.53788239648178e-15,0.00105443013438131,0.00105443013438131,89.9999999998621,630.477776341316,630.747440881521,0.269664540205213,0.74744088152147,1
1642,1,2.50000047541573e-15,0.00105443013438117,0.00105443013438117,89.9999999998642,630.477776341316,630.747440881521,0.269664540205213,0.74744088152147,1
1643,1,2.45410702195595e-15,0.00105443013438103,0.00105443013438103,89.9999999998666,630.477776341318,630.747440881521,0.26966454020328,0.74744088152147,1
1644,1,2.40034910683014e-15,0.00105443013438089,0.00105443013438089,89.9999999998696,630.477776341318,630.747440881521,0.26966454020328,0.74744088152147,1
1645,1,2.33889900331688e-15,0.00105443013438076,0.00105443013438076,89.9999999998729,630.47777634132,630.747440881521,0.269664540201461,0.74744088152147,1
1646,1,2.26995363517671e-15,0.00105443013438063,0.00105443013438063,89.9999999998767,630.47777634132,630.747440881521,0.269664540201461,0.74744088152147,1
1647,1,2.1937339455877e-15,0.0010544301343805,0.0010544301343805,89.9999999998808,630.477776341321,630.747440881521,0.269664540200552,0.74744088152147,1
1648,1,2.11048418910825e-15,0.00105443013438038,0.00105443013438038,89.9999999998853,630.477776341321,630.747440881521,0.269664540200552,0.74744088152147,1
1649,1,2.02047114893599e-15,0.00105443013438026,0.00105443013438026,89.9999999998902,630.477776341323,630.747440881521,0.269664540198619,0.74744088152147,1
1650,1,1.92398328197091e-15,0.00105443013438015,0.00105443013438015,89.9999999998955,630.477776341325,630.747440881521,0.2696645401968,0.74744088152147,1
1651,1,1.82132979442296e-15,0.00105443013438004,0.00105443013438004,89.999999999901,630.477776341325,630.747440881521,0.2696645401968,0.74744088152147,1
1652,1,1.71283965092586e-15,0.00105443013437994,0.00105443013437994,89.9999999999069,630.477776341326,630.747440881521,0.26966454019589,0.74744088152147,1
1653,1,1.59886052033316e-15,0.00105443013437985,0.00105443013437985,89.9999999999131,630.477776341326,630.74744088152,0.269664540193958,0.747440881519537,1
1654,1,1.47975766157413e-15,0.00105443013437976,0.00105443013437976,89.9999999999196,630.477776341328,630.74744088152,0.269664540192025,0.747440881519537,1
1655,1,1.35591275314069e-15,0.00105443013437968,0.00105443013437968,89.9999999999263,630.477776341329,630.74744088152,0.269664540190206,0.747440881519537,1
1656,1,1.22772266995563e-15,0.00105443013437961,0.00105443013437961,89.9999999999333,630.477776341329,630.747440881519,0.269664540189297,0.747440881518628,1
1657,1,1.09559821154239e-15,0.00105443013437954,0.00105443013437954,89.9999999999405,630.47777634133,630.747440881519,0.269664540188387,0.747440881518628,1
1658,1,9.5996278557194e-16,0.00105443013437948,0.00105443013437948,89.9999999999478,630.477776341332,630.747440881517,0.269664540184635,0.747440881516809,1
1659,1,8.21251051005125e-16,0.00105443013437943,0.00105443013437943,89.9999999999554,630.477776341332,630.747440881517,0.269664540184635,0.747440881516809,1
1660,1,6.79907525179426e-16,0.00105443013437939,0.00105443013437939,89.9999999999631,630.477776341334,630.747440881515,0.269664540180884,0.747440881514876,1
1661,1,5.36385159302953e-16,0.00105443013437936,0.00105443013437936,89.9999999999709,630.477776341335,630.747440881515,0.269664540179974,0.747440881514876,1
1662,1,3.91143886921691e-16,0.00105443013437933,0.00105443013437933,89.9999999999788,630.477776341335,630.747440881514,0.269664540179065,0.747440881513967,1
1663,1,2.44649150010527e-16,0.00105443013437931,0.00105443013437931,89.9999999999867,630.477776341337,630.747440881514,0.269664540177132,0.747440881513967,1
1664,1,9.73704074122561e-17,0.0010544301343793,0.0010544301343793,89.9999999999947,630.477776341339,630.747440881512,0.269664540173494,0.747440881512148,1
1665,1,-5.02203695959077e-17,0.0010544301343793,0.0010544301343793,90.0000000000027,630.477776341339,630.747440881512,0.269664540173494,0.747440881512148,1
1666,1,-1.97650209787577e-16,0.00105443013437931,0.00105443013437931,90.0000000000107,630.477776341337,630.747440881514,0.269664540177132,0.747440881513967,1
1667,1,-3.44446657676324e-16,0.00105443013437932,0.00105443013437932,90.0000000000187,630.477776341337,630.747440881514,0.269664540177132,0.747440881513967,1
1668,1,-4.90139287552666e-16,0.00105443013437935,0.00105443013437935,90.0000000000266,630.477776341335,630.747440881515,0.269664540179974,0.747440881514876,1
1669,1,-6.34261211015805e-16,0.00105443013437938,0.00105443013437938,90.0000000000345,630.477776341334,630.747440881515,0.269664540180884,0.747440881514876,1
1670,1,-7.76350573170254e-16,0.00105443013437942,0.00105443013437942,90.0000000000422,630.477776341334,630.747440881517,0.269664540182816,0.747440881516809,1
1671,1,-9.15952032691453e-16,0.00105443013437947,0.00105443013437947,90.0000000000498,630.477776341332,630.747440881517,0.269664540184635,0.747440881516809,1
1672,1,-1.05261822101845e-15,0.00105443013437952,0.00105443013437952,90.0000000000572,630.47777634133,630.747440881519,0.269664540188387,0.747440881518628,1
1673,1,-1.18591117599659e-15,0.00105443013437959,0.00105443013437959,90.0000000000644,630.47777634133,630.747440881519,0.269664540188387,0.747440881518628,1
1674,1,-1.31540374537639e-15,0.00105443013437966,0.00105443013437966,90.0000000000715,630.477776341329,630.74744088152,0.269664540190206,0.747440881519537,1
1675,1,-1.44068095567108e-15,0.00105443013437974,0.00105443013437974,90.0000000000783,630.477776341328,630.74744088152,0.269664540192025,0.747440881519537,1
1676,1,-1.56134134198556e-15,0.00105443013437982,0.00105443013437982,90.0000000000848,630.477776341328,630.74744088152,0.269664540192025,0.747440881519537,1
1677,1,-1.67699823455599e-15,0.00105443013437991,0.00105443013437991,90.0000000000911,630.477776341326,630.74744088152,0.269664540193958,0.747440881519537,1
1678,1,-1.78728099787624e-15,0.00105443013438001,0.00105443013438001,90.0000000000971,630.477776341325,630.747440881521,0.2696645401968,0.74744088152147,1
1679,1,-1.89183621844122e-15,0.00105443013438011,0.00105443013438011,90.0000000001028,630.477776341325,630.747440881521,0.2696645401968,0.74744088152147,1
1680,1,-1.99032883730007e-15,0.00105443013438022,0.00105443013438022,90.0000000001082,630.477776341323,630.747440881521,0.269664540198619,0.74744088152147,1
1681,1,-2.08244322379016e-15,0.00105443013438034,0.00105443013438034,90.0000000001132,630.477776341323,630.747440881521,0.269664540198619,0.74744088152147,1
1682,1,-2.16788418701116e-15,0.00105443013438046,0.00105443013438046,90.0000000001178,630.477776341321,630.747440881521,0.269664540200552,0.74744088152147,1
1683,1,-2.24637792179724e-15,0.00105443013438059,0.00105443013438059,90.0000000001221,630.47777634132,630.747440881521,0.269664540201461,0.74744088152147,1
1684,1,-2.31767288615671e-15,0.00105443013438071,0.00105443013438071,90.000000000126,630.47777634132,630.747440881521,0.269664540201461,0.74744088152147,1
1685,1,-2.3815406073664e-15,0.00105443013438085,0.00105443013438085,90.0000000001294,630.477776341318,630.747440881521,0.26966454020328,0.74744088152147,1
1686,1,-2.43777641413829e-15,0.00105443013438098,0.00105443013438098,90.0000000001325,630.477776341318,630.747440881521,0.26966454020328,0.74744088152147,1
1687,1,-2.48620009251159e-15,0.00105443013438112,0.00105443013438112,90.0000000001351,630.477776341316,630.747440881521,0.269664540205213,0.74744088152147,1
1688,1,-2.52665646336864e-15,0.00105443013438127,0.00105443013438127,90.0000000001373,630.477776341316,630.747440881521,0.269664540205213,0.74744088152147,1
1689,1,-2.55901587972385e-15,0.00105443013438141,0.00105443013438141,90.0000000001391,630.477776341316,630.747440881521,0.269664540205213,0.74744088152147,1
1690,1,-2.58317464219197e-15,0.00105443013438156,0.00105443013438156,90.0000000001404,630.477776341315,630.747440881521,0.269664540206122,0.74744088152147,1
1691,1,-2.5990553313045e-15,0.0010544301343817,0.0010544301343817,90.0000000001412,630.477776341315,630.747440881521,0.269664540206122,0.74744088152147,1
1692,1,-2.60660705560901e-15,0.00105443013438185,0.00105443013438185,90.0000000001417,630.477776341315,630.74744088152,0.26966454020419,0.747440881519537,1
1693,1,-2.60580561475653e-15,0.001054430134382,0.001054430134382,90.0000000001416,630.477776341314,630.74744088152,0.269664540206008,0.747440881519537,1
1694,1,-2.59665357705433e-15,0.00105443013438214,0.00105443013438214,90.0000000001411,630.477776341314,630.74744088152,0.269664540206008,0.747440881519537,1
1695,1,-2.57918027123544e-15,0.00105443013438229,0.00105443013438229,90.0000000001402,630.477776341314,630.747440881519,0.269664540205099,0.747440881518628,1
1696,1,-2.55344169247143e-15,0.00105443013438244,0.00105443013438244,90.0000000001388,630.477776341314,630.747440881519,0.269664540205099,0.747440881518628,1
1697,1,-2.51952032292965e-15,0.00105443013438258,0.00105443013438258,90.0000000001369,630.477776341314,630.747440881519,0.269664540205099,0.747440881518628,1
1698,1,-2.47752486744978e-15,0.00105443013438272,0.00105443013438272,90.0000000001346,630.477776341314,630.747440881517,0.26966454020328,0.747440881516809,1
1699,1,-2.42758990518703e-15,0.00105443013438286,0.00105443013438286,90.0000000001319,630.477776341312,630.747440881517,0.269664540205213,0.747440881516809,1
1700,1,-2.36987545833805e-15,0.001054430134383,0.001054430134383,90.0000000001288,630.477776341312,630.747440881515,0.26966454020328,0.747440881514876,1
1701,1,-2.3045664793319e-15,0.00105443013438313,0.00105443013438313,90.0000000001252,630.477776341312,630.747440881515,0.26966454020328,0.747440881514876,1
1702,1,-2.23187225812911e-15,0.00105443013438326,0.00105443013438326,90.0000000001213,630.477776341314,630.747440881514,0.269664540200438,0.747440881513967,1
1703,1,-2.15202575152861e-15,0.00105443013438338,0.00105443013438338,90.0000000001169,630.477776341314,630.747440881514,0.269664540200438,0.747440881513967,1
1704,1,-2.0652828366314e-15,0.0010544301343835,0.0010544301343835,90.0000000001122,630.477776341314,630.747440881512,0.269664540198619,0.747440881512148,1
1705,1,-1.97192149085363e-15,0.00105443013438361,0.00105443013438361,90.0000000001072,630.477776341314,630.74744088151,0.269664540196686,0.747440881510215,1
1706,1,-1.87224090111686e-15,0.00105443013438372,0.00105443013438372,90.0000000001017,630.477776341314,630.74744088151,0.269664540196686,0.747440881510215,1
1707,1,-1.76656050506979e-15,0.00105443013438383,0.00105443013438383,90.000000000096,630.477776341314,630.747440881509,0.269664540195777,0.747440881509306,1
1708,1,-1.65521896741457e-15,0.00105443013438392,0.00105443013438392,90.0000000000899,630.477776341315,630.747440881507,0.269664540192139,0.747440881507487,1
1709,1,-1.53857309461758e-15,0.00105443013438401,0.00105443013438401,90.0000000000836,630.477776341315,630.747440881507,0.269664540192139,0.747440881507487,1
1710,1,-1.4169966914832e-15,0.0010544301343841,0.0010544301343841,90.000000000077,630.477776341315,630.747440881506,0.269664540190206,0.747440881505554,1
1711,1,-1.29087936325412e-15,0.00105443013438417,0.00105443013438417,90.0000000000701,630.477776341316,630.747440881506,0.269664540189297,0.747440881505554,1
1712,1,-1.16062526707764e-15,0.00105443013438424,0.00105443013438424,90.0000000000631,630.477776341316,630.747440881505,0.269664540188387,0.747440881504644,1
1713,1,-1.02665181683884e-15,0.00105443013438431,0.00105443013438431,90.0000000000558,630.477776341318,630.747440881503,0.269664540184635,0.747440881502826,1
1714,1,-8.89388345510586e-16,0.00105443013438436,0.00105443013438436,90.0000000000483,630.477776341318,630.747440881503,0.269664540184635,0.747440881502826,1
1715,1,-7.49274729308113e-16,0.00105443013438441,0.00105443013438441,90.0000000000407,630.477776341318,630.747440881501,0.269664540182816,0.747440881501007,1
1716,1,-6.06759978055965e-16,0.00105443013438444,0.00105443013438444,90.000000000033,630.47777634132,630.7474408815,0.269664540179974,0.747440881499983,1
1717,1,-4.62300796285857e-16,0.00105443013438447,0.00105443013438447,90.0000000000251,630.477776341321,630.7474408815,0.269664540179065,0.747440881499983,1
1718,1,-3.16360119675412e-16,0.0010544301343845,0.0010544301343845,90.0000000000172,630.477776341321,630.747440881498,0.269664540177246,0.747440881498164,1
1719,1,-1.69405631519053e-16,0.00105443013438451,0.00105443013438451,90.0000000000092,630.477776341323,630.747440881496,0.269664540173494,0.747440881496345,1
1720,1,-2.19082639840957e-17,0.00105443013438452,0.00105443013438452,90.0000000000012,630.477776341323,630.747440881496,0.269664540173494,0.747440881496345,1
1721,1,1.25659311044187e-16,0.00105443013438451,0.00105443013438451,89.9999999999932,630.477776341323,630.747440881496,0.269664540173494,0.747440881496345,1
1722,1,2.7282419669261e-16,0.0010544301343845,0.0010544301343845,89.9999999999852,630.477776341321,630.747440881498,0.269664540177246,0.747440881498164,1
1723,1,4.19114786551496e-16,0.00105443013438448,0.00105443013438448,89.9999999999772,630.477776341321,630.747440881498,0.269664540177246,0.747440881498164,1
1724,1,5.64062275990102e-16,0.00105443013438445,0.00105443013438445,89.9999999999693,630.47777634132,630.7474408815,0.269664540179974,0.747440881499983,1
1725,1,7.07202164494024e-16,0.00105443013438442,0.00105443013438442,89.9999999999616,630.47777634132,630.747440881501,0.269664540180997,0.747440881501007,1
1726,1,8.48075744208989e-16,0.00105443013438437,0.00105443013438437,89.9999999999539,630.477776341318,630.747440881501,0.269664540182816,0.747440881501007,1
1727,1,9.86231569921996e-16,0.00105443013438432,0.00105443013438432,89.9999999999464,630.477776341318,630.747440881503,0.269664540184635,0.747440881502826,1
1728,1,1.12122690576794e-15,0.00105443013438426,0.00105443013438426,89.9999999999391,630.477776341316,630.747440881505,0.269664540188387,0.747440881504644,1
1729,1,1.25262914402666e-15,0.0010544301343842,0.0010544301343842,89.9999999999319,630.477776341316,630.747440881505,0.269664540188387,0.747440881504644,1
1730,1,1.38001719146292e-15,0.00105443013438412,0.00105443013438412,89.999999999925,630.477776341315,630.747440881506,0.269664540190206,0.747440881505554,1
1731,1,1.50298281876682e-15,0.00105443013438404,0.00105443013438404,89.9999999999183,630.477776341315,630.747440881507,0.269664540192139,0.747440881507487,1
1732,1,1.6211319687708e-15,0.00105443013438395,0.00105443013438395,89.9999999999119,630.477776341315,630.747440881507,0.269664540192139,0.747440881507487,1
1733,1,1.73408601924976e-15,0.00105443013438386,0.00105443013438386,89.9999999999058,630.477776341314,630.747440881509,0.269664540195777,0.747440881509306,1
1734,1,1.84148299625885e-15,0.00105443013438375,0.00105443013438375,89.9999999998999,630.477776341314,630.74744088151,0.269664540196686,0.747440881510215,1
1735,1,1.94297873411933e-15,0.00105443013438365,0.00105443013438365,89.9999999998944,630.477776341314,630.74744088151,0.269664540196686,0.747440881510215,1
1736,1,2.03824797833641e-15,0.00105443013438353,0.00105443013438353,89.9999999998893,630.477776341314,630.747440881512,0.269664540198619,0.747440881512148,1
1737,1,2.1269854279137e-15,0.00105443013438342,0.00105443013438342,89.9999999998844,630.477776341314,630.747440881512,0.269664540198619,0.747440881512148,1
1738,1,2.20890671372451e-15,0.00105443013438329,0.00105443013438329,89.99999999988,630.477776341314,630.747440881514,0.269664540200438,0.747440881513967,1
1739,1,2.28374930980479e-15,0.00105443013438317,0.00105443013438317,89.9999999998759,630.477776341312,630.747440881515,0.26966454020328,0.747440881514876,1
1740,1,2.35127337464695e-15,0.00105443013438304,0.00105443013438304,89.9999999998722,630.477776341312,630.747440881515,0.26966454020328,0.747440881514876,1
1741,1,2.41126251979904e-15,0.0010544301343829,0.0010544301343829,89.999999999869,630.477776341312,630.747440881517,0.269664540205213,0.747440881516809,1
1742,1,2.46352450330572e-15,0.00105443013438276,0.00105443013438276,89.9999999998661,630.477776341312,630.747440881517,0.269664540205213,0.747440881516809,1
1743,1,2.50789184576933e-15,0.00105443013438262,0.00105443013438262,89.9999999998637,630.477776341314,630.747440881517,0.26966454020328,0.747440881516809,1
1744,1,2.54422236705635e-15,0.00105443013438248,0.00105443013438248,89.9999999998618,630.477776341314,630.747440881519,0.269664540205099,0.747440881518628,1
1745,1,2.57239964192966e-15,0.00105443013438233,0.00105443013438233,89.9999999998602,630.477776341314,630.747440881519,0.269664540205099,0.747440881518628,1
1746,1,2.59233337314627e-15,0.00105443013438219,0.00105443013438219,89.9999999998591,630.477776341314,630.74744088152,0.269664540206008,0.747440881519537,1
1747,1,2.60395968082497e-15,0.00105443013438204,0.00105443013438204,89.9999999998585,630.477776341314,630.74744088152,0.269664540206008,0.747440881519537,1
1748,1,2.60724130715662e-15,0.00105443013438189,0.00105443013438189,89.9999999998583,630.477776341315,630.74744088152,0.26966454020419,0.747440881519537,1
1749,1,2.60216773580094e-15,0.00105443013438175,0.00105443013438175,89.9999999998586,630.477776341315,630.747440881521,0.269664540206122,0.74744088152147,1
1750,1,2.58875522558736e-15,0.0010544301343816,0.0010544301343816,89.9999999998593,630.477776341315,630.747440881521,0.269664540206122,0.74744088152147,1
1751,1,2.56704675841172e-15,0.00105443013438145,0.00105443013438145,89.9999999998605,630.477776341315,630.747440881521,0.269664540206122,0.74744088152147,1
1752,1,2.537111901496e-15,0.00105443013438131,0.00105443013438131,89.9999999998621,630.477776341316,630.747440881521,0.269664540205213,0.74744088152147,1
1753,1,2.49904658445229e-15,0.00105443013438117,0.00105443013438117,89.9999999998642,630.477776341316,630.747440881521,0.269664540205213,0.74744088152147,1
1754,1,2.45297279186565e-15,0.00105443013438103,0.00105443013438103,89.9999999998667,630.477776341318,630.747440881521,0.26966454020328,0.74744088152147,1
1755,1,2.39903817238069e-15,0.00105443013438089,0.00105443013438089,89.9999999998696,630.477776341318,630.747440881521,0.26966454020328,0.74744088152147,1
1756,1,2.33741556554504e-15,0.00105443013438075,0.00105443013438075,89.999999999873,630.47777634132,630.747440881521,0.269664540201461,0.74744088152147,1
1757,1,2.26830244792545e-15,0.00105443013438062,0.00105443013438062,89.9999999998767,630.47777634132,630.747440881521,0.269664540201461,0.74744088152147,1
1758,1,2.19192030027209e-15,0.0010544301343805,0.0010544301343805,89.9999999998809,630.477776341321,630.747440881521,0.269664540200552,0.74744088152147,1
1759,1,2.10851389775846e-15,0.00105443013438038,0.00105443013438038,89.9999999998854,630.477776341321,630.747440881521,0.269664540200552,0.74744088152147,1
1760,1,2.01835052557202e-15,0.00105443013438026,0.00105443013438026,89.9999999998903,630.477776341323,630.747440881521,0.269664540198619,0.74744088152147,1
1761,1,1.92171912236859e-15,0.00105443013438015,0.00105443013438015,89.9999999998956,630.477776341325,630.747440881521,0.2696645401968,0.74744088152147,1
1762,1,1.81892935433606e-15,0.00105443013438004,0.00105443013438004,89.9999999999012,630.477776341325,630.747440881521,0.2696645401968,0.74744088152147,1
1763,1,1.71031062283438e-15,0.00105443013437994,0.00105443013437994,89.9999999999071,630.477776341326,630.747440881521,0.26966454019589,0.74744088152147,1
1764,1,1.5962110087917e-15,0.00105443013437985,0.00105443013437985,89.9999999999133,630.477776341326,630.74744088152,0.269664540193958,0.747440881519537,1
1765,1,1.47699615724014e-15,0.00105443013437976,0.00105443013437976,89.9999999999198,630.477776341328,630.74744088152,0.269664540192025,0.747440881519537,1
1766,1,1.35304810556501e-15,0.00105443013437968,0.00105443013437968,89.9999999999265,630.477776341329,630.74744088152,0.269664540190206,0.747440881519537,1
1767,1,1.22476405922327e-15,0.00105443013437961,0.00105443013437961,89.9999999999335,630.477776341329,630.747440881519,0.269664540189297,0.747440881518628,1
1768,1,1.09255511885388e-15,0.00105443013437954,0.00105443013437954,89.9999999999406,630.47777634133,630.747440881519,0.269664540188387,0.747440881518628,1
1769,1,9.56844962859615e-16,0.00105443013437948,0.00105443013437948,89.999999999948,630.477776341332,630.747440881517,0.269664540184635,0.747440881516809,1
1770,1,8.18068489682217e-16,0.00105443013437943,0.00105443013437943,89.9999999999555,630.477776341332,630.747440881517,0.269664540184635,0.747440881516809,1
1771,1,6.76670424121179e-16,0.00105443013437939,0.00105443013437939,89.9999999999632,630.477776341334,630.747440881515,0.269664540180884,0.747440881514876,1
1772,1,5.33103892163462e-16,0.00105443013437936,0.00105443013437936,89.999999999971,630.477776341335,630.747440881515,0.269664540179974,0.747440881514876,1
1773,1,3.87828968890076e-16,0.00105443013437933,0.00105443013437933,89.9999999999789,630.477776341335,630.747440881514,0.269664540179065,0.747440881513967,1
1774,1,2.4131120411408e-16,0.00105443013437931,0.00105443013437931,89.9999999999869,630.477776341337,630.747440881514,0.269664540177132,0.747440881513967,1
1775,1,9.40201304736159e-17,0.0010544301343793,0.0010544301343793,89.9999999999949,630.477776341339,630.747440881512,0.269664540173494,0.747440881512148,1
1776,1,-5.3572241237895e-17,0.0010544301343793,0.0010544301343793,90.0000000000029,630.477776341339,630.747440881512,0.269664540173494,0.747440881512148,1
1777,1,-2.00992934683621e-16,0.00105443013437931,0.00105443013437931,90.0000000000109,630.477776341337,630.747440881514,0.269664540177132,0.747440881513967,1
1778,1,-3.47769523689021e-16,0.00105443013437932,0.00105443013437932,90.0000000000189,630.477776341337,630.747440881514,0.269664540177132,0.747440881513967,1
1779,1,-4.93431646184487e-16,0.00105443013437935,0.00105443013437935,90.0000000000268,630.477776341335,630.747440881515,0.269664540179974,0.747440881514876,1
1780,1,-6.37512511533697e-16,0.00105443013437938,0.00105443013437938,90.0000000000347,630.477776341334,630.747440881515,0.269664540180884,0.747440881514876,1
1781,1,-7.79550396416358e-16,0.00105443013437942,0.00105443013437942,90.0000000000424,630.477776341334,630.747440881517,0.269664540182816,0.747440881516809,1
1782,1,-9.19090124472754e-16,0.00105443013437947,0.00105443013437947,90.00000000005,630.477776341332,630.747440881517,0.269664540184635,0.747440881516809,1
1783,1,-1.05568452496724e-15,0.00105443013437952,0.00105443013437952,90.0000000000574,630.47777634133,630.747440881519,0.269664540188387,0.747440881518628,1
1784,1,-1.18889586579734e-15,0.00105443013437959,0.00105443013437959,90.0000000000646,630.47777634133,630.747440881519,0.269664540188387,0.747440881518628,1
1785,1,-1.31829725625537e-15,0.00105443013437966,0.00105443013437966,90.0000000000716,630.477776341329,630.74744088152,0.269664540190206,0.747440881519537,1
1786,1,-1.44347401504754e-15,0.00105443013437974,0.00105443013437974,90.0000000000784,630.477776341328,630.74744088152,0.269664540192025,0.747440881519537,1
1787,1,-1.564024999187e-15,0.00105443013437982,0.00105443013437982,90.000000000085,630.477776341328,630.74744088152,0.269664540192025,0.747440881519537,1
1788,1,-1.67956388950134e-15,0.00105443013437991,0.00105443013437991,90.0000000000913,630.477776341326,630.74744088152,0.269664540193958,0.747440881519537,1
1789,1,-1.78972042863603e-15,0.00105443013438001,0.00105443013438001,90.0000000000973,630.477776341325,630.747440881521,0.2696645401968,0.74744088152147,1
1790,1,-1.89414160758549e-15,0.00105443013438012,0.00105443013438012,90.0000000001029,630.477776341325,630.747440881521,0.2696645401968,0.74744088152147,1
1791,1,-1.99249279695031e-15,0.00105443013438023,0.00105443013438023,90.0000000001083,630.477776341323,630.747440881521,0.269664540198619,0.74744088152147,1
1792,1,-2.08445881929455e-15,0.00105443013438034,0.00105443013438034,90.0000000001133,630.477776341323,630.747440881521,0.269664540198619,0.74744088152147,1
1793,1,-2.16974495916743e-15,0.00105443013438046,0.00105443013438046,90.0000000001179,630.477776341321,630.747440881521,0.269664540200552,0.74744088152147,1
1794,1,-2.24807790755201e-15,0.00105443013438059,0.00105443013438059,90.0000000001222,630.47777634132,630.747440881521,0.269664540201461,0.74744088152147,1
1795,1,-2.3192066377146e-15,0.00105443013438072,0.00105443013438072,90.000000000126,630.47777634132,630.747440881521,0.269664540201461,0.74744088152147,1
1796,1,-2.38290320964826e-15,0.00105443013438085,0.00105443013438085,90.0000000001295,630.477776341318,630.747440881521,0.26966454020328,0.74744088152147,1
1797,1,-2.438963500532e-15,0.00105443013438099,0.00105443013438099,90.0000000001325,630.477776341318,630.747440881521,0.26966454020328,0.74744088152147,1
1798,1,-2.48720785886545e-15,0.00105443013438113,0.00105443013438113,90.0000000001352,630.477776341316,630.747440881521,0.269664540205213,0.74744088152147,1
1799,1,-2.52748168018214e-15,0.00105443013438127,0.00105443013438127,90.0000000001373,630.477776341316,630.747440881521,0.269664540205213,0.74744088152147,1
1800,1,-2.55965590249699e-15,0.00105443013438141,0.00105443013438141,90.0000000001391,630.477776341316,630.747440881521,0.269664540205213,0.74744088152147,1
1801,1,-2.58362741989989e-15,0.00105443013438156,0.00105443013438156,90.0000000001404,630.477776341315,630.747440881521,0.269664540206122,0.74744088152147,1
1802,1,-2.59931941297015e-15,0.00105443013438171,0.00105443013438171,90.0000000001413,630.477776341315,630.747440881521,0.269664540206122,0.74744088152147,1
1803,1,-2.60668159495302e-15,0.00105443013438185,0.00105443013438185,90.0000000001417,630.477776341315,630.74744088152,0.26966454020419,0.747440881519537,1
1804,1,-2.60569037290922e-15,0.001054430134382,0.001054430134382,90.0000000001416,630.477776341314,630.74744088152,0.269664540206008,0.747440881519537,1
1805,1,-2.59634892332113e-15,0.00105443013438215,0.00105443013438215,90.0000000001411,630.477776341314,630.74744088152,0.269664540206008,0.747440881519537,1
1806,1,-2.57868718191346e-15,0.00105443013438229,0.00105443013438229,90.0000000001401,630.477776341314,630.747440881519,0.269664540205099,0.747440881518628,1
1807,1,-2.55276174772081e-15,0.00105443013438244,0.00105443013438244,90.0000000001387,630.477776341314,630.747440881519,0.269664540205099,0.747440881518628,1
1808,1,-2.51865570170973e-15,0.00105443013438258,0.00105443013438258,90.0000000001369,630.477776341314,630.747440881519,0.269664540205099,0.747440881518628,1
1809,1,-2.47647834053641e-15,0.00105443013438272,0.00105443013438272,90.0000000001346,630.477776341314,630.747440881517,0.26966454020328,0.747440881516809,1
1810,1,-2.42636482629326e-15,0.00105443013438286,0.00105443013438286,90.0000000001318,630.477776341312,630.747440881517,0.269664540205213,0.747440881516809,1
1811,1,-2.36847575336685e-15,0.001054430134383,0.001054430134383,90.0000000001287,630.477776341312,630.747440881515,0.26966454020328,0.747440881514876,1
1812,1,-2.30299663379507e-15,0.00105443013438313,0.00105443013438313,90.0000000001252,630.477776341312,630.747440881515,0.26966454020328,0.747440881514876,1
1813,1,-2.23013730277308e-15,0.00105443013438326,0.00105443013438326,90.0000000001212,630.477776341314,630.747440881514,0.269664540200438,0.747440881513967,1
1814,1,-2.15013124621271e-15,0.00105443013438338,0.00105443013438338,90.0000000001168,630.477776341314,630.747440881514,0.269664540200438,0.747440881513967,1
1815,1,-2.06323485251077e-15,0.0010544301343835,0.0010544301343835,90.0000000001121,630.477776341314,630.747440881512,0.269664540198619,0.747440881512148,1
1816,1,-1.9697265909235e-15,0.00105443013438362,0.00105443013438362,90.0000000001071,630.477776341314,630.74744088151,0.269664540196686,0.747440881510215,1
1817,1,-1.8699061191806e-15,0.00105443013438373,0.00105443013438373,90.0000000001016,630.477776341314,630.74744088151,0.269664540196686,0.747440881510215,1
1818,1,-1.76409332319846e-15,0.00105443013438383,0.00105443013438383,90.0000000000959,630.477776341314,630.747440881509,0.269664540195777,0.747440881509306,1
1819,1,-1.65262729196962e-15,0.00105443013438393,0.00105443013438393,90.0000000000898,630.477776341315,630.747440881507,0.269664540192139,0.747440881507487,1
1820,1,-1.5358652309142e-15,0.00105443013438402,0.00105443013438402,90.0000000000835,630.477776341315,630.747440881507,0.269664540192139,0.747440881507487,1
1821,1,-1.41418131717479e-15,0.0010544301343841,0.0010544301343841,90.0000000000769,630.477776341315,630.747440881506,0.269664540190206,0.747440881505554,1
1822,1,-1.28796550052398e-15,0.00105443013438418,0.00105443013438418,90.00000000007,630.477776341316,630.747440881505,0.269664540188387,0.747440881504644,1
1823,1,-1.15762225372626e-15,0.00105443013438425,0.00105443013438425,90.0000000000629,630.477776341316,630.747440881505,0.269664540188387,0.747440881504644,1
1824,1,-1.02356927635988e-15,0.00105443013438431,0.00105443013438431,90.0000000000556,630.477776341318,630.747440881503,0.269664540184635,0.747440881502826,1
1825,1,-8.86236156251366e-16,0.00105443013438436,0.00105443013438436,90.0000000000482,630.477776341318,630.747440881503,0.269664540184635,0.747440881502826,1
1826,1,-7.46062992813188e-16,0.00105443013438441,0.00105443013438441,90.0000000000405,630.47777634132,630.747440881501,0.269664540180997,0.747440881501007,1
1827,1,-6.03498986695836e-16,0.00105443013438445,0.00105443013438445,90.0000000000328,630.47777634132,630.7474408815,0.269664540179974,0.747440881499983,1
1828,1,-4.59001000273633e-16,0.00105443013438448,0.00105443013438448,90.000000000025,630.477776341321,630.7474408815,0.269664540179065,0.747440881499983,1
1829,1,-3.13032093578211e-16,0.0010544301343845,0.0010544301343845,90.000000000017,630.477776341321,630.747440881498,0.269664540177246,0.747440881498164,1
1830,1,-1.66060040370329e-16,0.00105443013438451,0.00105443013438451,90.000000000009,630.477776341323,630.747440881496,0.269664540173494,0.747440881496345,1
1831,1,-1.85558291065912e-17,0.00105443013438452,0.00105443013438452,90.000000000001,630.477776341323,630.747440881496,0.269664540173494,0.747440881496345,1
1832,1,1.2900784639623e-16,0.00105443013438451,0.00105443013438451,89.999999999993,630.477776341323,630.747440881496,0.269664540173494,0.747440881496345,1
1833,1,2.76158101761529e-16,0.0010544301343845,0.0010544301343845,89.999999999985,630.477776341321,630.747440881498,0.269664540177246,0.747440881498164,1
1834,1,4.22423377463865e-16,0.00105443013438448,0.00105443013438448,89.999999999977,630.477776341321,630.747440881498,0.269664540177246,0.747440881498164,1
1835,1,5.67334949994703e-16,0.00105443013438445,0.00105443013438445,89.9999999999692,630.47777634132,630.7474408815,0.269664540179974,0.747440881499983,1
1836,1,7.10428433939257e-16,0.00105443013438442,0.00105443013438442,89.9999999999614,630.47777634132,630.747440881501,0.269664540180997,0.747440881501007,1
1837,1,8.51245270152024e-16,0.00105443013438437,0.00105443013438437,89.9999999999538,630.477776341318,630.747440881501,0.269664540182816,0.747440881501007,1
1838,1,9.89334195260787e-16,0.00105443013438432,0.00105443013438432,89.9999999999463,630.477776341318,630.747440881503,0.269664540184635,0.747440881502826,1
1839,1,1.12425268779108e-15,0.00105443013438426,0.00105443013438426,89.9999999999389,630.477776341316,630.747440881505,0.269664540188387,0.747440881504644,1
1840,1,1.25556838627569e-15,0.00105443013438419,0.00105443013438419,89.9999999999318,630.477776341316,630.747440881505,0.269664540188387,0.747440881504644,1
1841,1,1.38286047480579e-15,0.00105443013438412,0.00105443013438412,89.9999999999249,630.477776341315,630.747440881506,0.269664540190206,0.747440881505554,1
1842,1,1.5057210315827e-15,0.00105443013438404,0.00105443013438404,89.9999999999182,630.477776341315,630.747440881507,0.269664540192139,0.747440881507487,1
1843,1,1.62375633614902e-15,0.00105443013438395,0.00105443013438395,89.9999999999118,630.477776341315,630.747440881507,0.269664540192139,0.747440881507487,1
1844,1,1.73658813111027e-15,0.00105443013438385,0.00105443013438385,89.9999999999056,630.477776341314,630.747440881509,0.269664540195777,0.747440881509306,1
1845,1,1.84385483430303e-15,0.00105443013438375,0.00105443013438375,89.9999999998998,630.477776341314,630.74744088151,0.269664540196686,0.747440881510215,1
1846,1,1.94521269752575e-15,0.00105443013438364,0.00105443013438364,89.9999999998943,630.477776341314,630.74744088151,0.269664540196686,0.747440881510215,1
1847,1,2.04033690811833e-15,0.00105443013438353,0.00105443013438353,89.9999999998891,630.477776341314,630.747440881512,0.269664540198619,0.747440881512148,1
1848,1,2.12892262986094e-15,0.00105443013438341,0.00105443013438341,89.9999999998843,630.477776341314,630.747440881512,0.269664540198619,0.747440881512148,1
1849,1,2.21068597985579e-15,0.00105443013438329,0.00105443013438329,89.9999999998799,630.477776341314,630.747440881514,0.269664540200438,0.747440881513967,1
1850,1,2.28536493826188e-15,0.00105443013438316,0.00105443013438316,89.9999999998758,630.477776341312,630.747440881515,0.26966454020328,0.747440881514876,1
1851,1,2.35272018796699e-15,0.00105443013438303,0.00105443013438303,89.9999999998722,630.477776341312,630.747440881515,0.26966454020328,0.747440881514876,1
1852,1,2.41253588150615e-15,0.0010544301343829,0.0010544301343829,89.9999999998689,630.477776341312,630.747440881517,0.269664540205213,0.747440881516809,1
1853,1,2.46462033276929e-15,0.00105443013438276,0.00105443013438276,89.9999999998661,630.477776341312,630.747440881517,0.269664540205213,0.747440881516809,1
1854,1,2.50880663128071e-15,0.00105443013438262,0.00105443013438262,89.9999999998637,630.477776341314,630.747440881519,0.269664540205099,0.747440881518628,1
1855,1,2.5449531770826e-15,0.00105443013438248,0.00105443013438248,89.9999999998617,630.477776341314,630.747440881519,0.269664540205099,0.747440881518628,1
1856,1,2.57294413450795e-15,0.00105443013438233,0.00105443013438233,89.9999999998602,630.477776341314,630.747440881519,0.269664540205099,0.747440881518628,1
1857,1,2.59268980338895e-15,0.00105443013438218,0.00105443013438218,89.9999999998591,630.477776341314,630.74744088152,0.269664540206008,0.747440881519537,1
1858,1,2.60412690651129e-15,0.00105443013438204,0.00105443013438204,89.9999999998585,630.477776341314,630.74744088152,0.269664540206008,0.747440881519537,1
1859,1,2.60721879239307e-15,0.00105443013438189,0.00105443013438189,89.9999999998583,630.477776341315,630.74744088152,0.26966454020419,0.747440881519537,1
1860,1,2.60195555273862e-15,0.00105443013438174,0.00105443013438174,89.9999999998586,630.477776341315,630.747440881521,0.269664540206122,0.74744088152147,1
1861,1,2.58835405419072e-15,0.0010544301343816,0.0010544301343816,89.9999999998594,630.477776341315,630.747440881521,0.269664540206122,0.74744088152147,1
1862,1,2.56645788427958e-15,0.00105443013438145,0.00105443013438145,89.9999999998605,630.477776341316,630.747440881521,0.269664540205213,0.74744088152147,1
1863,1,2.53633721174167e-15,0.0010544301343813,0.0010544301343813,89.9999999998622,630.477776341316,630.747440881521,0.269664540205213,0.74744088152147,1
1864,1,2.49808856165613e-15,0.00105443013438116,0.00105443013438116,89.9999999998643,630.477776341316,630.747440881521,0.269664540205213,0.74744088152147,1
1865,1,2.45183450611934e-15,0.00105443013438102,0.00105443013438102,89.9999999998668,630.477776341318,630.747440881521,0.26966454020328,0.74744088152147,1
1866,1,2.39772327144881e-15,0.00105443013438088,0.00105443013438088,89.9999999998697,630.477776341318,630.747440881521,0.26966454020328,0.74744088152147,1
1867,1,2.33592826317531e-15,0.00105443013438075,0.00105443013438075,89.9999999998731,630.47777634132,630.747440881521,0.269664540201461,0.74744088152147,1
1868,1,2.26664751034545e-15,0.00105443013438062,0.00105443013438062,89.9999999998768,630.47777634132,630.747440881521,0.269664540201461,0.74744088152147,1
1869,1,2.19010303091518e-15,0.00105443013438049,0.00105443013438049,89.999999999881,630.477776341321,630.747440881521,0.269664540200552,0.74744088152147,1
1870,1,2.10654012026851e-15,0.00105443013438037,0.00105443013438037,89.9999999998855,630.477776341321,630.747440881521,0.269664540200552,0.74744088152147,1
1871,1,2.0162265651407e-15,0.00105443013438026,0.00105443013438026,89.9999999998904,630.477776341323,630.747440881521,0.269664540198619,0.74744088152147,1
1872,1,1.91945178546574e-15,0.00105443013438014,0.00105443013438014,89.9999999998957,630.477776341325,630.747440881521,0.2696645401968,0.74744088152147,1
1873,1,1.81652590689756e-15,0.00105443013438004,0.00105443013438004,89.9999999999013,630.477776341325,630.747440881521,0.2696645401968,0.74744088152147,1
1874,1,1.7077787669775e-15,0.00105443013437994,0.00105443013437994,89.9999999999072,630.477776341326,630.747440881521,0.26966454019589,0.74744088152147,1
1875,1,1.59355885813305e-15,0.00105443013437985,0.00105443013437985,89.9999999999134,630.477776341326,630.74744088152,0.269664540193958,0.747440881519537,1
1876,1,1.4742322108944e-15,0.00105443013437976,0.00105443013437976,89.9999999999199,630.477776341328,630.74744088152,0.269664540192025,0.747440881519537,1
1877,1,1.35018122090883e-15,0.00105443013437968,0.00105443013437968,89.9999999999266,630.477776341329,630.74744088152,0.269664540190206,0.747440881519537,1
1878,1,1.22180342351057e-15,0.00105443013437961,0.00105443013437961,89.9999999999336,630.477776341329,630.747440881519,0.269664540189297,0.747440881518628,1
1879,1,1.08951021977444e-15,0.00105443013437954,0.00105443013437954,89.9999999999408,630.47777634133,630.747440881519,0.269664540188387,0.747440881518628,1
1880,1,9.53725558134633e-16,0.00105443013437948,0.00105443013437948,89.9999999999482,630.477776341332,630.747440881517,0.269664540184635,0.747440881516809,1
1881,1,8.1488457579459e-16,0.00105443013437943,0.00105443013437943,89.9999999999557,630.477776341332,630.747440881517,0.269664540184635,0.747440881516809,1
1882,1,6.73432204280702e-16,0.00105443013437939,0.00105443013437939,89.9999999999634,630.477776341334,630.747440881515,0.269664540180884,0.747440881514876,1
1883,1,5.2982174360935e-16,0.00105443013437936,0.00105443013437936,89.9999999999712,630.477776341335,630.747440881515,0.269664540179974,0.747440881514876,1
1884,1,3.84513409636187e-16,0.00105443013437933,0.00105443013437933,89.9999999999791,630.477776341335,630.747440881514,0.269664540179065,0.747440881513967,1
1885,1,2.37972859242467e-16,0.00105443013437931,0.00105443013437931,89.9999999999871,630.477776341337,630.747440881514,0.269664540177132,0.747440881513967,1
1886,1,9.06696980855488e-17,0.0010544301343793,0.0010544301343793,89.9999999999951,630.477776341339,630.747440881512,0.269664540173494,0.747440881512148,1
1887,1,-5.69240243054872e-17,0.0010544301343793,0.0010544301343793,90.0000000000031,630.477776341339,630.747440881512,0.269664540173494,0.747440881512148,1
1888,1,-2.04335327265295e-16,0.00105443013437931,0.00105443013437931,90.0000000000111,630.477776341337,630.747440881514,0.269664540177132,0.747440881513967,1
1889,1,-3.510918147122e-16,0.00105443013437933,0.00105443013437933,90.0000000000191,630.477776341337,630.747440881514,0.269664540177132,0.747440881513967,1
1890,1,-4.96723188994409e-16,0.00105443013437935,0.00105443013437935,90.000000000027,630.477776341335,630.747440881515,0.269664540179974,0.747440881514876,1
1891,1,-6.40762758011555e-16,0.00105443013437938,0.00105443013437938,90.0000000000348,630.477776341334,630.747440881515,0.269664540180884,0.747440881514876,1
1892,1,-7.82748930782228e-16,0.00105443013437942,0.00105443013437942,90.0000000000425,630.477776341334,630.747440881517,0.269664540182816,0.747440881516809,1
1893,1,-9.22226696663839e-16,0.00105443013437947,0.00105443013437947,90.0000000000501,630.477776341332,630.747440881517,0.269664540184635,0.747440881516809,1
1894,1,-1.05874908348563e-15,0.00105443013437953,0.00105443013437953,90.0000000000575,630.47777634133,630.747440881519,0.269664540188387,0.747440881518628,1
1895,1,-1.19187858992095e-15,0.00105443013437959,0.00105443013437959,90.0000000000648,630.47777634133,630.747440881519,0.269664540188387,0.747440881518628,1
1896,1,-1.32118858750962e-15,0.00105443013437966,0.00105443013437966,90.0000000000718,630.477776341329,630.74744088152,0.269664540190206,0.747440881519537,1
1897,1,-1.44626468783661e-15,0.00105443013437974,0.00105443013437974,90.0000000000786,630.477776341328,630.74744088152,0.269664540192025,0.747440881519537,1
1898,1,-1.56670607048636e-15,0.00105443013437982,0.00105443013437982,90.0000000000851,630.477776341328,630.74744088152,0.269664540192025,0.747440881519537,1
1899,1,-1.68212676751687e-15,0.00105443013437992,0.00105443013437992,90.0000000000914,630.477776341326,630.74744088152,0.269664540193958,0.747440881519537,1
1900,1,-1.79215690033714e-15,0.00105443013438002,0.00105443013438002,90.0000000000974,630.477776341325,630.747440881521,0.2696645401968,0.74744088152147,1
1901,1,-1.89644386502493e-15,0.00105443013438012,0.00105443013438012,90.0000000001031,630.477776341325,630.747440881521,0.2696645401968,0.74744088152147,1
1902,1,-1.99465346228541e-15,0.00105443013438023,0.00105443013438023,90.0000000001084,630.477776341323,630.747440881521,0.269664540198619,0.74744088152147,1
1903,1,-2.08647096843054e-15,0.00105443013438035,0.00105443013438035,90.0000000001134,630.477776341323,630.747440881521,0.269664540198619,0.74744088152147,1
1904,1,-2.17160214394633e-15,0.00105443013438047,0.00105443013438047,90.000000000118,630.477776341321,630.747440881521,0.269664540200552,0.74744088152147,1
1905,1,-2.24977417641652e-15,0.00105443013438059,0.00105443013438059,90.0000000001223,630.47777634132,630.747440881521,0.269664540201461,0.74744088152147,1
1906,1,-2.32073655478061e-15,0.00105443013438072,0.00105443013438072,90.0000000001261,630.47777634132,630.747440881521,0.269664540201461,0.74744088152147,1
1907,1,-2.38426187212461e-15,0.00105443013438085,0.00105443013438085,90.0000000001296,630.477776341318,630.747440881521,0.26966454020328,0.74744088152147,1
1908,1,-2.44014655443218e-15,0.00105443013438099,0.00105443013438099,90.0000000001326,630.477776341318,630.747440881521,0.26966454020328,0.74744088152147,1
1909,1,-2.48821151296029e-15,0.00105443013438113,0.00105443013438113,90.0000000001352,630.477776341316,630.747440881521,0.269664540205213,0.74744088152147,1
1910,1,-2.52830271814936e-15,0.00105443013438127,0.00105443013438127,90.0000000001374,630.477776341316,630.747440881521,0.269664540205213,0.74744088152147,1
1911,1,-2.56029169322817e-15,0.00105443013438142,0.00105443013438142,90.0000000001391,630.477776341316,630.747440881521,0.269664540205213,0.74744088152147,1
1912,1,-2.5840759259322e-15,0.00105443013438156,0.00105443013438156,90.0000000001404,630.477776341315,630.747440881521,0.269664540206122,0.74744088152147,1
1913,1,-2.59957919701563e-15,0.00105443013438171,0.00105443013438171,90.0000000001413,630.477776341315,630.747440881521,0.269664540206122,0.74744088152147,1
1914,1,-2.6067518245045e-15,0.00105443013438186,0.00105443013438186,90.0000000001417,630.477776341315,630.74744088152,0.26966454020419,0.747440881519537,1
1915,1,-2.60557082290821e-15,0.001054430134382,0.001054430134382,90.0000000001416,630.477776341314,630.74744088152,0.269664540206008,0.747440881519537,1
1916,1,-2.59603997687905e-15,0.00105443013438215,0.00105443013438215,90.0000000001411,630.477776341314,630.74744088152,0.269664540206008,0.747440881519537,1
1917,1,-2.57818982908389e-15,0.0010544301343823,0.0010544301343823,90.0000000001401,630.477776341314,630.747440881519,0.269664540205099,0.747440881518628,1
1918,1,-2.55207758232677e-15,0.00105443013438244,0.00105443013438244,90.0000000001387,630.477776341314,630.747440881519,0.269664540205099,0.747440881518628,1
1919,1,-2.51778691623608e-15,0.00105443013438259,0.00105443013438259,90.0000000001368,630.477776341314,630.747440881519,0.269664540205099,0.747440881518628,1
1920,1,-2.47542771910381e-15,0.00105443013438273,0.00105443013438273,90.0000000001345,630.477776341314,630.747440881517,0.26966454020328,0.747440881516809,1
1921,1,-2.42513573573614e-15,0.00105443013438287,0.00105443013438287,90.0000000001318,630.477776341312,630.747440881517,0.269664540205213,0.747440881516809,1
1922,1,-2.36707213244397e-15,0.001054430134383,0.001054430134383,90.0000000001286,630.477776341312,630.747440881515,0.26966454020328,0.747440881514876,1
1923,1,-2.3014229805674e-15,0.00105443013438313,0.00105443013438313,90.0000000001251,630.477776341312,630.747440881515,0.26966454020328,0.747440881514876,1
1924,1,-2.22839866018914e-15,0.00105443013438326,0.00105443013438326,90.0000000001211,630.477776341314,630.747440881514,0.269664540200438,0.747440881513967,1
1925,1,-2.14823318594804e-15,0.00105443013438339,0.00105443013438339,90.0000000001167,630.477776341314,630.747440881514,0.269664540200438,0.747440881513967,1
1926,1,-2.06118345711268e-15,0.00105443013438351,0.00105443013438351,90.000000000112,630.477776341314,630.747440881512,0.269664540198619,0.747440881512148,1
1927,1,-1.96752843431904e-15,0.00105443013438362,0.00105443013438362,90.0000000001069,630.477776341314,630.74744088151,0.269664540196686,0.747440881510215,1
1928,1,-1.86756824560957e-15,0.00105443013438373,0.00105443013438373,90.0000000001015,630.477776341314,630.74744088151,0.269664540196686,0.747440881510215,1
1929,1,-1.76162322463938e-15,0.00105443013438383,0.00105443013438383,90.0000000000957,630.477776341314,630.747440881509,0.269664540195777,0.747440881509306,1
1930,1,-1.65003288413085e-15,0.00105443013438393,0.00105443013438393,90.0000000000897,630.477776341315,630.747440881507,0.269664540192139,0.747440881507487,1
1931,1,-1.53315482786708e-15,0.00105443013438402,0.00105443013438402,90.0000000000833,630.477776341315,630.747440881507,0.269664540192139,0.747440881507487,1
1932,1,-1.41136360471046e-15,0.0010544301343841,0.0010544301343841,90.0000000000767,630.477776341315,630.747440881506,0.269664540190206,0.747440881505554,1
1933,1,-1.28504950831852e-15,0.00105443013438418,0.00105443013438418,90.0000000000698,630.477776341316,630.747440881505,0.269664540188387,0.747440881504644,1
1934,1,-1.15461732640438e-15,0.00105443013438425,0.00105443013438425,90.0000000000627,630.477776341316,630.747440881505,0.269664540188387,0.747440881504644,1
1935,1,-1.02048504354871e-15,0.00105443013438431,0.00105443013438431,90.0000000000555,630.477776341318,630.747440881503,0.269664540184635,0.747440881502826,1
1936,1,-8.83082501721486e-16,0.00105443013438436,0.00105443013438436,90.000000000048,630.477776341318,630.747440881501,0.269664540182816,0.747440881501007,1
1937,1,-7.42850022804884e-16,0.00105443013438441,0.00105443013438441,90.0000000000404,630.47777634132,630.747440881501,0.269664540180997,0.747440881501007,1
1938,1,-6.00236997532399e-16,0.00105443013438445,0.00105443013438445,90.0000000000326,630.47777634132,630.7474408815,0.269664540179974,0.747440881499983,1
1939,1,-4.55700445365887e-16,0.00105443013438448,0.00105443013438448,90.0000000000248,630.477776341321,630.7474408815,0.269664540179065,0.747440881499983,1
1940,1,-3.09703549925097e-16,0.0010544301343845,0.0010544301343845,90.0000000000168,630.477776341321,630.747440881498,0.269664540177246,0.747440881498164,1
1941,1,-1.62714174664011e-16,0.00105443013438451,0.00105443013438451,90.0000000000089,630.477776341323,630.747440881496,0.269664540173494,0.747440881496345,1
1942,1,-1.52033635495538e-17,0.00105443013438452,0.00105443013438452,90.0000000000008,630.477776341323,630.747440881496,0.269664540173494,0.747440881496345,1
1943,1,1.3235616845143e-16,0.00105443013438451,0.00105443013438451,89.9999999999928,630.477776341323,630.747440881496,0.269664540173494,0.747440881496345,1
1944,1,2.79491550240687e-16,0.0010544301343845,0.0010544301343845,89.9999999999848,630.477776341321,630.747440881498,0.269664540177246,0.747440881498164,1
1945,1,4.25731269956824e-16,0.00105443013438448,0.00105443013438448,89.9999999999769,630.477776341321,630.747440881498,0.269664540177246,0.747440881498164,1
1946,1,5.70606685988297e-16,0.00105443013438445,0.00105443013438445,89.999999999969,630.47777634132,630.7474408815,0.269664540179974,0.747440881499983,1
1947,1,7.13653528787995e-16,0.00105443013438442,0.00105443013438442,89.9999999999612,630.47777634132,630.747440881501,0.269664540180997,0.747440881501007,1
1948,1,8.54413388677056e-16,0.00105443013438437,0.00105443013438437,89.9999999999536,630.477776341318,630.747440881501,0.269664540182816,0.747440881501007,1
1949,1,9.9243518487044e-16,0.00105443013438432,0.00105443013438432,89.9999999999461,630.477776341318,630.747440881503,0.269664540184635,0.747440881502826,1
1950,1,1.12727661101569e-15,0.00105443013438426,0.00105443013438426,89.9999999999388,630.477776341316,630.747440881505,0.269664540188387,0.747440881504644,1
1951,1,1.25850555261362e-15,0.00105443013438419,0.00105443013438419,89.9999999999316,630.477776341316,630.747440881505,0.269664540188387,0.747440881504644,1
1952,1,1.38570147177749e-15,0.00105443013438412,0.00105443013438412,89.9999999999247,630.477776341315,630.747440881506,0.269664540190206,0.747440881505554,1
1953,1,1.50845675489417e-15,0.00105443013438404,0.00105443013438404,89.999999999918,630.477776341315,630.747440881507,0.269664540192139,0.747440881507487,1
1954,1,1.6263780188676e-15,0.00105443013438395,0.00105443013438395,89.9999999999116,630.477776341315,630.747440881507,0.269664540192139,0.747440881507487,1
1955,1,1.73908737175911e-15,0.00105443013438385,0.00105443013438385,89.9999999999055,630.477776341314,630.747440881509,0.269664540195777,0.747440881509306,1
1956,1,1.84622362378472e-15,0.00105443013438375,0.00105443013438375,89.9999999998997,630.477776341314,630.74744088151,0.269664540196686,0.747440881510215,1
1957,1,1.94744344478823e-15,0.00105443013438364,0.00105443013438364,89.9999999998942,630.477776341314,630.74744088151,0.269664540196686,0.747440881510215,1
1958,1,2.04242246448142e-15,0.00105443013438353,0.00105443013438353,89.999999999889,630.477776341314,630.747440881512,0.269664540198619,0.747440881512148,1
1959,1,2.13085631192493e-15,0.00105443013438341,0.00105443013438341,89.9999999998842,630.477776341314,630.747440881512,0.269664540198619,0.747440881512148,1
1960,1,2.21246159091929e-15,0.00105443013438329,0.00105443013438329,89.9999999998798,630.477776341314,630.747440881514,0.269664540200438,0.747440881513967,1
1961,1,2.28697678817973e-15,0.00105443013438316,0.00105443013438316,89.9999999998757,630.477776341312,630.747440881515,0.26966454020328,0.747440881514876,1
1962,1,2.35416311138502e-15,0.00105443013438303,0.00105443013438303,89.9999999998721,630.477776341312,630.747440881515,0.26966454020328,0.747440881514876,1
1963,1,2.41380525441421e-15,0.00105443013438289,0.00105443013438289,89.9999999998688,630.477776341312,630.747440881517,0.269664540205213,0.747440881516809,1
1964,1,2.46571208731924e-15,0.00105443013438276,0.00105443013438276,89.999999999866,630.477776341314,630.747440881517,0.26966454020328,0.747440881516809,1
1965,1,2.50971726882246e-15,0.00105443013438262,0.00105443013438262,89.9999999998636,630.477776341314,630.747440881519,0.269664540205099,0.747440881518628,1
1966,1,2.54567977937583e-15,0.00105443013438247,0.00105443013438247,89.9999999998617,630.477776341314,630.747440881519,0.269664540205099,0.747440881518628,1
1967,1,2.57348437307399e-15,0.00105443013438233,0.00105443013438233,89.9999999998602,630.477776341314,630.747440881519,0.269664540205099,0.747440881518628,1
1968,1,2.59304194697261e-15,0.00105443013438218,0.00105443013438218,89.9999999998591,630.477776341314,630.74744088152,0.269664540206008,0.747440881519537,1
1969,1,2.60428982662889e-15,0.00105443013438203,0.00105443013438203,89.9999999998585,630.477776341314,630.74744088152,0.269664540206008,0.747440881519537,1
1970,1,2.6071919669488e-15,0.00105443013438189,0.00105443013438189,89.9999999998583,630.477776341315,630.74744088152,0.26966454020419,0.747440881519537,1
1971,1,2.60173906769762e-15,0.00105443013438174,0.00105443013438174,89.9999999998586,630.477776341315,630.747440881521,0.269664540206122,0.74744088152147,1
1972,1,2.58794860330364e-15,0.00105443013438159,0.00105443013438159,89.9999999998594,630.477776341315,630.747440881521,0.269664540206122,0.74744088152147,1
1973,1,2.56586476685934e-15,0.00105443013438145,0.00105443013438145,89.9999999998606,630.477776341316,630.747440881521,0.269664540205213,0.74744088152147,1
1974,1,2.53555832849966e-15,0.0010544301343813,0.0010544301343813,89.9999999998622,630.477776341316,630.747440881521,0.269664540205213,0.74744088152147,1
1975,1,2.49712640861122e-15,0.00105443013438116,0.00105443013438116,89.9999999998643,630.477776341316,630.747440881521,0.269664540205213,0.74744088152147,1
1976,1,2.45069216659904e-15,0.00105443013438102,0.00105443013438102,89.9999999998668,630.477776341318,630.747440881521,0.26966454020328,0.74744088152147,1
1977,1,2.39640440620846e-15,0.00105443013438088,0.00105443013438088,89.9999999998698,630.477776341318,630.747440881521,0.26966454020328,0.74744088152147,1
1978,1,2.33443709866677e-15,0.00105443013438075,0.00105443013438075,89.9999999998732,630.47777634132,630.747440881521,0.269664540201461,0.74744088152147,1
1979,1,2.26498882517288e-15,0.00105443013438062,0.00105443013438062,89.9999999998769,630.47777634132,630.747440881521,0.269664540201461,0.74744088152147,1
1980,1,2.1882821405216e-15,0.00105443013438049,0.00105443013438049,89.9999999998811,630.477776341321,630.747440881521,0.269664540200552,0.74744088152147,1
1981,1,2.10456285990173e-15,0.00105443013438037,0.00105443013438037,89.9999999998856,630.477776341321,630.747440881521,0.269664540200552,0.74744088152147,1
1982,1,2.01409927115374e-15,0.00105443013438025,0.00105443013438025,89.9999999998906,630.477776341323,630.747440881521,0.269664540198619,0.74744088152147,1
1983,1,1.91718127501114e-15,0.00105443013438014,0.00105443013438014,89.9999999998958,630.477776341325,630.747440881521,0.2696645401968,0.74744088152147,1
1984,1,1.81411945608116e-15,0.00105443013438004,0.00105443013438004,89.9999999999014,630.477776341325,630.747440881521,0.2696645401968,0.74744088152147,1
1985,1,1.70524408754133e-15,0.00105443013437994,0.00105443013437994,89.9999999999073,630.477776341326,630.747440881521,0.26966454019589,0.74744088152147,1
1986,1,1.59090407274211e-15,0.00105443013437984,0.00105443013437984,89.9999999999136,630.477776341326,630.74744088152,0.269664540193958,0.747440881519537,1
1987,1,1.47146582710678e-15,0.00105443013437976,0.00105443013437976,89.99999999992,630.477776341328,630.74744088152,0.269664540192025,0.747440881519537,1
1988,1,1.34731210391211e-15,0.00105443013437968,0.00105443013437968,89.9999999999268,630.477776341329,630.74744088152,0.269664540190206,0.747440881519537,1
1989,1,1.21884076771256e-15,0.0010544301343796,0.0010544301343796,89.9999999999338,630.477776341329,630.747440881519,0.269664540189297,0.747440881518628,1
1990,1,1.08646351933843e-15,0.00105443013437954,0.00105443013437954,89.999999999941,630.47777634133,630.747440881519,0.269664540188387,0.747440881518628,1
1991,1,9.50604576554537e-16,0.00105443013437948,0.00105443013437948,89.9999999999483,630.477776341332,630.747440881517,0.269664540184635,0.747440881516809,1
1992,1,8.11699314606445e-16,0.00105443013437943,0.00105443013437943,89.9999999999559,630.477776341332,630.747440881517,0.269664540184635,0.747440881516809,1
1993,1,6.70192871011878e-16,0.00105443013437939,0.00105443013437939,89.9999999999636,630.477776341334,630.747440881515,0.269664540180884,0.747440881514876,1
1994,1,5.26538719067276e-16,0.00105443013437936,0.00105443013437936,89.9999999999714,630.477776341335,630.747440881515,0.269664540179974,0.747440881514876,1
1995,1,3.81197214641776e-16,0.00105443013437933,0.00105443013437933,89.9999999999793,630.477776341335,630.747440881514,0.269664540179065,0.747440881513967,1
1996,1,2.3463412091522e-16,0.00105443013437931,0.00105443013437931,89.9999999999873,630.477776341337,630.747440881514,0.269664540177132,0.747440881513967,1
1997,1,8.73191157874638e-17,0.0010544301343793,0.0010544301343793,89.9999999999953,630.477776341339,630.747440881512,0.269664540173494,0.747440881512148,1
1998,1,-6.02757132569311e-17,0.0010544301343793,0.0010544301343793,90.0000000000033,630.477776341339,630.747440881512,0.269664540173494,0.747440881512148,1
1999,1,-2.07677382006371e-16,0.00105443013437931,0.00105443013437931,90.0000000000113,630.477776341337,630.747440881514,0.269664540177132,0.747440881513967,1
2000,1,-3.54413525252981e-16,0.00105443013437933,0.00105443013437933,90.0000000000193,630.477776341337,630.747440881514,0.269664540177132,0.747440881513967,1
2001,1,-5.00013910540277e-16,0.00105443013437935,0.00105443013437935,90.0000000000272,630.477776341335,630.747440881515,0.269664540179974,0.747440881514876,1
2002,1,-6.44011945075612e-16,0.00105443013437938,0.00105443013437938,90.000000000035,630.477776341334,630.747440881515,0.269664540180884,0.747440881514876,1
2003,1,-7.85946170979451e-16,0.00105443013437942,0.00105443013437942,90.0000000000427,630.477776341334,630.747440881517,0.269664540182816,0.747440881516809,1
2004,1,-9.25361744078884e-16,0.00105443013437947,0.00105443013437947,90.0000000000503,630.477776341332,630.747440881517,0.269664540184635,0.747440881516809,1
2005,1,-1.06181189150677e-15,0.00105443013437953,0.00105443013437953,90.0000000000577,630.47777634133,630.747440881519,0.269664540188387,0.747440881518628,1
2006,1,-1.19485934343584e-15,0.00105443013437959,0.00105443013437959,90.0000000000649,630.47777634133,630.747440881519,0.269664540188387,0.747440881518628,1
2007,1,-1.32407773435869e-15,0.00105443013437966,0.00105443013437966,90.0000000000719,630.477776341329,630.74744088152,0.269664540190206,0.747440881519537,1
2008,1,-1.44905296942424e-15,0.00105443013437974,0.00105443013437974,90.0000000000788,630.477776341328,630.74744088152,0.269664540192025,0.747440881519537,1
2009,1,-1.56938455145093e-15,0.00105443013437983,0.00105443013437983,90.0000000000853,630.477776341328,630.74744088152,0.269664540192025,0.747440881519537,1
2010,1,-1.68468686436516e-15,0.00105443013437992,0.00105443013437992,90.0000000000915,630.477776341326,630.74744088152,0.269664540193958,0.747440881519537,1
2011,1,-1.79459040895124e-15,0.00105443013438002,0.00105443013438002,90.0000000000975,630.477776341325,630.747440881521,0.2696645401968,0.74744088152147,1
2012,1,-1.89874298695304e-15,0.00105443013438012,0.00105443013438012,90.0000000001032,630.477776341325,630.747440881521,0.2696645401968,0.74744088152147,1
2013,1,-1.99681082973305e-15,0.00105443013438023,0.00105443013438023,90.0000000001085,630.477776341323,630.747440881521,0.269664540198619,0.74744088152147,1
2014,1,-2.08847966787131e-15,0.00105443013438035,0.00105443013438035,90.0000000001135,630.477776341323,630.747440881521,0.269664540198619,0.74744088152147,1
2015,1,-2.17345573827723e-15,0.00105443013438047,0.00105443013438047,90.0000000001181,630.477776341321,630.747440881521,0.269664540200552,0.74744088152147,1
2016,1,-2.25146672558626e-15,0.00105443013438059,0.00105443013438059,90.0000000001224,630.47777634132,630.747440881521,0.269664540201461,0.74744088152147,1
2017,1,-2.32226263482522e-15,0.00105443013438072,0.00105443013438072,90.0000000001262,630.47777634132,630.747440881521,0.269664540201461,0.74744088152147,1
2018,1,-2.38561659254913e-15,0.00105443013438086,0.00105443013438086,90.0000000001296,630.477776341318,630.747440881521,0.26966454020328,0.74744088152147,1
2019,1,-2.44132557388279e-15,0.00105443013438099,0.00105443013438099,90.0000000001327,630.477776341318,630.747440881521,0.26966454020328,0.74744088152147,1
2020,1,-2.48921105313673e-15,0.00105443013438113,0.00105443013438113,90.0000000001353,630.477776341316,630.747440881521,0.269664540205213,0.74744088152147,1
2021,1,-2.52911957591282e-15,0.00105443013438128,0.00105443013438128,90.0000000001374,630.477776341316,630.747440881521,0.269664540205213,0.74744088152147,1
2022,1,-2.5609232508662e-15,0.00105443013438142,0.00105443013438142,90.0000000001392,630.477776341316,630.747440881521,0.269664540205213,0.74744088152147,1
2023,1,-2.58452015954737e-15,0.00105443013438157,0.00105443013438157,90.0000000001404,630.477776341315,630.747440881521,0.269664540206122,0.74744088152147,1
2024,1,-2.59983468301142e-15,0.00105443013438171,0.00105443013438171,90.0000000001413,630.477776341315,630.747440881521,0.269664540206122,0.74744088152147,1
2025,1,-2.60681774414734e-15,0.00105443013438186,0.00105443013438186,90.0000000001417,630.477776341315,630.74744088152,0.26966454020419,0.747440881519537,1
2026,1,-2.60544696495118e-15,0.00105443013438201,0.00105443013438201,90.0000000001416,630.477776341314,630.74744088152,0.269664540206008,0.747440881519537,1
2027,1,-2.5957267382389e-15,0.00105443013438215,0.00105443013438215,90.0000000001411,630.477776341314,630.74744088152,0.269664540206008,0.747440881519537,1
2028,1,-2.57768821356904e-15,0.0010544301343823,0.0010544301343823,90.0000000001401,630.477776341314,630.747440881519,0.269664540205099,0.747440881518628,1
2029,1,-2.55138919742048e-15,0.00105443013438245,0.00105443013438245,90.0000000001386,630.477776341314,630.747440881519,0.269664540205099,0.747440881518628,1
2030,1,-2.51691396794514e-15,0.00105443013438259,0.00105443013438259,90.0000000001368,630.477776341314,630.747440881519,0.269664540205099,0.747440881518628,1
2031,1,-2.47437300488907e-15,0.00105443013438273,0.00105443013438273,90.0000000001345,630.477776341314,630.747440881517,0.26966454020328,0.747440881516809,1
2032,1,-2.4239026355478e-15,0.00105443013438287,0.00105443013438287,90.0000000001317,630.477776341312,630.747440881517,0.269664540205213,0.747440881516809,1
2033,1,-2.36566459789012e-15,0.00105443013438301,0.00105443013438301,90.0000000001286,630.477776341312,630.747440881515,0.26966454020328,0.747440881514876,1
2034,1,-2.29984552225066e-15,0.00105443013438314,0.00105443013438314,90.000000000125,630.477776341312,630.747440881515,0.26966454020328,0.747440881514876,1
2035,1,-2.22665633325193e-15,0.00105443013438327,0.00105443013438327,90.000000000121,630.477776341314,630.747440881514,0.269664540200438,0.747440881513967,1
2036,1,-2.14633157387273e-15,0.00105443013438339,0.00105443013438339,90.0000000001166,630.477776341314,630.747440881514,0.269664540200438,0.747440881513967,1
2037,1,-2.05912865382886e-15,0.00105443013438351,0.00105443013438351,90.0000000001119,630.477776341314,630.747440881512,0.269664540198619,0.747440881512148,1
2038,1,-1.96532702467464e-15,0.00105443013438362,0.00105443013438362,90.0000000001068,630.477776341314,630.74744088151,0.269664540196686,0.747440881510215,1
2039,1,-1.86522728426916e-15,0.00105443013438373,0.00105443013438373,90.0000000001014,630.477776341314,630.74744088151,0.269664540196686,0.747440881510215,1
2040,1,-1.75915021347653e-15,0.00105443013438383,0.00105443013438383,90.0000000000956,630.477776341314,630.747440881509,0.269664540195777,0.747440881509306,1
2041,1,-1.6474357481877e-15,0.00105443013438393,0.00105443013438393,90.0000000000895,630.477776341315,630.747440881507,0.269664540192139,0.747440881507487,1
2042,1,-1.53044188995757e-15,0.00105443013438402,0.00105443013438402,90.0000000000832,630.477776341315,630.747440881507,0.269664540192139,0.747440881507487,1
2043,1,-1.40854355874885e-15,0.0010544301343841,0.0010544301343841,90.0000000000766,630.477776341315,630.747440881506,0.269664540190206,0.747440881505554,1
2044,1,-1.28213139145899e-15,0.00105443013438418,0.00105443013438418,90.0000000000697,630.477776341316,630.747440881505,0.269664540188387,0.747440881504644,1
2045,1,-1.15161049008018e-15,0.00105443013438425,0.00105443013438425,90.0000000000626,630.477776341316,630.747440881505,0.269664540188387,0.747440881504644,1
2046,1,-1.01739912350472e-15,0.00105443013438431,0.00105443013438431,90.0000000000553,630.477776341318,630.747440881503,0.269664540184635,0.747440881502826,1
2047,1,-8.79927387135119e-16,0.00105443013438436,0.00105443013438436,90.0000000000478,630.477776341318,630.747440881501,0.269664540182816,0.747440881501007,1
2048,1,-7.39635824595336e-16,0.00105443013438441,0.00105443013438441,90.0000000000402,630.47777634132,630.747440881501,0.269664540180997,0.747440881501007,1
2049,1,-5.96974015958942e-16,0.00105443013438445,0.00105443013438445,90.0000000000324,630.47777634132,630.7474408815,0.269664540179974,0.747440881499983,1
2050,1,-4.52399137019563e-16,0.00105443013438448,0.00105443013438448,90.0000000000246,630.477776341321,630.7474408815,0.269664540179065,0.747440881499983,1
2051,1,-3.06374494219434e-16,0.0010544301343845,0.0010544301343845,90.0000000000167,630.477776341321,630.747440881498,0.269664540177246,0.747440881498164,1
2052,1,-1.59368039931958e-16,0.00105443013438451,0.00105443013438451,90.0000000000087,630.477776341323,630.747440881496,0.269664540173494,0.747440881496345,1
2053,1,-1.18508728558652e-17,0.00105443013438452,0.00105443013438452,90.0000000000007,630.477776341323,630.747440881496,0.269664540173494,0.747440881496345,1
2054,1,1.35704271673754e-16,0.00105443013438451,0.00105443013438451,89.9999999999926,630.477776341323,630.747440881496,0.269664540173494,0.747440881496345,1
2055,1,2.82824536618645e-16,0.0010544301343845,0.0010544301343845,89.9999999999846,630.477776341321,630.747440881498,0.269664540177246,0.747440881498164,1
2056,1,4.29038458561186e-16,0.00105443013438448,0.00105443013438448,89.9999999999767,630.477776341321,630.747440881498,0.269664540177246,0.747440881498164,1
2057,1,5.73877478561587e-16,0.00105443013438445,0.00105443013438445,89.9999999999688,630.47777634132,630.7474408815,0.269664540179974,0.747440881499983,1
2058,1,7.16877443707909e-16,0.00105443013438442,0.00105443013438442,89.999999999961,630.47777634132,630.747440881501,0.269664540180997,0.747440881501007,1
2059,1,8.57580094546106e-16,0.00105443013438437,0.00105443013438437,89.9999999999534,630.477776341318,630.747440881501,0.269664540182816,0.747440881501007,1
2060,1,9.95534533623822e-16,0.00105443013438432,0.00105443013438432,89.9999999999459,630.477776341318,630.747440881503,0.269664540184635,0.747440881502826,1
2061,1,1.13029867044219e-15,0.00105443013438426,0.00105443013438426,89.9999999999386,630.477776341316,630.747440881505,0.269664540188387,0.747440881504644,1
2062,1,1.26144063818421e-15,0.00105443013438419,0.00105443013438419,89.9999999999315,630.477776341316,630.747440881505,0.269664540188387,0.747440881504644,1
2063,1,1.38854017768078e-15,0.00105443013438412,0.00105443013438412,89.9999999999246,630.477776341315,630.747440881506,0.269664540190206,0.747440881505554,1
2064,1,1.51118998417813e-15,0.00105443013438403,0.00105443013438403,89.9999999999179,630.477776341315,630.747440881507,0.269664540192139,0.747440881507487,1
2065,1,1.62899701259192e-15,0.00105443013438394,0.00105443013438394,89.9999999999115,630.477776341315,630.747440881507,0.269664540192139,0.747440881507487,1
2066,1,1.74158373706416e-15,0.00105443013438385,0.00105443013438385,89.9999999999054,630.477776341314,630.747440881509,0.269664540195777,0.747440881509306,1
2067,1,1.84858936078741e-15,0.00105443013438375,0.00105443013438375,89.9999999998996,630.477776341314,630.74744088151,0.269664540196686,0.747440881510215,1
2068,1,1.94967097221858e-15,0.00105443013438364,0.00105443013438364,89.9999999998941,630.477776341314,630.74744088151,0.269664540196686,0.747440881510215,1
2069,1,2.04450464397747e-15,0.00105443013438353,0.00105443013438353,89.9999999998889,630.477776341314,630.747440881512,0.269664540198619,0.747440881512148,1
2070,1,2.13278647090861e-15,0.00105443013438341,0.00105443013438341,89.9999999998841,630.477776341314,630.747440881512,0.269664540198619,0.747440881512148,1
2071,1,2.21423354397924e-15,0.00105443013438329,0.00105443013438329,89.9999999998797,630.477776341314,630.747440881514,0.269664540200438,0.747440881513967,1
2072,1,2.28858485689335e-15,0.00105443013438316,0.00105443013438316,89.9999999998756,630.477776341312,630.747440881515,0.26966454020328,0.747440881514876,1
2073,1,2.35560214251542e-15,0.00105443013438303,0.00105443013438303,89.999999999872,630.477776341312,630.747440881515,0.26966454020328,0.747440881514876,1
2074,1,2.41507063642445e-15,0.00105443013438289,0.00105443013438289,89.9999999998688,630.477776341312,630.747440881517,0.269664540205213,0.747440881516809,1
2075,1,2.46679976515052e-15,0.00105443013438275,0.00105443013438275,89.999999999866,630.477776341314,630.747440881517,0.26966454020328,0.747440881516809,1
2076,1,2.51062375688896e-15,0.00105443013438261,0.00105443013438261,89.9999999998636,630.477776341314,630.747440881519,0.269664540205099,0.747440881518628,1
2077,1,2.54640217273472e-15,0.00105443013438247,0.00105443013438247,89.9999999998616,630.477776341314,630.747440881519,0.269664540205099,0.747440881518628,1
2078,1,2.57402035673456e-15,0.00105443013438232,0.00105443013438232,89.9999999998601,630.477776341314,630.747440881519,0.269664540205099,0.747440881518628,1
2079,1,2.59338980331503e-15,0.00105443013438218,0.00105443013438218,89.9999999998591,630.477776341314,630.74744088152,0.269664540206008,0.747440881519537,1
2080,1,2.60444844090842e-15,0.00105443013438203,0.00105443013438203,89.9999999998585,630.477776341314,630.74744088152,0.269664540206008,0.747440881519537,1
2081,1,2.60716083086816e-15,0.00105443013438188,0.00105443013438188,89.9999999998583,630.477776341315,630.74744088152,0.26966454020419,0.747440881519537,1
2082,1,2.60151828103589e-15,0.00105443013438174,0.00105443013438174,89.9999999998586,630.477776341315,630.747440881521,0.269664540206122,0.74744088152147,1
2083,1,2.58753887359647e-15,0.00105443013438159,0.00105443013438159,89.9999999998594,630.477776341315,630.747440881521,0.269664540206122,0.74744088152147,1
2084,1,2.56526740713161e-15,0.00105443013438144,0.00105443013438144,89.9999999998606,630.477776341316,630.747440881521,0.269664540205213,0.74744088152147,1
2085,1,2.53477525305774e-15,0.0010544301343813,0.0010544301343813,89.9999999998623,630.477776341316,630.747440881521,0.269664540205213,0.74744088152147,1
2086,1,2.49616012690833e-15,0.00105443013438116,0.00105443013438116,89.9999999998644,630.477776341316,630.747440881521,0.269664540205213,0.74744088152147,1
2087,1,2.44954577519347e-15,0.00105443013438102,0.00105443013438102,89.9999999998669,630.477776341318,630.747440881521,0.26966454020328,0.74744088152147,1
2088,1,2.39508157884024e-15,0.00105443013438088,0.00105443013438088,89.9999999998699,630.477776341318,630.747440881521,0.26966454020328,0.74744088152147,1
2089,1,2.33294207448483e-15,0.00105443013438074,0.00105443013438074,89.9999999998732,630.47777634132,630.747440881521,0.269664540201461,0.74744088152147,1
2090,1,2.26332639515017e-15,0.00105443013438061,0.00105443013438061,89.999999999877,630.47777634132,630.747440881521,0.269664540201461,0.74744088152147,1
2091,1,2.18645763210191e-15,0.00105443013438049,0.00105443013438049,89.9999999998812,630.477776341321,630.747440881521,0.269664540200552,0.74744088152147,1
2092,1,2.10258211992728e-15,0.00105443013438037,0.00105443013438037,89.9999999998858,630.477776341321,630.747440881521,0.269664540200552,0.74744088152147,1
2093,1,2.01196864712827e-15,0.00105443013438025,0.00105443013438025,89.9999999998907,630.477776341323,630.747440881521,0.269664540198619,0.74744088152147,1
2094,1,1.91490759475877e-15,0.00105443013438014,0.00105443013438014,89.9999999998959,630.477776341325,630.747440881521,0.2696645401968,0.74744088152147,1
2095,1,1.81171000586565e-15,0.00105443013438003,0.00105443013438003,89.9999999999016,630.477776341325,630.747440881521,0.2696645401968,0.74744088152147,1
2096,1,1.70270658871663e-15,0.00105443013437993,0.00105443013437993,89.9999999999075,630.477776341326,630.747440881521,0.26966454019589,0.74744088152147,1
2097,1,1.58824665700824e-15,0.00105443013437984,0.00105443013437984,89.9999999999137,630.477776341328,630.74744088152,0.269664540192025,0.747440881519537,1
2098,1,1.46869701045105e-15,0.00105443013437975,0.00105443013437975,89.9999999999202,630.477776341328,630.74744088152,0.269664540192025,0.747440881519537,1
2099,1,1.34444075931859e-15,0.00105443013437968,0.00105443013437968,89.9999999999269,630.477776341329,630.74744088152,0.269664540190206,0.747440881519537,1
2100,1,1.21587609672752e-15,0.0010544301343796,0.0010544301343796,89.9999999999339,630.477776341329,630.747440881519,0.269664540189297,0.747440881518628,1
2101,1,1.0834150225832e-15,0.00105443013437954,0.00105443013437954,89.9999999999411,630.47777634133,630.747440881519,0.269664540188387,0.747440881518628,1
2102,1,9.47482023279377e-16,0.00105443013437948,0.00105443013437948,89.9999999999485,630.477776341332,630.747440881517,0.269664540184635,0.747440881516809,1
2103,1,8.08512711384213e-16,0.00105443013437943,0.00105443013437943,89.9999999999561,630.477776341332,630.747440881517,0.269664540184635,0.747440881516809,1
2104,1,6.66952429670538e-16,0.00105443013437939,0.00105443013437939,89.9999999999638,630.477776341334,630.747440881515,0.269664540180884,0.747440881514876,1
2105,1,5.23254823965199e-16,0.00105443013437935,0.00105443013437935,89.9999999999716,630.477776341335,630.747440881515,0.269664540179974,0.747440881514876,1
2106,1,3.77880389389756e-16,0.00105443013437933,0.00105443013437933,89.9999999999795,630.477776341335,630.747440881514,0.269664540179065,0.747440881513967,1
2107,1,2.31294994652416e-16,0.00105443013437931,0.00105443013437931,89.9999999999874,630.477776341337,630.747440881514,0.269664540177132,0.747440881513967,1
2108,1,8.3968389119166e-17,0.0010544301343793,0.0010544301343793,89.9999999999954,630.477776341339,630.747440881512,0.269664540173494,0.747440881512148,1
2109,1,-6.36273025507402e-17,0.0010544301343793,0.0010544301343793,90.0000000000035,630.477776341339,630.747440881512,0.269664540173494,0.747440881512148,1
2110,1,-2.11019093381181e-16,0.00105443013437931,0.00105443013437931,90.0000000000115,630.477776341337,630.747440881514,0.269664540177132,0.747440881513967,1
2111,1,-3.57734649819329e-16,0.00105443013437933,0.00105443013437933,90.0000000000195,630.477776341337,630.747440881514,0.269664540177132,0.747440881513967,1
2112,1,-5.03303805381297e-16,0.00105443013437935,0.00105443013437935,90.0000000000274,630.477776341335,630.747440881515,0.269664540179974,0.747440881514876,1
2113,1,-6.47260067353743e-16,0.00105443013437938,0.00105443013437938,90.0000000000352,630.477776341334,630.747440881515,0.269664540180884,0.747440881514876,1
2114,1,-7.89142111721898e-16,0.00105443013437942,0.00105443013437942,90.0000000000429,630.477776341334,630.747440881517,0.269664540182816,0.747440881516809,1
2115,1,-9.28495261534444e-16,0.00105443013437947,0.00105443013437947,90.0000000000505,630.477776341332,630.747440881517,0.269664540184635,0.747440881516809,1
2116,1,-1.06487294396678e-15,0.00105443013437953,0.00105443013437953,90.0000000000579,630.47777634133,630.747440881519,0.269664540188387,0.747440881518628,1
2117,1,-1.19783812141373e-15,0.00105443013437959,0.00105443013437959,90.0000000000651,630.47777634133,630.747440881519,0.269664540188387,0.747440881518628,1
2118,1,-1.32696469202582e-15,0.00105443013437966,0.00105443013437966,90.0000000000721,630.477776341329,630.74744088152,0.269664540190206,0.747440881519537,1
2119,1,-1.45183885520037e-15,0.00105443013437974,0.00105443013437974,90.0000000000789,630.477776341328,630.74744088152,0.269664540192025,0.747440881519537,1
2120,1,-1.57206043765216e-15,0.00105443013437983,0.00105443013437983,90.0000000000854,630.477776341328,630.74744088152,0.269664540192025,0.747440881519537,1
2121,1,-1.6872441758135e-15,0.00105443013437992,0.00105443013437992,90.0000000000917,630.477776341326,630.74744088152,0.269664540193958,0.747440881519537,1
2122,1,-1.79702095045484e-15,0.00105443013438002,0.00105443013438002,90.0000000000977,630.477776341325,630.747440881521,0.2696645401968,0.74744088152147,1
2123,1,-1.90103896956858e-15,0.00105443013438012,0.00105443013438012,90.0000000001033,630.477776341325,630.747440881521,0.2696645401968,0.74744088152147,1
2124,1,-1.99896489572627e-15,0.00105443013438024,0.00105443013438024,90.0000000001086,630.477776341323,630.747440881521,0.269664540198619,0.74744088152147,1
2125,1,-2.09048491429578e-15,0.00105443013438035,0.00105443013438035,90.0000000001136,630.477776341321,630.747440881521,0.269664540200552,0.74744088152147,1
2126,1,-2.17530573909546e-15,0.00105443013438047,0.00105443013438047,90.0000000001182,630.477776341321,630.747440881521,0.269664540200552,0.74744088152147,1
2127,1,-2.25315555226281e-15,0.0010544301343806,0.0010544301343806,90.0000000001224,630.47777634132,630.747440881521,0.269664540201461,0.74744088152147,1
2128,1,-2.32378487532523e-15,0.00105443013438073,0.00105443013438073,90.0000000001263,630.47777634132,630.747440881521,0.269664540201461,0.74744088152147,1
2129,1,-2.38696736868194e-15,0.00105443013438086,0.00105443013438086,90.0000000001297,630.477776341318,630.747440881521,0.26966454020328,0.74744088152147,1
2130,1,-2.44250055693451e-15,0.001054430134381,0.001054430134381,90.0000000001327,630.477776341318,630.747440881521,0.26966454020328,0.74744088152147,1
2131,1,-2.49020647774215e-15,0.00105443013438114,0.00105443013438114,90.0000000001353,630.477776341316,630.747440881521,0.269664540205213,0.74744088152147,1
2132,1,-2.52993225212198e-15,0.00105443013438128,0.00105443013438128,90.0000000001375,630.477776341316,630.747440881521,0.269664540205213,0.74744088152147,1
2133,1,-2.56155057436686e-15,0.00105443013438142,0.00105443013438142,90.0000000001392,630.477776341316,630.747440881521,0.269664540205213,0.74744088152147,1
2134,1,-2.58496012001092e-15,0.00105443013438157,0.00105443013438157,90.0000000001405,630.477776341315,630.747440881521,0.269664540206122,0.74744088152147,1
2135,1,-2.6000858705351e-15,0.00105443013438172,0.00105443013438172,90.0000000001413,630.477776341315,630.747440881521,0.269664540206122,0.74744088152147,1
2136,1,-2.60687935377253e-15,0.00105443013438186,0.00105443013438186,90.0000000001417,630.477776341315,630.74744088152,0.26966454020419,0.747440881519537,1
2137,1,-2.60531879924291e-15,0.00105443013438201,0.00105443013438201,90.0000000001416,630.477776341314,630.74744088152,0.269664540206008,0.747440881519537,1
2138,1,-2.59540920791858e-15,0.00105443013438216,0.00105443013438216,90.000000000141,630.477776341314,630.74744088152,0.269664540206008,0.747440881519537,1
2139,1,-2.57718233619825e-15,0.0010544301343823,0.0010544301343823,90.00000000014,630.477776341314,630.747440881519,0.269664540205099,0.747440881518628,1
2140,1,-2.5506965941401e-15,0.00105443013438245,0.00105443013438245,90.0000000001386,630.477776341314,630.747440881519,0.269664540205099,0.747440881518628,1
2141,1,-2.51603685828018e-15,0.00105443013438259,0.00105443013438259,90.0000000001367,630.477776341314,630.747440881519,0.269664540205099,0.747440881518628,1
2142,1,-2.47331419963601e-15,0.00105443013438273,0.00105443013438273,90.0000000001344,630.477776341314,630.747440881517,0.26966454020328,0.747440881516809,1
2143,1,-2.42266552776701e-15,0.00105443013438287,0.00105443013438287,90.0000000001316,630.477776341312,630.747440881517,0.269664540205213,0.747440881516809,1
2144,1,-2.3642531520325e-15,0.00105443013438301,0.00105443013438301,90.0000000001285,630.477776341312,630.747440881515,0.26966454020328,0.747440881514876,1
2145,1,-2.29826426145299e-15,0.00105443013438314,0.00105443013438314,90.0000000001249,630.477776341312,630.747440881515,0.26966454020328,0.747440881514876,1
2146,1,-2.22491032484211e-15,0.00105443013438327,0.00105443013438327,90.0000000001209,630.477776341314,630.747440881514,0.269664540200438,0.747440881513967,1
2147,1,-2.14442641313089e-15,0.00105443013438339,0.00105443013438339,90.0000000001165,630.477776341314,630.747440881514,0.269664540200438,0.747440881513967,1
2148,1,-2.0570704460566e-15,0.00105443013438351,0.00105443013438351,90.0000000001118,630.477776341314,630.747440881512,0.269664540198619,0.747440881512148,1
2149,1,-1.96312236563004e-15,0.00105443013438362,0.00105443013438362,90.0000000001067,630.477776341314,630.74744088151,0.269664540196686,0.747440881510215,1
2150,1,-1.86288323902978e-15,0.00105443013438373,0.00105443013438373,90.0000000001012,630.477776341314,630.74744088151,0.269664540196686,0.747440881510215,1
2151,1,-1.75667429379873e-15,0.00105443013438384,0.00105443013438384,90.0000000000955,630.477776341314,630.747440881509,0.269664540195777,0.747440881509306,1
2152,1,-1.6448358884342e-15,0.00105443013438393,0.00105443013438393,90.0000000000894,630.477776341315,630.747440881507,0.269664540192139,0.747440881507487,1
2153,1,-1.52772642167107e-15,0.00105443013438402,0.00105443013438402,90.000000000083,630.477776341315,630.747440881507,0.269664540192139,0.747440881507487,1
2154,1,-1.40572118395255e-15,0.0010544301343841,0.0010544301343841,90.0000000000764,630.477776341315,630.747440881506,0.269664540190206,0.747440881505554,1
2155,1,-1.27921115477001e-15,0.00105443013438418,0.00105443013438418,90.0000000000695,630.477776341316,630.747440881505,0.269664540188387,0.747440881504644,1
2156,1,-1.14860174972511e-15,0.00105443013438425,0.00105443013438425,90.0000000000624,630.477776341316,630.747440881505,0.269664540188387,0.747440881504644,1
2157,1,-1.01431152132999e-15,0.00105443013438431,0.00105443013438431,90.0000000000551,630.477776341318,630.747440881503,0.269664540184635,0.747440881502826,1
2158,1,-8.7677081770885e-16,0.00105443013438436,0.00105443013438436,90.0000000000477,630.477776341318,630.747440881501,0.269664540182816,0.747440881501007,1
2159,1,-7.36420403498819e-16,0.00105443013438441,0.00105443013438441,90.00000000004,630.47777634132,630.747440881501,0.269664540180997,0.747440881501007,1
2160,1,-5.93710047370397e-16,0.00105443013438445,0.00105443013438445,90.0000000000323,630.47777634132,630.7474408815,0.269664540179974,0.747440881499983,1
2161,1,-4.49097080692962e-16,0.00105443013438448,0.00105443013438448,90.0000000000244,630.477776341321,630.7474408815,0.269664540179065,0.747440881499983,1
2162,1,-3.0304493196529e-16,0.0010544301343845,0.0010544301343845,90.0000000000165,630.477776341321,630.747440881498,0.269664540177246,0.747440881498164,1
2163,1,-1.56021641706622e-16,0.00105443013438451,0.00105443013438451,90.0000000000085,630.477776341323,630.747440881496,0.269664540173494,0.747440881496345,1
2164,1,-8.49836256833733e-18,0.00105443013438452,0.00105443013438452,90.0000000000005,630.477776341323,630.747440881496,0.269664540173494,0.747440881496345,1
2165,1,1.39052150527535e-16,0.00105443013438451,0.00105443013438451,89.9999999999924,630.477776341323,630.747440881496,0.269664540173494,0.747440881496345,1
2166,1,2.86157055384838e-16,0.0010544301343845,0.0010544301343845,89.9999999999845,630.477776341321,630.747440881498,0.269664540177246,0.747440881498164,1
2167,1,4.3234493780893e-16,0.00105443013438448,0.00105443013438448,89.9999999999765,630.477776341321,630.747440881498,0.269664540177246,0.747440881498164,1
2168,1,5.77147322306729e-16,0.00105443013438445,0.00105443013438445,89.9999999999686,630.47777634132,630.7474408815,0.269664540179974,0.747440881499983,1
2169,1,7.2010017336877e-16,0.00105443013438441,0.00105443013438441,89.9999999999609,630.47777634132,630.747440881501,0.269664540180997,0.747440881501007,1
2170,1,8.6074538252342e-16,0.00105443013438437,0.00105443013438437,89.9999999999532,630.477776341318,630.747440881501,0.269664540182816,0.747440881501007,1
2171,1,9.98632236396652e-16,0.00105443013438432,0.00105443013438432,89.9999999999457,630.477776341318,630.747440881503,0.269664540184635,0.747440881502826,1
2172,1,1.13331886107395e-15,0.00105443013438426,0.00105443013438426,89.9999999999384,630.477776341316,630.747440881505,0.269664540188387,0.747440881504644,1
2173,1,1.26437363813477e-15,0.00105443013438419,0.00105443013438419,89.9999999999313,630.477776341316,630.747440881505,0.269664540188387,0.747440881504644,1
2174,1,1.39137658782222e-15,0.00105443013438411,0.00105443013438411,89.9999999999244,630.477776341315,630.747440881506,0.269664540190206,0.747440881505554,1
2175,1,1.51392071491554e-15,0.00105443013438403,0.00105443013438403,89.9999999999177,630.477776341315,630.747440881507,0.269664540192139,0.747440881507487,1
2176,1,1.63161331299181e-15,0.00105443013438394,0.00105443013438394,89.9999999999113,630.477776341315,630.747440881507,0.269664540192139,0.747440881507487,1
2177,1,1.74407722289802e-15,0.00105443013438385,0.00105443013438385,89.9999999999052,630.477776341314,630.747440881509,0.269664540195777,0.747440881509306,1
2178,1,1.8509520413997e-15,0.00105443013438375,0.00105443013438375,89.9999999998994,630.477776341314,630.74744088151,0.269664540196686,0.747440881510215,1
2179,1,1.95189527613383e-15,0.00105443013438364,0.00105443013438364,89.9999999998939,630.477776341314,630.74744088151,0.269664540196686,0.747440881510215,1
2180,1,2.04658344316394e-15,0.00105443013438352,0.00105443013438352,89.9999999998888,630.477776341314,630.747440881512,0.269664540198619,0.747440881512148,1
2181,1,2.1347131036207e-15,0.00105443013438341,0.00105443013438341,89.999999999884,630.477776341314,630.747440881512,0.269664540198619,0.747440881512148,1
2182,1,2.21600183610602e-15,0.00105443013438328,0.00105443013438328,89.9999999998796,630.477776341314,630.747440881514,0.269664540200438,0.747440881513967,1
2183,1,2.29018914174398e-15,0.00105443013438316,0.00105443013438316,89.9999999998756,630.477776341312,630.747440881515,0.26966454020328,0.747440881514876,1
2184,1,2.35703727897891e-15,0.00105443013438302,0.00105443013438302,89.9999999998719,630.477776341312,630.747440881515,0.26966454020328,0.747440881514876,1
2185,1,2.41633202544474e-15,0.00105443013438289,0.00105443013438289,89.9999999998687,630.477776341312,630.747440881517,0.269664540205213,0.747440881516809,1
2186,1,2.46788336446479e-15,0.00105443013438275,0.00105443013438275,89.9999999998659,630.477776341314,630.747440881517,0.26966454020328,0.747440881516809,1
2187,1,2.51152609398147e-15,0.00105443013438261,0.00105443013438261,89.9999999998635,630.477776341314,630.747440881519,0.269664540205099,0.747440881518628,1
2188,1,2.54712035596486e-15,0.00105443013438247,0.00105443013438247,89.9999999998616,630.477776341314,630.747440881519,0.269664540205099,0.747440881518628,1
2189,1,2.57455208460351e-15,0.00105443013438232,0.00105443013438232,89.9999999998601,630.477776341314,630.747440881519,0.269664540205099,0.747440881518628,1
2190,1,2.59373337184108e-15,0.00105443013438217,0.00105443013438217,89.9999999998591,630.477776341314,630.74744088152,0.269664540206008,0.747440881519537,1
2191,1,2.60460274908764e-15,0.00105443013438203,0.00105443013438203,89.9999999998585,630.477776341314,630.74744088152,0.269664540206008,0.747440881519537,1
2192,1,2.60712538420264e-15,0.00105443013438188,0.00105443013438188,89.9999999998583,630.477776341315,630.74744088152,0.26966454020419,0.747440881519537,1
2193,1,2.60129319311846e-15,0.00105443013438173,0.00105443013438173,89.9999999998587,630.477776341315,630.747440881521,0.269664540206122,0.74744088152147,1
2194,1,2.58712486574665e-15,0.00105443013438159,0.00105443013438159,89.9999999998594,630.477776341315,630.747440881521,0.269664540206122,0.74744088152147,1
2195,1,2.56466580608405e-15,0.00105443013438144,0.00105443013438144,89.9999999998606,630.477776341316,630.747440881521,0.269664540205213,0.74744088152147,1
2196,1,2.53398798671061e-15,0.0010544301343813,0.0010544301343813,89.9999999998623,630.477776341316,630.747440881521,0.269664540205213,0.74744088152147,1
2197,1,2.49518971814508e-15,0.00105443013438115,0.00105443013438115,89.9999999998644,630.477776341316,630.747440881521,0.269664540205213,0.74744088152147,1
2198,1,2.448395333798e-15,0.00105443013438101,0.00105443013438101,89.999999999867,630.477776341318,630.747440881521,0.26966454020328,0.74744088152147,1
2199,1,2.39375479153127e-15,0.00105443013438088,0.00105443013438088,89.9999999998699,630.477776341318,630.747440881521,0.26966454020328,0.74744088152147,1
2200,1,2.33144319310132e-15,0.00105443013438074,0.00105443013438074,89.9999999998733,630.47777634132,630.747440881521,0.269664540201461,0.74744088152147,1
2201,1,2.26166022302595e-15,0.00105443013438061,0.00105443013438061,89.9999999998771,630.47777634132,630.747440881521,0.269664540201461,0.74744088152147,1
2202,1,2.1846295086727e-15,0.00105443013438049,0.00105443013438049,89.9999999998813,630.477776341321,630.747440881521,0.269664540200552,0.74744088152147,1
2203,1,2.10059790362002e-15,0.00105443013438036,0.00105443013438036,89.9999999998859,630.477776341321,630.747440881521,0.269664540200552,0.74744088152147,1
2204,1,2.00983469658706e-15,0.00105443013438025,0.00105443013438025,89.9999999998908,630.477776341323,630.747440881521,0.269664540198619,0.74744088152147,1
2205,1,1.91263074846781e-15,0.00105443013438014,0.00105443013438014,89.9999999998961,630.477776341325,630.747440881521,0.2696645401968,0.74744088152147,1
2206,1,1.80929756023474e-15,0.00105443013438003,0.00105443013438003,89.9999999999017,630.477776341325,630.747440881521,0.2696645401968,0.74744088152147,1
2207,1,1.70016627469877e-15,0.00105443013437993,0.00105443013437993,89.9999999999076,630.477776341326,630.747440881521,0.26966454019589,0.74744088152147,1
2208,1,1.58558661532516e-15,0.00105443013437984,0.00105443013437984,89.9999999999138,630.477776341328,630.74744088152,0.269664540192025,0.747440881519537,1
2209,1,1.4659257655051e-15,0.00105443013437975,0.00105443013437975,89.9999999999203,630.477776341328,630.74744088152,0.269664540192025,0.747440881519537,1
2210,1,1.34156719187558e-15,0.00105443013437967,0.00105443013437967,89.9999999999271,630.477776341329,630.74744088152,0.269664540190206,0.747440881519537,1
2211,1,1.21290941545718e-15,0.0010544301343796,0.0010544301343796,89.9999999999341,630.477776341329,630.747440881519,0.269664540189297,0.747440881518628,1
2212,1,1.08036473454894e-15,0.00105443013437954,0.00105443013437954,89.9999999999413,630.47777634133,630.747440881519,0.269664540188387,0.747440881518628,1
2213,1,9.44357903471937e-16,0.00105443013437948,0.00105443013437948,89.9999999999487,630.477776341332,630.747440881517,0.269664540184635,0.747440881516809,1
2214,1,8.05324771396437e-16,0.00105443013437943,0.00105443013437943,89.9999999999562,630.477776341332,630.747440881517,0.269664540184635,0.747440881516809,1
2215,1,6.63710885614346e-16,0.00105443013437939,0.00105443013437939,89.9999999999639,630.477776341334,630.747440881515,0.269664540180884,0.747440881514876,1
2216,1,5.19970063732628e-16,0.00105443013437935,0.00105443013437935,89.9999999999717,630.477776341335,630.747440881515,0.269664540179974,0.747440881514876,1
2217,1,3.74562939364081e-16,0.00105443013437933,0.00105443013437933,89.9999999999797,630.477776341335,630.747440881514,0.269664540179065,0.747440881513967,1
2218,1,2.27955485974881e-16,0.00105443013437931,0.00105443013437931,89.9999999999876,630.477776341337,630.747440881514,0.269664540177132,0.747440881513967,1
2219,1,8.06175236205507e-17,0.0010544301343793,0.0010544301343793,89.9999999999956,630.477776341339,630.747440881512,0.269664540173494,0.747440881512148,1
2220,1,-6.69787866454445e-17,0.0010544301343793,0.0010544301343793,90.0000000000037,630.477776341339,630.747440881512,0.269664540173494,0.747440881512148,1
2221,1,-2.14360455864734e-16,0.00105443013437931,0.00105443013437931,90.0000000000117,630.477776341337,630.747440881514,0.269664540177132,0.747440881513967,1
2222,1,-3.61055182920183e-16,0.00105443013437933,0.00105443013437933,90.0000000000196,630.477776341335,630.747440881514,0.269664540179065,0.747440881513967,1
2223,1,-5.06592868078148e-16,0.00105443013437935,0.00105443013437935,90.0000000000275,630.477776341335,630.747440881515,0.269664540179974,0.747440881514876,1
2224,1,-6.50507119475587e-16,0.00105443013437938,0.00105443013437938,90.0000000000354,630.477776341334,630.747440881515,0.269664540180884,0.747440881514876,1
2225,1,-7.92336747725481e-16,0.00105443013437942,0.00105443013437942,90.0000000000431,630.477776341334,630.747440881517,0.269664540182816,0.747440881516809,1
2226,1,-9.31627243849746e-16,0.00105443013437947,0.00105443013437947,90.0000000000506,630.477776341332,630.747440881517,0.269664540184635,0.747440881516809,1
2227,1,-1.0679322358046e-15,0.00105443013437953,0.00105443013437953,90.000000000058,630.47777634133,630.747440881519,0.269664540188387,0.747440881518628,1
2228,1,-1.20081491892966e-15,0.00105443013437959,0.00105443013437959,90.0000000000653,630.47777634133,630.747440881519,0.269664540188387,0.747440881518628,1
2229,1,-1.32984945573777e-15,0.00105443013437967,0.00105443013437967,90.0000000000723,630.477776341329,630.74744088152,0.269664540190206,0.747440881519537,1
2230,1,-1.45462234055897e-15,0.00105443013437975,0.00105443013437975,90.0000000000791,630.477776341328,630.74744088152,0.269664540192025,0.747440881519537,1
2231,1,-1.57473372466581e-15,0.00105443013437983,0.00105443013437983,90.0000000000856,630.477776341328,630.74744088152,0.269664540192025,0.747440881519537,1
2232,1,-1.68979869763368e-15,0.00105443013437992,0.00105443013437992,90.0000000000918,630.477776341326,630.747440881521,0.26966454019589,0.74744088152147,1
2233,1,-1.79944852082933e-15,0.00105443013438002,0.00105443013438002,90.0000000000978,630.477776341325,630.747440881521,0.2696645401968,0.74744088152147,1
2234,1,-1.90333180907543e-15,0.00105443013438013,0.00105443013438013,90.0000000001034,630.477776341325,630.747440881521,0.2696645401968,0.74744088152147,1
2235,1,-2.00111565670367e-15,0.00105443013438024,0.00105443013438024,90.0000000001088,630.477776341323,630.747440881521,0.269664540198619,0.74744088152147,1
2236,1,-2.09248670438851e-15,0.00105443013438035,0.00105443013438035,90.0000000001137,630.477776341321,630.747440881521,0.269664540200552,0.74744088152147,1
2237,1,-2.17715214334231e-15,0.00105443013438047,0.00105443013438047,90.0000000001183,630.477776341321,630.747440881521,0.269664540200552,0.74744088152147,1
2238,1,-2.2548406536539e-15,0.0010544301343806,0.0010544301343806,90.0000000001225,630.47777634132,630.747440881521,0.269664540201461,0.74744088152147,1
2239,1,-2.32530327376388e-15,0.00105443013438073,0.00105443013438073,90.0000000001264,630.47777634132,630.747440881521,0.269664540201461,0.74744088152147,1
2240,1,-2.38831419828972e-15,0.00105443013438086,0.00105443013438086,90.0000000001298,630.477776341318,630.747440881521,0.26966454020328,0.74744088152147,1
2241,1,-2.44367150164465e-15,0.001054430134381,0.001054430134381,90.0000000001328,630.477776341318,630.747440881521,0.26966454020328,0.74744088152147,1
2242,1,-2.49119778513077e-15,0.00105443013438114,0.00105443013438114,90.0000000001354,630.477776341316,630.747440881521,0.269664540205213,0.74744088152147,1
2243,1,-2.53074074543317e-15,0.00105443013438128,0.00105443013438128,90.0000000001375,630.477776341316,630.747440881521,0.269664540205213,0.74744088152147,1
2244,1,-2.56217366269298e-15,0.00105443013438143,0.00105443013438143,90.0000000001392,630.477776341316,630.747440881521,0.269664540205213,0.74744088152147,1
2245,1,-2.58539580659542e-15,0.00105443013438157,0.00105443013438157,90.0000000001405,630.477776341315,630.747440881521,0.269664540206122,0.74744088152147,1
2246,1,-2.60033275917139e-15,0.00105443013438172,0.00105443013438172,90.0000000001413,630.477776341315,630.747440881521,0.269664540206122,0.74744088152147,1
2247,1,-2.60693665327822e-15,0.00105443013438187,0.00105443013438187,90.0000000001417,630.477776341315,630.74744088152,0.26966454020419,0.747440881519537,1
2248,1,-2.60518632599531e-15,0.00105443013438201,0.00105443013438201,90.0000000001416,630.477776341314,630.74744088152,0.269664540206008,0.747440881519537,1
2249,1,-2.59508738644308e-15,0.00105443013438216,0.00105443013438216,90.000000000141,630.477776341314,630.74744088152,0.269664540206008,0.747440881519537,1
2250,1,-2.57667219780792e-15,0.00105443013438231,0.00105443013438231,90.00000000014,630.477776341314,630.747440881519,0.269664540205099,0.747440881518628,1
2251,1,-2.54999977363074e-15,0.00105443013438245,0.00105443013438245,90.0000000001386,630.477776341314,630.747440881519,0.269664540205099,0.747440881518628,1
2252,1,-2.5151555886914e-15,0.0010544301343826,0.0010544301343826,90.0000000001367,630.477776341314,630.747440881519,0.269664540205099,0.747440881518628,1
2253,1,-2.4722513050952e-15,0.00105443013438274,0.00105443013438274,90.0000000001343,630.477776341314,630.747440881517,0.26966454020328,0.747440881516809,1
2254,1,-2.42142441443917e-15,0.00105443013438288,0.00105443013438288,90.0000000001316,630.477776341312,630.747440881517,0.269664540205213,0.747440881516809,1
2255,1,-2.36283779720469e-15,0.00105443013438301,0.00105443013438301,90.0000000001284,630.477776341312,630.747440881515,0.26966454020328,0.747440881514876,1
2256,1,-2.2966792007888e-15,0.00105443013438314,0.00105443013438314,90.0000000001248,630.477776341312,630.747440881515,0.26966454020328,0.747440881514876,1
2257,1,-2.22316063784649e-15,0.00105443013438327,0.00105443013438327,90.0000000001208,630.477776341314,630.747440881514,0.269664540200438,0.747440881513967,1
2258,1,-2.1425177068724e-15,0.00105443013438339,0.00105443013438339,90.0000000001164,630.477776341314,630.747440881512,0.269664540198619,0.747440881512148,1
2259,1,-2.05500883719889e-15,0.00105443013438351,0.00105443013438351,90.0000000001117,630.477776341314,630.747440881512,0.269664540198619,0.747440881512148,1
2260,1,-1.9609144608303e-15,0.00105443013438363,0.00105443013438363,90.0000000001066,630.477776341314,630.74744088151,0.269664540196686,0.747440881510215,1
2261,1,-1.86053611376703e-15,0.00105443013438374,0.00105443013438374,90.0000000001011,630.477776341314,630.74744088151,0.269664540196686,0.747440881510215,1
2262,1,-1.75419546969955e-15,0.00105443013438384,0.00105443013438384,90.0000000000953,630.477776341314,630.747440881509,0.269664540195777,0.747440881509306,1
2263,1,-1.64223330916887e-15,0.00105443013438393,0.00105443013438393,90.0000000000892,630.477776341315,630.747440881507,0.269664540192139,0.747440881507487,1
2264,1,-1.52500842749728e-15,0.00105443013438402,0.00105443013438402,90.0000000000829,630.477776341315,630.747440881507,0.269664540192139,0.747440881507487,1
2265,1,-1.40289648498801e-15,0.00105443013438411,0.00105443013438411,90.0000000000762,630.477776341315,630.747440881506,0.269664540190206,0.747440881505554,1
2266,1,-1.27628880307988e-15,0.00105443013438418,0.00105443013438418,90.0000000000694,630.477776341316,630.747440881505,0.269664540188387,0.747440881504644,1
2267,1,-1.14559111031362e-15,0.00105443013438425,0.00105443013438425,90.0000000000623,630.477776341316,630.747440881505,0.269664540188387,0.747440881504644,1
2268,1,-1.01122224212948e-15,0.00105443013438431,0.00105443013438431,90.000000000055,630.477776341318,630.747440881503,0.269664540184635,0.747440881502826,1
2269,1,-8.73612798661568e-16,0.00105443013438437,0.00105443013438437,90.0000000000475,630.477776341318,630.747440881501,0.269664540182816,0.747440881501007,1
2270,1,-7.33203764831628e-16,0.00105443013438441,0.00105443013438441,90.0000000000398,630.47777634132,630.747440881501,0.269664540180997,0.747440881501007,1
2271,1,-5.90445097163256e-16,0.00105443013438445,0.00105443013438445,90.0000000000321,630.47777634132,630.7474408815,0.269664540179974,0.747440881499983,1
2272,1,-4.45794281845583e-16,0.00105443013438448,0.00105443013438448,90.0000000000242,630.477776341321,630.747440881498,0.269664540177246,0.747440881498164,1
2273,1,-2.99714868667679e-16,0.0010544301343845,0.0010544301343845,90.0000000000163,630.477776341321,630.747440881498,0.269664540177246,0.747440881498164,1
2274,1,-1.52674985520742e-16,0.00105443013438451,0.00105443013438451,90.0000000000083,630.477776341323,630.747440881496,0.269664540173494,0.747440881496345,1
2275,1,-5.145838229963e-18,0.00105443013438452,0.00105443013438452,90.0000000000003,630.477776341323,630.747440881496,0.269664540173494,0.747440881496345,1
2276,1,1.42399799477549e-16,0.00105443013438451,0.00105443013438451,89.9999999999923,630.477776341323,630.747440881496,0.269664540173494,0.747440881496345,1
2277,1,2.89489101029365e-16,0.0010544301343845,0.0010544301343845,89.9999999999843,630.477776341321,630.747440881498,0.269664540177246,0.747440881498164,1
2278,1,4.35650702233316e-16,0.00105443013438448,0.00105443013438448,89.9999999999763,630.477776341321,630.747440881498,0.269664540177246,0.747440881498164,1
2279,1,5.80416211817444e-16,0.00105443013438445,0.00105443013438445,89.9999999999685,630.47777634132,630.7474408815,0.269664540179974,0.747440881499983,1
2280,1,7.23321712442161e-16,0.00105443013438441,0.00105443013438441,89.9999999999607,630.47777634132,630.747440881501,0.269664540180997,0.747440881501007,1
2281,1,8.63909247375626e-16,0.00105443013438437,0.00105443013438437,89.9999999999531,630.477776341318,630.747440881501,0.269664540182816,0.747440881501007,1
2282,1,1.00172828806727e-15,0.00105443013438432,0.00105443013438432,89.9999999999456,630.477776341318,630.747440881503,0.269664540184635,0.747440881502826,1
2283,1,1.13633717791755e-15,0.00105443013438426,0.00105443013438426,89.9999999999383,630.477776341316,630.747440881505,0.269664540188387,0.747440881504644,1
2284,1,1.26730454761591e-15,0.00105443013438419,0.00105443013438419,89.9999999999311,630.477776341316,630.747440881505,0.269664540188387,0.747440881504644,1
2285,1,1.39421069751221e-15,0.00105443013438411,0.00105443013438411,89.9999999999242,630.477776341315,630.747440881506,0.269664540190206,0.747440881505554,1
2286,1,1.51664894259151e-15,0.00105443013438403,0.00105443013438403,89.9999999999176,630.477776341315,630.747440881507,0.269664540192139,0.747440881507487,1
2287,1,1.63422691574162e-15,0.00105443013438394,0.00105443013438394,89.9999999999112,630.477776341315,630.747440881507,0.269664540192139,0.747440881507487,1
2288,1,1.746567825138e-15,0.00105443013438384,0.00105443013438384,89.9999999999051,630.477776341314,630.747440881509,0.269664540195777,0.747440881509306,1
2289,1,1.8533116617152e-15,0.00105443013438374,0.00105443013438374,89.9999999998993,630.477776341314,630.74744088151,0.269664540196686,0.747440881510215,1
2290,1,1.95411635285648e-15,0.00105443013438363,0.00105443013438363,89.9999999998938,630.477776341314,630.74744088151,0.269664540196686,0.747440881510215,1
2291,1,2.04865885860378e-15,0.00105443013438352,0.00105443013438352,89.9999999998887,630.477776341314,630.747440881512,0.269664540198619,0.747440881512148,1
2292,1,2.13663620687581e-15,0.0010544301343834,0.0010544301343834,89.9999999998839,630.477776341314,630.747440881512,0.269664540198619,0.747440881512148,1
2293,1,2.21776646437594e-15,0.00105443013438328,0.00105443013438328,89.9999999998795,630.477776341314,630.747440881514,0.269664540200438,0.747440881513967,1
2294,1,2.2917896400792e-15,0.00105443013438315,0.00105443013438315,89.9999999998755,630.477776341312,630.747440881515,0.26966454020328,0.747440881514876,1
2295,1,2.3584685184027e-15,0.00105443013438302,0.00105443013438302,89.9999999998718,630.477776341312,630.747440881515,0.26966454020328,0.747440881514876,1
2296,1,2.41758941938956e-15,0.00105443013438289,0.00105443013438289,89.9999999998686,630.477776341312,630.747440881517,0.269664540205213,0.747440881516809,1
2297,1,2.46896288347047e-15,0.00105443013438275,0.00105443013438275,89.9999999998658,630.477776341314,630.747440881517,0.26966454020328,0.747440881516809,1
2298,1,2.51242427860808e-15,0.00105443013438261,0.00105443013438261,89.9999999998635,630.477776341314,630.747440881519,0.269664540205099,0.747440881518628,1
2299,1,2.54783432787888e-15,0.00105443013438246,0.00105443013438246,89.9999999998616,630.477776341314,630.747440881519,0.269664540205099,0.747440881518628,1
2300,1,2.57507955580169e-15,0.00105443013438232,0.00105443013438232,89.9999999998601,630.477776341314,630.747440881519,0.269664540205099,0.747440881518628,1
2301,1,2.59407265198272e-15,0.00105443013438217,0.00105443013438217,89.9999999998591,630.477776341314,630.74744088152,0.269664540206008,0.747440881519537,1
2302,1,2.60475275091141e-15,0.00105443013438202,0.00105443013438202,89.9999999998585,630.477776341314,630.74744088152,0.269664540206008,0.747440881519537,1
2303,1,2.60708562701085e-15,0.00105443013438188,0.00105443013438188,89.9999999998583,630.477776341315,630.74744088152,0.26966454020419,0.747440881519537,1
2304,1,2.60106380431748e-15,0.00105443013438173,0.00105443013438173,89.9999999998587,630.477776341315,630.747440881521,0.269664540206122,0.74744088152147,1
2305,1,2.58670658043867e-15,0.00105443013438158,0.00105443013438158,89.9999999998594,630.477776341315,630.747440881521,0.269664540206122,0.74744088152147,1
2306,1,2.56405996471135e-15,0.00105443013438144,0.00105443013438144,89.9999999998607,630.477776341316,630.747440881521,0.269664540205213,0.74744088152147,1
2307,1,2.53319653075992e-15,0.00105443013438129,0.00105443013438129,89.9999999998624,630.477776341316,630.747440881521,0.269664540205213,0.74744088152147,1
2308,1,2.4942151839259e-15,0.00105443013438115,0.00105443013438115,89.9999999998645,630.477776341316,630.747440881521,0.269664540205213,0.74744088152147,1
2309,1,2.44724084431474e-15,0.00105443013438101,0.00105443013438101,89.999999999867,630.477776341318,630.747440881521,0.26966454020328,0.74744088152147,1
2310,1,2.39242404647517e-15,0.00105443013438087,0.00105443013438087,89.99999999987,630.477776341318,630.747440881521,0.26966454020328,0.74744088152147,1
2311,1,2.32994045699445e-15,0.00105443013438074,0.00105443013438074,89.9999999998734,630.47777634132,630.747440881521,0.269664540201461,0.74744088152147,1
2312,1,2.25999031155498e-15,0.00105443013438061,0.00105443013438061,89.9999999998772,630.47777634132,630.747440881521,0.269664540201461,0.74744088152147,1
2313,1,2.18279777325652e-15,0.00105443013438048,0.00105443013438048,89.9999999998814,630.477776341321,630.747440881521,0.269664540200552,0.74744088152147,1
2314,1,2.09861021426059e-15,0.00105443013438036,0.00105443013438036,89.999999999886,630.477776341321,630.747440881521,0.269664540200552,0.74744088152147,1
2315,1,2.00769742305824e-15,0.00105443013438025,0.00105443013438025,89.9999999998909,630.477776341323,630.747440881521,0.269664540198619,0.74744088152147,1
2316,1,1.91035073990276e-15,0.00105443013438013,0.00105443013438013,89.9999999998962,630.477776341325,630.747440881521,0.2696645401968,0.74744088152147,1
2317,1,1.80688212317705e-15,0.00105443013438003,0.00105443013438003,89.9999999999018,630.477776341325,630.747440881521,0.2696645401968,0.74744088152147,1
2318,1,1.69762314968783e-15,0.00105443013437993,0.00105443013437993,89.9999999999078,630.477776341326,630.747440881521,0.26966454019589,0.74744088152147,1
2319,1,1.5829239520908e-15,0.00105443013437984,0.00105443013437984,89.999999999914,630.477776341328,630.74744088152,0.269664540192025,0.747440881519537,1
2320,1,1.46315209685085e-15,0.00105443013437975,0.00105443013437975,89.9999999999205,630.477776341328,630.74744088152,0.269664540192025,0.747440881519537,1
2321,1,1.33869140633422e-15,0.00105443013437967,0.00105443013437967,89.9999999999273,630.477776341329,630.74744088152,0.269664540190206,0.747440881519537,1
2322,1,1.20994072880652e-15,0.0010544301343796,0.0010544301343796,89.9999999999342,630.47777634133,630.747440881519,0.269664540188387,0.747440881518628,1
2323,1,1.07731266027892e-15,0.00105443013437953,0.00105443013437953,89.9999999999415,630.47777634133,630.747440881519,0.269664540188387,0.747440881518628,1
2324,1,9.41232222297455e-16,0.00105443013437948,0.00105443013437948,89.9999999999489,630.477776341332,630.747440881517,0.269664540184635,0.747440881516809,1
2325,1,8.02135499914012e-16,0.00105443013437943,0.00105443013437943,89.9999999999564,630.477776341332,630.747440881517,0.269664540184635,0.747440881516809,1
2326,1,6.60468244202717e-16,0.00105443013437939,0.00105443013437939,89.9999999999641,630.477776341334,630.747440881515,0.269664540180884,0.747440881514876,1
2327,1,5.16684443800468e-16,0.00105443013437935,0.00105443013437935,89.9999999999719,630.477776341335,630.747440881515,0.269664540179974,0.747440881514876,1
2328,1,3.7124487004963e-16,0.00105443013437933,0.00105443013437933,89.9999999999798,630.477776341335,630.747440881514,0.269664540179065,0.747440881513967,1
2329,1,2.24615600404073e-16,0.00105443013437931,0.00105443013437931,89.9999999999878,630.477776341337,630.747440881514,0.269664540177132,0.747440881513967,1
2330,1,7.72665248318913e-17,0.0010544301343793,0.0010544301343793,89.9999999999958,630.477776341339,630.747440881512,0.269664540173494,0.747440881512148,1
2331,1,-7.03301599999334e-17,0.0010544301343793,0.0010544301343793,90.0000000000038,630.477776341339,630.747440881512,0.269664540173494,0.747440881512148,1
2332,1,-2.17701463932506e-16,0.00105443013437931,0.00105443013437931,90.0000000000118,630.477776341337,630.747440881514,0.269664540177132,0.747440881513967,1
2333,1,-3.64375119065568e-16,0.00105443013437933,0.00105443013437933,90.0000000000198,630.477776341335,630.747440881514,0.269664540179065,0.747440881513967,1
2334,1,-5.09881093192741e-16,0.00105443013437935,0.00105443013437935,90.0000000000277,630.477776341335,630.747440881515,0.269664540179974,0.747440881514876,1
2335,1,-6.53753096072621e-16,0.00105443013437938,0.00105443013437938,90.0000000000355,630.477776341334,630.747440881515,0.269664540180884,0.747440881514876,1
2336,1,-7.95530073708306e-16,0.00105443013437943,0.00105443013437943,90.0000000000432,630.477776341334,630.747440881517,0.269664540182816,0.747440881516809,1
2337,1,-9.3475768584645e-16,0.00105443013437947,0.00105443013437947,90.0000000000508,630.477776341332,630.747440881517,0.269664540184635,0.747440881516809,1
2338,1,-1.07098976196208e-15,0.00105443013437953,0.00105443013437953,90.0000000000582,630.47777634133,630.747440881519,0.269664540188387,0.747440881518628,1
2339,1,-1.20378973106186e-15,0.0010544301343796,0.0010544301343796,90.0000000000654,630.47777634133,630.747440881519,0.269664540188387,0.747440881518628,1
2340,1,-1.33273202072506e-15,0.00105443013437967,0.00105443013437967,90.0000000000724,630.477776341329,630.74744088152,0.269664540190206,0.747440881519537,1
2341,1,-1.45740342089791e-15,0.00105443013437975,0.00105443013437975,90.0000000000792,630.477776341328,630.74744088152,0.269664540192025,0.747440881519537,1
2342,1,-1.57740440807203e-15,0.00105443013437983,0.00105443013437983,90.0000000000857,630.477776341328,630.74744088152,0.269664540192025,0.747440881519537,1
2343,1,-1.69235042560214e-15,0.00105443013437993,0.00105443013437993,90.000000000092,630.477776341326,630.747440881521,0.26966454019589,0.74744088152147,1
2344,1,-1.80187311606109e-15,0.00105443013438002,0.00105443013438002,90.0000000000979,630.477776341325,630.747440881521,0.2696645401968,0.74744088152147,1
2345,1,-1.90562150168271e-15,0.00105443013438013,0.00105443013438013,90.0000000001036,630.477776341325,630.747440881521,0.2696645401968,0.74744088152147,1
2346,1,-2.00326310910923e-15,0.00105443013438024,0.00105443013438024,90.0000000001089,630.477776341323,630.747440881521,0.269664540198619,0.74744088152147,1
2347,1,-2.09448503483986e-15,0.00105443013438036,0.00105443013438036,90.0000000001138,630.477776341321,630.747440881521,0.269664540200552,0.74744088152147,1
2348,1,-2.17899494796499e-15,0.00105443013438048,0.00105443013438048,90.0000000001184,630.477776341321,630.747440881521,0.269664540200552,0.74744088152147,1
2349,1,-2.25652202697348e-15,0.0010544301343806,0.0010544301343806,90.0000000001226,630.47777634132,630.747440881521,0.269664540201461,0.74744088152147,1
2350,1,-2.32681782763067e-15,0.00105443013438073,0.00105443013438073,90.0000000001264,630.47777634132,630.747440881521,0.269664540201461,0.74744088152147,1
2351,1,-2.38965707914568e-15,0.00105443013438087,0.00105443013438087,90.0000000001299,630.477776341318,630.747440881521,0.26966454020328,0.74744088152147,1
2352,1,-2.4448384060772e-15,0.001054430134381,0.001054430134381,90.0000000001329,630.477776341318,630.747440881521,0.26966454020328,0.74744088152147,1
2353,1,-2.49218497366357e-15,0.00105443013438114,0.00105443013438114,90.0000000001354,630.477776341316,630.747440881521,0.269664540205213,0.74744088152147,1
2354,1,-2.53154505450967e-15,0.00105443013438129,0.00105443013438129,90.0000000001376,630.477776341316,630.747440881521,0.269664540205213,0.74744088152147,1
2355,1,-2.56279251481437e-15,0.00105443013438143,0.00105443013438143,90.0000000001393,630.477776341316,630.747440881521,0.269664540205213,0.74744088152147,1
2356,1,-2.58582721858054e-15,0.00105443013438158,0.00105443013438158,90.0000000001405,630.477776341315,630.747440881521,0.269664540206122,0.74744088152147,1
2357,1,-2.60057534851207e-15,0.00105443013438172,0.00105443013438172,90.0000000001413,630.477776341315,630.747440881521,0.269664540206122,0.74744088152147,1
2358,1,-2.60698964256967e-15,0.00105443013438187,0.00105443013438187,90.0000000001417,630.477776341315,630.74744088152,0.26966454020419,0.747440881519537,1
2359,1,-2.60504954542739e-15,0.00105443013438202,0.00105443013438202,90.0000000001416,630.477776341314,630.74744088152,0.269664540206008,0.747440881519537,1
2360,1,-2.59476127434448e-15,0.00105443013438216,0.00105443013438216,90.000000000141,630.477776341314,630.74744088152,0.269664540206008,0.747440881519537,1
2361,1,-2.57615779924152e-15,0.00105443013438231,0.00105443013438231,90.00000000014,630.477776341314,630.747440881519,0.269664540205099,0.747440881518628,1
2362,1,-2.54929873704452e-15,0.00105443013438246,0.00105443013438246,90.0000000001385,630.477776341314,630.747440881519,0.269664540205099,0.747440881518628,1
2363,1,-2.51427016063584e-15,0.0010544301343826,0.0010544301343826,90.0000000001366,630.477776341314,630.747440881519,0.269664540205099,0.747440881518628,1
2364,1,-2.47118432302402e-15,0.00105443013438274,0.00105443013438274,90.0000000001343,630.477776341314,630.747440881517,0.26966454020328,0.747440881516809,1
2365,1,-2.42017929761627e-15,0.00105443013438288,0.00105443013438288,90.0000000001315,630.477776341312,630.747440881517,0.269664540205213,0.747440881516809,1
2366,1,-2.36141853574683e-15,0.00105443013438301,0.00105443013438301,90.0000000001283,630.477776341312,630.747440881515,0.26966454020328,0.747440881514876,1
2367,1,-2.29509034287876e-15,0.00105443013438315,0.00105443013438315,90.0000000001247,630.477776341312,630.747440881515,0.26966454020328,0.747440881514876,1
2368,1,-2.22140727515793e-15,0.00105443013438327,0.00105443013438327,90.0000000001207,630.477776341314,630.747440881514,0.269664540200438,0.747440881513967,1
2369,1,-2.14060545825307e-15,0.0010544301343834,0.0010544301343834,90.0000000001163,630.477776341314,630.747440881512,0.269664540198619,0.747440881512148,1
2370,1,-2.05294383066433e-15,0.00105443013438352,0.00105443013438352,90.0000000001116,630.477776341314,630.747440881512,0.269664540198619,0.747440881512148,1
2371,1,-1.95870331392595e-15,0.00105443013438363,0.00105443013438363,90.0000000001065,630.477776341314,630.74744088151,0.269664540196686,0.747440881510215,1
2372,1,-1.8581859123615e-15,0.00105443013438374,0.00105443013438374,90.000000000101,630.477776341314,630.74744088151,0.269664540196686,0.747440881510215,1
2373,1,-1.75171374527733e-15,0.00105443013438384,0.00105443013438384,90.0000000000952,630.477776341314,630.747440881509,0.269664540195777,0.747440881509306,1
2374,1,-1.63962801469476e-15,0.00105443013438394,0.00105443013438394,90.0000000000891,630.477776341315,630.747440881507,0.269664540192139,0.747440881507487,1
2375,1,-1.52228791193005e-15,0.00105443013438403,0.00105443013438403,90.0000000000827,630.477776341315,630.747440881507,0.269664540192139,0.747440881507487,1
2376,1,-1.40006946652545e-15,0.00105443013438411,0.00105443013438411,90.0000000000761,630.477776341315,630.747440881506,0.269664540190206,0.747440881505554,1
2377,1,-1.27336434122019e-15,0.00105443013438418,0.00105443013438418,90.0000000000692,630.477776341316,630.747440881505,0.269664540188387,0.747440881504644,1
2378,1,-1.14257857682353e-15,0.00105443013438425,0.00105443013438425,90.0000000000621,630.477776341316,630.747440881505,0.269664540188387,0.747440881504644,1
2379,1,-1.00813129101094e-15,0.00105443013438431,0.00105443013438431,90.0000000000548,630.477776341318,630.747440881503,0.269664540184635,0.747440881502826,1
2380,1,-8.70453335214696e-16,0.00105443013438437,0.00105443013438437,90.0000000000473,630.477776341318,630.747440881501,0.269664540182816,0.747440881501007,1
2381,1,-7.29985913912003e-16,0.00105443013438441,0.00105443013438441,90.0000000000397,630.47777634132,630.747440881501,0.269664540180997,0.747440881501007,1
2382,1,-5.87179170735595e-16,0.00105443013438445,0.00105443013438445,90.0000000000319,630.47777634132,630.7474408815,0.269664540179974,0.747440881499983,1
2383,1,-4.42490745938189e-16,0.00105443013438448,0.00105443013438448,90.0000000000241,630.477776341321,630.747440881498,0.269664540177246,0.747440881498164,1
2384,1,-2.96384309832442e-16,0.0010544301343845,0.0010544301343845,90.0000000000161,630.477776341321,630.747440881498,0.269664540177246,0.747440881498164,1
2385,1,-1.4932807690763e-16,0.00105443013438451,0.00105443013438451,90.0000000000081,630.477776341323,630.747440881496,0.269664540173494,0.747440881496345,1
2386,1,-1.79330538357281e-18,0.00105443013438452,0.00105443013438452,90.0000000000001,630.477776341323,630.747440881496,0.269664540173494,0.747440881496345,1
2387,1,1.45747212988987e-16,0.00105443013438451,0.00105443013438451,89.9999999999921,630.477776341323,630.747440881496,0.269664540173494,0.747440881496345,1
2388,1,2.92820668043105e-16,0.0010544301343845,0.0010544301343845,89.9999999999841,630.477776341321,630.747440881498,0.269664540177246,0.747440881498164,1
2389,1,4.38955746368641e-16,0.00105443013438448,0.00105443013438448,89.9999999999761,630.477776341321,630.747440881498,0.269664540177246,0.747440881498164,1
2390,1,5.83684141689107e-16,0.00105443013438445,0.00105443013438445,89.9999999999683,630.47777634132,630.7474408815,0.269664540179974,0.747440881499983,1
2391,1,7.26542055601813e-16,0.00105443013438441,0.00105443013438441,89.9999999999605,630.47777634132,630.747440881501,0.269664540180997,0.747440881501007,1
2392,1,8.67071683871672e-16,0.00105443013438437,0.00105443013438437,89.9999999999529,630.477776341318,630.747440881501,0.269664540182816,0.747440881501007,1
2393,1,1.00482268351673e-15,0.00105443013438431,0.00105443013438431,89.9999999999454,630.477776341318,630.747440881503,0.269664540184635,0.747440881502826,1
2394,1,1.13935361598257e-15,0.00105443013438425,0.00105443013438425,89.9999999999381,630.477776341316,630.747440881505,0.269664540188387,0.747440881504644,1
2395,1,1.27023336178187e-15,0.00105443013438419,0.00105443013438419,89.999999999931,630.477776341316,630.747440881505,0.269664540188387,0.747440881504644,1
2396,1,1.39704250206501e-15,0.00105443013438411,0.00105443013438411,89.9999999999241,630.477776341315,630.747440881506,0.269664540190206,0.747440881505554,1
2397,1,1.51937466269525e-15,0.00105443013438403,0.00105443013438403,89.9999999999174,630.477776341315,630.747440881507,0.269664540192139,0.747440881507487,1
2398,1,1.63683781652007e-15,0.00105443013438394,0.00105443013438394,89.9999999999111,630.477776341315,630.747440881507,0.269664540192139,0.747440881507487,1
2399,1,1.74905553966627e-15,0.00105443013438384,0.00105443013438384,89.999999999905,630.477776341314,630.747440881509,0.269664540195777,0.747440881509306,1
2400,1,1.85566821783265e-15,0.00105443013438374,0.00105443013438374,89.9999999998992,630.477776341314,630.74744088151,0.269664540196686,0.747440881510215,1
2401,1,1.95633419871418e-15,0.00105443013438363,0.00105443013438363,89.9999999998937,630.477776341314,630.74744088151,0.269664540196686,0.747440881510215,1
2402,1,2.05073088686556e-15,0.00105443013438352,0.00105443013438352,89.9999999998886,630.477776341314,630.747440881512,0.269664540198619,0.747440881512148,1
2403,1,2.13855577749431e-15,0.0010544301343834,0.0010544301343834,89.9999999998838,630.477776341314,630.747440881512,0.269664540198619,0.747440881512148,1
2404,1,2.2195274258715e-15,0.00105443013438328,0.00105443013438328,89.9999999998794,630.477776341314,630.747440881514,0.269664540200438,0.747440881513967,1
2405,1,2.29338634925281e-15,0.00105443013438315,0.00105443013438315,89.9999999998754,630.477776341312,630.747440881515,0.26966454020328,0.747440881514876,1
2406,1,2.35989585842041e-15,0.00105443013438302,0.00105443013438302,89.9999999998718,630.477776341312,630.747440881515,0.26966454020328,0.747440881514876,1
2407,1,2.41884281617995e-15,0.00105443013438288,0.00105443013438288,89.9999999998686,630.477776341312,630.747440881517,0.269664540205213,0.747440881516809,1
2408,1,2.47003832038272e-15,0.00105443013438274,0.00105443013438274,89.9999999998658,630.477776341314,630.747440881517,0.26966454020328,0.747440881516809,1
2409,1,2.51331830928379e-15,0.0010544301343826,0.0010544301343826,89.9999999998634,630.477776341314,630.747440881519,0.269664540205099,0.747440881518628,1
2410,1,2.54854408729627e-15,0.00105443013438246,0.00105443013438246,89.9999999998615,630.477776341314,630.747440881519,0.269664540205099,0.747440881518628,1
2411,1,2.575602769457e-15,0.00105443013438231,0.00105443013438231,89.9999999998601,630.477776341314,630.747440881519,0.269664540205099,0.747440881518628,1
2412,1,2.59440764317899e-15,0.00105443013438217,0.00105443013438217,89.999999999859,630.477776341314,630.74744088152,0.269664540206008,0.747440881519537,1
2413,1,2.60489844613172e-15,0.00105443013438202,0.00105443013438202,89.9999999998584,630.477776341314,630.74744088152,0.269664540206008,0.747440881519537,1
2414,1,2.6070415593585e-15,0.00105443013438187,0.00105443013438187,89.9999999998583,630.477776341315,630.74744088152,0.26966454020419,0.747440881519537,1
2415,1,2.60083011501222e-15,0.00105443013438173,0.00105443013438173,89.9999999998587,630.477776341315,630.747440881521,0.269664540206122,0.74744088152147,1
2416,1,2.58628401836413e-15,0.00105443013438158,0.00105443013438158,89.9999999998595,630.477776341315,630.747440881521,0.269664540206122,0.74744088152147,1
2417,1,2.56344988401517e-15,0.00105443013438143,0.00105443013438143,89.9999999998607,630.477776341316,630.747440881521,0.269664540205213,0.74744088152147,1
2418,1,2.53240088651421e-15,0.00105443013438129,0.00105443013438129,89.9999999998624,630.477776341316,630.747440881521,0.269664540205213,0.74744088152147,1
2419,1,2.49323652586207e-15,0.00105443013438115,0.00105443013438115,89.9999999998645,630.477776341316,630.747440881521,0.269664540205213,0.74744088152147,1
2420,1,2.44608230865249e-15,0.00105443013438101,0.00105443013438101,89.9999999998671,630.477776341318,630.747440881521,0.26966454020328,0.74744088152147,1
2421,1,2.3910893458722e-15,0.00105443013438087,0.00105443013438087,89.9999999998701,630.477776341318,630.747440881521,0.26966454020328,0.74744088152147,1
2422,1,2.32843386864878e-15,0.00105443013438074,0.00105443013438074,89.9999999998735,630.47777634132,630.747440881521,0.269664540201461,0.74744088152147,1
2423,1,2.25831666349819e-15,0.00105443013438061,0.00105443013438061,89.9999999998773,630.47777634132,630.747440881521,0.269664540201461,0.74744088152147,1
2424,1,2.18096242888192e-15,0.00105443013438048,0.00105443013438048,89.9999999998815,630.477776341321,630.747440881521,0.269664540200552,0.74744088152147,1
2425,1,2.09661905513538e-15,0.00105443013438036,0.00105443013438036,89.9999999998861,630.477776341321,630.747440881521,0.269664540200552,0.74744088152147,1
2426,1,2.00555683007555e-15,0.00105443013438024,0.00105443013438024,89.999999999891,630.477776341323,630.747440881521,0.269664540198619,0.74744088152147,1
2427,1,1.90806757283324e-15,0.00105443013438013,0.00105443013438013,89.9999999998963,630.477776341325,630.747440881521,0.2696645401968,0.74744088152147,1
2428,1,1.80446369868612e-15,0.00105443013438003,0.00105443013438003,89.9999999999019,630.477776341325,630.747440881521,0.2696645401968,0.74744088152147,1
2429,1,1.69507721788855e-15,0.00105443013437993,0.00105443013437993,89.9999999999079,630.477776341326,630.747440881521,0.26966454019589,0.74744088152147,1
2430,1,1.58025867170759e-15,0.00105443013437984,0.00105443013437984,89.9999999999141,630.477776341328,630.74744088152,0.269664540192025,0.747440881519537,1
2431,1,1.46037600907414e-15,0.00105443013437975,0.00105443013437975,89.9999999999206,630.477776341328,630.74744088152,0.269664540192025,0.747440881519537,1
2432,1,1.33581340744911e-15,0.00105443013437967,0.00105443013437967,89.9999999999274,630.477776341329,630.74744088152,0.269664540190206,0.747440881519537,1
2433,1,1.20697004168391e-15,0.0010544301343796,0.0010544301343796,89.9999999999344,630.47777634133,630.747440881519,0.269664540188387,0.747440881518628,1
2434,1,1.07425880481937e-15,0.00105443013437953,0.00105443013437953,89.9999999999416,630.47777634133,630.747440881519,0.269664540188387,0.747440881518628,1
2435,1,9.38104984923887e-16,0.00105443013437948,0.00105443013437948,89.999999999949,630.477776341332,630.747440881517,0.269664540184635,0.747440881516809,1
2436,1,7.98944902209857e-16,0.00105443013437943,0.00105443013437943,89.9999999999566,630.477776341334,630.747440881517,0.269664540182816,0.747440881516809,1
2437,1,6.57224510796845e-16,0.00105443013437939,0.00105443013437939,89.9999999999643,630.477776341334,630.747440881515,0.269664540180884,0.747440881514876,1
2438,1,5.13397969601078e-16,0.00105443013437935,0.00105443013437935,89.9999999999721,630.477776341335,630.747440881515,0.269664540179974,0.747440881514876,1
2439,1,3.67926186932451e-16,0.00105443013437933,0.00105443013437933,89.99999999998,630.477776341335,630.747440881514,0.269664540179065,0.747440881513967,1
2440,1,2.21275343462002e-16,0.00105443013437931,0.00105443013437931,89.999999999988,630.477776341337,630.747440881514,0.269664540177132,0.747440881513967,1
2441,1,7.39153982934962e-17,0.0010544301343793,0.0010544301343793,89.999999999996,630.477776341339,630.747440881512,0.269664540173494,0.747440881512148,1
2442,1,-7.36814170730198e-17,0.0010544301343793,0.0010544301343793,90.000000000004,630.477776341339,630.747440881512,0.269664540173494,0.747440881512148,1
2443,1,-2.2104211206056e-16,0.00105443013437931,0.00105443013437931,90.000000000012,630.477776341337,630.747440881514,0.269664540177132,0.747440881513967,1
2444,1,-3.67694452766347e-16,0.00105443013437933,0.00105443013437933,90.00000000002,630.477776341335,630.747440881514,0.269664540179065,0.747440881513967,1
2445,1,-5.13168475288554e-16,0.00105443013437935,0.00105443013437935,90.0000000000279,630.477776341335,630.747440881515,0.269664540179974,0.747440881514876,1
2446,1,-6.56997991778136e-16,0.00105443013437939,0.00105443013437939,90.0000000000357,630.477776341334,630.747440881515,0.269664540180884,0.747440881514876,1
2447,1,-7.98722084390608e-16,0.00105443013437943,0.00105443013437943,90.0000000000434,630.477776341334,630.747440881517,0.269664540182816,0.747440881516809,1
2448,1,-9.37886582348763e-16,0.00105443013437948,0.00105443013437948,90.000000000051,630.477776341332,630.747440881517,0.269664540184635,0.747440881516809,1
2449,1,-1.07404551738403e-15,0.00105443013437953,0.00105443013437953,90.0000000000584,630.47777634133,630.747440881519,0.269664540188387,0.747440881518628,1
2450,1,-1.20676255289196e-15,0.0010544301343796,0.0010544301343796,90.0000000000656,630.47777634133,630.747440881519,0.269664540188387,0.747440881518628,1
2451,1,-1.33561238222164e-15,0.00105443013437967,0.00105443013437967,90.0000000000726,630.477776341329,630.74744088152,0.269664540190206,0.747440881519537,1
2452,1,-1.46018209161901e-15,0.00105443013437975,0.00105443013437975,90.0000000000794,630.477776341328,630.74744088152,0.269664540192025,0.747440881519537,1
2453,1,-1.58007248345515e-15,0.00105443013437984,0.00105443013437984,90.0000000000859,630.477776341328,630.74744088152,0.269664540192025,0.747440881519537,1
2454,1,-1.69489935549995e-15,0.00105443013437993,0.00105443013437993,90.0000000000921,630.477776341326,630.747440881521,0.26966454019589,0.74744088152147,1
2455,1,-1.80429473214144e-15,0.00105443013438003,0.00105443013438003,90.0000000000981,630.477776341325,630.747440881521,0.2696645401968,0.74744088152147,1
2456,1,-1.90790804360468e-15,0.00105443013438013,0.00105443013438013,90.0000000001037,630.477776341325,630.747440881521,0.2696645401968,0.74744088152147,1
2457,1,-2.0054072493924e-15,0.00105443013438024,0.00105443013438024,90.000000000109,630.477776341323,630.747440881521,0.269664540198619,0.74744088152147,1
2458,1,-2.09647990234581e-15,0.00105443013438036,0.00105443013438036,90.0000000001139,630.477776341321,630.747440881521,0.269664540200552,0.74744088152147,1
2459,1,-2.18083414991671e-15,0.00105443013438048,0.00105443013438048,90.0000000001185,630.477776341321,630.747440881521,0.269664540200552,0.74744088152147,1
2460,1,-2.25819966944165e-15,0.00105443013438061,0.00105443013438061,90.0000000001227,630.47777634132,630.747440881521,0.269664540201461,0.74744088152147,1
2461,1,-2.32832853442148e-15,0.00105443013438074,0.00105443013438074,90.0000000001265,630.47777634132,630.747440881521,0.269664540201461,0.74744088152147,1
2462,1,-2.39099600902954e-15,0.00105443013438087,0.00105443013438087,90.0000000001299,630.477776341318,630.747440881521,0.26966454020328,0.74744088152147,1
2463,1,-2.44600126830286e-15,0.00105443013438101,0.00105443013438101,90.0000000001329,630.477776341318,630.747440881521,0.26966454020328,0.74744088152147,1
2464,1,-2.49316804170841e-15,0.00105443013438115,0.00105443013438115,90.0000000001355,630.477776341316,630.747440881521,0.269664540205213,0.74744088152147,1
2465,1,-2.53234517802165e-15,0.00105443013438129,0.00105443013438129,90.0000000001376,630.477776341316,630.747440881521,0.269664540205213,0.74744088152147,1
2466,1,-2.56340712970782e-15,0.00105443013438143,0.00105443013438143,90.0000000001393,630.477776341316,630.747440881521,0.269664540205213,0.74744088152147,1
2467,1,-2.58625435525299e-15,0.00105443013438158,0.00105443013438158,90.0000000001405,630.477776341315,630.747440881521,0.269664540206122,0.74744088152147,1
2468,1,-2.60081363815607e-15,0.00105443013438173,0.00105443013438173,90.0000000001413,630.477776341315,630.747440881521,0.269664540206122,0.74744088152147,1
2469,1,-2.60703832155927e-15,0.00105443013438187,0.00105443013438187,90.0000000001417,630.477776341315,630.74744088152,0.26966454020419,0.747440881519537,1
2470,1,-2.6049084577653e-15,0.00105443013438202,0.00105443013438202,90.0000000001416,630.477776341314,630.74744088152,0.269664540206008,0.747440881519537,1
2471,1,-2.59443087216198e-15,0.00105443013438217,0.00105443013438217,90.000000000141,630.477776341314,630.74744088152,0.269664540206008,0.747440881519537,1
2472,1,-2.57563914134951e-15,0.00105443013438231,0.00105443013438231,90.00000000014,630.477776341314,630.747440881519,0.269664540205099,0.747440881518628,1
2473,1,-2.54859348554048e-15,0.00105443013438246,0.00105443013438246,90.0000000001385,630.477776341314,630.747440881519,0.269664540205099,0.747440881518628,1
2474,1,-2.51338057557747e-15,0.0010544301343826,0.0010544301343826,90.0000000001366,630.477776341314,630.747440881519,0.269664540205099,0.747440881518628,1
2475,1,-2.47011325518657e-15,0.00105443013438274,0.00105443013438274,90.0000000001342,630.477776341314,630.747440881517,0.26966454020328,0.747440881516809,1
2476,1,-2.41893017935696e-15,0.00105443013438288,0.00105443013438288,90.0000000001315,630.477776341312,630.747440881517,0.269664540205213,0.747440881516809,1
2477,1,-2.35999537000542e-15,0.00105443013438302,0.00105443013438302,90.0000000001283,630.477776341312,630.747440881515,0.26966454020328,0.747440881514876,1
2478,1,-2.2934976903498e-15,0.00105443013438315,0.00105443013438315,90.0000000001246,630.477776341312,630.747440881515,0.26966454020328,0.747440881514876,1
2479,1,-2.21965023967541e-15,0.00105443013438328,0.00105443013438328,90.0000000001206,630.477776341314,630.747440881514,0.269664540200438,0.747440881513967,1
2480,1,-2.13868967043455e-15,0.0010544301343834,0.0010544301343834,90.0000000001162,630.477776341314,630.747440881512,0.269664540198619,0.747440881512148,1
2481,1,-2.05087542986712e-15,0.00105443013438352,0.00105443013438352,90.0000000001114,630.477776341314,630.747440881512,0.269664540198619,0.747440881512148,1
2482,1,-1.95648892857273e-15,0.00105443013438363,0.00105443013438363,90.0000000001063,630.477776341314,630.74744088151,0.269664540196686,0.747440881510215,1
2483,1,-1.85583263869902e-15,0.00105443013438374,0.00105443013438374,90.0000000001009,630.477776341314,630.74744088151,0.269664540196686,0.747440881510215,1
2484,1,-1.74922912463538e-15,0.00105443013438384,0.00105443013438384,90.0000000000951,630.477776341314,630.747440881509,0.269664540195777,0.747440881509306,1
2485,1,-1.63702000931932e-15,0.00105443013438394,0.00105443013438394,90.000000000089,630.477776341315,630.747440881507,0.269664540192139,0.747440881507487,1
2486,1,-1.51956487946736e-15,0.00105443013438403,0.00105443013438403,90.0000000000826,630.477776341315,630.747440881507,0.269664540192139,0.747440881507487,1
2487,1,-1.39724013323889e-15,0.00105443013438411,0.00105443013438411,90.0000000000759,630.477776341315,630.747440881506,0.269664540190206,0.747440881505554,1
2488,1,-1.27043777402629e-15,0.00105443013438419,0.00105443013438419,90.000000000069,630.477776341316,630.747440881505,0.269664540188387,0.747440881504644,1
2489,1,-1.13956415423558e-15,0.00105443013438425,0.00105443013438425,90.0000000000619,630.477776341316,630.747440881505,0.269664540188387,0.747440881504644,1
2490,1,-1.00503867308479e-15,0.00105443013438431,0.00105443013438431,90.0000000000546,630.477776341318,630.747440881503,0.269664540184635,0.747440881502826,1
2491,1,-8.67292432591871e-16,0.00105443013438437,0.00105443013438437,90.0000000000471,630.477776341318,630.747440881501,0.269664540182816,0.747440881501007,1
2492,1,-7.26766856060148e-16,0.00105443013438441,0.00105443013438441,90.0000000000395,630.47777634132,630.747440881501,0.269664540180997,0.747440881501007,1
2493,1,-5.83912273487324e-16,0.00105443013438445,0.00105443013438445,90.0000000000317,630.47777634132,630.7474408815,0.269664540179974,0.747440881499983,1
2494,1,-4.39186478432692e-16,0.00105443013438448,0.00105443013438448,90.0000000000239,630.477776341321,630.747440881498,0.269664540177246,0.747440881498164,1
2495,1,-2.93053260966168e-16,0.0010544301343845,0.0010544301343845,90.0000000000159,630.477776341321,630.747440881498,0.269664540177246,0.747440881498164,1
2496,1,-1.45980921400834e-16,0.00105443013438451,0.00105443013438451,90.0000000000079,630.477776341323,630.747440881496,0.269664540173494,0.747440881496345,1
2497,1,1.55923042772917e-18,0.00105443013438452,0.00105443013438452,89.9999999999999,630.477776341323,630.747440881496,0.269664540173494,0.747440881496345,1
2498,1,1.49094385527211e-16,0.00105443013438451,0.00105443013438451,89.9999999999919,630.477776341323,630.747440881496,0.269664540173494,0.747440881496345,1
2499,1,2.96151750917803e-16,0.0010544301343845,0.0010544301343845,89.9999999999839,630.477776341321,630.747440881498,0.269664540177246,0.747440881498164,1
2500,1,4.42260064750575e-16,0.00105443013438448,0.00105443013438448,89.999999999976,630.477776341321,630.747440881498,0.269664540177246,0.747440881498164,1
2501,1,5.86951106518713e-16,0.00105443013438445,0.00105443013438445,89.9999999999681,630.47777634132,630.7474408815,0.269664540179974,0.747440881499983,1
2502,1,7.29761197523187e-16,0.00105443013438441,0.00105443013438441,89.9999999999603,630.47777634132,630.747440881501,0.269664540180997,0.747440881501007,1
2503,1,8.70232686782934e-16,0.00105443013438437,0.00105443013438437,89.9999999999527,630.477776341318,630.747440881501,0.269664540182816,0.747440881501007,1
2504,1,1.00791541762892e-15,0.00105443013438431,0.00105443013438431,89.9999999999452,630.477776341318,630.747440881503,0.269664540184635,0.747440881502826,1
2505,1,1.14236817028183e-15,0.00105443013438425,0.00105443013438425,89.9999999999379,630.477776341316,630.747440881505,0.269664540188387,0.747440881504644,1
2506,1,1.27316007579014e-15,0.00105443013438418,0.00105443013438418,89.9999999999308,630.477776341316,630.747440881505,0.269664540188387,0.747440881504644,1
2507,1,1.39987199679849e-15,0.00105443013438411,0.00105443013438411,89.9999999999239,630.477776341315,630.747440881506,0.269664540190206,0.747440881505554,1
2508,1,1.52209787072019e-15,0.00105443013438403,0.00105443013438403,89.9999999999173,630.477776341315,630.747440881507,0.269664540192139,0.747440881507487,1
2509,1,1.63944601101046e-15,0.00105443013438394,0.00105443013438394,89.9999999999109,630.477776341315,630.747440881507,0.269664540192139,0.747440881507487,1
2510,1,1.75154036236979e-15,0.00105443013438384,0.00105443013438384,89.9999999999048,630.477776341314,630.747440881509,0.269664540195777,0.747440881509306,1
2511,1,1.85802170585572e-15,0.00105443013438374,0.00105443013438374,89.999999999899,630.477776341314,630.74744088151,0.269664540196686,0.747440881510215,1
2512,1,1.95854881004008e-15,0.00105443013438363,0.00105443013438363,89.9999999998936,630.477776341314,630.74744088151,0.269664540196686,0.747440881510215,1
2513,1,2.05279952452348e-15,0.00105443013438352,0.00105443013438352,89.9999999998885,630.477776341314,630.747440881512,0.269664540198619,0.747440881512148,1
2514,1,2.14047181230252e-15,0.0010544301343834,0.0010544301343834,89.9999999998837,630.477776341314,630.747440881512,0.269664540198619,0.747440881512148,1
2515,1,2.2212847176811e-15,0.00105443013438327,0.00105443013438327,89.9999999998793,630.477776341314,630.747440881514,0.269664540200438,0.747440881513967,1
2516,1,2.29497926662483e-15,0.00105443013438315,0.00105443013438315,89.9999999998753,630.477776341312,630.747440881515,0.26966454020328,0.747440881514876,1
2517,1,2.36131929667215e-15,0.00105443013438301,0.00105443013438301,89.9999999998717,630.477776341312,630.747440881515,0.26966454020328,0.747440881514876,1
2518,1,2.42009221374362e-15,0.00105443013438288,0.00105443013438288,89.9999999998685,630.477776341312,630.747440881517,0.269664540205213,0.747440881516809,1
2519,1,2.47110967342348e-15,0.00105443013438274,0.00105443013438274,89.9999999998657,630.477776341314,630.747440881517,0.26966454020328,0.747440881516809,1
2520,1,2.51420818453041e-15,0.0010544301343826,0.0010544301343826,89.9999999998634,630.477776341314,630.747440881519,0.269664540205099,0.747440881518628,1
2521,1,2.54924963304357e-15,0.00105443013438246,0.00105443013438246,89.9999999998615,630.477776341314,630.747440881519,0.269664540205099,0.747440881518628,1
2522,1,2.57612172470436e-15,0.00105443013438231,0.00105443013438231,89.99999999986,630.477776341314,630.747440881519,0.269664540205099,0.747440881518628,1
2523,1,2.59473834487604e-15,0.00105443013438216,0.00105443013438216,89.999999999859,630.477776341314,630.74744088152,0.269664540206008,0.747440881519537,1
2524,1,2.60503983450769e-15,0.00105443013438202,0.00105443013438202,89.9999999998584,630.477776341314,630.74744088152,0.269664540206008,0.747440881519537,1
2525,1,2.60699318131847e-15,0.00105443013438187,0.00105443013438187,89.9999999998583,630.477776341315,630.74744088152,0.26966454020419,0.747440881519537,1
2526,1,2.60059212558904e-15,0.00105443013438172,0.00105443013438172,89.9999999998587,630.477776341315,630.747440881521,0.269664540206122,0.74744088152147,1
2527,1,2.58585718022166e-15,0.00105443013438158,0.00105443013438158,89.9999999998595,630.477776341315,630.747440881521,0.269664540206122,0.74744088152147,1
2528,1,2.56283556500417e-15,0.00105443013438143,0.00105443013438143,89.9999999998607,630.477776341316,630.747440881521,0.269664540205213,0.74744088152147,1
2529,1,2.531601055289e-15,0.00105443013438129,0.00105443013438129,89.9999999998624,630.477776341316,630.747440881521,0.269664540205213,0.74744088152147,1
2530,1,2.49225374557166e-15,0.00105443013438114,0.00105443013438114,89.9999999998646,630.477776341316,630.747440881521,0.269664540205213,0.74744088152147,1
2531,1,2.44491972872673e-15,0.001054430134381,0.001054430134381,89.9999999998672,630.477776341318,630.747440881521,0.26966454020328,0.74744088152147,1
2532,1,2.38975069192905e-15,0.00105443013438087,0.00105443013438087,89.9999999998701,630.477776341318,630.747440881521,0.26966454020328,0.74744088152147,1
2533,1,2.32692343055522e-15,0.00105443013438073,0.00105443013438073,89.9999999998736,630.47777634132,630.747440881521,0.269664540201461,0.74744088152147,1
2534,1,2.25663928162281e-15,0.0010544301343806,0.0010544301343806,89.9999999998774,630.47777634132,630.747440881521,0.269664540201461,0.74744088152147,1
2535,1,2.17912347858337e-15,0.00105443013438048,0.00105443013438048,89.9999999998816,630.477776341321,630.747440881521,0.269664540200552,0.74744088152147,1
2536,1,2.09462442953649e-15,0.00105443013438036,0.00105443013438036,89.9999999998862,630.477776341321,630.747440881521,0.269664540200552,0.74744088152147,1
2537,1,2.00341292117809e-15,0.00105443013438024,0.00105443013438024,89.9999999998911,630.477776341323,630.747440881521,0.269664540198619,0.74744088152147,1
2538,1,1.90578125103425e-15,0.00105443013438013,0.00105443013438013,89.9999999998964,630.477776341325,630.747440881521,0.2696645401968,0.74744088152147,1
2539,1,1.80204229076061e-15,0.00105443013438002,0.00105443013438002,89.9999999999021,630.477776341325,630.747440881521,0.2696645401968,0.74744088152147,1
2540,1,1.69252848351026e-15,0.00105443013437993,0.00105443013437993,89.999999999908,630.477776341326,630.747440881521,0.26966454019589,0.74744088152147,1
2541,1,1.57759077858212e-15,0.00105443013437983,0.00105443013437983,89.9999999999143,630.477776341328,630.74744088152,0.269664540192025,0.747440881519537,1
2542,1,1.45759750676479e-15,0.00105443013437975,0.00105443013437975,89.9999999999208,630.477776341328,630.74744088152,0.269664540192025,0.747440881519537,1
2543,1,1.33293319997876e-15,0.00105443013437967,0.00105443013437967,89.9999999999276,630.477776341329,630.74744088152,0.269664540190206,0.747440881519537,1
2544,1,1.20399735900093e-15,0.0010544301343796,0.0010544301343796,89.9999999999346,630.47777634133,630.747440881519,0.269664540188387,0.747440881518628,1
2545,1,1.07120317321939e-15,0.00105443013437953,0.00105443013437953,89.9999999999418,630.47777634133,630.747440881519,0.269664540188387,0.747440881518628,1
2546,1,9.34976196521591e-16,0.00105443013437948,0.00105443013437948,89.9999999999492,630.477776341332,630.747440881517,0.269664540184635,0.747440881516809,1
2547,1,7.95752983559332e-16,0.00105443013437943,0.00105443013437943,89.9999999999568,630.477776341334,630.747440881517,0.269664540182816,0.747440881516809,1
2548,1,6.53979690759945e-16,0.00105443013437938,0.00105443013437938,89.9999999999645,630.477776341334,630.747440881515,0.269664540180884,0.747440881514876,1
2549,1,5.10110646568159e-16,0.00105443013437935,0.00105443013437935,89.9999999999723,630.477776341335,630.747440881515,0.269664540179974,0.747440881514876,1
2550,1,3.64606895499424e-16,0.00105443013437933,0.00105443013437933,89.9999999999802,630.477776341335,630.747440881514,0.269664540179065,0.747440881513967,1
2551,1,2.17934720671253e-16,0.00105443013437931,0.00105443013437931,89.9999999999881,630.477776341337,630.747440881514,0.269664540177132,0.747440881513967,1
2552,1,7.05641495461441e-17,0.0010544301343793,0.0010544301343793,89.9999999999962,630.477776341339,630.747440881512,0.269664540173494,0.747440881512148,1
2553,1,-7.70325523239313e-17,0.0010544301343793,0.0010544301343793,90.0000000000042,630.477776341339,630.747440881512,0.269664540173494,0.747440881512148,1
2554,1,-2.24382394725626e-16,0.00105443013437931,0.00105443013437931,90.0000000000122,630.477776341337,630.747440881514,0.269664540177132,0.747440881513967,1
2555,1,-3.71013178534566e-16,0.00105443013437933,0.00105443013437933,90.0000000000202,630.477776341335,630.747440881514,0.269664540179065,0.747440881513967,1
2556,1,-5.16455008930203e-16,0.00105443013437935,0.00105443013437935,90.0000000000281,630.477776341335,630.747440881515,0.269664540179974,0.747440881514876,1
2557,1,-6.60241801226998e-16,0.00105443013437939,0.00105443013437939,90.0000000000359,630.477776341334,630.747440881515,0.269664540180884,0.747440881514876,1
2558,1,-8.01912774494867e-16,0.00105443013437943,0.00105443013437943,90.0000000000436,630.477776341332,630.747440881517,0.269664540184635,0.747440881516809,1
2559,1,-9.41013928183514e-16,0.00105443013437948,0.00105443013437948,90.0000000000511,630.477776341332,630.747440881517,0.269664540184635,0.747440881516809,1
2560,1,-1.07709949701826e-15,0.00105443013437953,0.00105443013437953,90.0000000000585,630.47777634133,630.747440881519,0.269664540188387,0.747440881518628,1
2561,1,-1.20973337950469e-15,0.0010544301343796,0.0010544301343796,90.0000000000658,630.47777634133,630.747440881519,0.269664540188387,0.747440881518628,1
2562,1,-1.33849053546529e-15,0.00105443013437967,0.00105443013437967,90.0000000000727,630.477776341329,630.74744088152,0.269664540190206,0.747440881519537,1
2563,1,-1.46295834812816e-15,0.00105443013437975,0.00105443013437975,90.0000000000795,630.477776341328,630.74744088152,0.269664540192025,0.747440881519537,1
2564,1,-1.58273794640396e-15,0.00105443013437984,0.00105443013437984,90.000000000086,630.477776341328,630.74744088152,0.269664540192025,0.747440881519537,1
2565,1,-1.69744548311288e-15,0.00105443013437993,0.00105443013437993,90.0000000000922,630.477776341326,630.747440881521,0.26966454019589,0.74744088152147,1
2566,1,-1.80671336506645e-15,0.00105443013438003,0.00105443013438003,90.0000000000982,630.477776341325,630.747440881521,0.2696645401968,0.74744088152147,1
2567,1,-1.91019143106089e-15,0.00105443013438013,0.00105443013438013,90.0000000001038,630.477776341325,630.747440881521,0.2696645401968,0.74744088152147,1
2568,1,-2.00754807400818e-15,0.00105443013438025,0.00105443013438025,90.0000000001091,630.477776341323,630.747440881521,0.269664540198619,0.74744088152147,1
2569,1,-2.09847130360819e-15,0.00105443013438036,0.00105443013438036,90.000000000114,630.477776341321,630.747440881521,0.269664540200552,0.74744088152147,1
2570,1,-2.18266974615654e-15,0.00105443013438048,0.00105443013438048,90.0000000001186,630.477776341321,630.747440881521,0.269664540200552,0.74744088152147,1
2571,1,-2.25987357828459e-15,0.00105443013438061,0.00105443013438061,90.0000000001228,630.47777634132,630.747440881521,0.269664540201461,0.74744088152147,1
2572,1,-2.32983539163858e-15,0.00105443013438074,0.00105443013438074,90.0000000001266,630.47777634132,630.747440881521,0.269664540201461,0.74744088152147,1
2573,1,-2.39233098572759e-15,0.00105443013438087,0.00105443013438087,90.00000000013,630.477776341318,630.747440881521,0.26966454020328,0.74744088152147,1
2574,1,-2.44716008639902e-15,0.00105443013438101,0.00105443013438101,90.000000000133,630.477776341318,630.747440881521,0.26966454020328,0.74744088152147,1
2575,1,-2.49414698763987e-15,0.00105443013438115,0.00105443013438115,90.0000000001355,630.477776341316,630.747440881521,0.269664540205213,0.74744088152147,1
2576,1,-2.53314111464622e-15,0.00105443013438129,0.00105443013438129,90.0000000001377,630.477776341316,630.747440881521,0.269664540205213,0.74744088152147,1
2577,1,-2.56401750635717e-15,0.00105443013438144,0.00105443013438144,90.0000000001393,630.477776341316,630.747440881521,0.269664540205213,0.74744088152147,1
2578,1,-2.58667721590658e-15,0.00105443013438158,0.00105443013438158,90.0000000001406,630.477776341315,630.747440881521,0.269664540206122,0.74744088152147,1
2579,1,-2.6010476277094e-15,0.00105443013438173,0.00105443013438173,90.0000000001413,630.477776341315,630.747440881521,0.269664540206122,0.74744088152147,1
2580,1,-2.60708269016654e-15,0.00105443013438188,0.00105443013438188,90.0000000001417,630.477776341315,630.74744088152,0.26966454020419,0.747440881519537,1
2581,1,-2.60476306324233e-15,0.00105443013438202,0.00105443013438202,90.0000000001415,630.477776341314,630.74744088152,0.269664540206008,0.747440881519537,1
2582,1,-2.59409618044184e-15,0.00105443013438217,0.00105443013438217,90.000000000141,630.477776341314,630.74744088152,0.269664540206008,0.747440881519537,1
2583,1,-2.57511622498942e-15,0.00105443013438232,0.00105443013438232,90.0000000001399,630.477776341314,630.747440881519,0.269664540205099,0.747440881518628,1
2584,1,-2.54788402028468e-15,0.00105443013438246,0.00105443013438246,90.0000000001385,630.477776341314,630.747440881519,0.269664540205099,0.747440881518628,1
2585,1,-2.51248683498708e-15,0.00105443013438261,0.00105443013438261,90.0000000001365,630.477776341314,630.747440881519,0.269664540205099,0.747440881518628,1
2586,1,-2.46903810335371e-15,0.00105443013438275,0.00105443013438275,90.0000000001342,630.477776341314,630.747440881517,0.26966454020328,0.747440881516809,1
2587,1,-2.41767706172644e-15,0.00105443013438289,0.00105443013438289,90.0000000001314,630.477776341312,630.747440881517,0.269664540205213,0.747440881516809,1
2588,1,-2.35856830233354e-15,0.00105443013438302,0.00105443013438302,90.0000000001282,630.477776341312,630.747440881515,0.26966454020328,0.747440881514876,1
2589,1,-2.29190124583521e-15,0.00105443013438315,0.00105443013438315,90.0000000001245,630.477776341312,630.747440881515,0.26966454020328,0.747440881514876,1
2590,1,-2.21788953430391e-15,0.00105443013438328,0.00105443013438328,90.0000000001205,630.477776341314,630.747440881514,0.269664540200438,0.747440881513967,1
2591,1,-2.13677034658432e-15,0.0010544301343834,0.0010544301343834,90.0000000001161,630.477776341314,630.747440881512,0.269664540198619,0.747440881512148,1
2592,1,-2.04880363822702e-15,0.00105443013438352,0.00105443013438352,90.0000000001113,630.477776341314,630.747440881512,0.269664540198619,0.747440881512148,1
2593,1,-1.95427130843193e-15,0.00105443013438363,0.00105443013438363,90.0000000001062,630.477776341314,630.74744088151,0.269664540196686,0.747440881510215,1
2594,1,-1.85347629667036e-15,0.00105443013438374,0.00105443013438374,90.0000000001007,630.477776341314,630.74744088151,0.269664540196686,0.747440881510215,1
2595,1,-1.74674161188162e-15,0.00105443013438384,0.00105443013438384,90.0000000000949,630.477776341314,630.747440881509,0.269664540195777,0.747440881509306,1
2596,1,-1.63440929735449e-15,0.00105443013438394,0.00105443013438394,90.0000000000888,630.477776341315,630.747440881507,0.269664540192139,0.747440881507487,1
2597,1,-1.5168393346113e-15,0.00105443013438403,0.00105443013438403,90.0000000000824,630.477776341315,630.747440881507,0.269664540192139,0.747440881507487,1
2598,1,-1.39440848980639e-15,0.00105443013438411,0.00105443013438411,90.0000000000758,630.477776341315,630.747440881506,0.269664540190206,0.747440881505554,1
2599,1,-1.26750910633678e-15,0.00105443013438419,0.00105443013438419,90.0000000000689,630.477776341316,630.747440881505,0.269664540188387,0.747440881504644,1
2600,1,-1.13654784753371e-15,0.00105443013438426,0.00105443013438426,90.0000000000618,630.477776341316,630.747440881505,0.269664540188387,0.747440881504644,1
2601,1,-1.00194439346419e-15,0.00105443013438432,0.00105443013438432,90.0000000000545,630.477776341318,630.747440881503,0.269664540184635,0.747440881502826,1
2602,1,-8.64130096019355e-16,0.00105443013438437,0.00105443013438437,90.000000000047,630.477776341318,630.747440881501,0.269664540182816,0.747440881501007,1
2603,1,-7.23546596598479e-16,0.00105443013438441,0.00105443013438441,90.0000000000393,630.47777634132,630.747440881501,0.269664540180997,0.747440881501007,1
2604,1,-5.80644410819738e-16,0.00105443013438445,0.00105443013438445,90.0000000000316,630.47777634132,630.7474408815,0.269664540179974,0.747440881499983,1
2605,1,-4.35881484792172e-16,0.00105443013438448,0.00105443013438448,90.0000000000237,630.477776341321,630.747440881498,0.269664540177246,0.747440881498164,1
2606,1,-2.89721727576217e-16,0.0010544301343845,0.0010544301343845,90.0000000000157,630.477776341321,630.747440881498,0.269664540177246,0.747440881498164,1
2607,1,-1.42633524534567e-16,0.00105443013438451,0.00105443013438451,90.0000000000078,630.477776341323,630.747440881496,0.269664540173494,0.747440881496345,1
2608,1,4.91176366105628e-18,0.00105443013438452,0.00105443013438452,89.9999999999997,630.477776341323,630.747440881496,0.269664540173494,0.747440881496345,1
2609,1,1.524413115582e-16,0.00105443013438451,0.00105443013438451,89.9999999999917,630.477776341323,630.747440881496,0.269664540173494,0.747440881496345,1
2610,1,2.99482344146042e-16,0.0010544301343845,0.0010544301343845,89.9999999999837,630.477776341321,630.747440881498,0.269664540177246,0.747440881498164,1
2611,1,4.4556365191573e-16,0.00105443013438448,0.00105443013438448,89.9999999999758,630.477776341321,630.747440881498,0.269664540177246,0.747440881498164,1
2612,1,5.90217100904637e-16,0.00105443013438445,0.00105443013438445,89.9999999999679,630.47777634132,630.7474408815,0.269664540179974,0.747440881499983,1
2613,1,7.32979132883941e-16,0.00105443013438441,0.00105443013438441,89.9999999999602,630.47777634132,630.747440881501,0.269664540180997,0.747440881501007,1
2614,1,8.73392250883195e-16,0.00105443013438437,0.00105443013438437,89.9999999999525,630.477776341318,630.747440881501,0.269664540182816,0.747440881501007,1
2615,1,1.01100648529049e-15,0.00105443013438431,0.00105443013438431,89.9999999999451,630.477776341318,630.747440881503,0.269664540184635,0.747440881502826,1
2616,1,1.14538083583104e-15,0.00105443013438425,0.00105443013438425,89.9999999999378,630.477776341316,630.747440881505,0.269664540188387,0.747440881504644,1
2617,1,1.27608468480184e-15,0.00105443013438418,0.00105443013438418,89.9999999999307,630.477776341316,630.747440881505,0.269664540188387,0.747440881504644,1
2618,1,1.40269917703453e-15,0.00105443013438411,0.00105443013438411,89.9999999999238,630.477776341315,630.747440881506,0.269664540190206,0.747440881505554,1
2619,1,1.52481856216394e-15,0.00105443013438402,0.00105443013438402,89.9999999999172,630.477776341315,630.747440881507,0.269664540192139,0.747440881507487,1
2620,1,1.64205149490039e-15,0.00105443013438393,0.00105443013438393,89.9999999999108,630.477776341315,630.747440881507,0.269664540192139,0.747440881507487,1
2621,1,1.75402228914012e-15,0.00105443013438384,0.00105443013438384,89.9999999999047,630.477776341314,630.747440881509,0.269664540195777,0.747440881509306,1
2622,1,1.86037212189328e-15,0.00105443013438374,0.00105443013438374,89.9999999998989,630.477776341314,630.74744088151,0.269664540196686,0.747440881510215,1
2623,1,1.96076018317261e-15,0.00105443013438363,0.00105443013438363,89.9999999998935,630.477776341314,630.74744088151,0.269664540196686,0.747440881510215,1
2624,1,2.05486476815738e-15,0.00105443013438351,0.00105443013438351,89.9999999998883,630.477776341314,630.747440881512,0.269664540198619,0.747440881512148,1
2625,1,2.14238430813245e-15,0.00105443013438339,0.00105443013438339,89.9999999998836,630.477776341314,630.747440881512,0.269664540198619,0.747440881512148,1
2626,1,2.22303833689935e-15,0.00105443013438327,0.00105443013438327,89.9999999998792,630.477776341314,630.747440881514,0.269664540200438,0.747440881513967,1
2627,1,2.29656838956159e-15,0.00105443013438314,0.00105443013438314,89.9999999998752,630.477776341312,630.747440881515,0.26966454020328,0.747440881514876,1
2628,1,2.36273883080449e-15,0.00105443013438301,0.00105443013438301,89.9999999998716,630.477776341312,630.747440881515,0.26966454020328,0.747440881514876,1
2629,1,2.42133761001487e-15,0.00105443013438288,0.00105443013438288,89.9999999998684,630.477776341312,630.747440881517,0.269664540205213,0.747440881516809,1
2630,1,2.47217694082136e-15,0.00105443013438274,0.00105443013438274,89.9999999998657,630.477776341314,630.747440881517,0.26966454020328,0.747440881516809,1
2631,1,2.51509390287667e-15,0.0010544301343826,0.0010544301343826,89.9999999998633,630.477776341314,630.747440881519,0.269664540205099,0.747440881518628,1
2632,1,2.54995096395425e-15,0.00105443013438245,0.00105443013438245,89.9999999998614,630.477776341314,630.747440881519,0.269664540205099,0.747440881518628,1
2633,1,2.57663642068579e-15,0.00105443013438231,0.00105443013438231,89.99999999986,630.477776341314,630.747440881519,0.269664540205099,0.747440881518628,1
2634,1,2.59506475652708e-15,0.00105443013438216,0.00105443013438216,89.999999999859,630.477776341314,630.74744088152,0.269664540206008,0.747440881519537,1
2635,1,2.60517691580556e-15,0.00105443013438201,0.00105443013438201,89.9999999998584,630.477776341314,630.74744088152,0.269664540206008,0.747440881519537,1
2636,1,2.60694049297073e-15,0.00105443013438187,0.00105443013438187,89.9999999998583,630.477776341315,630.74744088152,0.26966454020419,0.747440881519537,1
2637,1,2.60034983644144e-15,0.00105443013438172,0.00105443013438172,89.9999999998587,630.477776341315,630.747440881521,0.269664540206122,0.74744088152147,1
2638,1,2.58542606671698e-15,0.00105443013438157,0.00105443013438157,89.9999999998595,630.477776341315,630.747440881521,0.269664540206122,0.74744088152147,1
2639,1,2.56221700869409e-15,0.00105443013438143,0.00105443013438143,89.9999999998608,630.477776341316,630.747440881521,0.269664540205213,0.74744088152147,1
2640,1,2.5307970384067e-15,0.00105443013438128,0.00105443013438128,89.9999999998625,630.477776341316,630.747440881521,0.269664540205213,0.74744088152147,1
2641,1,2.49126684467956e-15,0.00105443013438114,0.00105443013438114,89.9999999998646,630.477776341316,630.747440881521,0.269664540205213,0.74744088152147,1
2642,1,2.44375310645959e-15,0.001054430134381,0.001054430134381,89.9999999998672,630.477776341318,630.747440881521,0.26966454020328,0.74744088152147,1
2643,1,2.38840808685905e-15,0.00105443013438086,0.00105443013438086,89.9999999998702,630.477776341318,630.747440881521,0.26966454020328,0.74744088152147,1
2644,1,2.32540914521112e-15,0.00105443013438073,0.00105443013438073,89.9999999998736,630.47777634132,630.747440881521,0.269664540201461,0.74744088152147,1
2645,1,2.25495816870213e-15,0.0010544301343806,0.0010544301343806,89.9999999998775,630.47777634132,630.747440881521,0.269664540201461,0.74744088152147,1
2646,1,2.17728092540128e-15,0.00105443013438047,0.00105443013438047,89.9999999998817,630.477776341321,630.747440881521,0.269664540200552,0.74744088152147,1
2647,1,2.09262634076171e-15,0.00105443013438035,0.00105443013438035,89.9999999998863,630.477776341321,630.747440881521,0.269664540200552,0.74744088152147,1
2648,1,2.00126569991064e-15,0.00105443013438024,0.00105443013438024,89.9999999998913,630.477776341323,630.747440881521,0.269664540198619,0.74744088152147,1
2649,1,1.90349177828585e-15,0.00105443013438013,0.00105443013438013,89.9999999998966,630.477776341325,630.747440881521,0.2696645401968,0.74744088152147,1
2650,1,1.79961790340392e-15,0.00105443013438002,0.00105443013438002,89.9999999999022,630.477776341325,630.747440881521,0.2696645401968,0.74744088152147,1
2651,1,1.68997695076687e-15,0.00105443013437992,0.00105443013437992,89.9999999999082,630.477776341326,630.747440881521,0.26966454019589,0.74744088152147,1
2652,1,1.57492027712549e-15,0.00105443013437983,0.00105443013437983,89.9999999999144,630.477776341328,630.74744088152,0.269664540192025,0.747440881519537,1
2653,1,1.4548165945168e-15,0.00105443013437975,0.00105443013437975,89.999999999921,630.477776341328,630.74744088152,0.269664540192025,0.747440881519537,1
2654,1,1.33005078868515e-15,0.00105443013437967,0.00105443013437967,89.9999999999277,630.477776341329,630.74744088152,0.269664540190206,0.747440881519537,1
2655,1,1.20102268567244e-15,0.00105443013437959,0.00105443013437959,89.9999999999347,630.47777634133,630.747440881519,0.269664540188387,0.747440881518628,1
2656,1,1.06814577053098e-15,0.00105443013437953,0.00105443013437953,89.999999999942,630.47777634133,630.747440881519,0.269664540188387,0.747440881518628,1
2657,1,9.31845862263728e-16,0.00105443013437947,0.00105443013437947,89.9999999999494,630.477776341332,630.747440881517,0.269664540184635,0.747440881516809,1
2658,1,7.92559749239769e-16,0.00105443013437942,0.00105443013437942,89.9999999999569,630.477776341334,630.747440881517,0.269664540182816,0.747440881516809,1
2659,1,6.50733789456811e-16,0.00105443013437938,0.00105443013437938,89.9999999999646,630.477776341334,630.747440881515,0.269664540180884,0.747440881514876,1
2660,1,5.06822480136779e-16,0.00105443013437935,0.00105443013437935,89.9999999999725,630.477776341335,630.747440881515,0.269664540179974,0.747440881514876,1
2661,1,3.61287001238692e-16,0.00105443013437933,0.00105443013437933,89.9999999999804,630.477776341335,630.747440881514,0.269664540179065,0.747440881513967,1
2662,1,2.14593737555237e-16,0.00105443013437931,0.00105443013437931,89.9999999999883,630.477776341337,630.747440881514,0.269664540177132,0.747440881513967,1
2663,1,6.72127841305938e-17,0.0010544301343793,0.0010544301343793,89.9999999999963,630.477776341339,630.747440881512,0.269664540173494,0.747440881512148,1
2664,1,-8.03835602120227e-17,0.0010544301343793,0.0010544301343793,90.0000000000044,630.477776341339,630.747440881512,0.269664540173494,0.747440881512148,1
2665,1,-2.27722306405075e-16,0.00105443013437931,0.00105443013437931,90.0000000000124,630.477776341337,630.747440881514,0.269664540177132,0.747440881513967,1
2666,1,-3.74331290883017e-16,0.00105443013437933,0.00105443013437933,90.0000000000203,630.477776341335,630.747440881514,0.269664540179065,0.747440881513967,1
2667,1,-5.19740688683925e-16,0.00105443013437935,0.00105443013437935,90.0000000000283,630.477776341335,630.747440881515,0.269664540179974,0.747440881514876,1
2668,1,-6.63484519056081e-16,0.00105443013437939,0.00105443013437939,90.0000000000361,630.477776341334,630.747440881515,0.269664540180884,0.747440881514876,1
2669,1,-8.05102138745785e-16,0.00105443013437943,0.00105443013437943,90.0000000000438,630.477776341332,630.747440881517,0.269664540184635,0.747440881516809,1
2670,1,-9.44139718180133e-16,0.00105443013437948,0.00105443013437948,90.0000000000513,630.477776341332,630.747440881517,0.269664540184635,0.747440881516809,1
2671,1,-1.0801516958153e-15,0.00105443013437954,0.00105443013437954,90.0000000000587,630.47777634133,630.747440881519,0.269664540188387,0.747440881518628,1
2672,1,-1.21270220598826e-15,0.0010544301343796,0.0010544301343796,90.0000000000659,630.477776341329,630.747440881519,0.269664540189297,0.747440881518628,1
2673,1,-1.34136647569737e-15,0.00105443013437967,0.00105443013437967,90.0000000000729,630.477776341329,630.74744088152,0.269664540190206,0.747440881519537,1
2674,1,-1.46573218583524e-15,0.00105443013437975,0.00105443013437975,90.0000000000797,630.477776341328,630.74744088152,0.269664540192025,0.747440881519537,1
2675,1,-1.58540079251135e-15,0.00105443013437984,0.00105443013437984,90.0000000000862,630.477776341328,630.74744088152,0.269664540192025,0.747440881519537,1
2676,1,-1.69998880423114e-15,0.00105443013437993,0.00105443013437993,90.0000000000924,630.477776341326,630.747440881521,0.26966454019589,0.74744088152147,1
2677,1,-1.8091290108373e-15,0.00105443013438003,0.00105443013438003,90.0000000000983,630.477776341325,630.747440881521,0.2696645401968,0.74744088152147,1
2678,1,-1.91247166027612e-15,0.00105443013438014,0.00105443013438014,90.0000000001039,630.477776341325,630.747440881521,0.2696645401968,0.74744088152147,1
2679,1,-2.00968557941703e-15,0.00105443013438025,0.00105443013438025,90.0000000001092,630.477776341323,630.747440881521,0.269664540198619,0.74744088152147,1
2680,1,-2.1004592353344e-15,0.00105443013438036,0.00105443013438036,90.0000000001141,630.477776341321,630.747440881521,0.269664540200552,0.74744088152147,1
2681,1,-2.1845017336496e-15,0.00105443013438049,0.00105443013438049,90.0000000001187,630.477776341321,630.747440881521,0.269664540200552,0.74744088152147,1
2682,1,-2.26154375073475e-15,0.00105443013438061,0.00105443013438061,90.0000000001229,630.47777634132,630.747440881521,0.269664540201461,0.74744088152147,1
2683,1,-2.33133839679063e-15,0.00105443013438074,0.00105443013438074,90.0000000001267,630.47777634132,630.747440881521,0.269664540201461,0.74744088152147,1
2684,1,-2.39366200703258e-15,0.00105443013438088,0.00105443013438088,90.0000000001301,630.477776341318,630.747440881521,0.26966454020328,0.74744088152147,1
2685,1,-2.44831485844968e-15,0.00105443013438101,0.00105443013438101,90.000000000133,630.477776341318,630.747440881521,0.26966454020328,0.74744088152147,1
2686,1,-2.49512180983943e-15,0.00105443013438115,0.00105443013438115,90.0000000001356,630.477776341316,630.747440881521,0.269664540205213,0.74744088152147,1
2687,1,-2.53393286306743e-15,0.00105443013438129,0.00105443013438129,90.0000000001377,630.477776341316,630.747440881521,0.269664540205213,0.74744088152147,1
2688,1,-2.56462364375324e-15,0.00105443013438144,0.00105443013438144,90.0000000001394,630.477776341316,630.747440881521,0.269664540205213,0.74744088152147,1
2689,1,-2.58709579984212e-15,0.00105443013438159,0.00105443013438159,90.0000000001406,630.477776341315,630.747440881521,0.269664540206122,0.74744088152147,1
2690,1,-2.60127731678519e-15,0.00105443013438173,0.00105443013438173,90.0000000001414,630.477776341315,630.747440881521,0.269664540206122,0.74744088152147,1
2691,1,-2.60712274831812e-15,0.00105443013438188,0.00105443013438188,90.0000000001417,630.477776341315,630.74744088152,0.26966454020419,0.747440881519537,1
2692,1,-2.60461336209884e-15,0.00105443013438203,0.00105443013438203,90.0000000001415,630.477776341314,630.74744088152,0.269664540206008,0.747440881519537,1
2693,1,-2.59375719973743e-15,0.00105443013438217,0.00105443013438217,90.0000000001409,630.477776341314,630.74744088152,0.269664540206008,0.747440881519537,1
2694,1,-2.57458905102584e-15,0.00105443013438232,0.00105443013438232,90.0000000001399,630.477776341314,630.747440881519,0.269664540205099,0.747440881518628,1
2695,1,-2.54717034245012e-15,0.00105443013438247,0.00105443013438247,90.0000000001384,630.477776341314,630.747440881519,0.269664540205099,0.747440881518628,1
2696,1,-2.51158894034234e-15,0.00105443013438261,0.00105443013438261,90.0000000001365,630.477776341314,630.747440881519,0.269664540205099,0.747440881518628,1
2697,1,-2.46795886930303e-15,0.00105443013438275,0.00105443013438275,90.0000000001341,630.477776341314,630.747440881517,0.26966454020328,0.747440881516809,1
2698,1,-2.41641994679664e-15,0.00105443013438289,0.00105443013438289,90.0000000001313,630.477776341312,630.747440881517,0.269664540205213,0.747440881516809,1
2699,1,-2.35713733509062e-15,0.00105443013438302,0.00105443013438302,90.0000000001281,630.477776341312,630.747440881515,0.26966454020328,0.747440881514876,1
2700,1,-2.29030101197446e-15,0.00105443013438315,0.00105443013438315,90.0000000001245,630.477776341312,630.747440881515,0.26966454020328,0.747440881514876,1
2701,1,-2.21612516195449e-15,0.00105443013438328,0.00105443013438328,90.0000000001204,630.477776341314,630.747440881514,0.269664540200438,0.747440881513967,1
2702,1,-2.13484748987568e-15,0.00105443013438341,0.00105443013438341,90.000000000116,630.477776341314,630.747440881512,0.269664540198619,0.747440881512148,1
2703,1,-2.04672845916956e-15,0.00105443013438352,0.00105443013438352,90.0000000001112,630.477776341314,630.747440881512,0.269664540198619,0.747440881512148,1
2704,1,-1.95205045717004e-15,0.00105443013438364,0.00105443013438364,90.0000000001061,630.477776341314,630.74744088151,0.269664540196686,0.747440881510215,1
2705,1,-1.85111689017141e-15,0.00105443013438375,0.00105443013438375,90.0000000001006,630.477776341314,630.74744088151,0.269664540196686,0.747440881510215,1
2706,1,-1.74425121112875e-15,0.00105443013438385,0.00105443013438385,90.0000000000948,630.477776341314,630.747440881509,0.269664540195777,0.747440881509306,1
2707,1,-1.63179588311683e-15,0.00105443013438394,0.00105443013438394,90.0000000000887,630.477776341315,630.747440881507,0.269664540192139,0.747440881507487,1
2708,1,-1.51411128186833e-15,0.00105443013438403,0.00105443013438403,90.0000000000823,630.477776341315,630.747440881507,0.269664540192139,0.747440881507487,1
2709,1,-1.3915745409096e-15,0.00105443013438411,0.00105443013438411,90.0000000000756,630.477776341315,630.747440881506,0.269664540190206,0.747440881505554,1
2710,1,-1.26457834299375e-15,0.00105443013438419,0.00105443013438419,90.0000000000687,630.477776341316,630.747440881505,0.269664540188387,0.747440881504644,1
2711,1,-1.13352966170489e-15,0.00105443013438426,0.00105443013438426,90.0000000000616,630.477776341316,630.747440881505,0.269664540188387,0.747440881504644,1
2712,1,-9.98848457265235e-16,0.00105443013438432,0.00105443013438432,90.0000000000543,630.477776341318,630.747440881503,0.269664540184635,0.747440881502826,1
2713,1,-8.60966330725569e-16,0.00105443013438437,0.00105443013438437,90.0000000000468,630.477776341318,630.747440881501,0.269664540182816,0.747440881501007,1
2714,1,-7.20325140851186e-16,0.00105443013438441,0.00105443013438441,90.0000000000392,630.47777634132,630.747440881501,0.269664540180997,0.747440881501007,1
2715,1,-5.77375588135732e-16,0.00105443013438445,0.00105443013438445,90.0000000000314,630.47777634132,630.7474408815,0.269664540179974,0.747440881499983,1
2716,1,-4.32575770481134e-16,0.00105443013438448,0.00105443013438448,90.0000000000235,630.477776341321,630.747440881498,0.269664540177246,0.747440881498164,1
2717,1,-2.86389715170975e-16,0.0010544301343845,0.0010544301343845,90.0000000000156,630.477776341321,630.747440881498,0.269664540177246,0.747440881498164,1
2718,1,-1.39285891843218e-16,0.00105443013438451,0.00105443013438451,90.0000000000076,630.477776341323,630.747440881496,0.269664540173494,0.747440881496345,1
2719,1,8.26428877352611e-18,0.00105443013438452,0.00105443013438452,89.9999999999996,630.477776341323,630.747440881496,0.269664540173494,0.747440881496345,1
2720,1,1.55787985548344e-16,0.00105443013438451,0.00105443013438451,89.9999999999915,630.477776341323,630.747440881496,0.269664540173494,0.747440881496345,1
2721,1,3.02812442220993e-16,0.0010544301343845,0.0010544301343845,89.9999999999835,630.477776341321,630.747440881498,0.269664540177246,0.747440881498164,1
2722,1,4.48866502402151e-16,0.00105443013438448,0.00105443013438448,89.9999999999756,630.477776341321,630.7474408815,0.269664540179065,0.747440881499983,1
2723,1,5.93482119447074e-16,0.00105443013438445,0.00105443013438445,89.9999999999678,630.47777634132,630.7474408815,0.269664540179974,0.747440881499983,1
2724,1,7.36195856363728e-16,0.00105443013438441,0.00105443013438441,89.99999999996,630.47777634132,630.747440881501,0.269664540180997,0.747440881501007,1
2725,1,8.76550370948407e-16,0.00105443013438436,0.00105443013438436,89.9999999999524,630.477776341318,630.747440881501,0.269664540182816,0.747440881501007,1
2726,1,1.01409588139064e-15,0.00105443013438431,0.00105443013438431,89.9999999999449,630.477776341318,630.747440881503,0.269664540184635,0.747440881502826,1
2727,1,1.14839160764923e-15,0.00105443013438425,0.00105443013438425,89.9999999999376,630.477776341316,630.747440881505,0.269664540188387,0.747440881504644,1
2728,1,1.27900718398154e-15,0.00105443013438418,0.00105443013438418,89.9999999999305,630.477776341316,630.747440881505,0.269664540188387,0.747440881504644,1
2729,1,1.40552403809884e-15,0.0010544301343841,0.0010544301343841,89.9999999999236,630.477776341315,630.747440881506,0.269664540190206,0.747440881505554,1
2730,1,1.52753673252807e-15,0.00105443013438402,0.00105443013438402,89.999999999917,630.477776341315,630.747440881507,0.269664540192139,0.747440881507487,1
2731,1,1.64465426388211e-15,0.00105443013438393,0.00105443013438393,89.9999999999106,630.477776341315,630.747440881507,0.269664540192139,0.747440881507487,1
2732,1,1.75650131587381e-15,0.00105443013438384,0.00105443013438384,89.9999999999046,630.477776341314,630.747440881509,0.269664540195777,0.747440881509306,1
2733,1,1.8627194620593e-15,0.00105443013438373,0.00105443013438373,89.9999999998988,630.477776341314,630.74744088151,0.269664540196686,0.747440881510215,1
2734,1,1.96296831445562e-15,0.00105443013438362,0.00105443013438362,89.9999999998933,630.477776341314,630.74744088151,0.269664540196686,0.747440881510215,1
2735,1,2.05692661435257e-15,0.00105443013438351,0.00105443013438351,89.9999999998882,630.477776341314,630.747440881512,0.269664540198619,0.747440881512148,1
2736,1,2.14429326182209e-15,0.00105443013438339,0.00105443013438339,89.9999999998835,630.477776341314,630.747440881514,0.269664540200438,0.747440881513967,1
2737,1,2.22478828062688e-15,0.00105443013438327,0.00105443013438327,89.9999999998791,630.477776341314,630.747440881514,0.269664540200438,0.747440881513967,1
2738,1,2.29815371543576e-15,0.00105443013438314,0.00105443013438314,89.9999999998751,630.477776341312,630.747440881515,0.26966454020328,0.747440881514876,1
2739,1,2.36415445847035e-15,0.00105443013438301,0.00105443013438301,89.9999999998715,630.477776341312,630.747440881515,0.26966454020328,0.747440881514876,1
2740,1,2.42257900293457e-15,0.00105443013438287,0.00105443013438287,89.9999999998684,630.477776341312,630.747440881517,0.269664540205213,0.747440881516809,1
2741,1,2.47324012081181e-15,0.00105443013438273,0.00105443013438273,89.9999999998656,630.477776341314,630.747440881517,0.26966454020328,0.747440881516809,1
2742,1,2.51597546285817e-15,0.00105443013438259,0.00105443013438259,89.9999999998633,630.477776341314,630.747440881519,0.269664540205099,0.747440881518628,1
2743,1,2.55064807886878e-15,0.00105443013438245,0.00105443013438245,89.9999999998614,630.477776341314,630.747440881519,0.269664540205099,0.747440881518628,1
2744,1,2.57714685655026e-15,0.0010544301343823,0.0010544301343823,89.99999999986,630.477776341314,630.747440881519,0.269664540205099,0.747440881518628,1
2745,1,2.59538687759244e-15,0.00105443013438216,0.00105443013438216,89.999999999859,630.477776341314,630.74744088152,0.269664540206008,0.747440881519537,1
2746,1,2.60530968979867e-15,0.00105443013438201,0.00105443013438201,89.9999999998584,630.477776341314,630.74744088152,0.269664540206008,0.747440881519537,1
2747,1,2.60688349440241e-15,0.00105443013438186,0.00105443013438186,89.9999999998583,630.477776341315,630.74744088152,0.26966454020419,0.747440881519537,1
2748,1,2.60010324797e-15,0.00105443013438172,0.00105443013438172,89.9999999998587,630.477776341315,630.747440881521,0.269664540206122,0.74744088152147,1
2749,1,2.58499067856289e-15,0.00105443013438157,0.00105443013438157,89.9999999998595,630.477776341315,630.747440881521,0.269664540206122,0.74744088152147,1
2750,1,2.5615942161076e-15,0.00105443013438142,0.00105443013438142,89.9999999998608,630.477776341316,630.747440881521,0.269664540205213,0.74744088152147,1
2751,1,2.5299888371966e-15,0.00105443013438128,0.00105443013438128,89.9999999998625,630.477776341316,630.747440881521,0.269664540205213,0.74744088152147,1
2752,1,2.49027582481745e-15,0.00105443013438114,0.00105443013438114,89.9999999998647,630.477776341316,630.747440881521,0.269664540205213,0.74744088152147,1
2753,1,2.44258244377999e-15,0.001054430134381,0.001054430134381,89.9999999998673,630.477776341318,630.747440881521,0.26966454020328,0.74744088152147,1
2754,1,2.387061532882e-15,0.00105443013438086,0.00105443013438086,89.9999999998703,630.477776341318,630.747440881521,0.26966454020328,0.74744088152147,1
2755,1,2.32389101512013e-15,0.00105443013438073,0.00105443013438073,89.9999999998737,630.47777634132,630.747440881521,0.269664540201461,0.74744088152147,1
2756,1,2.25327332751559e-15,0.0010544301343806,0.0010544301343806,89.9999999998776,630.47777634132,630.747440881521,0.269664540201461,0.74744088152147,1
2757,1,2.17543477238215e-15,0.00105443013438047,0.00105443013438047,89.9999999998818,630.477776341321,630.747440881521,0.269664540200552,0.74744088152147,1
2758,1,2.09062479211471e-15,0.00105443013438035,0.00105443013438035,89.9999999998864,630.477776341321,630.747440881521,0.269664540200552,0.74744088152147,1
2759,1,1.99911516982327e-15,0.00105443013438024,0.00105443013438024,89.9999999998914,630.477776341323,630.747440881521,0.269664540198619,0.74744088152147,1
2760,1,1.90119915837334e-15,0.00105443013438012,0.00105443013438012,89.9999999998967,630.477776341325,630.747440881521,0.2696645401968,0.74744088152147,1
2761,1,1.7971905406244e-15,0.00105443013438002,0.00105443013438002,89.9999999999023,630.477776341325,630.747440881521,0.2696645401968,0.74744088152147,1
2762,1,1.68742262387713e-15,0.00105443013437992,0.00105443013437992,89.9999999999083,630.477776341326,630.74744088152,0.269664540193958,0.747440881519537,1
2763,1,1.57224717175296e-15,0.00105443013437983,0.00105443013437983,89.9999999999146,630.477776341328,630.74744088152,0.269664540192025,0.747440881519537,1
2764,1,1.45203327692798e-15,0.00105443013437974,0.00105443013437974,89.9999999999211,630.477776341328,630.74744088152,0.269664540192025,0.747440881519537,1
2765,1,1.32716617833387e-15,0.00105443013437966,0.00105443013437966,89.9999999999279,630.477776341329,630.74744088152,0.269664540190206,0.747440881519537,1
2766,1,1.1980460266168e-15,0.00105443013437959,0.00105443013437959,89.9999999999349,630.47777634133,630.747440881519,0.269664540188387,0.747440881518628,1
2767,1,1.06508660180927e-15,0.00105443013437953,0.00105443013437953,89.9999999999421,630.47777634133,630.747440881519,0.269664540188387,0.747440881518628,1
2768,1,9.28713987325811e-16,0.00105443013437947,0.00105443013437947,89.9999999999495,630.477776341332,630.747440881517,0.269664540184635,0.747440881516809,1
2769,1,7.89365204530744e-16,0.00105443013437942,0.00105443013437942,89.9999999999571,630.477776341334,630.747440881517,0.269664540182816,0.747440881516809,1
2770,1,6.47486812254028e-16,0.00105443013437938,0.00105443013437938,89.9999999999648,630.477776341334,630.747440881515,0.269664540180884,0.747440881514876,1
2771,1,5.03533475743618e-16,0.00105443013437935,0.00105443013437935,89.9999999999726,630.477776341335,630.747440881515,0.269664540179974,0.747440881514876,1
2772,1,3.57966509639173e-16,0.00105443013437933,0.00105443013437933,89.9999999999805,630.477776341337,630.747440881514,0.269664540177132,0.747440881513967,1
2773,1,2.11252399637741e-16,0.00105443013437931,0.00105443013437931,89.9999999999885,630.477776341337,630.747440881514,0.269664540177132,0.747440881513967,1
2774,1,6.3861307587797e-17,0.0010544301343793,0.0010544301343793,89.9999999999965,630.477776341339,630.747440881512,0.269664540173494,0.747440881512148,1
2775,1,-8.37344351969335e-17,0.0010544301343793,0.0010544301343793,90.0000000000045,630.477776341339,630.747440881512,0.269664540173494,0.747440881512148,1
2776,1,-2.31061841576673e-16,0.00105443013437931,0.00105443013437931,90.0000000000126,630.477776341337,630.747440881514,0.269664540177132,0.747440881513967,1
2777,1,-3.77648784325728e-16,0.00105443013437933,0.00105443013437933,90.0000000000205,630.477776341335,630.747440881514,0.269664540179065,0.747440881513967,1
2778,1,-5.23025509117297e-16,0.00105443013437935,0.00105443013437935,90.0000000000284,630.477776341335,630.747440881515,0.269664540179974,0.747440881514876,1
2779,1,-6.66726139904065e-16,0.00105443013437939,0.00105443013437939,90.0000000000362,630.477776341334,630.747440881515,0.269664540180884,0.747440881514876,1
2780,1,-8.0829017187004e-16,0.00105443013437943,0.00105443013437943,90.0000000000439,630.477776341332,630.747440881517,0.269664540184635,0.747440881516809,1
2781,1,-9.47263947170416e-16,0.00105443013437948,0.00105443013437948,90.0000000000515,630.477776341332,630.747440881517,0.269664540184635,0.747440881516809,1
2782,1,-1.0832021087288e-15,0.00105443013437954,0.00105443013437954,90.0000000000589,630.47777634133,630.747440881519,0.269664540188387,0.747440881518628,1
2783,1,-1.21566902743417e-15,0.0010544301343796,0.0010544301343796,90.0000000000661,630.477776341329,630.747440881519,0.269664540189297,0.747440881518628,1
2784,1,-1.34424019816298e-15,0.00105443013437967,0.00105443013437967,90.000000000073,630.477776341329,630.74744088152,0.269664540190206,0.747440881519537,1
2785,1,-1.46850360015398e-15,0.00105443013437975,0.00105443013437975,90.0000000000798,630.477776341328,630.74744088152,0.269664540192025,0.747440881519537,1
2786,1,-1.58806101737475e-15,0.00105443013437984,0.00105443013437984,90.0000000000863,630.477776341328,630.74744088152,0.269664540192025,0.747440881519537,1
2787,1,-1.70252931464974e-15,0.00105443013437993,0.00105443013437993,90.0000000000925,630.477776341326,630.747440881521,0.26966454019589,0.74744088152147,1
2788,1,-1.8115416654601e-15,0.00105443013438003,0.00105443013438003,90.0000000000984,630.477776341325,630.747440881521,0.2696645401968,0.74744088152147,1
2789,1,-1.91474872748022e-15,0.00105443013438014,0.00105443013438014,90.0000000001041,630.477776341325,630.747440881521,0.2696645401968,0.74744088152147,1
2790,1,-2.01181976208481e-15,0.00105443013438025,0.00105443013438025,90.0000000001093,630.477776341323,630.747440881521,0.269664540198619,0.74744088152147,1
2791,1,-2.10244369423772e-15,0.00105443013438037,0.00105443013438037,90.0000000001143,630.477776341321,630.747440881521,0.269664540200552,0.74744088152147,1
2792,1,-2.18633010936699e-15,0.00105443013438049,0.00105443013438049,90.0000000001188,630.477776341321,630.747440881521,0.269664540200552,0.74744088152147,1
2793,1,-2.26321018403078e-15,0.00105443013438061,0.00105443013438061,90.000000000123,630.47777634132,630.747440881521,0.269664540201461,0.74744088152147,1
2794,1,-2.33283754739253e-15,0.00105443013438074,0.00105443013438074,90.0000000001268,630.47777634132,630.747440881521,0.269664540201461,0.74744088152147,1
2795,1,-2.39498907074387e-15,0.00105443013438088,0.00105443013438088,90.0000000001301,630.477776341318,630.747440881521,0.26966454020328,0.74744088152147,1
2796,1,-2.44946558254561e-15,0.00105443013438102,0.00105443013438102,90.0000000001331,630.477776341318,630.747440881521,0.26966454020328,0.74744088152147,1
2797,1,-2.49609250669536e-15,0.00105443013438116,0.00105443013438116,90.0000000001356,630.477776341316,630.747440881521,0.269664540205213,0.74744088152147,1
2798,1,-2.5347204219762e-15,0.0010544301343813,0.0010544301343813,90.0000000001377,630.477776341316,630.747440881521,0.269664540205213,0.74744088152147,1
2799,1,-2.56522554089386e-15,0.00105443013438144,0.00105443013438144,90.0000000001394,630.477776341316,630.747440881521,0.269664540205213,0.74744088152147,1
2800,1,-2.58751010636758e-15,0.00105443013438159,0.00105443013438159,90.0000000001406,630.477776341315,630.747440881521,0.269664540206122,0.74744088152147,1
2801,1,-2.60150270500368e-15,0.00105443013438174,0.00105443013438174,90.0000000001414,630.477776341315,630.747440881521,0.269664540206122,0.74744088152147,1
2802,1,-2.60715849594777e-15,0.00105443013438188,0.00105443013438188,90.0000000001417,630.477776341315,630.74744088152,0.26966454020419,0.747440881519537,1
2803,1,-2.60445935458237e-15,0.00105443013438203,0.00105443013438203,90.0000000001415,630.477776341314,630.74744088152,0.269664540206008,0.747440881519537,1
2804,1,-2.59341393060922e-15,0.00105443013438218,0.00105443013438218,90.0000000001409,630.477776341314,630.74744088152,0.269664540206008,0.747440881519537,1
2805,1,-2.57405762033037e-15,0.00105443013438232,0.00105443013438232,90.0000000001399,630.477776341314,630.747440881519,0.269664540205099,0.747440881518628,1
2806,1,-2.54645245321675e-15,0.00105443013438247,0.00105443013438247,90.0000000001384,630.477776341314,630.747440881519,0.269664540205099,0.747440881518628,1
2807,1,-2.51068689312779e-15,0.00105443013438261,0.00105443013438261,90.0000000001364,630.477776341314,630.747440881519,0.269664540205099,0.747440881518628,1
2808,1,-2.46687555481896e-15,0.00105443013438275,0.00105443013438275,90.0000000001341,630.477776341314,630.747440881517,0.26966454020328,0.747440881516809,1
2809,1,-2.415158836646e-15,0.00105443013438289,0.00105443013438289,90.0000000001312,630.477776341312,630.747440881517,0.269664540205213,0.747440881516809,1
2810,1,-2.35570247064257e-15,0.00105443013438303,0.00105443013438303,90.000000000128,630.477776341312,630.747440881515,0.26966454020328,0.747440881514876,1
2811,1,-2.2886969914133e-15,0.00105443013438316,0.00105443013438316,90.0000000001244,630.477776341312,630.747440881515,0.26966454020328,0.747440881514876,1
2812,1,-2.21435712554438e-15,0.00105443013438329,0.00105443013438329,90.0000000001203,630.477776341314,630.747440881514,0.269664540200438,0.747440881513967,1
2813,1,-2.1329211034879e-15,0.00105443013438341,0.00105443013438341,90.0000000001159,630.477776341314,630.747440881512,0.269664540198619,0.747440881512148,1
2814,1,-2.04464989612571e-15,0.00105443013438353,0.00105443013438353,90.0000000001111,630.477776341314,630.747440881512,0.269664540198619,0.747440881512148,1
2815,1,-1.94982637845887e-15,0.00105443013438364,0.00105443013438364,90.000000000106,630.477776341314,630.74744088151,0.269664540196686,0.747440881510215,1
2816,1,-1.84875442310307e-15,0.00105443013438375,0.00105443013438375,90.0000000001005,630.477776341314,630.74744088151,0.269664540196686,0.747440881510215,1
2817,1,-1.74175792649444e-15,0.00105443013438385,0.00105443013438385,90.0000000000947,630.477776341314,630.747440881509,0.269664540195777,0.747440881509306,1
2818,1,-1.62917977092721e-15,0.00105443013438394,0.00105443013438394,90.0000000000885,630.477776341315,630.747440881507,0.269664540192139,0.747440881507487,1
2819,1,-1.51138072574884e-15,0.00105443013438403,0.00105443013438403,90.0000000000821,630.477776341315,630.747440881507,0.269664540192139,0.747440881507487,1
2820,1,-1.38873829123403e-15,0.00105443013438412,0.00105443013438412,90.0000000000755,630.477776341315,630.747440881506,0.269664540190206,0.747440881505554,1
2821,1,-1.26164548884295e-15,0.00105443013438419,0.00105443013438419,90.0000000000686,630.477776341316,630.747440881505,0.269664540188387,0.747440881504644,1
2822,1,-1.13050960173944e-15,0.00105443013438426,0.00105443013438426,90.0000000000614,630.477776341316,630.747440881505,0.269664540188387,0.747440881504644,1
2823,1,-9.95750869606576e-16,0.00105443013438432,0.00105443013438432,90.0000000000541,630.477776341318,630.747440881503,0.269664540184635,0.747440881502826,1
2824,1,-8.57801141941299e-16,0.00105443013438437,0.00105443013438437,90.0000000000466,630.477776341318,630.747440881501,0.269664540182816,0.747440881501007,1
2825,1,-7.17102494144435e-16,0.00105443013438442,0.00105443013438442,90.000000000039,630.47777634132,630.747440881501,0.269664540180997,0.747440881501007,1
2826,1,-5.74105810840002e-16,0.00105443013438445,0.00105443013438445,90.0000000000312,630.47777634132,630.7474408815,0.269664540179974,0.747440881499983,1
2827,1,-4.29269340965051e-16,0.00105443013438448,0.00105443013438448,90.0000000000233,630.477776341321,630.747440881498,0.269664540177246,0.747440881498164,1
2828,1,-2.83057229259394e-16,0.0010544301343845,0.0010544301343845,90.0000000000154,630.477776341321,630.747440881498,0.269664540177246,0.747440881498164,1
2829,1,-1.35938028861568e-16,0.00105443013438451,0.00105443013438451,90.0000000000074,630.477776341323,630.747440881496,0.269664540173494,0.747440881496345,1
2830,1,1.16168002220474e-17,0.00105443013438452,0.00105443013438452,89.9999999999994,630.477776341323,630.747440881496,0.269664540173494,0.747440881496345,1
2831,1,1.59134401964226e-16,0.00105443013438451,0.00105443013438451,89.9999999999914,630.477776341323,630.747440881496,0.269664540173494,0.747440881496345,1
2832,1,3.06142039636867e-16,0.0010544301343845,0.0010544301343845,89.9999999999834,630.477776341321,630.747440881498,0.269664540177246,0.747440881498164,1
2833,1,4.52168610749023e-16,0.00105443013438448,0.00105443013438448,89.9999999999754,630.477776341321,630.7474408815,0.269664540179065,0.747440881499983,1
2834,1,5.96746156747834e-16,0.00105443013438445,0.00105443013438445,89.9999999999676,630.47777634132,630.7474408815,0.269664540179974,0.747440881499983,1
2835,1,7.39411362643994e-16,0.00105443013438441,0.00105443013438441,89.9999999999598,630.47777634132,630.747440881501,0.269664540180997,0.747440881501007,1
2836,1,8.79707041757119e-16,0.00105443013438436,0.00105443013438436,89.9999999999522,630.477776341318,630.747440881501,0.269664540182816,0.747440881501007,1
2837,1,1.01718360082154e-15,0.00105443013438431,0.00105443013438431,89.9999999999447,630.477776341318,630.747440881503,0.269664540184635,0.747440881502826,1
2838,1,1.15140048075859e-15,0.00105443013438425,0.00105443013438425,89.9999999999374,630.477776341316,630.747440881505,0.269664540188387,0.747440881504644,1
2839,1,1.28192756849734e-15,0.00105443013438418,0.00105443013438418,89.9999999999303,630.477776341316,630.747440881505,0.269664540188387,0.747440881504644,1
2840,1,1.40834657532076e-15,0.0010544301343841,0.0010544301343841,89.9999999999235,630.477776341315,630.747440881506,0.269664540190206,0.747440881505554,1
2841,1,1.53025237731854e-15,0.00105443013438402,0.00105443013438402,89.9999999999169,630.477776341315,630.747440881507,0.269664540192139,0.747440881507487,1
2842,1,1.64725431365229e-15,0.00105443013438393,0.00105443013438393,89.9999999999105,630.477776341315,630.747440881507,0.269664540192139,0.747440881507487,1
2843,1,1.75897743847216e-15,0.00105443013438383,0.00105443013438383,89.9999999999044,630.477776341314,630.747440881509,0.269664540195777,0.747440881509306,1
2844,1,1.86506372247266e-15,0.00105443013438373,0.00105443013438373,89.9999999998986,630.477776341314,630.74744088151,0.269664540196686,0.747440881510215,1
2845,1,1.96517320023818e-15,0.00105443013438362,0.00105443013438362,89.9999999998932,630.477776341314,630.74744088151,0.269664540196686,0.747440881510215,1
2846,1,2.05898505970012e-15,0.00105443013438351,0.00105443013438351,89.9999999998881,630.477776341314,630.747440881512,0.269664540198619,0.747440881512148,1
2847,1,2.14619867021528e-15,0.00105443013438339,0.00105443013438339,89.9999999998834,630.477776341314,630.747440881514,0.269664540200438,0.747440881513967,1
2848,1,2.22653454597042e-15,0.00105443013438327,0.00105443013438327,89.999999999879,630.477776341314,630.747440881514,0.269664540200438,0.747440881513967,1
2849,1,2.29973524162612e-15,0.00105443013438314,0.00105443013438314,89.999999999875,630.477776341312,630.747440881515,0.26966454020328,0.747440881514876,1
2850,1,2.36556617732922e-15,0.00105443013438301,0.00105443013438301,89.9999999998715,630.477776341312,630.747440881515,0.26966454020328,0.747440881514876,1
2851,1,2.42381639045026e-15,0.00105443013438287,0.00105443013438287,89.9999999998683,630.477776341312,630.747440881517,0.269664540205213,0.747440881516809,1
2852,1,2.47429921163703e-15,0.00105443013438273,0.00105443013438273,89.9999999998656,630.477776341314,630.747440881517,0.26966454020328,0.747440881516809,1
2853,1,2.51685286301733e-15,0.00105443013438259,0.00105443013438259,89.9999999998632,630.477776341314,630.747440881519,0.269664540205099,0.747440881518628,1
2854,1,2.55134097663453e-15,0.00105443013438245,0.00105443013438245,89.9999999998614,630.477776341314,630.747440881519,0.269664540205099,0.747440881518628,1
2855,1,2.57765303145386e-15,0.0010544301343823,0.0010544301343823,89.9999999998599,630.477776341314,630.747440881519,0.269664540205099,0.747440881518628,1
2856,1,2.59570470753955e-15,0.00105443013438215,0.00105443013438215,89.999999999859,630.477776341314,630.74744088152,0.269664540206008,0.747440881519537,1
2857,1,2.60543815626751e-15,0.00105443013438201,0.00105443013438201,89.9999999998584,630.477776341314,630.74744088152,0.269664540206008,0.747440881519537,1
2858,1,2.60682218570774e-15,0.00105443013438186,0.00105443013438186,89.9999999998583,630.477776341315,630.74744088152,0.26966454020419,0.747440881519537,1
2859,1,2.59985236058243e-15,0.00105443013438171,0.00105443013438171,89.9999999998587,630.477776341315,630.747440881521,0.269664540206122,0.74744088152147,1
2860,1,2.58455101647924e-15,0.00105443013438157,0.00105443013438157,89.9999999998596,630.477776341315,630.747440881521,0.269664540206122,0.74744088152147,1
2861,1,2.56096718827439e-15,0.00105443013438142,0.00105443013438142,89.9999999998608,630.477776341316,630.747440881521,0.269664540205213,0.74744088152147,1
2862,1,2.52917645299501e-15,0.00105443013438128,0.00105443013438128,89.9999999998626,630.477776341316,630.747440881521,0.269664540205213,0.74744088152147,1
2863,1,2.4892806876239e-15,0.00105443013438113,0.00105443013438113,89.9999999998647,630.477776341316,630.747440881521,0.269664540205213,0.74744088152147,1
2864,1,2.44140774262341e-15,0.00105443013438099,0.00105443013438099,89.9999999998673,630.477776341318,630.747440881521,0.26966454020328,0.74744088152147,1
2865,1,2.38571103222423e-15,0.00105443013438086,0.00105443013438086,89.9999999998704,630.477776341318,630.747440881521,0.26966454020328,0.74744088152147,1
2866,1,2.32236904279222e-15,0.00105443013438072,0.00105443013438072,89.9999999998738,630.47777634132,630.747440881521,0.269664540201461,0.74744088152147,1
2867,1,2.25158476084893e-15,0.00105443013438059,0.00105443013438059,89.9999999998776,630.47777634132,630.747440881521,0.269664540201461,0.74744088152147,1
2868,1,2.17358502257829e-15,0.00105443013438047,0.00105443013438047,89.9999999998819,630.477776341321,630.747440881521,0.269664540200552,0.74744088152147,1
2869,1,2.08861978690471e-15,0.00105443013438035,0.00105443013438035,89.9999999998865,630.477776341323,630.747440881521,0.269664540198619,0.74744088152147,1
2870,1,1.99696133447154e-15,0.00105443013438023,0.00105443013438023,89.9999999998915,630.477776341323,630.747440881521,0.269664540198619,0.74744088152147,1
2871,1,1.89890339508734e-15,0.00105443013438012,0.00105443013438012,89.9999999998968,630.477776341325,630.747440881521,0.2696645401968,0.74744088152147,1
2872,1,1.79476020643545e-15,0.00105443013438002,0.00105443013438002,89.9999999999025,630.477776341325,630.747440881521,0.2696645401968,0.74744088152147,1
2873,1,1.68486550706419e-15,0.00105443013437992,0.00105443013437992,89.9999999999085,630.477776341326,630.74744088152,0.269664540193958,0.747440881519537,1
2874,1,1.56957146688415e-15,0.00105443013437983,0.00105443013437983,89.9999999999147,630.477776341328,630.74744088152,0.269664540192025,0.747440881519537,1
2875,1,1.44924755860008e-15,0.00105443013437974,0.00105443013437974,89.9999999999212,630.477776341328,630.74744088152,0.269664540192025,0.747440881519537,1
2876,1,1.32427937369438e-15,0.00105443013437966,0.00105443013437966,89.999999999928,630.477776341329,630.74744088152,0.269664540190206,0.747440881519537,1
2877,1,1.19506738675543e-15,0.00105443013437959,0.00105443013437959,89.9999999999351,630.47777634133,630.747440881519,0.269664540188387,0.747440881518628,1
2878,1,1.06202567211211e-15,0.00105443013437953,0.00105443013437953,89.9999999999423,630.47777634133,630.747440881519,0.269664540188387,0.747440881518628,1
2879,1,9.25580576885899e-16,0.00105443013437947,0.00105443013437947,89.9999999999497,630.477776341332,630.747440881517,0.269664540184635,0.747440881516809,1
2880,1,7.86169354713932e-16,0.00105443013437942,0.00105443013437942,89.9999999999573,630.477776341334,630.747440881517,0.269664540182816,0.747440881516809,1
2881,1,6.44238764520172e-16,0.00105443013437938,0.00105443013437938,89.999999999965,630.477776341334,630.747440881515,0.269664540180884,0.747440881514876,1
2882,1,5.00243638826524e-16,0.00105443013437935,0.00105443013437935,89.9999999999728,630.477776341335,630.747440881515,0.269664540179974,0.747440881514876,1
2883,1,3.54645426190847e-16,0.00105443013437933,0.00105443013437933,89.9999999999807,630.477776341337,630.747440881514,0.269664540177132,0.747440881513967,1
2884,1,2.07910712443138e-16,0.00105443013437931,0.00105443013437931,89.9999999999887,630.477776341337,630.747440881514,0.269664540177132,0.747440881513967,1
2885,1,6.05097254591111e-17,0.0010544301343793,0.0010544301343793,89.9999999999967,630.477776341339,630.747440881512,0.269664540173494,0.747440881512148,1
2886,1,-8.70851717383009e-17,0.0010544301343793,0.0010544301343793,90.0000000000047,630.477776341339,630.747440881512,0.269664540173494,0.747440881512148,1
2887,1,-2.34400994719026e-16,0.00105443013437931,0.00105443013437931,90.0000000000127,630.477776341337,630.747440881514,0.269664540177132,0.747440881513967,1
2888,1,-3.80965653377748e-16,0.00105443013437933,0.00105443013437933,90.0000000000207,630.477776341335,630.747440881514,0.269664540179065,0.747440881513967,1
2889,1,-5.2630946479939e-16,0.00105443013437936,0.00105443013437936,90.0000000000286,630.477776341335,630.747440881515,0.269664540179974,0.747440881514876,1
2890,1,-6.69966658411229e-16,0.00105443013437939,0.00105443013437939,90.0000000000364,630.477776341334,630.747440881515,0.269664540180884,0.747440881514876,1
2891,1,-8.11476868596726e-16,0.00105443013437943,0.00105443013437943,90.0000000000441,630.477776341332,630.747440881517,0.269664540184635,0.747440881516809,1
2892,1,-9.50386609988943e-16,0.00105443013437948,0.00105443013437948,90.0000000000517,630.477776341332,630.747440881517,0.269664540184635,0.747440881516809,1
2893,1,-1.08625073071541e-15,0.00105443013437954,0.00105443013437954,90.000000000059,630.47777634133,630.747440881519,0.269664540188387,0.747440881518628,1
2894,1,-1.21863383893706e-15,0.0010544301343796,0.0010544301343796,90.0000000000662,630.477776341329,630.747440881519,0.269664540189297,0.747440881518628,1
2895,1,-1.34711169811067e-15,0.00105443013437968,0.00105443013437968,90.0000000000732,630.477776341329,630.74744088152,0.269664540190206,0.747440881519537,1
2896,1,-1.47127258650229e-15,0.00105443013437976,0.00105443013437976,90.00000000008,630.477776341328,630.74744088152,0.269664540192025,0.747440881519537,1
2897,1,-1.59071861659588e-15,0.00105443013437984,0.00105443013437984,90.0000000000864,630.477776341326,630.74744088152,0.269664540193958,0.747440881519537,1
2898,1,-1.70506701016835e-15,0.00105443013437994,0.00105443013437994,90.0000000000927,630.477776341326,630.747440881521,0.26966454019589,0.74744088152147,1
2899,1,-1.81395132494575e-15,0.00105443013438004,0.00105443013438004,90.0000000000986,630.477776341325,630.747440881521,0.2696645401968,0.74744088152147,1
2900,1,-1.91702262890842e-15,0.00105443013438014,0.00105443013438014,90.0000000001042,630.477776341325,630.747440881521,0.2696645401968,0.74744088152147,1
2901,1,-2.01395061848296e-15,0.00105443013438025,0.00105443013438025,90.0000000001095,630.477776341323,630.747440881521,0.269664540198619,0.74744088152147,1
2902,1,-2.10442467703715e-15,0.00105443013438037,0.00105443013438037,90.0000000001144,630.477776341321,630.747440881521,0.269664540200552,0.74744088152147,1
2903,1,-2.18815487028566e-15,0.00105443013438049,0.00105443013438049,90.0000000001189,630.477776341321,630.747440881521,0.269664540200552,0.74744088152147,1
2904,1,-2.26487287541737e-15,0.00105443013438062,0.00105443013438062,90.0000000001231,630.47777634132,630.747440881521,0.269664540201461,0.74744088152147,1
2905,1,-2.33433284096569e-15,0.00105443013438075,0.00105443013438075,90.0000000001268,630.47777634132,630.747440881521,0.269664540201461,0.74744088152147,1
2906,1,-2.39631217466735e-15,0.00105443013438088,0.00105443013438088,90.0000000001302,630.477776341318,630.747440881521,0.26966454020328,0.74744088152147,1
2907,1,-2.45061225678426e-15,0.00105443013438102,0.00105443013438102,90.0000000001332,630.477776341318,630.747440881521,0.26966454020328,0.74744088152147,1
2908,1,-2.49705907660271e-15,0.00105443013438116,0.00105443013438116,90.0000000001357,630.477776341316,630.747440881521,0.269664540205213,0.74744088152147,1
2909,1,-2.53550379007041e-15,0.0010544301343813,0.0010544301343813,90.0000000001378,630.477776341316,630.747440881521,0.269664540205213,0.74744088152147,1
2910,1,-2.56582319678387e-15,0.00105443013438145,0.00105443013438145,90.0000000001394,630.477776341316,630.747440881521,0.269664540205213,0.74744088152147,1
2911,1,-2.58792013479795e-15,0.00105443013438159,0.00105443013438159,90.0000000001406,630.477776341315,630.747440881521,0.269664540206122,0.74744088152147,1
2912,1,-2.60172379199222e-15,0.00105443013438174,0.00105443013438174,90.0000000001414,630.477776341315,630.747440881521,0.269664540206122,0.74744088152147,1
2913,1,-2.6071899329964e-15,0.00105443013438189,0.00105443013438189,90.0000000001417,630.477776341315,630.74744088152,0.26966454020419,0.747440881519537,1
2914,1,-2.60430104094753e-15,0.00105443013438203,0.00105443013438203,90.0000000001415,630.477776341314,630.74744088152,0.269664540206008,0.747440881519537,1
2915,1,-2.59306637362474e-15,0.00105443013438218,0.00105443013438218,90.0000000001409,630.477776341314,630.74744088152,0.269664540206008,0.747440881519537,1
2916,1,-2.57352193378165e-15,0.00105443013438233,0.00105443013438233,90.0000000001398,630.477776341314,630.747440881519,0.269664540205099,0.747440881518628,1
2917,1,-2.54573035377154e-15,0.00105443013438247,0.00105443013438247,90.0000000001383,630.477776341314,630.747440881519,0.269664540205099,0.747440881518628,1
2918,1,-2.50978069483486e-15,0.00105443013438262,0.00105443013438262,90.0000000001364,630.477776341314,630.747440881519,0.269664540205099,0.747440881518628,1
2919,1,-2.46578816169257e-15,0.00105443013438276,0.00105443013438276,90.000000000134,630.477776341314,630.747440881517,0.26966454020328,0.747440881516809,1
2920,1,-2.41389373335955e-15,0.00105443013438289,0.00105443013438289,90.0000000001312,630.477776341312,630.747440881517,0.269664540205213,0.747440881516809,1
2921,1,-2.3542637113617e-15,0.00105443013438303,0.00105443013438303,90.0000000001279,630.477776341312,630.747440881515,0.26966454020328,0.747440881514876,1
2922,1,-2.28708918680381e-15,0.00105443013438316,0.00105443013438316,90.0000000001243,630.477776341312,630.747440881515,0.26966454020328,0.747440881514876,1
0,2,0,0,0,90,633.522990404147,633.98551128976,0.462520885613685,3.98551128976044,1
1,2,-5.96664328662271e-05,1.68951052420367e-06,5.9690348104123e-05,178.378050125815,633.136958284646,634.356368665642,1.21941038099578,4.35636866564209,1
2,2,-0.000119141658795054,6.75262789459879e-06,0.000119332865732454,176.756100251629,632.74241984529,634.715668022729,1.97324817743902,4.71566802272855,1
3,2,-0.000178235083590468,1.517312685488e-05,0.000178879760736243,175.134150377444,632.340642078727,635.06225422381,2.72161214508299,5.06225422380953,1
4,2,-0.000236757336575645,2.69240230900774e-05,0.000238283317590108,173.512200503258,631.932914786534,635.395012667938,3.46209788140459,5.39501266793809,1
5,2,-0.000294520877449856,4.19676597004418e-05,0.000297495935626968,171.890250629073,631.520546416985,635.712872912674,4.19232649568937,5.71287291267424,1
6,2,-0.000351340597279764,6.02558278766738e-05,0.000356470167180936,170.268300754888,631.104859848478,636.014812156798,4.9099523083205,6.01481215679837,1
7,2,-0.000407034411699156,8.1729921389782e-05,0.000415158755607608,168.646350880702,630.68718813238,636.299858571675,5.61267043929456,6.29985857167469,1
8,2,-0.000461423844416158,0.000106321124400494,0.00047351467315129,167.024401006517,630.268870209202,636.567094469914,6.298224260712,6.5670944699142,1
9,2,-0.000514334599158023,0.000133950631986363,0.000531491158628806,165.402451132332,629.851246611929,636.815659300445,6.96441268851606,6.81565930044462,1
10,2,-0.000565597118220632,0.000164529902679875,0.000589041754899712,163.780501258146,629.435655170406,637.04475245975,7.60909728934428,7.0447524597505,1
11,2,-0.000615047125832792,0.000197960942208264,0.000646120346092864,162.158551383961,629.023426730498,637.253635909519,8.23020917902147,7.25363590951918,1
12,2,-0.000662526154594062,0.000234136617525773,0.000702681194559528,160.536601509775,628.61588090165,637.441636591681,8.82575569003166,7.44163659168123,1
13,2,-0.000707882053299082,0.000272941000132013,0.000758678977523423,158.91465163559,628.214321846352,637.608148632457,9.39382678610457,7.6081486324565,1
14,2,-0.000750969474521033,0.000314249737576208,0.000814068823398312,157.292701761405,627.820034124733,637.752635327703,9.93260120297032,7.75263532770327,1
15,2,-0.000791650340391732,0.000357930451956831,0.000868806347744057,155.670751887219,627.434278607289,637.874630902692,10.4403522954024,7.87463090269171,1
16,2,-0.000829794285085702,0.000403843164139567,0.000922847688832317,154.048802013034,627.058288468491,637.973742040097,10.9154535716056,7.97374204009679,1
17,2,-0.000865279072590247,0.000451840742334188,0.000976149542793392,152.426852138849,626.693265273649,638.049649170902,11.3563838972524,8.0496491709016,1
18,2,-0.000897990988422748,0.000501769373592802,0.00102866919831605,150.804902264663,626.340375171081,638.102107523654,11.7617323525725,8.10210752365367,1
19,2,-0.000927825204039881,0.000553469056718541,0.00108036457087252,149.182952390478,626.00074520125,638.130947928404,12.1302027271539,8.13094792840354,1
20,2,-0.000954686112770961,0.000606774115005087,0.00113119423644126,147.561002516292,625.675459734093,638.136077372471,12.4606176383775,8.13607737247082,1
21,2,-0.000978487636198903,0.000661513727163929,0.00118111746470045,145.939052642107,625.365557045337,638.117479306114,12.7519222607771,8.11747930611386,1
22,2,-0.000999153500006951,0.000717512474737947,0.00123009425166558,144.317102767922,625.072026042127,638.07521369701,13.0031876548827,8.07521369700976,1
23,2,-0.00101661747840721,0.000774590904247059,0.00127808535174507,142.695152893736,624.795803147761,638.009416833339,13.2136136855781,8.00941683333929,1
24,2,-0.00103082360636768,0.000832566102264505,0.00132505230918812,141.073203019551,624.537769354851,637.920300876187,13.3825315213362,7.92030087618718,1
25,2,-0.00104172635895769,0.00089125228158087,0.00137095748889977,139.451253145366,624.298747455653,637.808153162828,13.5094057071749,7.80815316282769,1
26,2,-0.001049290797237,0.000950461376577414,0.00141576410659816,137.82930327118,624.079499457768,637.673335263347,13.593835805579,7.67333526334721,1
27,2,-0.00105349268022108,0.00101000364590081,0.00145943625829027,136.207353396995,623.880724192806,637.516281793902,13.6355576010961,7.51628179390173,1
28,2,-0.00105431854256369,0.0010696882805079,0.00150193894904207,134.585403522809,623.703055125065,637.337498990801,13.634443865736,7.33749899080112,1
29,2,-0.00105176573770795,0.00112932401513203,0.00154323812102031,132.963453648624,623.547058366612,637.1375630504,13.5905046837879,7.13756305039954,1
30,2,-0.00104584244636745,0.00118871974121133,0.00158330068078346,131.341503774439,623.413230904553,636.917118240605,13.503887336052,6.91711824060508,1
31,2,-0.00103656765031035,0.00124768511931485,0.00162209452579979,129.719553900253,623.301999045663,636.676874790602,13.3748757449389,6.69800095433652,1
32,2,-0.00102397107153049,0.00130603118910394,0.0016595885701714,128.097604026068,623.21371708286,636.417606566145,13.2038894832851,6.78628291714006,1
33,2,-0.00100809307700029,0.00136357097487423,0.00169575276954377,126.475654151883,623.148666187424,636.140148538485,12.991482351061,6.85133381257583,1
34,2,-0.000988984549310847,0.00142012008473754,0.00173055814518049,124.853704277697,623.107053530103,635.845394055707,12.7383405256048,6.89294646989742,1
35,2,-0.000966706723613698,0.00147549730152386,0.0017639768071843,123.231754403512,623.089011633696,635.534291925925,12.4452802922287,6.91098836630397,1
36,2,-0.000941330991386743,0.00152952516350948,0.0017959819768455,121.609804529326,623.094597958954,635.207843322335,12.1132453633808,6.90540204104593,1
37,2,-0.000912938671653264,0.00158203053311054,0.00182654800809999,119.987854655141,623.123794724977,634.86709852078,11.7433037958034,6.87620527502338,1
38,2,-0.000881620750387135,0.00163284515171936,0.00185565040807976,118.365904780956,623.176508964649,634.513153480952,11.3366445163032,6.82349103535148,1
39,2,-0.000847477588939343,0.0016818061789057,0.00188326585673925,116.74395490677,623.25257281496,634.147146282893,10.8945734679327,6.74742718504001,1
40,2,-0.000810618602420195,0.00172875671425485,0.00190937222554192,115.122005032585,623.351744041335,633.770253430848,10.4185093895131,6.64825595866512,1
41,2,-0.000771161909067859,0.00177354630017046,0.0019339485951921,113.500055158399,623.47370679453,633.383686036967,9.90997924243663,6.52629320546987,1
42,2,-0.000729233951726886,0.00181603140403057,0.00195697527239781,111.878105284214,623.618072597844,632.988685897651,9.37061329980759,6.38192740215641,1
43,2,-0.000684969092649711,0.0018560758781521,0.00197843380565119,110.256155410029,623.78438156186,632.586521475692,8.80213991383187,6.21561843813959,1
44,2,-0.000638509182919632,0.00189355139608933,0.0019983070000139,108.634205535843,623.972103823167,632.178483801532,8.20637997836434,6.02789617683277,1
45,2,-0.0005900031078751,0.00192833786386871,0.00201657893089559,107.012255661658,624.180641202919,631.765882307247,7.58524110432802,5.81935879708078,1
46,2,-0.000539606309992041,0.00196032380484167,0.00203323495681442,105.390305787473,624.409329080409,631.35004060695,6.9407115265401,5.59067091959059,1
47,2,-0.000487480290753204,0.00198940671692254,0.00204826173112943,103.768355913287,624.657438476195,630.932292237422,6.27485376122775,5.34256152380533,1
48,2,-0.000433792093100802,0.00201549340106653,0.00206164721273536,102.146406039102,624.924178338727,630.513976372884,5.58979803415673,5.07582166127304,1
49,2,-0.00037871376613103,0.00203850025993518,0.00207338067571127,100.524456164916,625.208698027738,630.096433527743,4.88773550000417,4.79130197226164,1
50,2,-0.000322421813745847,0.00205835356579229,0.00208345271791538,98.9025062907311,625.510089987136,629.681001261171,4.17091127403546,4.48991001286447,1
51,2,-0.000265096629028918,0.00207498969677161,0.00209185526851903,97.2805564165457,625.827392599463,629.269009897288,3.44161729782536,4.17260740053746,1
52,2,-0.00020692191615827,0.00208835534075943,0.002098581594474,95.6586065423603,626.159593213519,628.861778274564,2.70218506104493,3.84040678648091,1
53,2,-0.000148084101708241,0.00209840766623841,0.0021036263059077,94.0366566681749,626.505631336075,628.460609537873,1.9549782017973,3.49436866392477,1
54,2,-8.87717372272298e-05,0.00210511445954542,0.00210698536044216,92.4147067939896,626.864401978178,628.066786986493,1.20238500831465,3.13559802182203,1
55,2,-2.91748950057609e-05,0.00210845422810338,0.00210865606643322,90.7927569198042,627.234759145967,627.681569991012,0.446810845045434,2.76524085403332,1
56,2,3.05154410288128e-05,0.0021084162692963,0.00210863708512739,89.1708070456188,627.226320597901,627.690120180369,0.463799582468368,2.77367940209899,1
57,2,9.01079873390436e-05,0.00210500070476692,0.00210692843173457,87.5488571714334,626.856210853543,628.075544126838,1.21933327329521,3.14378914645681,1
58,2,0.000149411773764247,0.00209821848002682,0.00210353147541591,85.9269072972481,626.497713803095,628.469545630137,1.97183182704259,3.50228619690517,1
59,2,0.00020823675550312,0.00208809132938052,0.00209844893818663,84.3049574230627,626.151974558593,628.870864737874,2.71889017928117,3.84802544140723,1
60,2,0.000266394422130944,0.00207465170627576,0.0020916848927349,82.6830075488773,625.820097147224,629.278217659835,3.45812051261032,4.17990285277551,1
61,2,0.000323698401699742,0.00205794267930318,0.0020832447591583,81.0610576746919,625.503141023661,629.690300852774,4.18715982911272,4.49685897633901,1
62,2,0.000379965057985461,0.00203801779417889,0.00207313530062071,79.4391078005065,625.202117727115,630.105795173823,4.90367744670812,4.7978822728852,1
63,2,0.000435014078968271,0.0020149409021519,0.00206136461793282,77.8171579263212,624.917987693194,630.523370089525,5.60538239633104,5.08201230680572,1
64,2,0.000488669054660121,0.00198878595538655,0.00204794214306098,76.1952080521358,624.6516572301,630.941687927241,6.29003069714088,5.34834276990034,1
65,2,0.00054075804242785,0.00195963676997555,0.00203287863156919,74.5732581779504,624.403975668128,631.359408155478,6.95543248735089,5.5960243318724,1
66,2,0.000591114118000223,0.00192758675734309,0.00201618615400057,72.951308303765,624.175732690963,631.775191679498,7.59945898853528,5.82426730903705,1
67,2,0.000639575910393135,0.00189273862489876,0.00199787808620517,71.3293584295796,623.967655856626,632.187705138437,8.22004928181036,6.03234414337385,1
68,2,0.000685988119038758,0.00185520404690158,0.00197796909862169,69.7074085553943,623.780408315353,632.595625190131,8.81521687477834,6.21959168464696,1
69,2,0.000730202011461446,0.00181510330658888,0.00195647514452196,68.0854586812089,623.614586731105,632.997642769733,9.38305603862841,6.38541326889492,1
70,2,0.000772075899905547,0.00177256491071689,0.0019334134472274,66.4635088070235,623.470719412769,633.392467308246,9.92174789547641,6.5292805872308,1
71,2,0.000811475595387709,0.00172772517774819,0.0019088024863078,64.8415589328381,623.349264660488,633.7788308972,10.429566236712,6.65073533951215,1
72,2,0.000848274837718648,0.00168072780100586,0.00188266198277349,63.2196090586527,623.250609331928,634.155492385706,10.9048830537777,6.74939066807178,1
73,2,0.000882355700116307,0.00163172338819412,0.00185501288327263,61.5976591844674,623.175067632612,634.521241396355,11.3461737637427,6.82493236738821,1
74,2,0.000913608967113797,0.00158086897876116,0.00182587734330653,59.975709310282,623.122880133849,634.8749022466,11.7520221127514,6.87711986615136,1
75,2,0.000941934484551078,0.00152832754065083,0.00179527870947614,58.3537594360966,623.094213021045,635.215337762496,12.1211247414518,6.90578697895535,1
76,2,0.000967241480528787,0.00147426744805587,0.00176324150077427,56.7318095619112,623.089157574618,635.541452972,12.4522953973814,6.91084242538182,1
77,2,0.000989448856295696,0.0014188619418463,0.00172979138893819,55.1098596877258,623.107729884938,635.852198665352,12.7444687804142,6.89227011506171,1
78,2,0.00100848544613762,0.00136228857440206,0.00169495517787869,53.4879098135405,623.149870802194,636.146574810495,12.9967040083009,6.85012919780615,1
79,2,0.00102429024543491,0.00130472864062896,0.00165876078220176,51.8659599393551,623.215446121241,636.423633811848,13.2081876906074,6.78455387875908,1
80,2,0.00103681260615777,0.00124636659698141,0.00162123720484039,50.2440100651697,623.304247000977,636.682483601382,13.3782366004046,6.6957529990226,1
81,2,0.00104601239917282,0.00118738947035361,0.00158241451381422,48.6220601909843,623.415990616986,636.922290551305,13.5062999343193,6.92229055130485,1
82,2,0.00105186014284084,0.00112798625873349,0.00154232381813572,47.000110316799,623.550321045586,637.142282198383,13.5919611527976,7.14228219838344,1
83,2,0.00105433709749359,0.00106834732554015,0.00150099724288221,45.3781604426136,623.706810376741,637.341749770471,13.6349393937298,7.34174977047087,1
84,2,0.00105343532548689,0.00100866378958559,0.00145846790345377,43.7562105684282,623.884960052594,637.520050506489,13.6350904538958,7.52005050648938,1
85,2,0.0010491577166376,0.000949126912615736,0.00141476987903747,42.1342606942428,624.084202427789,637.676609761795,13.5924073340063,7.67660976179502,1
86,2,0.00104151797896291,0.000889927486393404,0.00136993818529942,40.5123108200574,624.303902547016,637.81092289162,13.5070203446038,7.81092289161961,1
87,2,0.00103054059475166,0.000831255221287393,0.00132400874632635,38.890360945872,624.543360134634,637.922556905966,13.3791967713321,7.9225569059663,1
88,2,0.00101626074210844,0.000773298138326989,0.00127701836583926,37.2684110716867,624.801811790571,638.011151890218,13.2093400996476,8.01115189021823,1
89,2,0.000998724182221893,0.00071624196667013,0.00122900469770229,35.6464611975013,625.078433386046,638.076422186441,12.9979888003953,8.07642218644082,1
90,2,0.000977987112718515,0.000660269548416106,0.0011800062157502,34.0245113233159,625.372342652146,638.11815733126,12.7458146791141,8.11815733125991,1
91,2,0.000954115987571837,0.000605560252670108,0.001130062182959,32.4025614491305,625.682601953558,638.136222747009,12.4536207934516,8.13622274700924,1
92,2,0.000927187304144151,0.00055228940073734,0.00107921261998408,30.7806115749452,626.008221239285,638.130560183705,12.1223389444193,8.1305601837048,1
93,2,0.000897287358043206,0.000500627704288695,0.00102749827309126,29.1586617007598,626.348161161593,638.101187910313,11.7530267487197,8.10118791031277,1
94,2,0.00086451196657947,0.000450740718298457,0.000974960581506407,27.5367118265744,626.701336353851,638.048200654632,11.3468643007809,8.0482006546315,1
95,2,0.000828966161710156,0.000402788310507147,0.00092164164420976,25.914761952389,627.066618857444,637.971769291987,10.9051504345424,7.97176929198667,1
96,2,0.000790763853454013,0.000356924149109669,0.000867584186201604,24.2928120782036,627.442841687455,637.872140283859,10.4292985964046,7.87214028385938,1
97,2,0.000750027464855495,0.000313295210310496,0.000812831524266289,22.6708622040183,627.828802526264,637.749634868403,9.92083234213942,7.74963486840295,1
98,2,0.000706887539668111,0.000272041307324012,0.000757427532262059,21.0489123298329,628.223267533894,637.604648005721,9.38138047182747,7.60464800572117,1
99,2,0.00066148232401415,0.000233294642329347,0.000701416605964486,19.4269624556475,628.624975263357,637.437647081585,8.8126718182275,7.43764708158471,1
100,2,0.000613957323361433,0.000197179382815527,0.000644843627491694,17.8050125814621,629.032640669021,637.249170374161,8.21652970513981,7.2491703741606,1
101,2,0.000564464836236754,0.000163811263674574,0.000587753929339861,16.1830627072768,629.444959195527,637.039825289112,7.5948660935843,7.0398252891116,1
102,2,0.000513163466170321,0.000133297216317688,0.000530193258057836,14.5611128330914,629.8606109346,636.810286369249,6.94967543464895,6.81028636924918,1
103,2,0.000460217613435179,0.000105735026003054,0.000472207737589971,12.939162958906,630.278264836666,636.561293085662,6.28302824899561,6.56129308566176,1
104,2,0.00040579694821041,8.12130184733894e-05,0.000413843832316541,11.3172130847206,630.696582964071,636.293647418035,5.59706445396409,6.29364741803522,1
105,2,0.000350075866856396,5.98097769074321e-05,0.000355148309821367,9.69526321053526,631.114224772404,636.008211232538,4.89398646013433,6.00821123253832,1
106,2,0.000293232933044577,4.15938900924393e-05,0.000296168203416483,8.07331333634985,631.529851406301,635.705903466368,4.1760520600667,5.70590346636811,1
107,2,0.000235450305532649,2.662373262469e-05,0.00023695077445387,6.45136346216446,631.942129995962,635.387697128641,3.44556713267889,5.38769712864053,1
108,2,0.000176913154418954,1.49472778423626e-05,0.00017754347445446,4.8294135879791,632.349737940532,635.054616127973,2.70487818744039,5.05461612797251,1
109,2,0.000117809067746732,6.60194409026773e-06,0.000117993907084752,3.2074637137937,632.751367164505,634.707731937583,1.95636477307789,4.70773193758259,1
110,2,5.83274503598392e-05,1.61447480909204e-06,5.83497900115219e-05,1.58551383960841,633.145728333223,634.348160109304,1.2024317760812,4.34816010930388,1
111,2,-1.34108306365788e-06,8.52833417818236e-10,1.34108333482854e-06,179.96356396542,633.514420874781,633.99396069856,0.479539823778964,3.99396069855993,1
112,2,-6.10053188549171e-05,1.76624917316262e-06,6.10308820576256e-05,178.341614091238,633.128183942255,634.364571387718,1.23638744546292,4.36457138771755,1
113,2,-0.000120474057117281,6.90500644257041e-06,0.000120671776121303,176.719664217052,632.733468871813,634.72359769052,1.99012881870669,4.72359769051991,1
114,2,-0.0001795567244451,1.54006569898586e-05,0.000180215974678087,175.097714342867,632.33154321373,635.069885339657,2.73834212592703,5.06988533965682,1
115,2,-0.00023806398463491,2.72259756694249e-05,0.000239615764363288,173.475764468681,631.923697234396,635.402320686907,3.47862345251065,5.40232068690659,1
116,2,-0.000295808345431866,4.2343067087496e-05,0.000298823547528494,171.853814594496,631.511239752723,635.719834322359,4.20859456963649,5.71983432235936,1
117,2,-0.00035260475936707,6.07034870416354e-05,0.00035779188038205,170.231864720311,631.095493922506,636.021404553872,4.92591063136604,6.02140455387155,1
118,2,-0.000408271216760334,8.22483977649415e-05,0.000416473511006239,168.609914846125,630.67779297452,636.306060734896,5.62826776037639,6.30606073489594,1
119,2,-0.00046262932898806,0.000106908756477445,0.000474821417220724,166.98796497194,630.259475932239,636.572886429352,6.31341049711318,6.5728864293518,1
120,2,-0.00051550490014708,0.000134605536640468,0.000532788844261889,165.366015097755,629.841883315069,636.821022402697,6.9791390876286,6.82102240269728,1
121,2,-0.000566728485282518,0.000165249981204924,0.000590329342247905,163.744065223569,629.426352842885,637.049669428896,7.62331658601113,7.04966942889621,1
122,2,-0.00061613593339077,0.000198743887041982,0.000647396803399485,162.122115349384,629.014215155689,637.258090903634,8.24387574794514,7.25809090363418,1
123,2,-0.0006635689134575,0.000234979919644635,0.00070394549898651,160.500165475198,628.606789561971,637.445615254699,8.83882569272816,7.44561525469931,1
124,2,-0.000708875421844906,0.000273841957091651,0.000759930115970922,158.878215601013,628.205379829261,637.611638141192,9.40625831193006,7.61163814119152,1
125,2,-0.000751910269402291,0.000315205462171662,0.000815305793316518,157.256265726828,627.811270030115,637.755624433891,9.94435440377617,7.75562443389094,1
126,2,-0.000792535546738934,0.000358937881474876,0.000870028157936543,155.634315852642,627.425720456517,637.87710996987,10.4513895133529,7.87710996987016,1
127,2,-0.000830621066168269,0.000404899070173485,0.000924053360250297,154.012365978457,627.049963615458,637.975703075238,10.9257394597792,7.97570307523756,1
128,2,-0.000866044778907093,0.000452941741129508,0.000977338109320243,152.390416104272,626.685200318015,638.051085850644,11.3658855326288,8.05108585064397,1
129,2,-0.000898693166192866,0.000502911936890878,0.00102983970754147,150.768466230086,626.332595874045,638.103015215077,11.7704193410315,8.10301521507654,1
130,2,-0.000928461603065721,0.000554649523063197,0.0010815160848557,149.146516355901,625.99327640406,638.131323704232,12.138047300173,8.1313237042325,1
131,2,-0.000955254693649415,0.000607988701476118,0.00113232583246248,147.524566481715,625.668325279571,638.135920020706,12.4675947411349,8.13592002070607,1
132,2,-0.000978986576856768,0.000662758541499838,0.00118222823600045,145.90261660753,625.358779702651,638.116789334014,12.7580096313627,8.11678933401402,1
133,2,-0.000999581201539944,0.000718783527809078,0.00123118330817214,144.280666733345,625.065627435017,638.073993329422,13.0083658944042,8.07399332942157,1
134,2,-0.00101697257020381,0.000775884122839155,0.00127915182078627,142.658716859159,624.789803686465,638.007670005397,13.2178663189318,8.0076700053969,1
135,2,-0.00103110495050139,0.000833877342131724,0.00132609533619161,141.036766984974,624.532188171907,637.918033220387,13.3858450484797,7.91803322038709,1
136,2,-0.00104193305383363,0.000892577340726423,0.00137197623807752,139.414817110789,624.293602345778,637.805371990533,13.511769644755,7.80537199053265,1
137,2,-0.00104942218048117,0.000951796008719282,0.00141675776161622,137.792867236603,624.074806821989,637.670049540783,13.5952427187943,7.67004954078322,1
138,2,-0.00105354833080298,0.00101134357407936,0.00146040402292289,136.170917362418,623.876498987019,637.512502112739,13.6360031257198,7.51250211273884,1
139,2,-0.00105429828214558,0.00107102921079185,0.00150288004780972,134.548967488232,623.699310813154,637.333237533411,13.6339267202569,7.33323753341097,1
140,2,-0.00105166963121632,0.00113066165037874,0.00154415179981109,132.927017614047,623.543806878271,637.13283354991,13.5890266716395,7.13283354991017,1
141,2,-0.00104567080178498,0.00119004979483742,0.00158418620745738,131.305067739862,623.410482597944,636.911935935911,13.5014533379665,6.91193593591083,1
142,2,-0.00103632101768894,0.00124900332903299,0.00162295119077542,129.683117865676,623.29976267501,636.671256376465,13.3714937014552,6.70023732499033,1
143,2,-0.00102365024122858,0.00130733333058179,0.0016604156869945,128.061167991491,623.211999771071,636.411570138568,13.1995703674975,6.78800022892938,1
144,2,-0.00100769907715004,0.00136485287527167,0.0016965496754373,126.439218117305,623.147473403819,636.133713535545,12.9862401317265,6.85252659618106,1
145,2,-0.000988518642523444,0.001421377636079,0.00173132420157576,124.81726824312,623.106389073324,635.838581194074,12.7321921207495,6.89361092667559,1
146,2,-0.000966170402933143,0.0014767264738627,0.00176471140023261,123.195318368935,623.088877619841,635.52712313324,12.4382455133991,6.91112238015887,1
147,2,-0.000940725975505269,0.00153072201784236,0.00179668451791006,121.573368494749,623.094994814956,635.200341665726,12.1053468507705,6.90500518504439,1
148,2,-0.000912266899403615,0.00158319123400032,0.00182721793422759,119.951418620564,623.124721187267,634.859288131733,11.734566944466,6.87527881273252,1
149,2,-0.000880884374529387,0.00163396597958619,0.00185628718245187,118.329468746379,623.177962083114,634.505059476806,11.3270973936916,6.82203791688573,1
150,2,-0.00084667896926217,0.00168288354194673,0.00188386896910216,116.707518872193,623.254547962144,634.138794685216,10.8842467230717,6.74545203785601,1
151,2,-0.000809760298178697,0.00172978715995453,0.00190994119261563,115.085568998008,623.354234926901,633.761671080981,10.4074361540805,6.64576507309914,1
152,2,-0.000770246670782177,0.00177452652636444,0.00193448296105757,113.463619123822,623.476705484916,633.37490050901,9.89819502409455,6.52329451508444,1
153,2,-0.000728264712367891,0.00181695826948787,0.00195747460886231,111.841669249637,623.621569541066,632.979725409191,9.35815586812521,6.37843045893408,1
154,2,-0.000683948958240013,0.00185694641264142,0.00197889771259139,110.219719375452,623.788365617387,632.577414796562,8.78904917917498,6.21163438261306,1
155,2,-0.000637441422580022,0.00189436280989752,0.00199873510569652,108.597769501266,623.976562296779,632.169260160913,8.19269786413395,6.02343770322113,1
156,2,-0.000588891143348332,0.0019290875567406,0.00201697089227523,106.975819627081,624.185559886463,631.756571299419,7.57101141295584,5.81444011353699,1
157,2,-0.000538453704677528,0.00196100937431292,0.00203359045980849,105.353869752896,624.414692296303,631.340672095985,6.9259797996823,5.58530770369714,1
158,2,-0.000486290738287744,0.00199002596601852,0.00204858049086981,103.73191987871,624.663229126598,630.92289626116,6.25966713456251,5.3367708734022,1
159,2,-0.000432569405521967,0.00201604434534276,0.00206192897379666,102.109970004525,624.930377959181,630.504583046471,5.57420508729012,5.06962204081935,1
160,2,-0.000377461861661111,0.00203898113383669,0.00207362521231553,100.488020130339,625.21528684517,630.087072947063,4.87178610189255,4.78471315483,1
161,2,-0.000321144704235532,0.00205876282831148,0.00208365983411295,98.866070256154,625.517046982014,629.671703406489,4.15465642447577,4.48295301798635,1
162,2,-0.000263798407100916,0.0020753260363866,0.00209202479834563,97.2441203819687,625.83469557194,629.259804537392,3.42510896545275,4.16530442806049,1
163,2,-0.000205606742092105,0.00208861767963692,0.00209871340208367,95.6221705077833,626.167218853367,628.852694871703,2.68547601833575,3.83278114663256,1
164,2,-0.000146756190108227,0.00209859516368773,0.00210372028568168,94.0002206335979,626.513555296198,628.451677153837,1.93812185763852,3.48644470380157,1
165,2,-8.74353435163566e-05,0.00210522651471261,0.00210704143707351,92.3782707594126,626.872598951487,628.058034190084,1.18543523859694,3.12740104851309,1
166,2,-2.78343017887756e-05,0.00210849048189665,0.00210867419498718,90.7563208852272,627.243202945364,627.6730247672,0.429821821836754,2.75679705463631,1
167,2,3.18559376894343e-05,0.00210837660553682,0.00210861725107736,89.1343710110418,627.217887314776,627.698675321476,0.48078800669964,2.78211268522409,1
168,2,9.14440916902508e-05,0.00210488525056109,0.00210687065097378,87.5124211368564,626.84802559079,628.084305596993,1.23628000620283,3.15197440920952,1
169,2,0.000150739204128573,0.00209802760535898,0.00210343579424466,85.890471262671,626.489802710029,628.478485416212,1.98868270618289,3.51019728997073,1
170,2,0.000209551257999741,0.00208782564592727,0.0020983154332752,84.2685213884856,626.144362900868,628.87995424696,2.73559134609161,3.85563709913197,1
171,2,0.000267691784307658,0.00207431206544578,0.00209151367106212,82.6465715143002,625.812809226978,629.287427810151,3.47461858317354,4.18719077302239,1
172,2,0.000324974466032182,0.00205753016950884,0.00208303595792583,81.0246216401149,625.496200102784,629.699602166271,4.20340206348715,4.50379989721625,1
173,2,0.000381215735200291,0.00203753373734828,0.00207288908714305,79.4026717659295,625.195545953894,630.115157870169,4.91961191627479,4.804454046106,1
174,2,0.000436235361147665,0.00201438684949262,0.00206108118950333,77.7807218917441,624.911806032551,630.532764181199,5.62095814864711,5.08819396744855,1
175,2,0.000489857028085527,0.00198816368241471,0.0020476217267937,76.1587720175587,624.64588539762,630.951083315419,6.30519791779943,5.35411460238038,1
176,2,0.000541908900121886,0.00195894827082593,0.00203252148421688,74.5368221433734,624.398632068074,631.368774726419,6.97014265834446,5.60136793192567,1
177,2,0.000592224171926509,0.00192683423837875,0.00201579256174902,72.914872269188,624.17083435849,631.784499401101,7.61366504261082,5.82916564150992,1
178,2,0.000640641603274968,0.00189192449764055,0.00199744836444379,71.2929223950026,623.963218404313,632.196924156694,8.23370575238107,6.03678159568733,1
179,2,0.000687006035758754,0.00185433092030016,0.00197750359169084,69.6709725208172,623.776445884258,632.604725925133,8.82828004087412,6.22355411574154,1
180,2,0.000731168890005619,0.0018141739786641,0.00195597422543703,68.0490226466319,623.611111946456,633.006596010918,9.39548406446158,6.38888805354384,1
181,2,0.00077298864181675,0.00177158235959125,0.00193287751737988,66.4270727724465,623.467743344437,633.40124430861,9.93350096417316,6.53225665556272,1
182,2,0.000812331275694949,0.00172669255210316,0.00190823197514367,64.8051228982611,623.346796788349,633.787403466126,10.4406066777772,6.6532032116512,1
183,2,0.000849070714310438,0.00167964840999163,0.00188205734744908,63.1831730240757,623.248657516209,634.163832980116,10.9151754639065,6.75134248379061,1
184,2,0.000883089222528031,0.00163060069082508,0.0018543746082883,61.5612231498903,623.173638089322,634.529323209891,11.3556851205686,6.82636191067752,1
185,2,0.00091427778470093,0.00157970657283116,0.00182520594011844,59.9392732757049,623.121977415354,634.882699296527,11.7607218811727,6.87802258464603,1
186,2,0.00094253645402205,0.00152712915120371,0.00179457471608641,58.3173234015196,623.093840001846,635.222824974039,12.1289849721929,6.90615999815429,1
187,2,0.000967774672813375,0.00147303691544817,0.00176250548129988,56.6953735273342,623.089315442368,635.548606259831,12.4592908174628,6.91068455763161,1
188,2,0.000989911562726918,0.00141760320944048,0.00172902393315894,55.0734236531488,623.108418136749,635.858995011957,12.750576875208,6.89158186325062,1
189,2,0.00100887618392732,0.00136100567592959,0.0016941569007646,53.4514737789634,623.151087246194,636.15299234113,13.0019050949355,6.84891275380551,1
190,2,0.00102460776242552,0.00130342568726385,0.00165793232342031,51.8295239047781,623.217186883432,636.429651865875,13.2124649824435,6.78281311656815,1
191,2,0.00103705588483494,0.00124504776416555,0.00162037922824394,50.2075740305927,623.306506537338,636.688082799685,13.3815762623474,6.69349346266222,1
192,2,0.00104618065992616,0.00118605898441613,0.00158152770690803,48.5856241564073,623.418761730803,636.927452859602,13.5086911287987,6.92745285960189,1
193,2,0.00105195284646227,0.0011266483833471,0.00154140889152706,46.9636742822219,623.553594909947,637.146990986187,13.5933960762396,7.14699098618701,1
194,2,0.00105435394690525,0.00106700634805776,0.00150005492971099,45.3417244080366,623.710576562141,637.345989865504,13.6354133033631,7.34598986550418,1
195,2,0.00105337626669319,0.0010073240073011,0.00145749895880499,43.7197745338512,623.889206559571,637.523808244366,13.6346016847948,7.52380824436625,1
196,2,0.00104902293889824,0.000947792618992905,0.00141377507933622,42.0978246596658,624.088915724489,637.679873030798,13.5909573063087,7.67987303079758,1
197,2,0.00104130791418638,0.000888602957307042,0.0013689183276887,40.4758747854804,624.309067611572,637.813681172399,13.5046135608266,7.8136811723989,1
198,2,0.00103025591611115,0.000829944701320895,0.0013229646480283,38.853924911295,624.548960502268,637.924801306058,13.3758408037899,7.9248013060577,1
199,2,0.00101590236188456,0.000772005827170149,0.00127595086350036,37.2319750371096,624.807829605222,638.012875173211,13.2050455679894,8.01287517321111,1
200,2,0.000998293248879242,0.000714972005660828,0.00122791464672287,35.6100251629243,625.084849456456,638.077618795744,12.9927693392885,8.07761879574412,1
201,2,0.000977485007225261,0.000659026007268978,0.00117889448959907,33.9880752887389,625.379136512149,638.118823408348,12.7396868961994,8.11882340834848,1
202,2,0.00095354431897429,0.000604347116434752,0.00112892967247351,32.3661254145535,625.689751926459,638.136356144086,12.4466042176271,8.13635614408645,1
203,2,0.000926547904410412,0.000551110557027831,0.00107806023265625,30.7441755403681,626.015704506114,638.130160470765,12.1144559646509,8.13016047076508,1
204,2,0.000896582276192448,0.000499486930825344,0.00102632693234064,29.1222256661827,626.355953833031,638.100256376548,11.7443025435163,8.10025637654769,1
205,2,0.000863743462115651,0.000449641670801737,0.000973771225940112,27.5002757919974,626.709413545609,638.046740304195,11.3373267585868,8.04674030419528,1
206,2,0.000828136697381221,0.000401734510982579,0.000920435226870359,25.878325917812,627.074954768883,637.96978483412,10.8948300652364,7.96978483411954,1
207,2,0.000789876087359775,0.000355918974561206,0.000866361673803434,24.2563760436266,627.451409683198,637.869638117425,10.4182284342273,7.8696381174251,1
208,2,0.000749084241929493,0.000312341881918587,0.00081159389642082,22.6344261694413,627.837575220556,637.746623060871,9.90904784031488,7.74662306087089,1
209,2,0.000705891882560741,0.000271142880123011,0.000756175780692921,21.0124762952559,628.232216877442,637.601136266684,9.36891938924236,7.60113626668419,1
210,2,0.000660437423406288,0.000232453995417355,0.000700151733712792,19.3905264210705,628.634072632409,637.433646730901,8.79957409849203,7.4336467309007,1
211,2,0.000612866527739578,0.00019639921012804,0.000643566648112288,17.7685765468851,629.04185695637,637.244694304822,8.20283734845179,7.24469430482202,1
212,2,0.000563331641162486,0.000163094065351504,0.000586465866089154,16.1466266726997,629.454264903211,637.034887924993,7.58062302178234,7.03488792499343,1
213,2,0.000511991503078422,0.00013264529069142,0.000528895143073855,14.5246767985143,629.869976267948,636.804903617848,6.93492734989991,6.80490361784769,1
214,2,0.000459010637996347,0.000105150462233211,0.000470900611065299,12.9027269243289,630.287659799442,636.555482286031,6.26782248658969,6.55548228603141,1
215,2,0.000404558828295842,8.06976898519168e-05,0.000412528741664797,11.2807770501436,630.705977454389,636.287427284071,5.58144982968179,6.28742728407121,1
216,2,0.000348810570142819,5.93653348554516e-05,0.000353826308837908,9.6588271759582,631.123588679128,636.00160179182,4.87801311269118,6.00160179181955,1
217,2,0.000291944514299436,4.12217588681065e-05,0.000294840351433981,8.03687730177282,631.539154705607,635.698925994759,4.1597712891521,5.69892599475941,1
218,2,0.000234142893620206,2.63251047590192e-05,0.000235618135493464,6.41492742758746,631.951342847752,635.380374080895,3.42903123314306,5.38037408089542,1
219,2,0.000175590939068938,1.47231103176445e-05,0.00017620711637314,4.79297755340208,632.358830784407,635.046971064552,2.68814028014424,5.04697106455171,1
220,2,0.000116476286127943,6.45295527332626e-06,0.000116654900719678,3.17102767921669,632.760310814957,634.699789447962,1.93947863300514,4.6997894479623,1
221,2,5.69883735017205e-05,1.54114214920677e-06,5.70092083219515e-05,1.54907780503128,633.154494073764,634.339945732024,1.18545165826094,4.33994573202449,1
222,2,-2.68216395795112e-06,3.41133229151726e-09,2.68216612731576e-06,179.927127930845,633.505846439519,634.002404861053,0.496558421534473,4.00240486105349,1
223,2,-6.23441061600991e-05,1.84469063183447e-06,6.23713913299109e-05,178.305178056661,633.11940532027,634.372768262221,1.25336294195154,4.37276826222148,1
224,2,-0.000121806260558097,7.05907948769097e-06,0.000122010637709834,176.683228182475,632.724514258583,634.731520928084,2.00700666950081,4.73152092808391,1
225,2,-0.000180878074844934,1.56298678792403e-05,0.000181552115739619,175.06127830829,632.322441360285,635.077509463129,2.75506810284412,5.07750946312865,1
226,2,-0.000239370247596784,2.75295898742875e-05,0.000240948114234563,173.439328434104,631.914477354475,635.409621173676,3.49514381920085,5.4096211736761,1
227,2,-0.000297095334907972,4.27201116463352e-05,0.000300151038584169,171.817378559919,631.501931428583,635.726787684113,4.2248562555294,5.72678768411276,1
228,2,-0.000353868351073378,6.11527536781742e-05,0.000359113448890201,170.195428685734,631.086127009646,636.027988413047,4.94186140340105,6.02798841304707,1
229,2,-0.000409507361393263,8.276844676017e-05,0.000417788097980739,168.573478811548,630.668397505683,636.312253897617,5.6438563919337,6.31225389761664,1
230,2,-0.000463834065200868,0.000107497921283341,0.00047612796926982,166.951528937363,630.250082020973,636.578668954563,6.32858693359049,6.57866895456334,1
231,2,-0.000516674367244388,0.000135261929220614,0.000534086314432294,165.329579063178,629.832521059162,636.826375667284,6.99385460812221,6.8263756672842,1
232,2,-0.000567858935592287,0.000165971498084904,0.000591616690863732,163.707629188992,629.417052227998,637.05457618855,7.63752396055213,7.0545761885503,1
233,2,-0.000617223744274086,0.000199528216050175,0.000648672998895351,162.085679314807,629.005005959474,637.262535349259,8.25752938978462,7.26253534925911,1
234,2,-0.000664610598917674,0.000235824547321791,0.00070520951873414,160.463729440621,628.597701259003,637.449583064165,8.85188180516195,7.44958306416493,1
235,2,-0.000709867643698691,0.00027474417674552,0.000761180947098589,158.841779566436,628.196441497058,637.615116526251,9.41867502919308,7.61511652625074,1
236,2,-0.000752849847977419,0.000316162382550855,0.000816542433520669,157.219829692251,627.802510256553,637.758602182099,9.95609192554559,7.75860218209868,1
237,2,-0.000793419471063689,0.000359946436034165,0.000871249616284955,155.597879818065,627.417167248948,637.879577481358,10.4624102324099,7.8795774813583,1
238,2,-0.000831446503620439,0.000405956026900844,0.00092525865797612,153.97592994388,627.041644311771,637.977652394217,10.9360080824466,7.97765239421744,1
239,2,-0.000866809084291386,0.000454043712903418,0.000978526280606297,152.353980069695,626.677141499953,638.052510691525,11.3753691915721,8.05251069152541,1
240,2,-0.000899393890217701,0.000504055392334685,0.00103100980029416,150.732030195509,626.324823283021,638.1039109831,11.7790877000791,8.10391098310049,1
241,2,-0.00092909650019222,0.000555830797861761,0.00108266716146795,149.110080321324,625.985814859745,638.131687510579,12.1458726508338,8.1316875105789,1
242,2,-0.000955821729287451,0.000609204010118461,0.00113345697056504,147.488130447138,625.661198601484,638.135750691972,12.4745520904875,8.13575069197179,1
243,2,-0.000979483933885014,0.000664003989410195,0.00118333852920097,145.866180572953,625.352010635001,638.116087416082,12.764076781081,8.11608741608165,1
244,2,-0.00100000728612901,0.000720055123827441,0.00123227186678154,144.244230698768,625.059237575021,638.072761085662,13.0135235106413,8.07276108566202,1
245,2,-0.00101732601692383,0.00077717779201134,0.00128021777253159,142.622280824582,624.783813416346,638.005911409236,13.2220979928895,8.00591140923552,1
246,2,-0.00103138462669768,0.000835188938767959,0.001327137826915,141.000330950397,624.526616594791,637.915753942258,13.3891373474663,7.91575394225777,1
247,2,-0.00104213806325639,0.00089390266168662,0.00137299443242068,139.378381076211,624.28846722567,637.802579379259,13.5141121535887,7.80257937925865,1
248,2,-0.00104955186615758,0.00095313080688241,0.00141775084368981,137.756431202026,624.070124528005,637.666752599449,13.596628071444,7.66675259944884,1
249,2,-0.00105360227714258,0.00101268357195377,0.00146137119696026,136.134481327841,623.872284442032,637.50871146915,13.6364270271184,7.50871146915017,1
250,2,-0.00105427631627202,0.00107237011422288,0.00150382053880458,134.512531453655,623.695577447026,637.328965405229,13.6333879582035,7.3289654052295,1
251,2,-0.0010515718235214,0.00113199916230981,0.00154506485413857,132.89058157947,623.540566585788,637.128093704608,13.5875271188198,7.12809370460832,1
252,2,-0.00104549746570305,0.00119137962908034,0.00158507109347787,131.268631705285,623.407745701577,636.906743645652,13.4989979440757,6.90674364565223,1
253,2,-0.0010360727086925,0.00125032122400348,0.00162380719942085,129.646681831099,623.297537892615,636.665628368106,13.3680904754904,6.70246210738458,1
254,2,-0.00102332775504814,0.00130863506295612,0.00166124213233654,128.024731956914,623.210294188635,636.405524538924,13.1952303502894,6.78970581136548,1
255,2,-0.00100730344722422,0.00136613427352075,0.001697345895237,126.402782082728,623.146292453297,636.127269812135,12.9809773588377,6.85370754670259,1
256,2,-0.000988051136687147,0.00142263459383644,0.00173208955781419,124.780832208543,623.105736515678,635.831760091524,12.7260235758461,6.89426348432244,1
257,2,-0.000965632519354683,0.00147795496308405,0.00176544527962213,123.158882334358,623.088755533268,635.519946605589,12.4311910723214,6.91124446673223,1
258,2,-0.00094011943788534,0.0015319181017134,0.00179738633238573,121.536932460172,623.095403588408,635.192832804849,12.0974292164417,6.90459641159237,1
259,2,-0.000911593651451522,0.00158435107955296,0.00182788712141843,119.914982585987,623.125659519233,634.851471092139,11.7258115729065,6.87434048076716,1
260,2,-0.000880146573734237,0.00163508586998156,0.00185692320613144,118.293032711802,623.179426985673,634.496959397051,11.3175324113788,6.82057301432735,1
261,2,-0.000845878979978991,0.0016839598883862,0.0018844713196183,116.671082837616,623.256534770306,634.130437606225,10.8739028359186,6.74346522969381,1
262,2,-0.000808900684051624,0.00173081651318034,0.00191050938729883,115.049132963431,623.356737313184,633.753083861518,10.3963465483337,6.643262686816,1
263,2,-0.00076933018652901,0.00177550558771321,0.00193501654460772,113.427183089245,623.479715479107,633.366110738618,9.88639525951169,6.52028452089337,1
264,2,-0.000727294294952327,0.00181788390146146,0.00195797315371354,111.80523321506,623.625077555149,632.970761318873,9.34568376372374,6.37492244485111,1
265,2,-0.000682927717459857,0.00185781564896136,0.0019793608192547,110.183283340875,623.792360475526,632.568305167494,8.77594469196822,6.20763952447385,1
266,2,-0.000636372631101538,0.00189517286501075,0.00199916240307989,108.561333466689,623.981031270294,632.160034231522,8.17900296122764,6.01896872970553,1
267,2,-0.000587778226218661,0.00192983583474605,0.00201736203798097,106.939383592504,624.190488733678,631.747258671092,7.55676993741383,5.80951126632192,1
268,2,-0.000537300228348789,0.00196169347728031,0.00203394514040762,105.317433718319,624.42006530718,631.331302637754,6.91123733057361,5.57993469281962,1
269,2,-0.000485100399187989,0.00199064370167278,0.0020488984221532,103.695483844133,624.669029171985,630.91350001366,6.24447084167502,5.33097082801532,1
270,2,-0.000431346018209612,0.00201659373408939,0.00206220990100278,102.073533969948,624.936586544575,630.495190125474,5.55860358089853,5.06341345542478,1
271,2,-0.000376209346600814,0.00203946041510556,0.00207386891033458,100.451584095762,625.2218841688,630.077713446917,4.85582927811697,4.77811583120001,1
272,2,-0.000319867075234676,0.00205917046619874,0.00208386610766726,98.829634221577,625.524011997087,629.662407303759,4.1383953066719,4.47598800291303,1
273,2,-0.000262499758446969,0.00207566072457665,0.00209219348214614,97.2076843473916,625.842006052886,629.250601595012,3.40859554212625,4.15799394711382,1
274,2,-0.000204291235432077,0.00208887834558862,0.00209884436096234,95.5857344732062,626.174851465848,628.84361454396,2.66876307811219,3.82514853415171,1
275,2,-0.00014542804111226,0.00209878097207148,0.00210381341469985,93.9637845990209,626.521485670697,628.442748492458,1.92126282176093,3.47851432930304,1
276,2,-8.60988083682008e-05,0.0021053368700872,0.00210709666160596,92.3418347248355,626.880801760247,628.049285751739,1.16848399149251,3.11919823975302,1
277,2,-2.6493663546427e-05,0.00210852503061746,0.00210869147078194,90.7198848506501,627.251651982468,627.66448452272,0.412832540252225,2.74834801753241,1
278,2,3.31963828192112e-05,0.0021083352368891,0.00210859656429116,89.0979349764647,627.209459310196,627.707235400531,0.497776090335037,2.79054068980361,1
279,2,9.27800481195381e-05,0.00210476809711471,0.00210681201818315,87.4759851022794,626.839846203118,628.093071382811,1.25322517969369,3.16015379688235,1
280,2,0.000152066390653938,0.00209783504254366,0.00210333926243264,85.854035228094,626.481898069627,628.487428881661,2.00553081203441,3.5181019303734,1
281,2,0.000210865421521765,0.00208755829082944,0.00209818107979371,84.2320853539086,626.136758252614,628.889046787139,2.75228853452484,3.86324174738581,1
282,2,0.000268988713460416,0.00207397077483108,0.00209134160356995,82.6101354797232,625.805528850466,629.296640333359,3.49111148289319,4.19447114953402,1
283,2,0.000326250004678974,0.00205711603707653,0.00208282631430239,80.9881856055379,625.489267235682,629.708905186629,4.21963795094666,4.51073276431771,1
284,2,0.000382465795752396,0.00203704809022636,0.00207264203537789,79.3662357313524,625.188982718658,630.124521601643,4.93553888298482,4.81101728134229,1
285,2,0.000437455937663409,0.00201383124398494,0.0020607969275615,77.7442858571671,624.905633366751,630.542158632712,5.63652526596195,5.09436663324948,1
286,2,0.00049104420910773,0.00198753989901362,0.00204730048245715,76.1223359829817,624.64012298804,630.960478386755,6.32035539871549,5.35987701196041,1
287,2,0.000543058881212496,0.00195825830850653,0.00203216351490194,74.5003861087964,624.393298288848,631.378140304605,6.98484201575729,5.6067017111518,1
288,2,0.000593333267858312,0.00192608030819298,0.00201539815430009,72.8784362346109,624.165946213383,631.793805456986,7.62785924360253,5.83405378661678,1
289,2,0.000641706259841245,0.00189110901563165,0.00199701783490352,71.2564863604256,623.958791473366,632.206140841373,8.24734936800689,6.04120852663368,1
290,2,0.000688022841163098,0.00185345649976023,0.00197703728504689,69.6345364862402,623.772494274947,632.613823665948,8.84132939100073,6.22750572505311,1
291,2,0.000732134585795361,0.00181324342175954,0.00195547251534559,68.0125866120549,623.607648249486,633.015545606694,9.40789735720864,6.39235175051442,1
292,2,0.000773900133324999,0.00177059864838295,0.00193234080586629,66.3906367378694,623.464778594321,633.410017023831,9.94523842951003,6.53522140567941,1
293,2,0.000813185641957748,0.00172565883899018,0.00190766069228026,64.768686863684,623.344340428885,633.795971123722,10.4516306948374,6.65565957111494,1
294,2,0.000849865217427283,0.00167856800760906,0.00188145195101054,63.1467369894987,623.246717370938,634.17216805259,10.9254506816519,6.75328262906237,1
295,2,0.000883821316435747,0.00162947706142833,0.00185373558338489,61.5247871153133,623.172220337077,634.537398908442,11.3651785713648,6.82777966292292,1
296,2,0.000914945123332767,0.00157854331720087,0.00182453379880723,59.9028372411279,623.12108657094,634.890489657899,11.7694030869594,6.87891342906005,1
297,2,0.0009431368988259,0.00152592999710666,0.001793869996961,58.2808873669425,623.093478901952,635.230304944804,12.1368260428524,6.90652109804842,1
298,2,0.000968306299604958,0.0014718057056913,0.00176176874905877,56.6589374927572,623.089485236699,635.555751777803,12.4662665411038,6.91051476330119,1
299,2,0.00099037266785603,0.00141634388955624,0.00172825577815309,55.0369876185718,623.109118284429,635.865783084479,12.7566648000507,6.89088171557148,1
300,2,0.00100926528973734,0.00135972228153208,0.00169335793852434,53.4150377443864,623.152315517467,636.159401119965,13.0070856024977,6.8476844825326,1
301,2,0.0010249236219887,0.00130212233111633,0.00165710319416211,51.793087870201,623.218939366634,636.435660718445,13.2167213518107,6.781060633366,1
302,2,0.00103729748594833,0.00124372862300064,0.00161952059635739,50.1711379960157,623.308777651115,636.693672376408,13.384894725293,6.69367237640824,1
303,2,0.0010463472283553,0.00118472828555111,0.0015806402604235,48.5491881218303,623.42154424155,636.932605157102,13.5110609155512,6.93260515710153,1
304,2,0.00105204384842228,0.00112531039113702,0.00154049334156435,46.9272382476449,623.556879954428,637.151689406152,13.5948094517234,7.15168940615183,1
305,2,0.00105436909077143,0.00106566535022992,0.00149911200990947,45.3052883734595,623.714353675209,637.350219269004,13.6358655937947,7.35021926900367,1
306,2,0.00105331550393553,0.00100598430121459,0.00145652942473578,43.6833384992741,623.89346370691,637.527555001423,13.6340912945132,7.5275550014228,1
307,2,0.00104888646423695,0.000946458497867301,0.00141277970789671,42.0613886250887,624.093639340283,637.683125065044,13.5894857247611,7.68312506504446,1
308,2,0.00104109616496791,0.000887278696464371,0.00136789791648003,40.4394387509033,624.314242641014,637.81642800068,13.5021853596661,7.81642800068016,1
309,2,0.00102996957090663,0.000828634544484939,0.00132192001471623,38.817488876718,624.55457044873,637.927034072803,13.3724636240731,7.92703407280328,1
310,2,0.0010155423383153,0.000770713972867012,0.00127488284516004,37.1955390025326,624.813856582031,638.014586679512,13.200730097481,8.01458667951169,1
311,2,0.000997860700676086,0.000713702593764358,0.00122682409916815,35.5735891283473,625.091274243028,638.078803522977,12.9875292799492,8.07880352297707,1
312,2,0.000976981320531358,0.000657783105734124,0.00117778228669666,33.9516392541618,625.385938614405,638.119477536295,12.7335389218899,8.11947753629465,1
313,2,0.000952971107903063,0.000603134708261414,0.00112779670544277,32.3296893799765,625.69690964128,638.136477563486,12.4395679222057,8.13647756348553,1
314,2,0.000925907005872971,0.000549932527496935,0.00107690740935506,30.7077395057911,626.023194989683,638.129748790235,12.1065538005521,8.12974879023523,1
315,2,0.000895875744011029,0.000498347055048089,0.00102515517653788,29.0857896316058,626.363753172834,638.099312923878,11.7355597510449,8.09931292387841,1
316,2,0.000862973560441939,0.000448543601621871,0.000972581476575488,27.4638397574203,626.717496835897,638.045268121968,11.3277712860712,8.04526812196798,1
317,2,0.000827305893440658,0.000400681767270512,0.000919228437301994,25.841889883235,627.083296189363,637.967788669726,10.8844924803628,7.96778866972591,1
318,2,0.000788987043545088,0.000354914929937435,0.000865138811043934,24.2199400090496,627.459982580696,637.86712440746,10.4071418267638,7.86712440745998,1
319,2,0.000748139807268805,0.000311389753942608,0.000810355940362408,22.5979901348643,627.846352193451,637.743599910008,9.89724771655722,7.74359991000779,1
320,2,0.000704895083587567,0.000270245719982324,0.000754923723322223,20.9760402606788,628.24116986255,637.59761342106,9.35644355851036,7.59761342106015,1
321,2,0.000659391454460725,0.000231614678149643,0.000698886578315962,19.3540903864934,628.643172994107,637.429635546137,8.78646255202966,7.42963554613664,1
322,2,0.000611774740731726,0.000195620425407828,0.000642289408471064,17.7321405123081,629.051075577657,637.240207708787,8.18913213113035,7.24020770878712,1
323,2,0.000562197534830911,0.000162378308870823,0.000585177565668491,16.1101906381227,629.463572278419,637.029940375423,7.56636809700444,7.02994037542305,1
324,2,0.000510818711778122,0.000131994856162129,0.000527596814201831,14.4882407639373,629.879342596829,636.79951105499,6.92016845816102,6.79951105498992,1
325,2,0.000457802920052092,0.000104567434036567,0.000469593294105883,12.8662908897519,630.29705508233,636.549662080466,6.25260699813634,6.54966208046585,1
326,2,0.000403320053958266,8.01839363589719e-05,0.00041121348418421,11.2443410155666,630.715371588133,636.281198179893,5.5658265917599,6.28119817989318,1
327,2,0.000347544709185805,5.89225024396716e-05,0.000352504164765183,9.62239114138115,631.132951553496,635.99498384538,4.86203229188459,5.99498384538015,1
328,2,0.000290655623298606,4.0851266629411e-05,0.000293512380216454,8.00044126719583,631.54845629984,635.691940509187,4.14348420934652,5.69194050918702,1
329,2,0.00023283510295321,2.60281399761312e-05,0.000234285401247813,6.3784913930104,631.960553326985,635.373043536594,3.41249020960925,5.37304353659408,1
330,2,0.000174268439679266,1.4500624643344e-05,0.000174870687032713,4.75654151882508,632.367920595623,635.039319045956,2.67139845033364,5.03931904595629,1
331,2,0.000115143316094622,6.30566168478169e-06,0.000115315847178734,3.13459164463961,632.769250782153,634.691840566759,1.92258978460632,4.69184056675897,1
332,2,5.56492044579912e-05,1.4695126631728e-06,5.56686035775511e-05,1.51264177045441,633.163255492057,634.331725547129,1.16847005507259,4.33172554712928,1
333,2,-4.02324051351952e-06,7.67549248248053e-09,4.02324783512148e-06,179.890691896268,633.497267112272,634.010843763547,0.513576651275116,4.01084376354697,1
334,2,-6.36827926161208e-05,1.92483477333091e-06,6.37118753788686e-05,178.268742022084,633.110622432928,634.380959275853,1.2703368429253,4.38095927585289,1
335,2,-0.000123138266962502,7.21484678072926e-06,0.000123349449956608,176.646792147898,632.715556020111,634.739437722561,2.02388170245013,4.73943772256098,1
336,2,-0.00018219913265253,1.58607591522497e-05,0.000182888183380502,175.024842273713,632.313336533133,635.085126581842,2.77179004870914,5.08512658184213,1
337,2,-0.000240676123348225,2.78348652135319e-05,0.000242280366665121,173.402892399527,631.905255161708,635.416914116394,3.51165895468557,5.41691411639374,1
338,2,-0.000298381843796311,4.30987927670437e-05,0.000301478408257147,171.780942525342,631.492621459636,635.733732986639,4.24111152700334,5.73373298663921,1
339,2,-0.000355131370354673,6.16036270595459e-05,0.000360434872170937,170.158992651157,631.076759125058,636.034563723627,4.95780459856894,6.03456372362655,1
340,2,-0.000410742843598328,8.32900675342248e-05,0.000419102515999482,168.537042776971,630.659001741073,636.318438049772,5.65943630869867,6.31843804977177,1
341,2,-0.000465038051105772,0.000108088617865136,0.000477434328770199,166.915092902786,630.240688490597,636.584442036147,6.34375354555061,6.58444203614727,1
342,2,-0.000517842998558191,0.000135919808665007,0.000535383568615316,165.2931430286,629.823159859344,636.831719085504,7.00855922615995,6.83171908550435,1
343,2,-0.000568988467321299,0.000166694452152676,0.000592903800226581,163.671193154415,629.407753340777,637.059472730735,7.65171938995832,7.05947273073537,1
344,2,-0.000618310556723077,0.000200313927964095,0.000649948932064363,162.04924328023,628.995799156735,637.266969239166,8.27117008243124,7.26696923916597,1
345,2,-0.000665651209289531,0.000236670499190951,0.00070647325329124,160.427293406044,628.588616007426,637.453540013624,8.86492400619852,7.45354001362432,1
346,2,-0.000710858717255397,0.000275647657634169,0.000762431470400582,158.805343531859,628.187506864171,637.618583781974,9.43107691780381,7.61858378197439,1
347,2,-0.000753788208726534,0.000317120497165852,0.00081777874351066,157.183393657674,627.793754818185,637.761568567481,9.96781374929571,7.76156856748094,1
348,2,-0.000794302111936142,0.000360956114003238,0.00087247072229533,155.561443783488,627.408618998382,637.882033433141,10.4734144347589,7.88203343314115,1
349,2,-0.000832270596106965,0.000407014032611889,0.000926463581522358,153.939493909303,627.033330570849,637.979589993865,10.9462594230166,7.97958999386526,1
350,2,-0.000867571987506771,0.000455146655873346,0.000979714056171054,152.317544035117,626.669088832458,638.053923691221,11.384834858764,8.05392369122148,1
351,2,-0.000900093159363749,0.00050519973807455,0.00103217947610094,150.695594160932,626.317057410543,638.10479482627,11.7877374157273,8.10479482627011,1
352,2,-0.000929729894392352,0.000557012879203374,0.00108381780024377,149.073644286747,625.978360580334,638.132039346849,12.1536787665142,8.13203934684861,1
353,2,-0.00095638721876782,0.000610420038966206,0.00113458765029148,147.451694412561,625.654079711314,638.135569386545,12.4814896752304,8.1355693865446,1
354,2,-0.000979979706479103,0.000665250068880334,0.00118444834385302,145.829744538376,625.345249853292,638.115373553462,12.7701237001698,8.11537355346229,1
355,2,-0.00100043175308491,0.000721327260736075,0.00123335992705356,144.207794664191,625.052856472423,638.071516967736,13.0186604953129,8.07151696773622,1
356,2,-0.00101767781799554,0.000778471909670944,0.00128128320654994,142.585844790005,624.777832347043,638.004141047718,13.2263087006752,8.00414104771801,1
357,2,-0.00103166263450415,0.000836500890051544,0.0013281797809367,140.96389491582,624.521054632468,637.91346304551,13.3924084130423,7.91346304551041,1
358,2,-0.00104234138689433,0.000895228242317591,0.00137401207151751,139.341945041634,624.283342103594,637.799775333551,13.5164332299568,7.79977533355077,1
359,2,-0.00104967985405645,0.0009544657689076,0.00141874335241733,137.719995167449,624.065452583346,637.66344444471,13.5979918613639,7.66344444470951,1
360,2,-0.0010536545191526,0.0010140236373564,0.00146233778001124,136.098045293264,623.868080564623,637.504909869301,13.6368293046784,7.50490986930117,1
361,2,-0.00105425264497855,0.00107371098863193,0.00150476042164632,134.476095419078,623.691855032691,637.32468261321,13.632827580519,7.3246826132098,1
362,2,-0.00105147231478142,0.00113333654876167,0.0015459772836335,132.854145544893,623.537337494378,637.123343522202,13.5860060278243,7.12334352220228,1
363,2,-0.00104532243840208,0.00119270924178894,0.00158595533848706,131.232195670708,623.405020219852,636.901541378272,13.4965211584196,6.90154137827176,1
364,2,-0.00103582272372268,0.00125163880209446,0.0016246625513899,129.610245796522,623.295324702054,636.659990774673,13.3646660726191,6.70467529794576,1
365,2,-0.00102300361351085,0.00130993638412123,0.00166206790586332,127.988295922337,623.208600338291,636.399469777042,13.1908694387507,6.79139966170862,1
366,2,-0.00100690618786281,0.00136741516754866,0.00169814142862088,126.366346048151,623.14512333776,636.120817378724,12.9756940409644,6.85487666224037,1
367,2,-0.000987582032558206,0.00142389095597658,0.00173285421358627,124.744396173966,623.105095858207,635.824930759137,12.7198349009306,6.89490414179306,1
368,2,-0.000965093073748413,0.00147918276720069,0.00176617844505606,123.122446299781,623.08864537417,635.512762354626,12.4241169804559,6.91135462582952,1
369,2,-0.000939511379508108,0.0015331134131878,0.00179808741998869,121.500496425595,623.095824278656,635.185316751898,12.0894924732419,6.90417572134356,1
370,2,-0.000910918928886047,0.00158551006789224,0.00182855556940186,119.87854655141,623.126609719362,634.843647414686,11.7170376953241,6.87339028063786,1
371,2,-0.000879407349195172,0.0016362048210939,0.00185755847886127,118.256596677225,623.180903669969,634.488853254835,11.3079495848659,6.81909633003079,1
372,2,-0.000845077622383886,0.00168503521648298,0.0018850729080441,116.634646803039,623.258533236255,634.122075059475,10.8635418232204,6.74146676374505,1
373,2,-0.00080803976142951,0.00173184477226719,0.00191107680936174,115.012696928854,623.359251196158,633.744491786385,10.3852405902269,6.64074880384192,1
374,2,-0.000768412457790883,0.00177648348263301,0.00193554934562675,113.390747054668,623.482736772264,633.357316740045,9.87457996778096,6.51726322773561,1
375,2,-0.00072632270104996,0.00181880829845401,0.00195847090674987,111.768797180483,623.628596634451,632.961793641225,9.33319700677316,6.37140336554864,1
376,2,-0.000681905371961221,0.00185868358570582,0.00197982312545384,110.146847306298,623.796366129852,632.559192603249,8.76282647339724,6.20363387014811,1
377,2,-0.000635302810213078,0.00189598156011867,0.00199958889199121,108.524897432112,623.985510736519,632.150806028298,8.16529529177956,6.01448926348144,1
378,2,-0.000586664358286361,0.00193058269667462,0.00201775236785464,106.902947557927,624.195427736637,631.737944437339,7.54251670070187,5.80457226336284,1
379,2,-0.000536145882871708,0.00196237611263722,0.00203429899846838,105.280997683741,624.425448104393,631.321932247418,6.89648414302519,5.57455189560721,1
380,2,-0.000483909275379454,0.00199125992288607,0.00204921552485103,103.659047809556,624.674838603025,630.904103510121,6.22926490709563,5.32516139697475,1
381,2,-0.000430121933142714,0.00201714156641772,0.0020624899942401,102.037097935371,624.942804084917,630.485797625084,5.54299354016689,5.0571959150825,1
382,2,-0.000374956222976236,0.00203993810296648,0.00207411176966987,100.415148061185,625.228489988003,630.068355042437,4.8398650544342,4.77151001199707,1
383,2,-0.000318588928809999,0.00205957647879465,0.0020840715384949,98.7931981869999,625.530985021139,629.653112968002,4.12212794686207,4.46901497886051,1
384,2,-0.000261200685167801,0.00207599376080036,0.00209236131985232,97.1712483128146,625.849324030527,629.24140108502,3.39207705449314,4.15067596947313,1
385,2,-0.000202975398306177,0.00208913733819288,0.00209897447105704,95.5492984386292,626.18249103866,628.834537306002,2.65204626734271,3.81750896134042,1
386,2,-0.000144099656868787,0.00209896509108908,0.00210390569292454,93.9273485644439,626.529422446782,628.433823568149,1.90440112136685,3.47057755321828,1
387,2,-8.47621339447715e-05,0.00210544552549069,0.00210715103401717,92.3053986902584,626.889010391234,628.040541685582,1.15153129434782,3.11098960876564,1
388,2,-2.51529824473637e-05,0.00210855787420994,0.00210870789381051,90.6834488160731,627.260106243651,627.655949271352,0.395843027700721,2.73989375634869,1
389,2,3.45367742498094e-05,0.00210829216342004,0.00210857502477715,89.0614989418877,627.201036597759,627.715800403725,0.514763805966822,2.7989634022415,1
390,2,9.41158544658357e-05,0.00210464924461729,0.00210675253338639,87.4395490677024,626.831672703719,628.101841470146,1.27016876642767,3.16832729628118,1
391,2,0.000153393331193459,0.00209764079189236,0.0021032418800189,85.8175991935169,626.473999894634,628.496376012043,2.02237611740929,3.52600010536617,1
392,2,0.000212179243943375,0.00208728926451953,0.00209804587779649,84.1956493193316,626.129160626082,628.89814234373,2.76898171764799,3.87083937391822,1
393,2,0.000270285207491281,0.00207362783498375,0.00209116869032797,82.5736994451462,625.79825602942,629.305855214574,3.50759918515485,4.20174397058042,1
394,2,0.000327525015576787,0.00205670028267616,0.00208261582837277,80.9517495709608,625.482342433522,629.718209898812,4.23586746528929,4.51765756647751,1
395,2,0.000383715237619651,0.00203656085359873,0.00207239414542512,79.3297996967754,625.18242803198,630.133886353106,4.95145832112621,4.81757196801993,1
396,2,0.000438675806541078,0.00201327408652761,0.00206051183222229,77.70784982259,624.899469705727,630.551553428872,5.65208372314555,5.10053029427309,1
397,2,0.000492230595806319,0.00198691460619232,0.00204697841018127,76.0858999484047,624.634370010639,630.969873126049,6.33550311541092,5.36562998936142,1
398,2,0.000544207983839452,0.00195756688413345,0.00203180472376913,74.4639500742193,624.387974339034,631.387504874884,6.99953053584977,5.61202566096563,1
399,2,0.000594441404001533,0.00192532496800536,0.00201500293181329,72.8420002000339,624.161068263504,631.803109832084,7.64204156858011,5.83893173649631,1
400,2,0.000642769878369758,0.0018902921801912,0.00199658649775848,71.2200503258485,623.954375070907,632.215355177545,8.26098010663782,6.04562492909281,1
401,2,0.000689038533606981,0.00185258078669627,0.00197657017887841,69.5981004516632,623.768553493773,632.622918397837,8.85436490406471,6.23144650622737,1
402,2,0.000733099097268544,0.00181231163738048,0.00195497001445052,67.9761505774778,623.604195645761,633.024491542558,9.42029589679737,6.3958043542392,1
403,2,0.000774810372955842,0.00176961377868324,0.00193180331290366,66.3542007032924,623.461825167186,633.418785439682,9.95696027249653,6.53817483281432,1
404,2,0.000814038692794063,0.0017246240400814,0.00190708863794858,64.732250829107,623.341895586045,633.804533856096,10.4626382700512,6.65810441395547,1
405,2,0.00085065834578398,0.00167748659560581,0.0018808457937027,63.1103009549217,623.244788899235,634.180497589607,10.9357086903723,6.75521110076545,1
406,2,0.000884551980655201,0.00162835250182148,0.00185309580882082,61.4883510807363,623.170814378153,634.545468478903,11.3746541007506,6.82918562184739,1
407,2,0.000915610981929809,0.00157737921375199,0.00182386091964473,59.8664012065509,623.120207602044,634.898273318075,11.7780657160311,6.87979239795641,1
408,2,0.000943735817991335,0.00152473008029944,0.0017931645523849,58.2444513323655,623.093129721949,635.237777662647,12.1446479406981,6.90687027805109,1
409,2,0.000968836360043568,0.00147057382077688,0.0017610313043489,56.6225014581801,623.08966695733,635.562889514307,12.4732225569766,6.91033304267,1
410,2,0.000990832170937136,0.00141508398423066,0.0017274869242313,55.0005515839948,623.109830326848,635.872562871886,12.7627325450387,6.89016967315229,1
411,2,0.00100965276293824,0.00135843839328556,0.001692558291481,53.3786017098093,623.153555614042,636.165801136583,13.012245522541,6.84644438595785,1
412,2,0.00102523782361352,0.00130081857429471,0.00165627339476244,51.756651835624,623.220703568035,636.441660359792,13.2209567917567,6.77929643196524,1
413,2,0.00103753740910714,0.00124240917562055,0.001618661309528,50.1347019614386,623.311060338656,636.699252322465,13.3881919838088,6.69925232246521,1
414,2,0.00104651210419079,0.00118339737591111,0.00157975217471955,48.5127520872533,623.424338144752,636.937747435423,13.5134092906704,6.93774743542258,1
415,2,0.00105213314857367,0.00112397228426762,0.00153957716861784,46.8908022130678,623.560176173748,637.156377450635,13.5962012768872,7.15637745063475,1
416,2,0.00105438252906761,0.00106432433422586,0.00149816848385899,45.2688523388825,623.718141709869,637.354437974089,13.6362962642201,7.3544379740888,1
417,2,0.00105325303731218,0.00100464467349319,0.00145555930163823,43.6469024646971,623.897731487759,637.531290771562,13.6335592838032,7.53129077156166,1
418,2,0.00104874829287449,0.000945124551397031,0.00141178376512148,42.0249525905118,624.098373267574,637.686365859248,13.5879925916735,7.68636585924776,1
419,2,0.00104088273165001,0.000885954706007545,0.00136687695208607,40.4030027163263,624.319427627009,637.819163371989,13.4997357449802,7.81916337198948,1
420,2,0.00102968155960131,0.000827324752898861,0.00132087484681258,38.781052842141,624.560189964998,637.929255202572,13.3690652375734,7.92925520257188,1
421,2,0.00101518067198304,0.00076942257750731,0.00127381431125024,37.1591029679556,624.819892711292,638.016286406336,13.1963936950443,8.01628640633635,1
422,2,0.000997426538312122,0.000712433733034144,0.00122573305547916,35.5371530937702,625.097707735417,638.079976366207,12.9822686307905,8.07997636620701,1
423,2,0.000976476053451581,0.00065654084582209,0.00117666960749276,33.9152032195848,625.392748947958,638.120119714033,12.7273707660753,8.12011971403285,1
424,2,0.000952396355285394,0.000601923030111308,0.00112666328232497,32.2932533453994,625.704075086487,638.136587005008,12.4325119185214,8.13658700500798,1
425,2,0.000925264609568559,0.000548755314050261,0.0010757541505467,30.6713034712141,626.030692677915,638.129325142789,12.0986324648736,8.12932514278873,1
426,2,0.000895167762641848,0.000497208078800815,0.00102398300615684,29.0493535970287,626.371559168427,638.098357553837,11.7267983854097,8.09835755383688,1
427,2,0.000862202262803743,0.000447446512535121,0.000971391333893677,27.4274037228433,626.725586211681,638.043784110347,11.3181978986654,8.04378411034679,1
428,2,0.000826473751232389,0.000399630081073884,0.000918021275992695,25.8054538486579,627.091643105426,637.965780802052,10.8741376966266,7.96578080205245,1
429,2,0.000788096723448089,0.000353912016862521,0.000863915598417642,24.1835039744726,627.468560366118,637.864599158059,10.3960387919406,7.86459915805892,1
430,2,0.000747194162401164,0.000310438827922738,0.000809117656591685,22.5615541002871,627.855133430781,637.740565420735,9.88543198995387,7.7405654207347,1
431,2,0.000703897144361035,0.000269349828353219,0.000753671360656307,20.9396042261018,628.25012647476,637.594079474579,9.34395299981816,7.59407947457862,1
432,2,0.000658344418869448,0.000230776691883913,0.000697621140285638,19.3176543519164,628.652276333756,637.425613533818,8.77333720006231,7.42561353381814,1
433,2,0.000610681964103971,0.000194843029914668,0.000641011909084544,17.6957044777311,629.060296517988,637.235710593351,8.17541407536351,7.2357105933512,1
434,2,0.000561062519076583,0.000161663995390354,0.000583889028598871,16.0737546035457,629.472881306107,637.024982648449,7.55210134234187,7.02498264844905,1
435,2,0.000509645094166551,0.000131345913781973,0.000526298271966814,14.4518047293603,629.888709906099,636.794108689446,6.90539878334664,6.79410868944603,1
436,2,0.000456594461556047,0.000103985942356242,0.000468285787240411,12.8298548551749,630.306450670134,636.543832478427,6.23738180829309,6.54383247842736,1
437,2,0.000402080627201542,7.9671758825611e-05,0.000409898060406672,11.2079049809895,630.724765350106,636.274960115623,5.55019476551661,6.27496011562278,1
438,2,0.00034627828603304,5.84812803764278e-05,0.000351181878137877,9.58595510680416,631.142313380348,635.988357403975,4.84604402362652,5.98835740397499,1
439,2,0.000289366262127022,4.04824139756674e-05,0.000292184290300936,7.96400523261873,631.557756173939,635.684947020995,4.12719084705691,5.68494702099542,1
440,2,0.000231526935647174,2.57328387564032e-05,0.000232952572255886,6.34205535843337,631.969761418743,635.365705507643,3.39594408889957,5.36570550764259,1
441,2,0.000172945658389236,1.42798211793579e-05,0.000173534186973636,4.72010548424799,632.377007359446,635.031660084609,2.65465272516292,5.03166008460892,1
442,2,0.000113810159803013,6.1600635628998e-06,0.000113976747003441,3.09815561006265,632.778187051601,634.683885306873,1.90569825527257,4.68388530687332,1
443,2,5.43099453949151e-05,1.39958646685882e-06,5.43279763204638e-05,1.47620573587722,633.172012573896,634.323499567958,1.15148699406257,4.32349956795849,1
444,2,-5.36431056100617e-06,1.36453070930138e-08,5.36432791590223e-06,179.85425586169,633.488682906949,634.019277392348,0.53059448539932,4.01927739234827,1
445,2,-6.50213760574993e-05,2.00668146800912e-06,6.50523336624044e-05,178.232305987506,633.101835294466,634.389144415322,1.28730912085621,4.38914441532177,1
446,2,-0.000124470074175812,7.3723080697126e-06,0.000124688212320198,176.610356113321,632.706594170918,634.747348061102,2.04075389018374,4.74734806110155,1
447,2,-0.00018351989573091,1.60933304353909e-05,0.000184224177060414,174.988406239136,632.304228747032,635.092736683435,2.78850793640322,5.09273668343485,1
448,2,-0.000241981609776822,2.81418011933389e-05,0.000243612521116193,173.36645636495,631.896030671026,635.42419950321,3.52816883218475,5.42419950321039,1
449,2,-0.000299667870015798,4.34791098370586e-05,0.00030280565601063,171.744506490765,631.483309860953,635.740670218656,4.25736035770274,5.74067021865585,1
450,2,-0.000356393815167869,6.20561064564086e-05,0.000361756149689869,170.12255661658,631.067390283908,636.041130474927,4.97374019101915,6.04113047492694,1
451,2,-0.000411977661376985,8.381325924332e-05,0.000420416764530909,168.500606742394,630.649605695895,636.324613181309,5.67500748541386,6.32461318130879,1
452,2,-0.000466241284755185,0.000108680845267308,0.000478740495193567,166.878656868209,630.231295356301,636.590205664716,6.35891030841515,6.59020566471577,1
453,2,-0.000519010792198086,0.000136579173909446,0.000536680606286338,165.256706994023,629.813799730749,636.837052648664,7.02325291791556,6.83705264866444,1
454,2,-0.000570117078642403,0.000167418842238775,0.000594190669815944,163.634757119838,629.398456196248,637.064359047485,7.66590285123789,7.06435904748548,1
455,2,-0.000619396368979689,0.000201101021512757,0.000651224602390525,162.012807245653,628.986594762343,637.271392566142,8.28479780379871,7.27139256614169,1
456,2,-0.000666690742889762,0.000237517773883689,0.000707736702146756,160.390857371467,628.579533821912,637.457486096639,8.87795227472759,7.45748609663917,1
457,2,-0.000711848640911841,0.000276552398296108,0.000763681685371179,158.768907497282,628.178575945024,637.62203990272,9.44346395769526,7.62203990271962,1
458,2,-0.000754725350131728,0.000318079804466791,0.000819014722786527,157.146957623097,627.785003729146,637.764523585213,9.97951985606744,7.7645235852134,1
459,2,-0.000795183467928514,0.000361966913748817,0.000873691475473844,155.525007748911,627.400075718608,637.884477821223,10.4844021026147,7.8844778212225,1
460,2,-0.000833093342294781,0.00040807308559517,0.000927668130401736,153.903057874726,627.025022406102,637.981515871026,10.9564934649235,7.98151587102564,1
461,2,-0.000868333487319157,0.000456250568255144,0.000980901435534167,152.28110800054,626.661042328511,638.055324847436,11.3942825189242,8.0553248474356,1
462,2,-0.000900790972499855,0.000506344972259348,0.00103334873448878,150.659158126355,626.309298269123,638.105666743144,11.7963684740216,8.10566674314441,1
463,2,-0.000930361784641528,0.00055819576517588,0.00108496800071783,149.03720825217,625.970913577836,638.132379212471,12.1614656346347,8.13237921247071,1
464,2,-0.000956951161175773,0.000611636786052278,0.00113571787118457,147.415258377984,625.646968620532,638.135376104719,12.4884074841868,8.13537610471906,1
465,2,-0.000980473893837065,0.000666496777894572,0.00118555767950778,145.793308503799,625.338497368409,638.114647747314,12.7761503789043,8.1146477473136,1
466,2,-0.00100085460172101,0.000722599936477141,0.00123444748854817,144.171358629614,625.046484137502,638.070260977669,13.0237768401662,8.07026097766868,1
467,2,-0.00101802797284985,0.00077976647372458,0.00128234812241046,142.549408755428,624.771860488182,638.002358923725,13.2304984355429,8.00235892372484,1
468,2,-0.00103193897347108,0.000837813193860236,0.00132922119783535,140.927458881243,624.515502293889,637.911160533873,13.395658239984,7.91116053387339,1
469,2,-0.00104254302441855,0.000896554080475055,0.00137502915495645,139.305509007057,624.278226987794,637.796959857973,13.5187328701793,7.79695985797332,1
470,2,-0.00104980614397075,0.000955800892635387,0.00141973528739738,137.683559132872,624.060790995529,637.660125081949,13.5993340864201,7.66012508194899,1
471,2,-0.00105370505674854,0.00101536376811956,0.00146330377168495,136.061609258687,623.863887361555,637.501097319378,13.6372099578222,7.50109731937755,1
472,2,-0.00105422726830345,0.00107505183184995,0.00150569969595484,134.439659384501,623.688143576132,637.320389164318,13.6322455881863,7.32038916431839,1
473,2,-0.00105137110515734,0.00113467380757094,0.00154688908792689,132.817709510316,623.534119609232,637.118583010419,13.5844634011871,7.11858301041923,1
474,2,-0.00104514572016517,0.0011940386308124,0.00158683894212738,131.195759636131,623.40230615715,636.89632914223,13.4940229850794,6.89632914222966,1
475,2,-0.00103557106318388,0.00125295606117458,0.00162551724633666,129.573809761945,623.293123106886,636.654343605334,13.3612204984482,6.70687689311433,1
476,2,-0.00102267781714104,0.00131123729197207,0.00166289300724088,127.95185988776,623.206918222765,636.393405862764,13.186487639999,6.79308177723544,1
477,2,-0.00100650729970842,0.00136869555528339,0.00169893627526721,126.329910013574,623.143966059083,636.114356245798,12.9703901867149,6.85603394091686,1
478,2,-0.000987111330895451,0.00142514672046709,0.00173361816858277,124.707960139389,623.104467101947,635.818093208011,12.7136261060647,6.89553289805349,1
479,2,-0.000964552066986951,0.00148040988422649,0.00176691089623792,123.086010265204,623.08854714273,635.505570392023,12.4170232492927,6.91145285726986,1
480,2,-0.000938901801357179,0.00153430795033199,0.0017987877804354,121.464060391018,623.096256885024,635.177793519076,12.0815366340522,6.90374311497624,1
481,2,-0.000910242732798635,0.00158666819714337,0.00182922327790757,119.842110516833,623.127571786129,634.835817112076,11.7082453259472,6.8724282138711,1
482,2,-0.000878666702107972,0.00163732283111316,0.00185819300038444,118.220160642647,623.182392133631,634.48074106331,11.2983489296789,6.81760786636914,1
483,2,-0.000844274897773151,0.0016861095244976,0.00188567373413626,116.598210768462,623.260543356776,634.113707058538,10.8531637017616,6.73945664322378,1
484,2,-0.000807177531704997,0.00173287193555174,0.0019116434585749,114.976260894277,623.361776571785,633.735894869518,10.3741182977334,6.63822342821493,1
485,2,-0.000767493486052335,0.00177746020954198,0.0019360813638992,113.354311020091,623.485769359524,633.348518527544,9.86274916801972,6.5142306404756,1
486,2,-0.000725349932232458,0.0018197314589702,0.00195896786777003,111.732361145906,623.632126773314,632.952822390784,9.32069561746994,6.36787322668636,1
487,2,-0.000680881923397876,0.00185955022147079,0.00198028463100183,110.110411271721,623.800382573924,632.550077118592,8.74969454466827,6.19961742607597,1
488,2,-0.000634231961645205,0.00189678889391311,0.00200001457225802,108.488461397535,623.990000688252,632.141575566187,8.15157487793545,6.00999931174795,1
489,2,-0.000585549541353253,0.00193132814131818,0.00201814188173838,106.86651152335,624.200376887391,631.728628613242,7.52825172585062,5.79962311260863,1
490,2,-0.000534990670113587,0.00196305727927941,0.00203465203384767,105.244561649164,624.430840679281,631.312560940144,6.88172026086227,5.56915932071865,1
491,2,-0.000482717368788929,0.00199187462866155,0.00204953179883507,103.622611774979,624.680657410367,630.894706765749,6.21404935538203,5.31934258963349,1
492,2,-0.000428897152301382,0.00201768784144154,0.00206276925339537,102.000661900794,624.949030570194,630.476405560496,5.52737499030206,5.05096942980583,1
493,2,-0.000373702492814453,0.00204041419664675,0.00207435379022319,100.378712026608,625.235104292138,630.05899774875,4.82389345661181,4.76489570786157,1
494,2,-0.00031731026702906,0.00205998086544245,0.00208427612651277,98.7567621524229,625.537966042937,629.643820414236,4.10585437129907,4.46203395706323,1
495,2,-0.000259901189364817,0.00207632514451901,0.00209252831139632,97.1348122782375,625.856649493068,629.232203022278,3.37555352920947,4.1433505069316,1
496,2,-0.000201659232842935,0.00208939465703075,0.00209910373231516,95.5128624040522,626.190137559493,628.825463172487,2.63532561299382,3.80986244050689,1
497,2,-0.000142771039526623,0.0020991475204427,0.00210399712031843,93.8909125298668,626.537365611658,628.424902395316,1.88753678365799,3.4626343883416,1
498,2,-8.34253224083037e-05,0.00210555248074731,0.00210720455428515,92.2689626556814,626.89722483121,628.031802005718,1.13457717450797,3.10277516878955,1
499,2,-2.38122606602944e-05,0.00210858901262095,0.00210872346406624,90.647012781496,627.268565715277,627.647419026865,0.378853311588045,2.73143428472338,1
500,2,3.58771098129813e-05,0.00210824738519934,0.00210855263254404,89.0250629073107,627.192619191049,627.724370317236,0.531751126186919,2.80738080895128,1
501,2,9.54515085683184e-05,0.00210452869326108,0.00210669219660756,87.4031130331253,626.823505105771,628.110615844846,1.28711073907471,3.17649489422888,1
502,2,0.000154720023600646,0.00209744485371929,0.00210314364704281,85.7811631589399,626.466108197779,628.505326792914,2.03921859513503,3.53389180222064,1
503,2,0.000213492723139306,0.00208701856743269,0.00209790982733821,84.1592132847545,626.121570033519,628.907240902038,2.78567086851967,3.87842996648135,1
504,2,0.000271581264303013,0.00207328324645853,0.00209099493140611,82.5372634105692,625.790990775553,629.31507243891,3.52408166335704,4.20900922444741,1
505,2,0.000328799496663128,0.00205628290698028,0.00208240450022209,80.9153135363838,625.475425707459,629.72751628778,4.25209058032101,4.52457429254059,1
506,2,0.000384964058780932,0.00203607202825356,0.002072145417385,79.2933636621984,625.175881904409,630.143252109419,4.96737020500939,4.82411809559073,1
507,2,0.000439894965807379,0.00201271537802191,0.002060225903601,77.671413788013,624.893315059406,630.560948554484,5.66763349507846,5.10668494059428,1
508,2,0.000493416186262171,0.00198628780496231,0.00204665551009629,76.0494639138277,624.628626474675,630.979267518097,6.35064104342177,5.37137352532523,1
509,2,0.000545356206143933,0.00195687399882516,0.00203144511096354,74.4275140396423,624.382660227196,631.396868422094,7.01420819489749,5.61733977280369,1
510,2,0.000595548578563631,0.00192456821903773,0.00201460689444845,72.8055641654568,624.156200516703,631.812412511333,7.65621199463033,5.8437994832974,1
511,2,0.000643832457139968,0.00188947399264055,0.00199615435318311,71.1836142912715,623.949969204037,632.224567150285,8.27459794624713,6.05003079596258,1
512,2,0.000690053111447402,0.00185170378252484,0.00197610227337429,69.5616644170861,623.764623547078,632.632010106065,8.86738655898716,6.23537645292186,1
513,2,0.000734062422864949,0.0018113786270342,0.00195446672295505,67.9397145429008,623.600754140835,633.033433804011,9.43267966317569,6.39924585916469,1
514,2,0.000775719359236861,0.00176862775208528,0.00193126503870937,66.3177646687153,623.458883067784,633.427549541952,9.96866647416823,6.54111693221614,1
515,2,0.000814890426823982,0.00172358815705073,0.00190651581237999,64.69581479453,623.339462263757,633.813091649355,10.473629385598,6.66053773624265,1
516,2,0.00085145009809755,0.00167640417573122,0.00188023887577068,63.0738649203446,623.242872104199,634.188821577651,10.9459494734527,6.75712789580132,1
517,2,0.000885281214004457,0.00162722701382364,0.00185245528485483,61.4519150461593,623.16942021481,634.553531908177,11.3841116933664,6.83057978518957,1
518,2,0.000916275359414951,0.0015762142643676,0.00182318730290304,59.8299651719738,623.119340510077,634.906050264415,11.7867097543384,6.88065948992312,1
519,2,0.000944333210549531,0.00152352940272309,0.00179245838264339,58.2080152977885,623.092792462397,635.245243115434,12.152450653037,6.90720753760263,1
520,2,0.000969364853271763,0.00146934126269764,0.00176029314746847,56.5860654236031,623.089860603976,635.57001945775,12.480158853774,6.91013939602396,1
521,2,0.000991290071226937,0.00141382349550182,0.00172671737170449,54.9641155494178,623.110554262865,635.879334363166,12.7687801003009,6.88944573713468,1
522,2,0.00101003860290325,0.0013571540132669,0.00169175795995798,53.3421656752323,623.154807533922,636.172192380582,13.0173848466603,6.84519246607829,1
523,2,0.00102555036679171,0.00129951441890799,0.0016554429255569,51.720215801047,623.222479484794,636.447650780162,13.2251712953681,6.77752051520622,1
524,2,0.00103777565392324,0.00124108942415965,0.00161780136810325,50.0982659268616,623.313354596291,636.704822628781,13.3914680324905,6.70482262878124,1
525,2,0.00104667528716592,0.00118206625764905,0.0015788634501553,48.4763160526761,623.427143435917,636.942879686206,13.5157362502888,6.94287968620563,1
526,2,0.00105222074677197,0.00112263406490346,0.00153866037305802,46.8543661784908,623.563483562605,637.161055112012,13.5975715494062,7.1610551120117,1
527,2,0.00105439426177207,0.00106298330221483,0.00149722435194109,45.2324163043054,623.72194066003,637.358645973898,13.6367053138679,7.35864597389752,1
528,2,0.00105318886692419,0.00100330512630393,0.00145458858990465,43.6104664301201,623.902009895253,637.535015548704,13.6330056534513,7.53501554870422,1
529,2,0.00104860842503436,0.000943790781739909,0.00141078725141329,41.9885165559347,624.103117498745,637.689595408129,13.5864779093833,7.68959540812853,1
530,2,0.00104066761457795,0.000884630988078279,0.00136585543491971,40.3665666817493,624.324622561216,637.821887281878,13.4972647206616,7.82188728187793,1
531,2,0.00102939188266108,0.000826015328681404,0.00131982914474002,38.7446168075639,624.565819042025,637.931464691749,13.3656456497237,7.93146469174883,1
532,2,0.00101481736347282,0.000768131643180029,0.00127274526220308,37.1226669333786,624.825937983291,638.017974350916,13.1920363676251,8.01797435091623,1
533,2,0.000996990762489664,0.000711165425522728,0.00122464151609712,35.5007170591931,625.104149923262,638.081137323527,12.9769874002645,8.08113732352672,1
534,2,0.00097596920680326,0.000655299229542381,0.00117555645243732,33.8787671850078,625.399567501837,638.120749940521,12.7211824386837,8.12074994052114,1
535,2,0.000951820062051018,0.000600712083944476,0.00112552940357848,32.2568173108224,625.711248250539,638.136684468477,12.4254362179377,8.13668446847703,1
536,2,0.000924620716536331,0.000547578918592092,0.00107460045669758,30.6348674366371,626.038197558734,638.128889529113,12.0906919703791,8.12888952911271,1
537,2,0.000894458333230155,0.000496070003925959,0.00102281042167157,29.0129175624516,626.379371807228,638.09739026798,11.7180184607524,8.09739026798024,1
538,2,0.00086142957044873,0.00044635040531616,0.000970200798375978,27.3909676882663,626.73368165992,638.042288271748,11.3086066118274,8.04228827174757,1
539,2,0.00082564027210251,0.000398579454093929,0.000916813743430649,25.7690178140809,627.099995503611,637.96376123437,10.8637657307592,7.96376123437005,1
540,2,0.000787205128508977,0.000352910236958794,0.000862692036419224,24.1470679398955,627.477143025624,637.86206237333,10.3849193477063,7.86206237332988,1
541,2,0.000746247308856272,0.000309489105397219,0.000807879045609427,22.5251180657101,627.863918918374,637.737519597989,9.87360067961549,7.73751959798949,1
542,2,0.000702898066495428,0.000268455206684905,0.000752418693201629,20.9031681915247,628.259086699614,637.59053443299,9.33144773337619,7.59053443299047,1
543,2,0.000657296318326162,0.000229940037975707,0.000696355420133568,19.2812183173394,628.661382636655,637.42158070049,8.76019806383454,7.4215807004897,1
544,2,0.00060958819962401,0.00019406702490609,0.000639734150469351,17.659268443154,629.069519762464,637.231202965831,8.16168320336749,7.23120296583136,1
545,2,0.000559926595735527,0.000160951126065584,0.000582600255401383,16.0373185689686,629.482191971229,637.020014752134,7.53782278090432,7.02001475213376,1
546,2,0.000508470652142175,0.000130698464600692,0.000524999516893937,14.4153686947832,629.898078180612,636.78869653,6.89061834938821,6.78869653000027,1
547,2,0.000455385264463037,0.000103405988132869,0.000466978090997645,12.7934188205979,630.315846547663,636.537993489395,6.22214694173169,6.53799348939492,1
548,2,0.000400840550030601,7.91611580803462e-05,0.000408582470864153,11.1714689464125,630.734158725109,636.268713101403,5.53455437629395,6.26871310140291,1
549,2,0.000345011302733115,5.80416693794499e-05,0.000349859449490727,9.54951907222715,631.151674144539,635.981722478371,4.83004833383211,5.98172247837113,1
550,2,0.000288076432870389,4.0115201503542e-05,0.000290856082224521,7.92756919804173,631.567054312845,635.677945541547,4.11089122870192,5.67794554154671,1
551,2,0.000230218393818217,2.54392015775207e-05,0.000231619649056684,6.30561932385638,631.978967108112,635.358360005958,3.37939289784617,5.35836000595805,1
552,2,0.000171622597338614,1.40607002828638e-05,0.000172197616736402,4.68366944967099,632.38609106116,635.023994192949,2.63790313178856,5.02399419294852,1
553,2,0.000112476819409653,6.01616114320226e-06,0.000112637600735334,3.06171957548548,632.787119608816,634.67592368122,1.88880407240435,4.67592368122007,1
554,2,5.29705984789138e-05,1.33136367337964e-06,5.2987327092854e-05,1.43976970130022,633.180765305086,634.31526780786,1.1345025027739,4.31526780785998,1
555,2,-6.7053719310731e-06,2.13207664659116e-08,6.70540582732363e-06,179.817819827114,633.480093837475,634.027705733777,0.547611896301646,4.027705733777,1
556,2,-6.63598543189058e-05,2.09023058347175e-06,6.63927656384224e-05,178.195869952929,633.093043919133,634.397323667346,1.30427974821248,4.39732366734552,1
557,2,-0.000125801680043672,7.5314630999287e-06,0.000126026924259207,176.573920078744,632.697628725529,634.755251930865,2.05762320533677,4.75525193086548,1
558,2,-0.000184840361943582,1.63275813524519e-05,0.000185560096239076,174.951970204559,632.295118016733,635.100339755546,2.80522173881343,5.10033975554632,1
559,2,-0.000243286704770797,2.84503973172025e-05,0.000244944577049053,173.330020330373,631.886803897371,635.431477322298,3.54467342492751,5.43147732229806,1
560,2,-0.000300953411486131,4.38610622411711e-05,0.000304132781307876,171.708070456188,631.473996647615,635.747599368894,4.27360272127862,5.74759936889359,1
561,2,-0.000357655683470813,6.25101911368234e-05,0.000363077280912669,170.086120582003,631.058020501351,636.047688656274,4.98966815492327,6.0476886562742,1
562,2,-0.000413211812731767,8.43380210411306e-05,0.000421730843043531,168.464170707817,630.640209385347,636.330779282193,5.69056989684611,6.33077928219268,1
563,2,-0.000467443764202722,0.000109274602531855,0.000480046468011697,166.842220833632,630.221902633277,636.595959830902,6.37405719762489,6.59595983090162,1
564,2,-0.000520177746275026,0.000137240023887328,0.000537977426920832,165.220270959446,629.804440688509,636.842376348095,7.03793565958654,6.84237634809506,1
565,2,-0.000571244767729927,0.000168144667171408,0.000595477299111395,163.598321085261,629.389160809438,637.069235130853,7.6800743214153,7.06923513085303,1
566,2,-0.000620481179287489,0.000201889495422941,0.000652500009357949,161.976371211076,628.977392791169,637.275805322989,8.29841253182008,7.27580532298884,1
567,2,-0.000667729198036788,0.00023836637002943,0.000708999864789733,160.35442133689,628.570454717126,637.46142130679,8.89096658966412,7.46142130678982,1
568,2,-0.000712837413066705,0.000277458397267812,0.000764931591504793,158.732471462705,628.16964875404,637.625484882862,9.45583612882251,7.62548488286234,1
569,2,-0.000755661270677057,0.000319040302901872,0.000820250370848427,157.110521588519,627.776257003552,637.767467230484,9.99121022693168,7.76746723048393,1
570,2,-0.000796063537615105,0.000362978833635812,0.000874911875326818,155.488571714334,627.39153742341,637.886910641621,10.4953732182113,7.88691064162083,1
571,2,-0.000833914740852991,0.000409133184137535,0.000928872304127122,153.866621840149,627.016719830928,637.983430022566,10.9667101916373,7.9834300225657,1
572,2,-0.000869093582496728,0.000457355448263107,0.00098208841821546,152.244671965963,626.653002001087,638.056714157884,11.4037121567968,8.05671415788402,1
573,2,-0.000901487328497224,0.000507491093036531,0.00103451757498482,150.622722091778,626.301545871273,638.106526732306,11.8049808610333,8.10652673230595,1
574,2,-0.000930992169917586,0.000559379453865815,0.00108611776242499,149.000772217593,625.963473864252,638.132707106892,12.1692332426402,8.13270710689198,1
575,2,-0.000957513555599066,0.000612854249408442,0.00113684763278724,147.378822343407,625.639865340589,638.135170846809,12.4953055062201,8.13517084680871,1
576,2,-0.000980966495159492,0.00066774411443621,0.00118666653571662,145.756872469222,625.331753191231,638.11390999882,12.7821568075893,8.11390999882019,1
577,2,-0.00100127583135331,0.000723873148991938,0.00123553455082558,144.134922595036,625.040120580515,638.068993117506,13.0288725369908,8.06899311750567,1
578,2,-0.00101837648092033,0.000781061482078124,0.00128341251968249,142.512972720851,624.765897849379,638.000565040155,13.2346671907761,8.00056504015527,1
579,2,-0.00103221364315146,0.000839125848071227,0.00133026207718978,140.891022846666,624.509959587991,637.908846411093,13.3988868231019,7.90884641109312,1
580,2,-0.00104274297550289,0.000897880174014299,0.0013760456823262,139.26907297248,624.273121886502,637.794132957107,13.5210110706054,7.79413295710742,1
581,2,-0.00104993073569617,0.000957136175906052,0.00142072664822884,137.647123098295,624.056139772054,637.656794516565,13.6006547445114,7.65679451656524,1
582,2,-0.00105375388984865,0.0010167039620754,0.00146426917159072,136.02517322411,623.859704839572,637.497273825583,13.6375689860108,7.49727382558308,1
583,2,-0.00105420018628779,0.00107639264170797,0.00150663836135029,134.403223349924,623.684443083319,637.316085065536,13.6316419822173,7.31608506553619,1
584,2,-0.00105126819481287,0.00113601093657442,0.00154780026665,132.781273475739,623.530912935524,637.113812177001,13.5828992414772,7.11381217700148,1
585,2,-0.0010449673112782,0.00119536779400028,0.00158772190404148,131.159323601553,623.399603517836,636.891106946,13.4915034281639,6.89110694599992,1
586,2,-0.00103531772748319,0.00125427299911303,0.0016263712839155,129.537373727368,623.29093311065,636.648686869268,13.3577537586186,6.70906688935031,1
587,2,-0.00102235036646573,0.00131253778440426,0.00166371743613555,127.915423853183,623.205247844758,636.387332805946,13.1820849611871,6.79475215524155,1
588,2,-0.00100610678340629,0.00136997543465375,0.00169973043485457,126.293473978997,623.142820619129,636.107886423857,12.9650658047283,6.85717938087134,1
589,2,-0.000986639032460298,0.00142640188527663,0.00173438142249475,124.671524104812,623.103850247901,635.811247449251,12.70739720135,6.89614975209906,1
590,2,-0.000964009499945439,0.00148163631217644,0.00176764263287149,123.049574230627,623.088460839102,635.498370729459,12.4099098903574,6.91153916089797,1
591,2,-0.00093829070441862,0.00153550171121368,0.00179948741344265,121.427624356441,623.096701406815,635.1702631186,12.0735617117854,6.9032985931849,1
592,2,-0.000909565064283115,0.00158782546543293,0.00182989024666553,119.805674482256,623.128545717988,634.827980197017,11.6994344790289,6.87145428201188,1
593,2,-0.000877924633670728,0.00163843989823084,0.00185882677044435,118.18372460807,623.183892374265,634.472622835643,11.2887304613777,6.81610762573496,1
594,2,-0.000843470807445286,0.00168718281069223,0.0018862737976518,116.561774733885,623.26256512864,634.105333616985,10.8427684883447,6.73743487135971,1
595,2,-0.000806313996272855,0.00173389800137243,0.00191220933470915,114.9398248597,623.364313436002,633.727293124859,10.3629796888576,6.63568656399843,1
596,2,-0.000766573272799912,0.00177843576686014,0.00193661259920992,113.317874985514,623.488813236018,633.339716115382,9.85090287936384,6.51118676398232,1
597,2,-0.000724375990073399,0.00182065338151671,0.00195946403657302,111.695925111329,623.635667966058,632.943847582085,9.30817961602656,6.36433203394154,1
598,2,-0.000679857373425369,0.00186041555485441,0.00198074533571206,110.073975237144,623.804409801281,632.540958728288,8.73654892700722,6.19559019871895,1
599,2,-0.000633160087130149,0.00189759486508811,0.00200043944370816,108.452025362958,623.994501118267,632.132342860142,8.13784174187481,6.00549888173305,1
600,2,-0.000584433777222686,0.00193207216747087,0.00201853057947468,106.830075488773,624.20533617798,631.719311213884,7.51397503590306,5.79466382201952,1
601,2,-0.000533834591943118,0.001963736976105,0.00203500424640271,105.208125614587,624.436243023165,631.303188731096,6.86694570793111,5.56375697683541,1
602,2,-0.000481524681344464,0.00199248781800489,0.0020498472439774,103.586175740402,624.686485584642,630.885309795743,6.19882421110105,5.31351441535821,1
603,2,-0.000427671677666842,0.00201823255827721,0.00206304767835563,101.964225866217,624.955265990383,630.467013946895,5.51174795651252,5.04473400961706,1
604,2,-0.000372448158143527,0.00204088869537622,0.00207459497189667,100.342275992031,625.241727070561,630.049641580991,4.80791451042978,4.75827292943927,1
605,2,-0.000316031091960248,0.00206038362548799,0.00208447987163816,98.7203261178459,625.544955051235,629.634529657486,4.08957460625095,4.45504494876502,1
606,2,-0.000258601273140114,0.00207665487519655,0.0020926944567106,97.0983762436605,625.863982428708,629.223007421649,3.35902499294093,4.13601757129186,1
607,2,-0.000200342741171403,0.00208965030168598,0.00209923214468443,95.4764263694751,626.197791016019,628.816392158071,2.6186011420516,3.80220898398102,1
608,2,-0.00014144219123498,0.00209932825983725,0.00210408769684456,93.8544764952899,626.545315152522,628.415984988367,1.87066983584498,3.45468484747778,1
609,2,-8.20883759212506e-05,0.00210565773568405,0.00210725722238826,92.2325266211044,626.905445066926,628.023066726257,1.11762165933101,3.09455493307394,1
610,2,-2.24715003540068e-05,0.00210861844580012,0.00210873818154285,90.610576746919,627.277030383695,627.638893803022,0.361863419327051,2.72296961630514,1
611,2,3.72173873405769e-05,0.00210820090229943,0.00210852938760089,88.9886268727336,627.184207103643,627.732945127236,0.54873802359316,2.81579289635738,1
612,2,9.67870082663998e-05,0.0021044064432411,0.00210663100787105,87.3666769985482,626.815343422445,628.119394492747,1.30405107030174,3.18465657755451,1
613,2,0.000156046465729414,0.00209724722834141,0.0021030445635441,85.7447271243629,626.458222991789,628.514281209825,2.0560582180359,3.54177700821128,1
614,2,0.000214805856984839,0.00208674620000684,0.0020977729284739,84.1227772501775,626.11398648716,628.916342447373,2.8023559602135,3.88601351284046,1
615,2,0.000272876881799089,0.00207293700981283,0.00209082032687463,82.5008273759921,625.783733100574,629.324291991471,3.54055889089693,4.21626689942559,1
616,2,0.000330073445876375,0.00205586391066404,0.00208219232993581,80.8788775018067,625.468517068634,629.736824338496,4.26830726986191,4.53148293136621,1
617,2,0.00038621225721612,0.00203558161498156,0.0020718958513581,79.2569276276214,625.169344346493,630.152618855436,4.98327450894374,4.83065565350739,1
618,2,0.000441113413490177,0.00201215511937161,0.00205993914181326,77.634977753436,624.887169437692,630.570343994351,5.68317455665863,5.11283056230752,1
619,2,0.000494600978557453,0.0019856594963375,0.00204633178233279,76.0130278792506,624.622892389393,630.988661547703,6.36576915830926,5.37710761060657,1
620,2,0.000546503546268557,0.00195617965370248,0.00203108467663061,74.3910780050652,624.377355961888,631.406230931083,7.0288749691947,5.62264403811196,1
621,2,0.000596654789753608,0.00192381006251424,0.00201421004236573,72.7691281308799,624.151342980809,631.821713479669,7.67037049886028,5.84865701919148,1
622,2,0.000644893994433029,0.00188865445430319,0.00199572140135217,71.1471782566945,623.945573879849,632.233776744675,8.28820286482573,6.05442612015088,1
623,2,0.000691066573043151,0.00185082548866463,0.00197563356872378,69.5252283825091,623.760704441181,632.641098775903,8.88039433472136,6.23929555881864,1
624,2,0.000735024561026285,0.00181044439222996,0.00195396264106272,67.9032785083237,623.597323740245,633.042372376557,9.44504863631164,6.40267625975514,1
625,2,0.000776627090697653,0.0017676405701841,0.00193072598350109,66.2813286341384,623.45595230084,633.436309316425,9.98035701558456,6.54404769915993,1
626,2,0.000815740842669723,0.00172255119157384,0.00190594221580613,64.659378759953,623.337040465936,633.821644489623,10.4846040236866,6.66295953406393,1
627,2,0.000852240473087233,0.00167532074973622,0.00187963119745994,63.0374288857676,623.240966988912,634.197140003221,10.9561730143092,6.75903301108815,1
628,2,0.000886009015303894,0.00162610059925542,0.00185181401174594,61.4154790115821,623.168037849295,634.561589183181,11.3935513338865,6.83196215070507,1
629,2,0.000916938254713478,0.00157504847093214,0.00182251294885459,59.7935291373967,623.118485296429,634.913820484296,11.7953351878672,6.88151470357082,1
630,2,0.000944929075534133,0.00152232796631983,0.00179175148802206,58.1715792632115,623.092467123834,635.252701291041,12.160234167207,6.90753287616553,1
631,2,0.000969891778434645,0.00146810803344738,0.00175955427871602,56.5496293890261,623.090066176321,635.57714159655,12.4870754202288,6.90993382367867,1
632,2,0.000991746367984722,0.00141256242540868,0.00172594712088388,54.9276795148407,623.111290091314,635.886097547316,12.7748074560017,6.88870990868566,1
633,2,0.00101042280900822,0.00135586914355371,0.00169095694427892,53.3057296406552,623.156071275096,636.178574841578,13.0225035664821,6.84392872490366,1
634,2,0.0010258612510177,0.00129820986706579,0.00165461178688132,51.68377976647,623.224267114058,636.453631969819,13.2293648557607,6.77573288594181,1
635,2,0.00103801222001126,0.00123976937075279,0.00161694077243091,50.0618298922846,623.315660420329,636.710383286301,13.3947228659717,6.71038328630107,1
636,2,0.00104683677701673,0.00118073493291818,0.00157797408709017,48.4398800180991,623.429960110536,636.948001901104,13.5180417905683,6.94800190110413,1
637,2,0.0010523066428755,0.00112129573520927,0.00153774295525566,46.8179301439137,623.566802115683,637.165722382674,13.5989202669905,7.16572238267395,1
638,2,0.00105440428886583,0.00106164225636612,0.00149627961453761,45.1959802697285,623.725750519582,637.362843261585,13.6370927420026,7.36284326158466,1
639,2,0.00105312299287537,0.00100196566181368,0.00145361728992762,43.5740303955431,623.906298922511,637.53872932679,13.6324304042794,7.53872932679019,1
640,2,0.00104846686094282,0.000942457191053476,0.00140979016717513,41.9520805213577,624.107872026162,637.692813706434,13.5849416802721,7.69281370643432,1
641,2,0.00104045081409971,0.000883307544817842,0.00136483336539406,40.3301306471722,624.329827435277,637.824599725909,13.4947722906321,7.82459972590948,1
642,2,0.00102910054055453,0.000824706273950725,0.00131878290892145,38.7081807729868,624.571457670752,637.933662536736,13.3622048659836,7.9336625367356,1
643,2,0.00101445241337233,0.000766841171973413,0.00127167569845087,37.0862308988016,624.831992388295,638.019650510506,13.1876581222108,8.01965051050581,1
644,2,0.00099655337391363,0.000709897673281749,0.00122354948146345,35.4642810246161,625.110600796193,638.082286393046,12.9716855968535,8.08228639304639,1
645,2,0.00097546078140628,0.000654058258903458,0.00117444282198052,33.8423311504307,625.406394265062,638.121368214728,12.7149739496662,8.12136821472836,1
646,2,0.000951242229132155,0.000599501871719765,0.00112439506966182,32.2203812762453,625.718429121877,638.136769953731,12.4183408318544,8.13676995373146,1
647,2,0.00092397532781786,0.000546403343025391,0.00107344632827424,30.5984314020601,626.045709620041,638.128441949916,12.0827323298753,8.12844194991612,1
648,2,0.000893747456923536,0.000494932832264494,0.00102163742355624,28.9764815278747,626.387191076647,638.096411067884,11.7092199912361,8.09641106788354,1
649,2,0.000860655484626823,0.000445255281738072,0.000969009870503847,27.3545316536892,626.741783167561,638.040780608606,11.2989974410441,8.04078060860559,1
650,2,0.00082480545739927,0.00039752988803016,0.000915605840104185,25.7325817795038,627.108353370448,637.961729969964,10.8533765995168,7.96172996996438,1
651,2,0.000786312260170022,0.000351909591846762,0.000861468125543506,24.1106319053186,627.485730545364,637.859514057401,10.3737835120363,7.85951405740059,1
652,2,0.000745299248165776,0.000308540587902342,0.000806640107916531,22.4886820311331,627.872708642052,637.734462446728,9.86175380467535,7.73446244672778,1
653,2,0.000701897851606882,0.000267561856424546,0.000751165721464782,20.8667321569477,628.268050522647,637.586978302066,9.31892777941937,7.5869783020662,1
654,2,0.000656247154526294,0.000229104717778412,0.000695089418371611,19.2447822827623,628.670491888093,637.41753705271,8.7470451646177,7.41753705271049,1
655,2,0.000608493449061143,0.000193292411637378,0.000638456133142222,17.6228324085769,629.078745296183,637.226684833557,8.14793953737433,7.22668483355733,1
656,2,0.000558789766645238,0.000160239702049667,0.000581311246597213,16.0008825343917,629.49150425874,637.015036694556,7.52353243581672,7.01503669455644,1
657,2,0.000507295387604803,0.000130052509665617,0.000523700549508431,14.3789326602062,629.907447405225,636.783274585453,6.87582718022827,6.78327458545289,1
658,2,0.000454175330729082,0.000102827572304592,0.000465670205906419,12.7569827860208,630.325242699717,636.532145122858,6.2069024231406,6.53214512285774,1
659,2,0.000399599824451413,7.86521349491337e-05,0.000407266716088679,11.1350329118354,630.743551697942,636.262457147381,5.51890544943888,6.26245714738127,1
660,2,0.00034374376133553,5.76036701598621e-05,0.000348536879358532,9.51308303765017,631.161033830914,635.975079079349,4.81404524843481,5.97507907934857,1
661,2,0.000286786137615157,3.97496298070441e-05,0.000289527756524339,7.8911331634647,631.576350701506,635.670936082215,4.09458538070874,5.67093608221501,1
662,2,0.00022890947958306,2.51472289144765e-05,0.000230286632189245,6.2691832892793,631.988170380183,635.351007043471,3.36283666328814,5.35100704347064,1
663,2,0.000170299258667606,1.38432623083152e-05,0.00017086097686152,4.64723341509388,632.395171686045,635.016321383417,2.62114969737172,5.01632138341665,1
664,2,0.000111143297071391,5.87395465847032e-06,0.000111298408915982,3.02528354090862,632.796048439323,634.667955702717,1.87190726339452,4.66795570271745,1
665,2,5.16311658765398e-05,1.26484439309359e-06,5.16466564368837e-05,1.40333366672321,633.189513671434,634.30703028019,1.11751660875598,4.30703028018957,1
666,2,-8.04642245438327e-06,3.07018581853242e-08,8.04648102703904e-06,179.781383792539,633.471499917777,634.036128774162,0.564628856385184,4.03612877416242,1
667,2,-6.76982252351967e-05,2.17548198456845e-06,6.77331707648521e-05,178.159433918352,633.084248321178,634.405497018653,1.32124869747463,4.40549701865302,1
668,2,-0.000127133082412037,7.69231161392358e-06,0.000127365585232242,176.537484044167,632.68865969847,634.763149319025,2.07448962055423,4.76314931902471,1
669,2,-0.000186160529154532,1.6563511524504e-05,0.000186895940376236,174.915534169982,632.286004356999,635.107935785836,2.82193142883659,5.10793578583559,1
670,2,-0.000244591406218993,2.876065308593e-05,0.000246276533925004,173.293584295796,631.877574855686,635.438747561834,3.56117270614766,5.43874756183379,1
671,2,-0.000302238466127793,4.4244649361528e-05,0.00030545978361219,171.671634421611,631.464681834696,635.754520426095,4.28983859139873,5.75452042609459,1
672,2,-0.000358916973222276,6.2965880366252e-05,0.000364398265305061,170.049684547425,631.048649792557,636.054238257015,5.00558846445847,6.05423825701507,1
673,2,-0.000414445295666285,8.48643520787904e-05,0.000423044751005928,168.42773467324,630.63081282463,636.336936342401,5.70612351777129,6.33693634240149,1
674,2,-0.000468645487503231,0.000109869888698304,0.000481352246696449,166.805784799055,630.212510336718,636.60170452535,6.38919418863202,6.60170452534965,1
675,2,-0.000521343858901323,0.00013790235752965,0.00053927402999436,165.183834924869,629.795082747755,636.847690175139,7.0526074273846,6.84769017513929,1
676,2,-0.000572371532759703,0.00016887192577647,0.000596763687592622,163.561885050684,629.379867195369,637.074100972909,7.69423377754072,7.07410097290949,1
677,2,-0.000621564985891667,0.000202679348419196,0.000653775152450855,161.939935176499,628.96819325808,637.280207502532,8.31201424445203,7.28020750253177,1
678,2,-0.000668766573050786,0.000239216286255469,0.000710262740709346,160.317985302313,628.561378707735,637.465345637674,8.90396692993954,7.46534563767443,1
679,2,-0.000713825032120524,0.000278365653083713,0.000766181188295947,158.696035428128,628.160725305626,637.628918716799,9.46819341117327,7.62891871679949,1
680,2,-0.000756595968848554,0.00032000199091737,0.000821485687196656,157.074085553942,627.767514655524,637.770399498503,10.0028848429788,7.77039949850268,1
681,2,-0.000796942319572295,0.00036399187202732,0.000876131921360718,155.452135679757,627.383004126565,637.88933189038,10.5063277638154,7.88933189038005,1
682,2,-0.000834734790452884,0.000410194326524148,0.000930076102211545,153.830185805572,627.008422858719,637.985332445366,10.9769095866476,7.98533244536634,1
683,2,-0.000869852271809935,0.000458461294109949,0.000983275003734903,152.208235931386,626.644967863152,638.058091620308,11.4131237571565,8.05809162030835,1
684,2,-0.000902182226229412,0.000508638098552103,0.00103568599711638,150.586286057201,626.293800229482,638.107374792351,11.813574562869,8.10737479235138,1
685,2,-0.000931621049200807,0.000560563943358427,0.00108726708490028,148.964336183016,625.956041451568,638.133023029577,12.1769815780092,8.13302302957698,1
686,2,-0.000958074401127956,0.000614072427065303,0.0011379769346426,147.34238630883,625.63276988293,638.134953613149,12.5021837302195,8.13495361314904,1
687,2,-0.00098145750964954,0.000668992076487523,0.00118777491203113,145.720436434645,625.325017332616,638.113160309182,12.7881429765653,8.11316030918158,1
688,2,-0.00100169544130041,0.000725146896220883,0.00123662111344615,144.098486560459,625.03376581171,638.067713389309,13.0339475775994,8.06771338930912,1
689,2,-0.00101872334164325,0.000782356932636759,0.00128447639793559,142.476536686274,624.759944440232,637.998759399933,13.2388149597012,7.99875939993285,1
690,2,-0.00103248664310098,0.000840438850561139,0.00133130241857906,140.854586812089,624.504426523691,637.906520680935,13.4020941572442,7.90652068093516,1
691,2,-0.00104294123982389,0.00089920652079021,0.00137706165321565,139.232636937903,624.268026807931,637.791294635554,13.5232678276226,7.79129463555387,1
692,2,-0.00105005362903119,0.000958471616559605,0.0014217174345108,137.610687063718,624.051498920403,637.653452753981,13.6019538335772,7.65345275398067,1
693,2,-0.00105380101837394,0.00101804421705602,0.00146523397933816,135.988737189533,623.855533005402,637.493439394137,13.6379063887354,7.49343939413689,1
694,2,-0.00105417139897536,0.00107773341603708,0.00150757641745307,134.366787315347,623.680753560201,637.31177032387,13.6310167636684,7.31177032386972,1
695,2,-0.0010511635839145,0.00113734793360916,0.00154871081943434,132.744837441162,623.527717478411,637.109031029708,13.5813135512965,7.10903102970781,1
696,2,-0.00104478721202976,0.00119669672920249,0.00158860422387228,131.122887566976,623.396912306257,636.885874798078,13.4889624918206,6.88587479807813,1
697,2,-0.0010350627170304,0.00125558961377948,0.00162722466378102,129.500937692791,623.288754716866,636.643020575675,13.3542658588095,6.7112452831343,1
698,2,-0.0010220212620146,0.0013138378593141,0.00166454119221393,127.878987818606,623.203589206959,636.381250616458,13.1776614094991,6.79641079304088,1
699,2,-0.00100570463960432,0.0013712548035894,0.00170052390706178,126.25703794442,623.141687019737,636.101407923414,12.9597209036779,6.85831298026346,1
700,2,-0.000986165138016752,0.00142765644837482,0.00173514397501354,124.635088070235,623.10324529707,635.804393493983,12.7011481969133,6.89675470293037,1
701,2,-0.000963465373501549,0.00148286204906665,0.00176837365466086,123.01313819605,623.088386463425,635.49116337863,12.4027769152048,6.91161353657492,1
702,2,-0.00093767808968095,0.0015366946939018,0.0018001863187275,121.391188321864,623.097157843316,635.162725562696,12.0655677193804,6.90284215668407,1
703,2,-0.000908885924435698,0.0015889818708889,0.00183055647540603,119.769238447679,623.129531513373,634.820136682234,11.6906051688603,6.87046848662658,1
704,2,-0.000877181145083825,0.00163955602063994,0.0018594597887847,118.147288573493,623.18540438946,634.464498585006,11.2790941955466,6.81459561054032,1
705,2,-0.000842665352701009,0.00168825507333071,0.00188687309834806,116.525338699308,623.264598548592,634.096954748401,10.8323561998094,6.73540145140794,1
706,2,-0.000805449156529943,0.00173492296806947,0.00191277443753564,114.903388825123,623.366861784731,633.718686566357,10.3518247816256,6.63313821526901,1
707,2,-0.000765651819522172,0.00177941015300941,0.00193714305134407,113.281438950937,623.491868396848,633.330909517827,9.83904112097991,6.50813160315249,1
708,2,-0.000723400876148249,0.00182157406460221,0.00195995941295821,111.659489076752,623.639220206992,632.934869229676,9.29564902268442,6.36077979300819,1
709,2,-0.000678831723701041,0.00186127958445688,0.0019812052393982,110.037539202567,623.808447805446,632.531837447113,8.72338964166772,6.19155219455433,1
710,2,-0.000632087188401801,0.00189839947233992,0.00200086350616982,108.415589328381,623.999012019326,632.123107925112,8.12409590578636,6.00098798067404,1
711,2,-0.000583317067699544,0.00193281477392915,0.00201891846090633,106.793639454196,624.210305600423,631.709992254348,7.49968665392419,5.78969439957666,1
712,2,-0.000532677650230398,0.0019644152020145,0.00203535563599108,105.17168958001,624.441655127351,631.293815635441,6.8521605080897,5.55834487264883,1
713,2,-0.000480331214975381,0.00199309948992415,0.00205016186015047,103.549739705825,624.692323116471,630.875912615308,6.18358949883657,5.30767688352898,1
714,2,-0.000426445511221455,0.00201877571604358,0.0020633252690083,101.92778983164,624.961510335444,630.457622799473,5.49611246402935,5.03848966455644,1
715,2,-0.00037119322099249,0.00204136159838733,0.00207483531459276,100.305839957454,625.248358312601,630.040286554277,4.79192824167569,4.75164168739877,1
716,2,-0.000314751405672785,0.00206078475827976,0.00208468277378866,98.6838900832689,625.551952034778,629.62524071276,4.07328867798208,4.44804796522203,1
717,2,-0.000257300938596463,0.00207698295229959,0.00209285975572797,97.0619402090835,625.871322825632,629.213814297985,3.34249147235323,4.12867717436791,1
718,2,-0.000199025925421172,0.00208990427174503,0.0020993597081129,95.4399903348981,626.205451395906,628.807324277402,2.60187288149541,3.79454860409351,1
719,2,-0.000140113114143413,0.00209950730898035,0.00210417742246629,93.8180404607127,626.553271056556,628.407071361693,1.85380030513647,3.44672894344387,1
720,2,-8.07512966462853e-05,0.00210576129013065,0.00210730903830519,92.1960905865274,626.913671085127,628.014335861295,1.10066477616874,3.08632891487332,1
721,2,-2.11307036973397e-05,0.00210864617369983,0.00210875204623438,90.574140712342,627.285500235252,627.630373613576,0.344873378324223,2.71449976474787,1
722,2,3.85576046645272e-05,0.00210815271479549,0.0021085052899571,88.9521908381566,627.175800349114,627.741524819895,0.56572447078122,2.8241996508865,1
723,2,9.81223513997434e-05,0.00210428249475508,0.00210656896720162,87.3302409639712,626.807187666905,628.128177399682,1.32098973277687,3.19281233309493,1
724,2,0.000157372655434083,0.00209704791607841,0.00210294462956284,85.7082910897859,626.450344289371,628.523239248313,2.07289495894213,3.54965571062917,1
725,2,0.000216118643355825,0.00208647216268255,0.00209763518125892,84.0863412156005,626.106409999222,628.925446965032,2.8190369658098,3.89359000077752,1
726,2,0.000274172057883682,0.00207258912560673,0.00209064487680415,82.4643913414151,625.776483016174,629.333513857366,3.55703084119216,4.22351698382568,1
727,2,0.000331346861155756,0.00205544329440521,0.00208197931759974,80.8424414672297,625.461616528176,629.746134035914,4.28451750773843,4.5383834718242,1
728,2,0.000387459830906109,0.00203508961457606,0.00207164544744537,79.2204915930442,625.162815368752,630.161986576016,4.999171207264,4.83718463124796,1
729,2,0.000442331147618485,0.002011593311483,0.00205965154697503,77.598541718859,624.881032850483,630.579739733277,5.69870688279354,5.11896714951661,1
730,2,0.000495784970775613,0.00198502968133428,0.0020460072270217,75.9765918446736,624.617167764022,630.998055199665,6.38088743564299,5.38283223597796,1
731,2,0.000547650002357356,0.0019554838498886,0.00203072342091609,74.3546419704882,624.372061551643,631.415592386696,7.04353083505305,5.62793844835744,1
732,2,0.000597760035782047,0.00192305049966128,0.00201381237572562,72.7326920963027,624.146495663641,631.831012722035,7.68451705839391,5.85350433635892,1
733,2,0.000645954488531775,0.00188783356650484,0.00199528764244074,71.1107422221175,623.941189105405,632.242983945795,8.3017948403899,6.05881089459456,1
734,2,0.000692078916754835,0.00184994590653636,0.00197516406511641,69.4887923479321,623.756796182385,632.650184392623,8.89338821023796,6.24320381761527,1
735,2,0.000735985510196172,0.00180950893447899,0.00195345776897736,67.8668424737467,623.593904449505,633.05130724571,9.4574027962052,6.40609555049525,1
736,2,0.000777533565869864,0.00176665223457655,0.00193018614749683,66.2448925995612,623.45303287107,633.445064748901,9.99203187783064,6.54696712892974,1
737,2,0.000816589938955633,0.00172151314532814,0.00190536784845897,64.622942725376,623.334630196474,633.830192363027,10.4955621665521,6.66536980352555,1
738,2,0.000853029469474503,0.00167423631937339,0.00187902275901622,63.0009928511906,623.239073556436,634.205452852818,10.966379296382,6.76092644356379,1
739,2,0.000886735383376201,0.00162497325993893,0.00185117198975349,61.3790429770052,623.166667283823,634.569640290836,11.4029730070131,6.83333271617721,1
740,2,0.000917599666753076,0.00157388183533144,0.00182183785777209,59.7570931028197,623.117641962482,634.921583965105,11.8039420026233,6.88235803751832,1
741,2,0.000945523411981258,0.00152112577303314,0.00179104386880677,58.1351432286345,623.092153706788,635.260152177358,12.16799847057,6.90784629321195,1
742,2,0.000970417134679846,0.00146687413502102,0.00175881469839034,56.5131933544491,623.090283674036,635.584255919141,12.4939722451046,6.90971632596381,1
743,2,0.000992201060472376,0.0014113007759912,0.00172517617208095,54.8912434802636,623.112037811014,635.892852413349,12.7808146023349,6.88796218898608,1
744,2,0.00101080538063164,0.00135458378622444,0.00169015524476777,53.2692936060782,623.157346835532,636.184948509198,13.0276016736655,6.84265316446772,1
745,2,0.0010261704757886,0.00129690492087838,0.00165377997907181,51.6473437318928,623.226066452951,636.459603919037,13.2335374660855,6.77393354704884,1
746,2,0.00103824710698851,0.00123844901753533,0.00161607952285902,50.0253938577076,623.317977807067,636.715934285983,13.3979564789161,6.71593428598339,1
747,2,0.00104699657348198,0.00117940340387206,0.00157708408588383,48.4034439835222,623.432788164078,636.953114071785,13.5203259077072,6.95311407178542,1
748,2,0.0010523908367453,0.00111995729734996,0.00153682491558177,46.7814941093367,623.570131827644,637.170379255031,13.6002474273871,7.17037925503121,1
749,2,0.00105441261033267,0.00106030119884903,0.00149533427203058,45.1595442351513,623.729571282397,637.367029830321,13.6374585479236,7.36702983032069,1
750,2,0.00105305541527229,0.00100062628218919,0.00145264540209992,43.5375943609661,623.910598562636,637.542432099779,13.6318335371427,7.54243209977915,1
751,2,0.00104832360082886,0.000941123781494975,0.00140879251281024,41.9156444867806,624.112636842177,637.696020748929,13.5833839067518,7.69602074892907,1
752,2,0.00104023233056598,0.000881984378367073,0.00136381074392244,40.2936946125952,624.335042240816,637.827300699674,13.4922584588575,7.82730069967363,1
753,2,0.00102880753375295,0.000823397590824381,0.00131773613977997,38.6717447384098,624.577105842103,637.935848733958,13.3587428918546,7.93584873395787,1
754,2,0.00101408582227192,0.000765551165974956,0.00127060562042616,37.0497948642246,624.838055916557,638.021314882375,13.1832589658183,8.02131488237535,1
755,2,0.000996114373291549,0.00070863047836195,0.00122245695201978,35.4278449900391,625.117060343822,638.083423572896,12.9663632290736,8.08342357289609,1
756,2,0.000974950778083084,0.000652817935912749,0.00117332871657272,33.8058951158537,625.41322922664,638.121974535654,12.7087453090139,8.12197453565432,1
757,2,0.000950662857463523,0.000598292395394846,0.00112326028103375,32.1839452416683,625.725617688934,638.136843460633,12.411225771699,8.13684346063337,1
758,2,0.000923328444457139,0.000545228589251789,0.00107229176574342,30.5619953674829,626.053228849734,638.12798240593,12.0747535561957,8.12798240592986,1
759,2,0.000893035134871921,0.000493796565655931,0.00102046401228525,28.9400454932976,626.395016964079,638.095419955141,11.700402991062,8.09541995514087,1
760,2,0.000859880006590203,0.000444161143572358,0.000967818550758908,27.3180956191122,626.749890721538,638.039261123374,11.289370401836,8.0392611233741,1
761,2,0.000823969308473088,0.000396481384580381,0.00091439756650179,25.6961457449268,627.116716692454,637.959687012142,10.8429703196883,7.95968701214247,1
762,2,0.000785418119875533,0.000350910083145077,0.000860243866285428,24.0741958707414,627.494322911486,637.856954214421,10.362631302935,7.85695421442108,1
763,2,0.000744349981863279,0.000307593276972447,0.000805400844014031,22.4522459965561,627.881502587629,637.731393971925,9.84989138429614,7.73139397192472,1
764,2,0.000700896501313363,0.000266669779017243,0.000749912445952471,20.8302961223707,628.277017929381,637.583411087589,9.30639315820849,7.5834110875893,1
765,2,0.000655196929167,0.000228270732643264,0.000693823135511752,19.2083462481853,628.679604073362,637.413482597062,8.73387852370001,7.4134825970624,1
766,2,0.000607397714186264,0.000192519191361566,0.000637177857619997,17.5863963739999,629.087973104242,637.222156203881,8.13418309963868,7.2221562038809,1
767,2,0.000557652033644673,0.000159529724493417,0.000580022002707643,15.9644464998146,629.500818153584,637.010048483812,7.50923033022787,7.01004848381228,1
768,2,0.000506119302455565,0.000129408050021657,0.000522401370335602,14.3424966256292,629.916817564789,636.777842864621,6.86102529983134,6.77784286462054,1
769,2,0.000452964662311404,0.000102250695807072,0.000464362132495658,12.7205467514438,630.3346391111,636.526287388326,6.1916482772258,6.52628738832561,1
770,2,0.000398358452471007,7.81446902553828e-05,0.000405950796612355,11.0985968772584,630.752944253409,636.256192263731,5.5032480103215,6.25619226373078,1
771,2,0.000342475663890686,5.71672834261811e-05,0.000347214168276146,9.47664700307316,631.170392424325,635.968427217702,4.79803479337784,5.96842721770236,1
772,2,0.000285495378448538,3.93856994775311e-05,0.000288199313737573,7.85469712888775,631.585645324869,635.663918654386,4.07827332951683,5.66391865438595,1
773,2,0.000227600195059038,2.48569212395733e-05,0.000228953522192655,6.2327472547023,631.997371220046,635.34364663212,3.34627541207431,5.34364663212,1
774,2,0.000168975644516879,1.36275076074454e-05,0.000169524267889543,4.61079738051684,632.404249219387,635.008641668472,2.60439244908559,5.00864166847248,1
775,2,0.000109809594945344,5.73344433873807e-06,0.000109959172086943,2.98884750633146,632.804973528649,634.659981384302,1.85500785565375,4.65998138430245,1
776,2,5.02916497544878e-05,1.20002873360385e-06,5.03059648947274e-05,1.36689763214633,633.198257658755,634.298786998312,1.10052933955751,4.29878699831204,1
777,2,-9.38745996162842e-06,4.17885670765412e-08,9.38755297271419e-06,179.744947757961,633.462901161795,634.044546499841,0.581645338046314,4.04454649984086,1
778,2,-6.90364866413872e-05,2.26243553339434e-06,6.90735484996189e-05,178.122997883775,633.075448514863,634.413664455978,1.33821594111521,4.41366445597816,1
779,2,-0.00012846427912722,7.85485335150779e-06,0.000128704194697959,176.50104800959,632.679687104281,634.771040212757,2.09135310847591,4.77104021275693,1
780,2,-0.000187480395228229,1.6801120569901e-05,0.000188231708931671,174.879098135405,632.276887782593,635.115524761966,2.83863697937318,5.11552476196641,1
781,2,-0.0002458957120109,2.90725679976457e-05,0.000247608391205397,173.257148261219,631.868343560921,635.446010210012,3.57766664909104,5.4460102100121,1
782,2,-0.000303523031862047,4.46298705776287e-05,0.000306786662386918,171.635198387034,631.455365437275,635.761433379016,4.30606794174105,5.7614333790159,1
783,2,-0.000360177682381965,6.34231734075604e-05,0.000365719102332828,170.013248512848,631.03927817269,636.060779266504,5.0215010938133,6.06077926650369,1
784,2,-0.000415678108185232,8.53922515048953e-05,0.000424358487886749,168.391298638663,630.621416028948,636.343084351926,5.72166832297762,6.34308435192611,1
785,2,-0.000469846452712779,0.000110466702803708,0.00048265783071976,166.769348764478,630.203118481811,636.60743973872,6.40432125690859,6.60743973871968,1
786,2,-0.000522509128190644,0.000138566173765003,0.000540570414982562,165.147398890292,629.785725923615,636.852994121155,7.06726819754022,6.85299412115478,1
787,2,-0.000573497371909045,0.000169600616877527,0.000598049834739397,163.525449016107,629.370575369061,637.078956565742,7.70838119668144,7.07895656574237,1
788,2,-0.000622647787039039,0.000203470579223844,0.000655050031153574,161.903499141922,628.958996177936,637.28459909761,8.32560291967354,7.28459909760954,1
789,2,-0.000669802866253676,0.000240067521186965,0.00071152532939488,160.281549267736,628.552305808392,637.469259082907,8.91695327451453,7.46925908290689,1
790,2,-0.000714811496475708,0.000279274164276216,0.000767430475239301,158.659599393551,628.151805614192,637.63234139894,9.48053578474742,7.6323413989395,1
791,2,-0.000757529443134234,0.00032096486695764,0.000822720671331648,157.037649519365,627.758776699169,637.773320384498,10.0145436853292,7.77332038449777,1
792,2,-0.000797819812378554,0.000365006027284634,0.000877351613082156,155.41569964518,627.374475841838,637.891741563558,10.5172657217197,7.89174156355762,1
793,2,-0.000835553489767932,0.000411256511038483,0.000931279524168182,153.793749770995,627.000131502856,637.987223136334,10.9870916334773,7.9872231363338,1
794,2,-0.000870609554031507,0.000459568104006834,0.000984461191612639,152.171799896809,626.636939927655,638.059457232464,11.4225173048088,8.05945723246407,1
795,2,-0.00090287566457234,0.000509785986950646,0.00103685400041095,150.549850022624,626.286061356243,638.108210921904,11.8221495656613,8.10821092190406,1
796,2,-0.000932248421473895,0.000561749231737646,0.0010884159676789,148.927900148439,625.948616351764,638.133326980012,12.1847106282488,8.1333269800125,1
797,2,-0.00095863369685521,0.000615291317052312,0.00113910577629396,147.305950274253,625.625682258984,638.134724404094,12.5090421451098,8.13472440409384,1
798,2,-0.000981946936512933,0.000670240662029783,0.00118888280800307,145.684000400068,625.318289803414,638.11239867962,12.794108876206,8.11239867961967,1
799,2,-0.00100211343088355,0.000726421176103539,0.00123770717597049,144.062050525882,625.027419841316,638.066421795161,13.0390019538459,8.06642179516143,1
800,2,-0.00101906855445751,0.000783652823304919,0.00128553975673952,142.440100651697,624.754000270323,637.996942005993,13.24294173567,7.99694200599288,1
801,2,-0.00103275797287803,0.000841752199206038,0.00133234222158248,140.818150777512,624.498903109898,637.904183347186,13.4052802372883,7.90418334718606,1
802,2,-0.00104313781706084,0.000900533118657261,0.00137807706721396,139.196200903326,624.262941760282,637.78844489793,13.5255031376481,7.78844489793016,1
803,2,-0.00105017482377701,0.000959807212435811,0.00142270764584256,137.574251029141,624.04686844804,637.650099799632,13.6032313515917,7.65009979963213,1
804,2,-0.00105384644224816,0.00101938453089337,0.00146619819453709,135.952301154956,623.851371865753,637.489594031278,13.6382221655249,7.48959403127799,1
805,2,-0.00105414090641274,0.00107907415266841,0.00150851386388383,134.33035128077,623.677075012715,637.307444946335,13.6303699336192,7.30744494633473,1
806,2,-0.00105105727263143,0.00113868479651239,0.00154962074591168,132.708401406585,623.524533243031,637.104239576316,13.5797063332843,7.10423957631554,1
807,2,-0.00104460542271119,0.00119802543426931,0.00158948590126299,131.086451532399,623.394232526739,636.880632706968,13.486400180229,6.88063270696807,1
808,2,-0.00103480603223803,0.00125690590304416,0.00162807738558813,129.464501658214,623.286587929038,636.637344733763,13.3507568047252,6.71341207096168,1
809,2,-0.00102169050432002,0.00131513751459857,0.00166536427514289,127.842551784029,623.201942312033,636.375159304189,13.1732169921556,6.79805768796712,1
810,2,-0.00100530086895302,0.00137253366002078,0.00170131669156796,126.220601909843,623.140565262731,636.094920754998,12.9543554922669,6.85943473726888,1
811,2,-0.000985689648331391,0.00142891040773224,0.00173590582583076,124.598652035658,623.102652250419,635.79753135334,12.6948791029201,6.8973477495806,1
812,2,-0.000962919688535468,0.00148408709291433,0.0017691039613104,122.976702161473,623.088324015819,635.48394835124,12.3956243354203,6.91167598418053,1
813,2,-0.000937063958135156,0.00153788689646656,0.0018008844960073,121.354752287287,623.097626193794,635.155180863606,12.0575546698122,6.90237380620647,1
814,2,-0.000908205314354975,0.00159013741164066,0.00183122196385962,119.732802413102,623.130529170699,634.812286580456,11.681757409757,6.86947082930055,1
815,2,-0.000876436237549945,0.001640671196535,0.0018600920551495,118.110852538916,623.186928176784,634.456368324583,11.2694401477995,6.81307182321609,1
816,2,-0.00084185853484324,0.00168932631067852,0.00188747163598267,116.488902664731,623.266643613366,634.088570466381,10.8219268530141,6.73335638663355,1
817,2,-0.000804583013875258,0.00173594683398486,0.00191333876682585,114.866952790546,623.369421613875,633.710075207969,10.3406535940944,6.63057838612519,1
818,2,-0.000764729127709672,0.00178038336641362,0.00193767272008714,113.24500291636,623.4949348371,633.322098749158,9.82716391205781,6.50506516289988,1
819,2,-0.000722424592034374,0.00182249350673739,0.00196045399672525,111.623053042175,623.642783490402,632.925887348108,9.28310385770624,6.35721650959829,1
820,2,-0.000677804975884002,0.00186214230888052,0.00198166434187427,110.00110316799,623.812496579923,632.522713289844,8.71021670992116,6.18750342007729,1
821,2,-0.000631013267195701,0.00189920271436698,0.00200128675947149,108.379153293804,624.003533384173,632.113870776055,8.11033739188224,5.99646661582688,1
822,2,-0.000582199414590234,0.00193355595949176,0.00201930552587649,106.757203419619,624.215285146726,631.700671749721,7.48538660299505,5.78471485327373,1
823,2,-0.000531519846846922,0.0019650919559108,0.00203570620247066,105.135253545433,624.447076983131,631.284441668355,6.83736468522443,5.5529230168695,1
824,2,-0.000479136971612254,0.0019937096434299,0.00205047564722704,103.513303671248,624.698169996458,630.866515239646,6.16834524318767,5.30183000354191,1
825,2,-0.00042521865494869,0.00201931731386201,0.00206360202524112,101.891353797063,624.967763595325,630.448232133415,5.48046853808967,5.03223640467502,1
826,2,-0.000369937683391368,0.0020418329049151,0.00207507481821428,100.269403922877,625.254998007581,630.030932683737,4.77593467615634,4.74500199241936,1
827,2,-0.000313471210236717,0.00206118426316887,0.00208488483288221,98.6474540486919,625.558956982292,629.615953595074,4.05699661278163,4.44104301770778,1
828,2,-0.000256000187837312,0.00207730937529743,0.00209302420838158,97.0255041745065,625.878670672013,629.20462366614,3.32595299412685,4.12132932798659,1
829,2,-0.000197708787722348,0.00209015656679709,0.00209948642254901,95.4035543003211,626.213118686807,628.798259545124,2.58514085831678,3.78688131319268,1
830,2,-0.000138783810401885,0.00209968466758237,0.00210426629714733,93.7816044261357,626.561233310935,628.398161529687,1.83692821875218,3.43876668906489,1
831,2,-7.94140867462884e-05,0.0021058631439196,0.002107360002015,92.1596545519502,626.921902872547,628.005609424922,1.08370655237513,3.07809712745347,1
832,2,-1.97898728591946e-05,0.00210867219627525,0.00210876505813523,90.537704677765,627.293975256284,627.621858472273,0.327883215989004,2.70602474371628,1
833,2,3.98977596168717e-05,0.00210810282276548,0.00210848033962241,88.9157548035796,627.167398941021,627.750109381366,0.582710440344272,2.83260105897864,1
834,2,9.94575358082732e-05,0.00210415684800355,0.00210650607462435,87.2938049293942,626.7990378523,628.136964551472,1.33792669917182,3.20096214769967,1
835,2,0.000158698590569387,0.00209684691725269,0.00210284384513944,85.6718550552087,626.442472103228,628.532200893919,2.0897287906912,3.55752789677217,1
836,2,0.000217431080128673,0.00208619645590311,0.00209749658574897,84.0499051810235,626.098840581918,628.934554440312,2.835713858394,3.90115941808187,1
837,2,0.000275466790461692,0.00207223959440299,0.00209046858126563,82.4279553068381,625.769240534035,629.342738021692,3.57349748765682,4.23075946596452,1
838,2,0.000332619740441368,0.00205502105888419,0.00208176546330002,80.8060054326527,625.454724097197,629.755445364987,4.30072126778964,4.54527590280304,1
839,2,0.000388706777832784,0.00203459602783291,0.00207139420574805,79.1840555584672,625.156294981706,630.171355256011,5.0150602743048,4.84370501829403,1
840,2,0.000443548166222471,0.00201102995526487,0.00205936311920262,77.562105684282,624.874905307657,630.589135756068,5.71423044841083,5.12509469234294,1
841,2,0.000496968161001403,0.00198439836097143,0.00204568184429427,75.9401558100966,624.611452607777,631.007448458791,6.39599585101382,5.38854739222302,1
842,2,0.000548795572555801,0.00195478658850907,0.00203036134396609,74.3182059359112,624.366777004984,631.424952773781,7.05817576879724,5.63322299501579,1
843,2,0.000598864314861066,0.00192228953170756,0.00201341389468894,72.6962560617257,624.141658572995,631.840310223374,7.69865165037845,5.85834142700492,1
844,2,0.000647013937720734,0.00188701133057338,0.00199485307662424,71.0743061875403,623.936814887766,632.252188738737,8.31537385097147,6.06318511223424,1
845,2,0.000693090140944865,0.00184906503756288,0.00197469376274205,69.4523563133551,623.752898776975,632.659266941503,8.90636816452718,6.24710122302452,1
846,2,0.000736945268820161,0.00180857225529451,0.00195295210690316,67.8304064391696,623.590496274113,633.060238396988,9.46974212287546,6.40950372588725,1
847,2,0.000778438783287149,0.00176566274686142,0.00192964553091489,66.2084565649842,623.450124783169,633.453815825186,10.0036910420163,6.54987521683051,1
848,2,0.000817437714308202,0.0017204740199928,0.00190479271057079,64.5865066907988,623.33223145925,633.838735255704,10.5065037964545,6.66776854075022,1
849,2,0.000853817085983063,0.00167315088639693,0.00187841356068557,62.9645568166136,623.237191809816,634.213760112956,10.9765683031399,6.7628081901837,1
850,2,0.00088746031704639,0.0016238449976978,0.00185052921913712,61.3426069424282,623.165308520602,634.577685218078,11.412376697476,6.83469147939797,1
851,2,0.000918259594463833,0.00157271435945266,0.00182116202992855,59.7206570682427,623.116810509583,634.929340694237,11.8125301846536,6.88318949041707,1
852,2,0.000946116218929496,0.00151992282480769,0.0017903355252837,58.0987071940573,623.09185221176,635.267595762284,12.1757435505241,6.9081477882396,1
853,2,0.000970940921157541,0.00146563956941453,0.00175807440679053,56.4767573198721,623.090513096774,635.591362413964,12.5008493171903,6.90948690322602,1
854,2,0.000992654147954378,0.00141003854929025,0.00172440452560749,54.8548074456867,623.112797420763,635.89959895029,12.7868015295268,6.8872025792366,1
855,2,0.00101118631715467,0.00135329794335831,0.00168935286174874,53.2328575715012,623.158634213179,636.191313373081,13.032679159902,6.84136578682069,1
856,2,0.00102647804060419,0.00129559958245668,0.00165294750246478,51.6109076973158,623.227877498582,636.465566618113,13.2376891195308,6.77212250141804,1
857,2,0.00103848031447505,0.00123712836664309,0.00161521761973586,49.9889578231306,623.320306752777,636.721475618803,13.4011688660263,6.72147561880297,1
858,2,0.00104715467630319,0.00117807167266462,0.00157619344689618,48.3670079489452,623.435627591998,636.95821618994,13.5225885979421,6.95821618994046,1
859,2,0.00105247332824518,0.00111861875349061,0.0015359062544076,46.7450580747597,623.573472693132,637.175025721508,13.6015530283759,7.17502572150806,1
860,2,0.00105441922615912,0.00105896013183288,0.00149438832480233,45.1231082005743,623.733402942331,637.371205673295,13.6378027309645,7.37120567329509,1
861,2,0.00105298613422424,0.000999286989597049,0.00145167292681459,43.5011583263889,623.914908808709,637.546123861645,13.6312150529362,7.54612386164536,1
862,2,0.00104817864492424,0.000939790555221357,0.00140779428872207,41.8792084522036,624.117411939125,637.699216530392,13.5818045912673,7.69921653039194,1
863,2,0.00104001216433019,0.000880661490866349,0.00136278757091841,40.2572585780182,624.34026696944,637.829990198772,13.489723229332,7.82999019877241,1
864,2,0.00102851286273029,0.000822089281419324,0.0013166888377389,38.6353087038328,624.582763546988,637.938023279857,13.3552597328685,7.93802327985691,1
865,2,0.00101371759076461,0.000764261627271391,0.00126953502856168,37.0133588296474,624.844128558316,638.022967463816,13.1788389055002,8.02296746381649,1
866,2,0.000995673761333558,0.000707363842813172,0.00122136392820794,35.3914089554622,625.123528555746,638.084548861223,12.9610203054772,8.08454886122331,1
867,2,0.000974439197658662,0.000651578262576624,0.00117221413666447,33.7694590812767,625.420072375559,638.122568902306,12.702496526747,8.12256890230628,1
868,2,0.000950081947982326,0.000597083656926191,0.00112212503815317,32.1475092070913,625.73281394013,638.136904989065,12.4040910489344,8.13690498906465,1
869,2,0.000922680067500586,0.000544054659171603,0.00107113676957204,30.5255593329059,626.060755235693,638.127510897898,12.0667556622047,8.12751089789811,1
870,2,0.000892321368227575,0.000492661205938321,0.0010192901883331,28.9036094587206,626.402849456905,638.094416931365,11.6915674744602,8.09441693136466,1
871,2,0.000859103137593297,0.000443067992588917,0.000966626839622934,27.2816595845352,626.758004308779,638.037729818526,11.2797255097469,8.03772981852569,1
872,2,0.000823131826676534,0.000395433945440673,0.000913188923112093,25.6597097103498,627.125085456139,637.957632364227,10.832546908088,7.95763236422749,1
873,2,0.000784522709071905,0.000349911712470579,0.000859019259140104,24.0377598361644,627.502920110121,637.854382848553,10.3514627384319,7.85438284855331,1
874,2,0.000743399511484331,0.000306647174139921,0.000804161254403084,22.4158099619789,627.890300740907,637.728314178575,9.83801343766788,7.72831417857481,1
875,2,0.000699894017234676,0.000265778975906039,0.000748658867171528,20.7938600877937,628.285988905341,637.579832795365,9.29384389002348,7.57983279536484,1
876,2,0.000654145643947143,0.000227438083919334,0.00069255657206608,19.1719102136083,628.688719177741,637.409417340138,8.72069816239741,7.40941734013802,1
877,2,0.000606300996771855,0.000191747365329429,0.000635899324419615,17.5499603394229,629.097203171729,637.217617084168,8.12041391243872,7.21761708416784,1
878,2,0.000556513398574249,0.000158821194545305,0.000578732524254044,15.9280104652374,629.510133640712,637.005050128016,7.4949164873035,7.00505012801568,1
879,2,0.000504942398596921,0.000128765086711303,0.000521101979900845,14.3060605910522,629.92618864415,636.772401376334,6.84621273218386,6.77240137633407,1
880,2,0.000451753261168403,0.000101675359573477,0.000463053871294349,12.6841107168668,630.344035766612,636.52042029532,6.1763845287087,6.52042029532049,1
881,2,0.000397116436097451,7.76388248199455e-05,0.000404634712967341,11.0621608426814,630.762336376316,636.24991846063,5.48758208431389,6.24991846062983,1
882,2,0.000341207012449878,5.6732509884313e-05,0.000345891316778472,9.44021096849593,631.179749909624,635.96176690424,4.78201699461692,5.96176690424045,1
883,2,0.000284204157458489,3.90234111037036e-05,0.000286870754401452,7.81826109431074,631.594938167886,635.656893269459,4.06195510157295,5.65689326945881,1
884,2,0.000226290542364073,2.45682790224184e-05,0.000227620319606027,6.19631122012533,632.006569612799,635.336278783859,3.32970917105956,5.3362787838588,1
885,2,0.000167651757027536,1.34134365292638e-05,0.000168187490361039,4.57436134593988,632.413323646476,635.000955060583,2.58763141410611,5.00095506058256,1
886,2,0.000108475715188957,5.59463041129981e-06,0.00010861989078983,2.95241147175443,632.813894862325,634.652000738914,1.83810587658922,4.65200073891413,1
887,2,4.89520522795878e-05,1.13691679975731e-06,4.89652530085679e-05,1.33046159756928,633.20699725287,634.290537975603,1.08354072273244,4.29053797560277,1
888,2,-1.07284822835176e-05,5.45808752051239e-08,1.07286211220123e-05,179.708511723384,633.454297583473,634.052958897158,0.598661313684715,4.05295889715762,1
889,2,-7.03746363726807e-05,2.35109108929154e-06,7.04138983006706e-05,178.086561849198,633.066644514456,634.421825966072,1.35518145161586,4.42182596607222,1
890,2,-0.000129795268035832,8.01908804974757e-06,0.000130042752114999,176.464611975013,632.670710957504,634.778924599258,2.10821364175433,4.77892459925818,1
891,2,-0.000188799958029638,1.70404081042831e-05,0.000189567401365197,174.842662100828,632.267768308287,635.123106671618,2.85533836333082,5.1231066716183,1
892,2,-0.000247199620036645,2.93861415477889e-05,0.000248940148351623,173.220712226642,631.85911002802,635.453265255036,3.59415522701568,5.45326525503583,1
893,2,-0.000304807106610954,4.50167252663317e-05,0.000308113417095468,171.598762352457,631.446047470438,635.768338216428,4.32229074598945,5.76833821642776,1
894,2,-0.000361437808910533,6.38820695210228e-05,0.00036703979146182,169.976812478271,631.029905656918,636.067311674114,5.0374060171963,6.06731167411431,1
895,2,-0.000416910248294389,8.59217184655065e-05,0.00042567205315472,168.354862604086,630.612019013503,636.349223300774,5.73720428727108,6.3492233007737,1
896,2,-0.000471046657888658,0.000111065043882646,0.000483963219553644,166.732912729901,630.193727083746,636.613165461687,6.41943837794099,6.61316546168734,1
897,2,-0.000523673552258026,0.000139231471519587,0.000541866581361177,165.110962855715,629.776370231218,636.858288177519,7.08191794630136,6.85828817751906,1
898,2,-0.000574622283356776,0.000170330739295835,0.000599335740031596,163.48901298153,629.36128534553,637.08380190145,7.72251655592015,7.08380190145033,1
899,2,-0.00062372958097803,0.000204263186556962,0.000656324644950526,161.867063107345,628.949801565598,637.288980101076,8.33917853547814,7.28898010107594,1
900,2,-0.000670838075969126,0.00024092007344694,0.000712787630335739,160.245113233159,628.543236033753,637.473161636121,8.92992560236712,7.47316163612061,1
901,2,-0.00071579680453653,0.000280183929375695,0.000768679451829638,158.623163358974,628.142889694137,637.635752923718,9.49286322958028,7.63575292371775,1
902,2,-0.000758461692024089,0.000321928929465114,0.000823955322753969,157.001213484788,627.75004314859,637.776229883718,10.026186735128,7.77622988371832,1
903,2,-0.000798696014614419,0.000366021297767223,0.00087857094999787,155.379263610603,627.365952582989,637.894139657231,10.5281870742421,7.89413965723099,1
904,2,-0.000836370837473793,0.000412319735962333,0.00093248256951037,153.757313736418,626.991845776712,637.98910209239,10.9972563156775,7.98910209239,1
905,2,-0.000871365427936448,0.000460675876163363,0.000985646981368965,152.135363862232,626.628918207544,638.060810992128,11.4318927845844,8.06081099212827,1
906,2,-0.000903567642404287,0.000510934756375311,0.00103802158439617,150.513413988047,626.278329264024,638.109035119602,11.8307058555782,8.10903511960248,1
907,2,-0.000932874285722003,0.000562935317086132,0.00108956441029624,148.891464113862,625.941198576802,638.133618957705,12.1924203809024,8.13361895770481,1
908,2,-0.0009591914418761,0.000616510917397771,0.00114023415728481,147.269514239676,625.618602480172,638.134483220016,12.5158807398435,8.13448322001568,1
909,2,-0.000982434774957966,0.000671489869043252,0.00118999022318439,145.647564365491,625.31157061446,638.111625111372,12.8000544969123,8.11162511137218,1
910,2,-0.00100252979942657,0.000727695986578603,0.00123879273795938,144.025614491305,625.021082679553,638.065118337167,13.0440356576145,8.06511833716741,1
911,2,-0.00101941211880469,0.000784949151986351,0.00128660259566424,142.40366461712,624.748065349221,637.995112861295,13.247047512074,7.99511286129518,1
912,2,-0.0010330276320437,0.000843065891881409,0.00133338148577952,140.781714742935,624.493389355499,637.90183441365,13.4084450581512,7.90183441365048,1
913,2,-0.00104333270689576,0.000901859965469519,0.00137909192391048,139.159764868749,624.257866751732,637.785583748875,13.5277169971429,7.78558374887518,1
914,2,-0.00105029431973757,0.000961142961374182,0.00142369728182368,137.537814994564,624.04224836242,637.646735658976,13.6044872965562,7.64673565897624,1
915,2,-0.00105389016139785,0.00102072490141935,0.00146716181679756,135.915865120378,623.847221427321,637.485737743264,13.6385163159435,7.48573774326405,1
916,2,-0.00105410870864924,0.00108041484943315,0.00150945070026346,134.293915246193,623.673407446775,637.303108939967,13.6297014931926,7.30310893996716,1
917,2,-0.00105094926113565,0.00114002152312159,0.00155053004571406,132.671965372008,623.521360234505,637.099437824617,13.5780775901126,7.0994378246171,1
918,2,-0.00104442194361655,0.00119935390705141,0.00159036693585703,131.050015497822,623.391564183591,636.875380681197,13.4838164976062,6.87538068119716,1
919,2,-0.00103454767352129,0.00125822186477782,0.00162892944899197,129.428065623637,623.284432750648,636.631659352764,13.3472266021157,6.71556724935215,1
920,2,-0.00102135809391704,0.00131643674815531,0.00166618668458956,127.806115749452,623.200307162625,636.369058879036,13.1687517164116,6.79969283737523,1
921,2,-0.00100489547210554,0.00137381200187922,0.00170210878805251,126.184165875266,623.139455349913,636.088424929151,12.9489695792385,6.86054465008715,1
922,2,-0.000985212564173378,0.00143016376132047,0.00173666697463831,124.562216001081,623.102071108906,635.790661038471,12.6885899295658,6.89792889109435,1
923,2,-0.00096237244592991,0.00148531144173784,0.00176983355252477,122.940266126895,623.088273496386,635.476725659008,12.3884521626225,6.91172650361432,1
924,2,-0.000936448310774667,0.00153907831697942,0.00180158194499971,121.31831625271,623.098106457493,635.147629033577,12.0495225760834,6.90189354250674,1
925,2,-0.000907523235141912,0.00159129208581898,0.00183188671175719,119.696366378525,623.131538688363,634.804429904429,11.6728912160668,6.86846131163747,1
926,2,-0.000875689912274067,0.00164178542411209,0.00186072356928306,118.074416504339,623.188463733787,634.448232067569,11.2597683337824,6.81153626621324,1
927,2,-0.000841050355177103,0.0016903965210028,0.00188806941031359,116.452466630154,623.268700319677,634.080180784523,10.8114804648459,6.73129968032333,1
928,2,-0.000803715569709886,0.00173696959746236,0.00191390232235155,114.830516755969,623.371992919319,633.701459063662,10.329466144343,6.62800708068073,1
929,2,-0.000763805198854988,0.00178135540549845,0.00193820160522492,113.208566881783,623.498012551845,633.313283823662,9.81527127181653,6.50198744815498,1
930,2,-0.000721447139311031,0.00182341170643494,0.00196094778767413,111.586617007598,623.646357810557,632.916901951938,9.27054414138104,6.35364218944312,1
931,2,-0.00067677713163514,0.00186300372672979,0.00198212264295461,109.964667133413,623.816556118201,632.513586271261,8.69703015305947,6.18344388179855,1
932,2,-0.000629938325249047,0.00190000458986996,0.00200170920344202,108.342717259227,624.008065205533,632.10463142793,8.09656622239663,5.99193479446694,1
933,2,-0.000581080819702708,0.00193429572295974,0.00201969177422861,106.720767385042,624.220274808873,631.691349715095,7.4710749062225,5.77972519112745,1
934,2,-0.000530361183665569,0.00196576723669918,0.00203605594569969,105.098817510856,624.452508581777,631.275066845003,6.82255826322546,5.54749141822288,1
935,2,-0.000477941953186916,0.00199431827753514,0.00205078860508021,103.476867636671,624.704026215191,630.857117683959,6.15309146876825,5.29597378480901,1
936,2,-0.000423991110833137,0.00201985735085641,0.00206387794694216,101.854917762486,624.974025759956,630.438841963908,5.46481620395184,5.02597424004409,1
937,2,-0.00036868154737114,0.00204230261419714,0.00207531348266436,100.2329678883,625.261646144807,630.021579984493,4.75993383968535,4.73835385519271,1
938,2,-0.00031219050772291,0.00206158213950908,0.00208508604883711,98.6110180141147,625.565969882497,629.606668319434,4.04069843693719,4.43403011750331,1
939,2,-0.000254699022966783,0.00207763414366204,0.00209318781460493,96.9890681399295,625.886025956011,629.19543554096,3.30940958494875,4.11397404398861,1
940,2,-0.000196391330205562,0.00209040718643402,0.00209961228794149,95.3671182657441,626.220792876365,628.789197975879,2.56840509951394,3.77920712363539,1
941,2,-0.000137454282160697,0.00209986033535641,0.00210435432085175,93.7451683915587,626.56920190282,628.389255506733,1.8200536039127,3.43079809718017,1
942,2,-7.80767483843742e-05,0.00210596329688613,0.00210741011349708,92.1232185173732,626.930140415908,627.996887431221,1.06674701531324,3.06985958409211,1
943,2,-1.84490100085279e-05,0.00210869651348426,0.00210877721724012,90.501268643188,627.302455433118,627.613348392853,0.31089295973436,2.69754456688179,1
944,2,4.12378500297472e-05,0.0021080512262901,0.00210845453660691,88.8793187690026,627.159002892916,627.758698797796,0.599695904879809,2.84099710708392,1
945,2,0.000100792559332166,0.00210402950318974,0.00210644233016468,87.2573688948172,626.790893991774,628.145755933937,1.35486194216276,3.20910600822606,1
946,2,0.00016002426899045,0.0020966442321894,0.00210274221031467,85.6354190206317,626.43460644605,628.541166132175,2.10655968612525,3.56539355394989,1
947,2,0.000218743165180363,0.0020859190801145,0.00209735714200011,84.0134691464463,626.091278247446,628.943664858501,2.85238661105552,3.90872175255413,1
948,2,0.000276761077438731,0.002071888416767,0.00209029144033034,82.3915192722611,625.762005665828,629.351964469549,3.58995880372072,4.2379943341715,1
949,2,0.000333892081674176,0.002054597204784,0.00208155076712314,80.7695693980757,625.447839786798,629.764758310664,4.31691852386666,4.55216021320223,1
950,2,0.000389953095979064,0.00203410085555056,0.00207114212636777,79.1476195238902,625.14978319585,630.180724880274,5.03094168442487,4.85021680415048,1
951,2,0.000444764467333465,0.00201046505162852,0.00205907385861267,77.5256696497048,624.868786819077,630.598532047524,5.72974522844709,5.13121318092294,1
952,2,0.000498150547320869,0.0019837655362702,0.00204535563428208,75.9037197755196,624.605746929854,631.016841309874,6.41109438002013,5.39425307014585,1
953,2,0.000549940255010793,0.00195408787069179,0.00202999844592701,74.2817699013342,624.36150233041,631.434312077189,7.0728097467786,5.6384976695897,1
954,2,0.000599967625204363,0.00192152715988402,0.00201301459941683,72.6598200271487,624.136831716653,631.849605968629,7.71277425197604,5.86316828334702,1
955,2,0.000648072340286106,0.00188618774783888,0.00199441770407842,71.0378701529633,623.932451233964,632.261391108589,8.32893987462478,6.06754876603554,1
956,2,0.000694100243977462,0.00184818288316908,0.0019742226617909,69.4159202787781,623.749012231221,632.668346407831,8.91933417660937,6.2509877687786,1
957,2,0.000737903835345724,0.00180763435619172,0.00195244565504461,67.7939704045927,623.587099219551,633.069165815916,9.48206659636458,6.41290078044869,1
958,2,0.000779342741485212,0.00176467210863931,0.0019291041339739,66.1720205304072,623.447228041811,633.462562531089,10.0153344892784,6.55277195818906,1
959,2,0.000818284167356041,0.00171943381724874,0.00190421680237418,64.5500706562218,623.329844258115,633.847273153799,10.517428895684,6.67015574188531,1
960,2,0.000854603321338849,0.00167206445256265,0.00187780360271436,62.9281207820366,623.235321752078,634.222061770158,10.98674001808,6.76467824792212,1
961,2,0.000888183815141795,0.0016227158143571,0.00184988570015676,61.3061709078512,623.163961561812,634.585723951847,11.4217623900352,6.83603843818787,1
962,2,0.000918918036778235,0.00157154604518434,0.00182048546559727,59.6842210336657,623.115990939074,634.9370906591,11.8210997200255,6.88400906092579,1
963,2,0.000946707495419906,0.00151871912358943,0.00178962645773929,58.0622711594803,623.091562639235,635.275032033734,12.1834693944986,6.90843736076454,1
964,2,0.000971463137020443,0.00146440433862496,0.00175733340421594,56.4403212852949,623.090754444161,635.598461069478,12.5077066253162,6.90924555583854,1
965,2,0.000993105629697805,0.00140877574734762,0.00172363218177554,54.8183714111096,623.113568919339,635.906337147175,12.7927682278362,6.88643108066083,1
966,2,0.00101156561796108,0.00135201161703532,0.0016885497955463,53.1964215369242,623.159933405968,636.197669422886,13.037736016918,6.84006659403167,1
967,2,0.00102678394496696,0.00129429385391223,0.00165211435739687,51.5744716627388,623.22970024804,636.471520057352,13.241819809312,6.77029975195978,1
968,2,0.00103871184209362,0.00123580742021237,0.00161435506340999,49.9525217885534,623.322647253714,636.727007275751,13.4043600220373,6.72700727575091,1
969,2,0.0010473110852246,0.00117673974145009,0.00157530217048741,48.3305719143681,623.438478389729,636.963308247268,13.5248298575393,6.96330824726817,1
970,2,0.0010525541172417,0.00111728010579648,0.00153498697210467,46.7086220401827,623.576824706777,637.179661774548,13.6028370677708,7.17966177454775,1
971,2,0.00105442413633448,0.00105761905748702,0.00149344177323538,45.0866721659973,623.737245493221,637.375370783716,13.6381252904954,7.37537078371645,1
972,2,0.00105291514984331,0.000997947786203753,0.00145069986446492,43.4647222918119,623.919229653798,637.549804606382,13.6305749525837,7.54980460638183,1
973,2,0.00104803199346343,0.000938457514389276,0.0014067954953143,41.8427724176266,624.122197309323,637.702401045625,13.5802037363025,7.70240104562515,1
974,2,0.00103979031574849,0.000879338884455602,0.00136176384679575,40.2208225434412,624.345501612744,637.832668218831,13.4871666060862,7.83266821883058,1
975,2,0.00102821652796324,0.000820781347851902,0.00131564100322176,38.5988726692558,624.588430776301,637.940186170891,13.3517553945901,7.94018617089091,1
976,2,0.00101334771944604,0.000762972557948719,0.00126846392329041,36.9769227950704,624.850210303796,638.02460825214,13.1743979483433,8.02460825213973,1
977,2,0.000995231538752399,0.000706097768684345,0.00122027041046994,35.3549729208849,625.130005421551,638.085662256199,12.955656834648,8.08566225619893,1
978,2,0.000973926040960558,0.000650339240900404,0.00117109908270651,33.7330230466997,625.426923700799,638.123151313721,12.696227612922,8.12315131372122,1
979,2,0.000949499501628254,0.00059587565826908,0.00112098934147917,32.1110731725143,625.74001786387,638.136954538926,12.3969366750559,8.13695453892558,1
980,2,0.000922030197997026,0.000542881554683804,0.00106998134022717,30.4891232983289,626.068288765793,638.127027426592,12.0587386607993,8.12702742659212,1
981,2,0.000891606158145101,0.000491526754948238,0.00101811595217451,28.8671734241434,626.410688542501,638.093401998188,11.6827134556873,8.09340199818837,1
982,2,0.000858324878892787,0.000441975830556052,0.000965434737577859,27.2452235499582,626.766123916203,638.036186696555,11.2700627803523,8.03618669655543,1
983,2,0.000822293013364336,0.000394387572305394,0.000911979910423877,25.6232736757728,627.133459648007,637.955566029566,10.8221063815588,7.95556602956628,1
984,2,0.000783626029207567,0.000348914481438248,0.000857794304602764,24.0013238015874,627.511522127403,637.851799963987,10.3402778365836,7.85179996398654,1
985,2,0.000742447838566442,0.00030570228093521,0.000802921339585001,22.3793739274019,627.89910308769,637.72522307169,9.826119984,7.7252230716897,1
986,2,0.000698890400992461,0.000264889448531915,0.000747404985628906,20.7574240532167,628.294963436044,637.576243431216,9.28127999517221,7.57624343121608,1
987,2,0.000653093300567305,0.000226606772953532,0.000691289728546801,19.1354741790313,628.697837186507,637.405341288551,8.7075041020438,7.40534128855074,1
988,2,0.000605203298591989,0.000190976934789489,0.00063462053405812,17.5135243048459,629.106435483735,637.213067481799,8.10663199806402,7.21306748179904,1
989,2,0.000555373863275857,0.000158114113351472,0.000577442811757903,15.8915744306604,629.519450705066,637.000041635294,7.48059093022721,7.00004163529354,1
990,2,0.000503764677932649,0.000128123620774625,0.000519802378729633,14.269624556475,629.93556062816,636.76695012944,6.83138950128011,6.76695012944003,1
991,2,0.000450541129259667,0.000101101564534481,0.00046174542283156,12.6476746822898,630.353432651057,636.514543853379,6.16111120232199,6.51454385337888,1
992,2,0.000395873777339856,7.71345394611207e-05,0.000403318465685871,11.0257248081044,630.77172805146,636.243635748276,5.47190769681606,6.24363574827646,1
993,2,0.000339937809065318,5.62993502375621e-05,0.000344568325400494,9.40377493391896,631.189106271665,635.955098149786,4.7659918781211,5.95509814978573,1
994,2,0.000282912476733711,3.86627652716053e-05,0.000285542079053246,7.78182505973351,631.604229215508,635.649859938845,4.04563072333667,5.649859938845,1
995,2,0.000224980523616688,2.42813027299255e-05,0.000226287024968516,6.15987518554832,632.015765543545,635.328903510653,3.31313796710867,5.32890351065339,1
996,2,0.000166327598341126,1.32010494200557e-05,0.000166850644816607,4.53792531136288,632.422394952615,634.99326157223,2.57086661961489,4.9932615722297,1
997,2,0.000107141659959932,5.45751310070336e-06,0.000107280565566248,2.91597543717745,632.822812425896,634.644013779507,1.8212013536114,4.64401377950696,1
998,2,4.76123756187938e-05,1.07550869364505e-06,4.76245213205888e-05,1.29402556299207,633.215732439614,634.282283225448,1.0665507858339,4.28228322544783,1
999,2,-1.20694872507845e-05,6.90787618779897e-08,1.20696849325983e-05,179.672075688806,633.445689196762,634.061365952465,0.615676755703021,4.06136595246471,1
1000,2,-7.17126722644576e-05,2.44144850884893e-06,7.17542196259625e-05,178.050125814621,633.057836334229,634.429981535689,1.3721452014604,4.42998153568897,1
1001,2,-0.000131126046984842,8.18501544297477e-06,0.000131381256942049,176.428175940436,632.661731272682,634.786802465728,2.12507119304587,4.78680246572753,1
1002,2,-0.000190119215424191,1.72813737405707e-05,0.000190903017136637,174.806226066251,632.258645948855,635.13068150248,2.87203555362487,5.13068150248012,1
1003,2,-0.000248503128186999,2.97013732291169e-05,0.000250271804825113,173.184276192065,631.849874271942,635.460512685124,3.6106384131815,5.46051268512383,1
1004,2,-0.000306090688297368,4.54052128018531e-05,0.000309440047201292,171.56232631788,631.436727949269,635.775234927109,4.33850697784032,5.77523492710941,1
1005,2,-0.000362697350769573,6.4342567964319e-05,0.000368360332157943,169.940376443694,631.020532260408,636.073835469228,5.05330320882058,6.07383546922824,1
1006,2,-0.000418141714000607,8.64527521041413e-05,0.000426985446278612,168.318426569509,630.602621793498,636.355353178969,5.75273138547038,6.3553531789687,1
1007,2,-0.000472246101089398,0.000111664910967233,0.000485268412670203,166.696476695324,630.184336157709,636.618881684945,6.43454552723563,6.61888168494499,1
1008,2,-0.000524837129219872,0.000139898249717201,0.000543162528606027,165.074526821138,629.767015685687,636.863572335622,7.09655664993545,6.86357233562228,1
1009,2,-0.000575746265283214,0.000171062291850333,0.000600621402949194,163.452576946953,629.351997139789,637.088636972156,7.73663983236713,7.08863697215634,1
1010,2,-0.000624810365958715,0.000205057169136419,0.000657598993326256,161.830627072768,628.940609435919,637.293350505807,8.35274106988868,7.29335050580744,1
1011,2,-0.000671872200522566,0.000241773941656293,0.000714049643021447,160.208677198582,628.534169398463,637.477053290967,8.94288389250357,7.47705329096686,1
1012,2,-0.000716780954709136,0.000281094946910495,0.000769928117561863,158.586727324397,628.133977559854,637.63915328558,9.50517572572539,7.63915328557971,1
1013,2,-0.000759392714010092,0.000322894176880304,0.00082518964096432,156.964777450211,627.741314017881,637.779127991426,10.0378139735451,7.77912799142575,1
1014,2,-0.000799570924862534,0.00036703768183277,0.000879789931614758,155.342827576026,627.357434363769,637.8965261675,10.5390918037305,7.89652616749981,1
1015,2,-0.000837186832248298,0.000413383999575792,0.000933685237751577,153.720877701841,626.983565693649,637.990969310475,11.0074036168261,7.99096931047461,1
1016,2,-0.000872119892302042,0.00046178460878758,0.000986832372524343,152.098927827655,626.620902715749,638.062152897098,11.441250181349,8.06215289709814,1
1017,2,-0.000904258158605895,0.000512084404967825,0.00103918874859988,150.47697795347,626.270603965286,638.1098473841,11.8392434188137,8.10984738409979,1
1018,2,-0.000933498640932718,0.000564122197485248,0.00109071241228787,148.855028079285,625.933788138636,638.133898962176,12.2001108235401,8.13389896217643,1
1019,2,-0.0009597476352884,0.000617731226128816,0.00114136207715882,147.233078205099,625.611530557894,638.134230061305,12.5226995034105,8.13423006130472,1
1020,2,-0.000982921024195502,0.000672739695507193,0.00119109715712726,145.611128330914,625.304859776574,638.1108396057,12.805979829126,8.11083960570022,1
1021,2,-0.00100294454625596,0.000728971325583914,0.00123987779897381,143.989178456728,625.014754336623,638.063803017447,13.0490486808233,8.06380301744673,1
1022,2,-0.00101975403412902,0.000786245916584086,0.00128766491427994,142.367228582543,624.742139686482,637.993271968816,13.2511322823335,7.99327196881552,1
1023,2,-0.00103329562016178,0.000844379926462201,0.00133442021074991,140.745278708358,624.487885269369,637.899473884149,13.4115886147804,7.89947388414942,1
1024,2,-0.00104352590901338,0.000903187059080656,0.0013801062228948,139.123328834172,624.252801790452,637.782711193046,13.5299094025941,7.78271119304566,1
1025,2,-0.00105041211671959,0.000962478861213983,0.00142468634205396,137.501378959987,624.03763867097,637.643360337485,13.6057216665149,7.64336033748464,1
1026,2,-0.00105393217575228,0.00102206532646573,0.0014681248457299,135.879429085802,623.84308169678,637.481870536368,13.638788839588,7.48187053636832,1
1027,2,-0.00105407480573696,0.00108175550416256,0.00151038692621309,134.257479211616,623.669750868281,637.298762311822,13.6290114435404,7.29876231182175,1
1028,2,-0.00105083954960186,0.00114135811127443,0.00155143871847372,132.635529337431,623.518198457936,637.094625782421,13.5764273244851,7.09462578242085,1
1029,2,-0.00104423677504265,0.00120068214539983,0.00159124732729811,131.013579463245,623.3889072811,636.870118729304,13.4812114482038,6.87011872930361,1
1030,2,-0.00103428764129811,0.00125953749685171,0.00162978085364796,129.39162958906,623.282289185163,636.625964441918,13.3436752567552,6.71771081483735,1
1031,2,-0.00102102403134336,0.00131773555788264,0.00166700842022136,127.769679714875,623.198683761368,636.362949350921,13.164265589553,6.80131623863247,1
1032,2,-0.00100448844971766,0.00137508982709681,0.0017029001961951,126.147729840689,623.138357283069,636.081920456427,12.9435631733584,6.86164271693121,1
1033,2,-0.000984733886314455,0.00143141650711205,0.00173742742112839,124.525779966504,623.101501873462,635.783782560537,12.6822806870742,6.89849812653756,1
1034,2,-0.000961823646570106,0.00148653509355663,0.00177056242800891,122.903830092319,623.088234905204,635.469495313665,12.3812604084611,6.91176509479624,1
1035,2,-0.000935831148595366,0.00154026895351313,0.00180227866542268,121.281880218133,623.098598633647,635.140070084875,12.0414714512276,6.90140136635307,1
1036,2,-0.000906839687899863,0.00159244589155603,0.0018325507188299,119.659930343948,623.132560064743,634.796566666904,11.6640066021606,6.8674399352567,1
1037,2,-0.000874942170463457,0.00164289870156881,0.00186135433092998,118.037980469762,623.190011058003,634.440089827166,11.2500787691632,6.80998894199729,1
1038,2,-0.000840240815009928,0.00169146570257235,0.00188866642109906,116.416030595577,623.270768664213,634.07178571644,10.8010170522267,6.72923133578706,1
1039,2,-0.000802846825437022,0.00173799125684754,0.00191446510388484,114.794080721392,623.374575696929,633.692838147409,10.3182624504799,6.62542430307064,1
1040,2,-0.000762880034452683,0.00178232626869152,0.00193872970654353,113.172130847206,623.501101536135,633.304464755622,9.80336321948664,6.49889846386486,1
1041,2,-0.000720468519559364,0.00182432866220957,0.00196144078560517,111.550180973021,623.649943161709,632.907913055726,9.25796989401715,6.35005683829081,1
1042,2,-0.000675748192617119,0.00186386383661123,0.00198258014245387,109.928231098836,623.820626413752,632.504456406152,8.68382999239964,6.17937358624772,1
1043,2,-0.000628862364300689,0.00190080509755172,0.00200213083791057,108.30628122465,624.012607476117,632.095389895701,8.08278241958374,5.98739252388293,1
1044,2,-0.000579961284846423,0.00193503406313643,0.0020200772058065,106.684331350465,624.225274578841,631.68202616556,7.45675158671941,5.77472542115947,1
1045,2,-0.000529201662560631,0.00196644104328727,0.00203640486553673,105.062381476279,624.457949914549,631.265691180558,6.80774126600852,5.54205008545057,1
1046,2,-0.000476746161632456,0.00199492539125532,0.00205110073358343,103.440431602094,624.709891763244,630.847719963451,6.13782820020708,5.29010823675617,1
1047,2,-0.000422762880860497,0.00202039582615321,0.00206415303399984,101.818481727909,624.980296819257,630.429452306138,5.44915548688175,5.01970318074336,1
1048,2,-0.000367424814963756,0.00204277072547364,0.00207555130784649,100.196531853723,625.268302713577,630.012228471662,4.7439257580852,4.73169728642324,1
1049,2,-0.000310909300203069,0.00206197838665678,0.00208528642157197,98.5745819795377,625.572990724091,629.597384900847,4.02439417675612,4.42700927590863,1
1050,2,-0.000253397446089661,0.00207795725686808,0.00209335057433185,96.9526321053523,625.893388665775,629.186249937289,3.29286127151454,4.10661133422514,1
1051,2,-0.000195073555001961,0.00209065613025042,0.00209973730423946,95.3306822311671,626.228473952211,628.780139584296,2.55166563208502,3.7715260477886,1
1052,2,-0.000136124531570523,0.0021000343120183,0.00210444149354395,93.7087323569817,626.577176819366,628.380353307204,1.80317648783796,3.4228231806336,1
1053,2,-7.67392837238423e-05,0.00210606174886823,0.00210745937273115,92.0867824827962,626.938383701929,627.988169894268,1.04978619233896,3.06161629807116,1
1054,2,-1.71081173143406e-05,0.00210871912528755,0.00210878852354415,90.4648326086108,627.310940752076,627.604843389039,0.293902636962912,2.68905924792398,1
1055,2,4.25778737353946e-05,0.00210799792545281,0.00210842788092104,88.8428827344256,627.150612218343,627.767293055332,0.616680836989531,2.84938778165724,1
1056,2,0.00010212741981186,0.00210390046051965,0.00210637773384838,87.2209328602402,626.782756098456,628.154551532887,1.37179543443119,3.21724390154429,1
1057,2,0.000161349688552833,0.00209643986121641,0.00210263972512962,85.5989829860547,626.426747330518,628.550134948606,2.12338761808724,3.57325266948158,1
1058,2,0.000220054896388425,0.00208564003576543,0.00209721685006871,83.9770331118693,626.083723007996,628.952778204889,2.86905519689333,3.91627699200433,1
1059,2,0.000278054916721134,0.00207153559326684,0.00209011345406994,82.3550832376841,625.754778423205,629.36119318603,3.60641476282478,4.24522157679496,1
1060,2,0.000335163882796014,0.00205417173279027,0.00208133522915591,80.7331333634987,625.44096360807,629.774072857899,4.33310924982834,4.55903639192968,1
1061,2,0.000391198783328877,0.00203360409853001,0.00207088920940645,79.1111834893132,625.143280021673,630.190095433659,5.0468154119859,4.85671997832696,1
1062,2,0.00044598004898394,0.00200989860148774,0.00205878376532216,77.4892336151278,624.862677394594,630.607928592447,5.74525119785312,5.13732260540598,1
1063,2,0.000499332127821365,0.00198313120825424,0.00204502859711705,75.8672837409424,624.600050739435,631.026233737721,6.42618299828564,5.39994926056454,1
1064,2,0.000551084047870669,0.00195338769756702,0.00202963472694564,74.2453338667572,624.356237536414,631.443670281771,7.08743274535618,5.64376246358552,1
1065,2,0.0006010699650272,0.00192076338542389,0.00201261449007078,72.6233839925717,624.132015102383,631.858899942752,7.72688484036917,5.86798489761725,1
1066,2,0.000649129694515803,0.00188536281963359,0.00199398152497933,71.0014341183863,623.928098151021,632.270591040445,8.34249288942385,6.07190184897934,1
1067,2,0.000695109224218669,0.00184729944478197,0.00197375076245347,69.3794842442009,623.745136551374,632.677422776889,8.93228622551544,6.25486344862634,1
1068,2,0.000738861208222266,0.00180669523868777,0.00195193841360652,67.7575343700156,623.583713291279,633.078089488021,9.494376196742,6.41628670872092,1
1069,2,0.000780245439001792,0.0017636803215127,0.00192856195689281,66.1355844958302,623.444342651654,633.471304852431,10.0269622007768,6.55565734834602,1
1070,2,0.000819129296729913,0.0017183925387786,0.00190364012410204,64.5136346216448,623.327468596911,633.855806043463,10.5283374465517,6.6725314030889,1
1071,2,0.000855388174270032,0.00167097701962799,0.00187719288534925,62.8916847474594,623.233463386225,634.230357810955,10.9968944247291,6.76653661377452,1
1072,2,0.000888905876492068,0.00162158571174345,0.00184924143307266,61.2697348732742,623.162626409623,634.593756479101,11.4311300694784,6.83737359037718,1
1073,2,0.000919574992631171,0.00157037689441637,0.00181980816505186,59.6477849990887,623.115183252272,634.944833847111,11.8296505948389,6.88481674772777,1
1074,2,0.000947297240496027,0.00151751467132548,0.00178891666646031,58.0258351249033,623.091284989679,635.282460979629,12.19117598995,6.90871501032075,1
1075,2,0.000971983781423799,0.00146316844465046,0.00175659169096627,56.4038852507179,623.091007715811,635.60555187415,12.5145441583395,6.90899228418903,1
1076,2,0.00099355550497233,0.00140751237220605,0.00172285914089746,54.7819353765326,623.114352305502,635.913066993058,12.7987146875561,6.88564769449829,1
1077,2,0.00101194328243733,0.00135072480933627,0.00168774604648524,53.1599855023472,623.161244411812,636.204016648284,13.042772236472,6.83875558818784,1
1078,2,0.00102708818838206,0.0012929877373572,0.00165128054420502,51.5380356281618,623.231534698393,636.477464227078,13.2459295286844,6.76846530160685,1
1079,2,0.00103894168946971,0.00123448618038,0.00161349185423025,49.9160857539764,623.324999306115,636.732529247832,13.4075299417162,6.73252924783151,1
1080,2,0.00104746579999321,0.00117540761238301,0.00157441025701795,48.294135879791,623.441340552686,636.968390235491,13.5270496828053,6.96839023549114,1
1081,2,0.00105263320360418,0.001115941356433,0.00153406706904474,46.6721860056057,623.580187863187,637.184287406609,13.6040995434216,7.18428740660852,1
1082,2,0.00105442734085082,0.00105627797798079,0.00149249461771254,45.0502361314203,623.741098928887,637.379525154809,13.6384262259212,7.37952515480856,1
1083,2,0.00105284246224432,0.000996608674175614,0.0014497262154444,43.4282862572349,623.923561090953,637.553474327998,13.6299132370456,7.55347432799829,1
1084,2,0.00104788364668365,0.000937124661155082,0.00140579613299086,41.8063363830494,624.12699294507,637.705574289444,13.5785813443736,7.70557428944392,1
1085,2,0.00103956678517973,0.000878016561274309,0.00136073957196845,40.1843865088642,624.350746162307,637.835334755489,13.4845885931812,7.8353347554887,1
1086,2,0.00102791852993115,0.000819473792237857,0.00131459263665232,38.5624366346788,624.594107520919,637.942337403542,13.3482298826232,7.94233740354241,1
1087,2,0.00101297620891453,0.000761683960092159,0.00126739230504549,36.9404867604934,624.856301143208,638.026237244675,13.1699361014664,8.02623724467492,1
1088,2,0.000994787706263424,0.000704832258023512,0.00121917639924802,35.3185368863079,625.136490930808,638.086763756007,12.9502728251991,8.08676375600692,1
1089,2,0.000973411308818864,0.000649100872888357,0.00116998355514976,33.6965870121227,625.433783191326,638.123721768949,12.6899385776231,8.12372176894917,1
1090,2,0.000948915519343486,0.000594668401377599,0.00111985319147105,32.0746371379373,625.747229448549,638.136992110133,12.3897626615837,8.13699211013318,1
1091,2,0.000921378836997703,0.000541709277686028,0.0010688254781761,30.4526872637519,626.07582942789,638.126531992798,12.0507025649082,8.12653199279771,1
1092,2,0.000890889505781443,0.000490393214520809,0.00101694130428435,28.8307373895664,626.418534208233,638.092375157264,11.6738409490315,8.09237515726409,1
1093,2,0.000857545231747594,0.000440884659240462,0.000964242245105769,27.208787515381,626.774249530715,638.034631759973,11.2603822292583,8.03463175997319,1
1094,2,0.000821452869893377,0.000393342266867182,0.000910770528926073,25.5868376411958,627.14183925455,637.953488011521,10.8116487569715,7.95348801152124,1
1095,2,0.000782728081733008,0.000347918391661227,0.000856569003168787,23.9648877670104,627.520128949449,637.849205564922,10.3290766154723,7.8492055649217,1
1096,2,0.000741494964649055,0.000304758598886788,0.000801681100061203,22.3429378928249,627.907909613768,637.722120656298,9.81421104253081,7.72212065629844,1
1097,2,0.000697885654210184,0.000264001198333786,0.000746150801831675,20.7209880186395,628.303941506998,637.572643000984,9.26870149398587,7.57264300098359,1
1098,2,0.000652039900729779,0.000225776801090604,0.000690022605466231,19.0990381444543,628.706958084938,637.401254448935,8.69429636399718,7.40125444893533,1
1099,2,0.000604104621422327,0.000190207900988011,0.000633341487052663,17.4770882702689,629.115670025338,637.208507404178,8.09283737883993,7.20850740417836,1
1100,2,0.000554233429592829,0.000157408482055704,0.000576152865740777,15.8551383960834,629.528769331589,636.995023013793,7.4662536822035,6.99502301379289,1
1101,2,0.000502586142367868,0.000127483653249276,0.000518502567347546,14.233188521898,629.944933501666,636.761489132805,6.81655563113839,6.76148913280474,1
1102,2,0.000449328268545967,0.000100529311618267,0.000460436787636435,12.6112386477128,630.362829749236,636.508658072054,6.14582832281849,6.50865807205435,1
1103,2,0.000394630478208374,7.66318349946509e-05,0.00040200205530024,10.9892887735274,630.781119263649,636.237344136882,5.45622487323271,6.23734413688169,1
1104,2,0.000338668055790089,5.58678051866138e-05,0.000343245194677228,9.36733889934196,631.198461495305,635.948420965173,4.74995946986871,5.94842096517323,1
1105,2,0.000281620338363669,3.83037625646288e-05,0.000284213288230292,7.74538902515651,631.613518452694,635.642818673972,4.02930022127828,5.64281867397199,1
1106,2,0.000223670140935991,2.39959928263118e-05,0.000224953638819305,6.12343915097108,632.024958997387,635.321520824482,3.29656182709425,5.32152082448169,1
1107,2,0.000165003170599637,1.29903466233835e-05,0.000165513731796877,4.50148927678591,632.431463123099,634.985561215901,2.55409809280184,4.98556121590082,1
1108,2,0.000105807431416268,5.32209262875242e-06,0.000105941196957828,2.87953940260041,632.831726204903,634.636020519043,1.80429431414041,4.63602051904331,1
1109,2,4.62726219392104e-05,1.01580451460277e-06,4.62837703730042e-05,1.25758952841503,633.224463204819,634.274022761238,1.04955955641901,4.2740227612378,1
1110,2,-1.34104726941981e-05,8.52822036429782e-08,1.34107438621462e-05,179.63563965423,633.437076015624,634.069767652125,0.632691636500795,4.06976765212505,1
1111,2,-7.30505921522825e-05,2.53350764590262e-06,7.30945119334616e-05,178.013689780044,633.04902398846,634.438131151596,1.38910716313592,4.43813115159605,1
1112,2,-0.000132456613821555,8.3526352627815e-06,0.000132719708637812,176.391739905859,632.652748064371,634.79467379938,2.14192573500895,4.79467379937978,1
1113,2,-0.000191438165277835,1.75240170889742e-05,0.000192238555705868,174.769790031674,632.249520719077,635.138249242254,2.88872852317616,5.13824924225355,1
1114,2,-0.000249806234353386,3.00182625317057e-05,0.000251603360087343,173.147840157488,631.840636307643,635.467752488502,3.62711618085962,5.46775248850236,1
1115,2,-0.000307373774844939,4.57953325557665e-05,0.000310766552167894,171.525890283303,631.427406888857,635.782123499861,4.35471661100348,5.78212349986097,1
1116,2,-0.000363956305921623,6.48046679925371e-05,0.000369680723887164,169.903940409117,631.01115799833,636.080350641247,5.06919264291696,6.08035064124692,1
1117,2,-0.000419372503311847,8.69853515617912e-05,0.000428298666727289,168.281990534932,630.593224384133,636.361473976544,5.76824959241128,6.36147397654406,1
1118,2,-0.00047344478037474,0.000112266303087105,0.000486573409541594,166.660040660747,630.17494571889,636.6245883992,6.44964268030969,6.62458839919975,1
1119,2,-0.000525999857193956,0.000140566507279249,0.000544458256193025,165.038090786561,629.757662302143,636.868846586871,7.11118428472798,6.86884658687097,1
1120,2,-0.000576869315870183,0.000171795273357646,0.000601906822972261,163.416140912376,629.342710766849,637.093461769995,7.75075100314621,7.09346176999532,1
1121,2,-0.000625890140232791,0.000205852525677849,0.00065887307576541,161.794191038191,628.931419803746,637.297710304693,8.36629050094723,7.29771030469328,1
1122,2,-0.000672905238241163,0.000242629124433779,0.000715311366941627,160.172241164005,628.525105917166,637.480934041115,8.95582812394855,7.48093404111455,1
1123,2,-0.000717763945401548,0.000282007215406939,0.000771176471931018,158.55029128982,628.125069225731,637.642542478994,9.51747325326221,7.64254247899351,1
1124,2,-0.000760322507586204,0.000323860607641804,0.000826423625463534,156.928341415634,627.732589321128,637.782014702907,10.0494253817787,7.78201470290685,1
1125,2,-0.000800444541707623,0.000368055177837149,0.000881008557439859,155.306391541449,627.34892119792,637.898901090477,10.5499798925565,7.89890109047667,1
1126,2,-0.000838001472771483,0.000414449300157289,0.000934887528405444,153.684441667264,626.975291267022,637.992824787553,11.0175335205309,7.99282478755345,1
1127,2,-0.000872872945907853,0.000462894300085981,0.0009880173645994,152.062491793078,626.612893465196,638.063482945188,11.4505894799921,8.06348294518796,1
1128,2,-0.000904947212060171,0.000513234930868491,0.00104035549255005,150.440541918893,626.262885472487,638.110647714081,11.8477622415945,8.11064771408121,1
1129,2,-0.000934121486096071,0.00056530987101507,0.00109185997318951,148.818592044708,625.926385049206,638.134166992971,12.2077819437645,8.13416699297079,1
1130,2,-0.000960302276192404,0.000618952241271457,0.00114248953545985,147.196642170522,625.604466503544,638.133964928376,12.5294984248318,8.13396492837558,1
1131,2,-0.000983405683438969,0.000673990139399846,0.00119220360938402,145.574692296337,625.298157300563,638.110042163881,12.8118848633188,8.11004216388142,1
1132,2,-0.0010033576707008,0.000730247191056457,0.00124096235857498,143.952742422151,625.008434822718,638.062475838141,13.0540410154238,8.06247583814149,1
1133,2,-0.00102009429987742,0.000787543115000457,0.00128872671215702,142.330792547966,624.73622329164,637.991419331552,13.2551960399114,7.99141933155158,1
1134,2,-0.00103356193679878,0.000845694300822805,0.00133545839607358,140.708842673781,624.482390860364,637.897101762525,13.414710902161,7.89710176252481,1
1135,2,-0.00104371742310117,0.000904514397343914,0.00138111996375672,139.086892799595,624.24774688459,637.779827235115,13.5320803505248,7.77982723511479,1
1136,2,-0.0010505282145325,0.000963814909794241,0.00142567482613341,137.46494292541,624.033039381106,637.639973840651,13.6069344595447,7.63997384065112,1
1137,2,-0.00105397248524348,0.00102340580386423,0.00146908728094464,135.842993051225,623.83895268079,637.47799241688,13.6390397360902,7.47799241688006,1
1138,2,-0.00105403919773074,0.00108309611468798,0.00151132254135411,134.221043177039,623.66610528311,637.294405068968,13.6282997858572,7.29440506896754,1
1139,2,-0.00105072813820756,0.00114269455880882,0.00155234676382321,132.599093302854,623.515047918404,637.089803457555,13.5747555391509,7.08980345755538,1
1140,2,-0.001044049917289,0.00120201014716596,0.00159212707523021,130.977143428668,623.386261823542,636.864846859844,13.478585036302,6.86484685984442,1
1141,2,-0.00103402593598913,0.00126085279713766,0.00163063159921181,129.355193554483,623.280157236027,636.620260010484,13.340102774457,6.71984276397336,1
1142,2,-0.00102068831713938,0.0013190339416796,0.00166782948170598,127.733243680298,623.197072110869,636.356830729768,13.1597586188986,6.80292788913096,1
1143,2,-0.00100407980244778,0.00137636713360652,0.00170369091567567,126.111293806112,623.137271063964,636.075407347398,12.938136283434,6.86272893603609,1
1144,2,-0.000984253615528939,0.00143266864308053,0.00173818716499346,124.489343931927,623.100944545004,635.776895930711,12.6759513857066,6.8990554549955,1
1145,2,-0.000961273291343804,0.0014877580463913,0.00177129058746808,122.867394057742,623.088208242336,635.462257326955,12.3740490846187,6.91179175766376,1
1146,2,-0.000935212472595586,0.00154145880414168,0.00180297465699445,121.245444183556,623.099102721458,635.13250402977,12.0334013083112,6.90089727854172,1
1147,2,-0.000906154673734543,0.00159359882698538,0.00183321398480923,119.623494309371,623.133593298196,634.788696880645,11.6551035824493,6.86640670180418,1
1148,2,-0.000874193013327693,0.00164401102710428,0.00186198433983517,118.001544435185,623.191570146945,634.431941616588,11.2403714696429,6.80842985305469,1
1149,2,-0.000839429915651239,0.00169253385365767,0.00188926266809767,116.379594561,623.272848643653,634.063385275749,10.7905366320955,6.72715135634689,1
1150,2,-0.000801976782461967,0.00173901181048773,0.00191502711119813,114.757644686815,623.377169942552,633.68421247319,10.3070425306382,6.6228300574478,1
1151,2,-0.000761953635999316,0.00178329595442234,0.0019392570238294,113.135694812629,623.504201785002,633.295641559343,9.79143977434092,6.4957982149981,1
1152,2,-0.000719488734362419,0.00182524437257797,0.00196193299031898,111.513744938444,623.653539538093,632.898920674041,9.24538113594804,6.3464604619071,1
1153,2,-0.000674718160494372,0.0018647226371335,0.00198303684018705,109.891795064259,623.824707460028,632.495323709307,8.67061624927919,6.17529253997191,1
1154,2,-0.000627785386091117,0.00190160423611735,0.00200255166270662,108.269845190073,624.017160188619,632.086146194335,8.06898600571606,5.98283981138093,1
1155,2,-0.000578840811832363,0.00193577097882748,0.00202046182045429,106.647895315888,624.230284448583,631.672701116209,7.44241666762628,5.76971555141733,1
1156,2,-0.000528041285407775,0.00196711337458512,0.00203675296184067,105.025945441702,624.463400972693,631.256314690193,6.79291371749991,5.53659902730681,1
1157,2,-0.000475549598883203,0.00199553098360837,0.00205141203261046,103.403995567517,624.715766631176,630.838322093326,6.12255546214999,5.28423336882429,1
1158,2,-0.00042153396701758,0.00202093273888135,0.00206442728630292,101.782045693332,624.986576763132,630.42006317529,5.43348641215823,5.01342323686833,1
1159,2,-0.000366167488202129,0.00204323723798737,0.00207578829366449,100.160095819146,625.274967703167,630.002878160364,4.72791045719669,4.72503229683264,1
1160,2,-0.000309627589749696,0.00206237300397098,0.00208548595100578,98.5381459449607,625.58001949577,629.588103354315,4.00808385854498,4.41998050422967,1
1161,2,-0.000252095459311426,0.00207827871439285,0.00209351248749652,96.9161960707755,625.90075878944,629.177066869967,3.27630808052697,4.09924121056031,1
1162,2,-0.000193755464243198,0.0020909033978436,0.00209986147139235,95.2942461965899,626.236161901964,628.771084385008,2.53492248304372,3.7638380980361,1
1163,2,-0.000134794560782396,0.00210020659728662,0.00210452781518867,93.6722963224047,626.585158047714,628.371454945479,1.78629689776437,3.41484195228577,1
1164,2,-7.54016949282116e-05,0.00210615849970666,0.0021075077796973,92.0503464482194,626.946632717311,627.97945682813,1.03282411081909,3.05336728268867,1
1165,2,-1.57671969457045e-05,0.00210874003164852,0.00210879897704274,90.4283965740338,627.319431199467,627.596343474559,0.276912275091718,2.68056880053314,1
1166,2,4.39178285661631e-05,0.00210794292033985,0.00210840037257558,88.8064466998486,627.142226930833,627.775892140102,0.633665209269111,2.85777306916748,1
1167,2,0.000103462115088064,0.00210376972020203,0.00210631228570158,87.1844968256629,626.774624185471,628.163351334127,1.38872714865579,3.22537581452912,1
1168,2,0.00016267484711251,0.0020962338046643,0.00210253638962574,85.5625469514777,626.418894769299,628.559107328725,2.14021255942623,3.58110523070116,1
1169,2,0.000221366271630973,0.00208535932330727,0.00209707571001153,83.9405970772925,626.076174875738,628.961894464753,2.88571958901457,3.92382512426195,1
1170,2,0.000279348306215965,0.00207118112447324,0.0020899346225564,82.3186472031069,625.747558817813,629.37042415622,3.62286533840643,4.25244118218677,1
1171,2,0.000336435141749588,0.00205374464359126,0.0020811188494855,80.6966973289217,625.434095572087,629.783388991628,4.3492934195408,4.56590442791298,1
1172,2,0.000392443837867181,0.00203310575757482,0.00207063545496637,79.074747454736,625.136785469643,630.19946690101,5.06268143136708,4.86321453035714,1
1173,2,0.000447194909207552,0.00200933060575885,0.00205849283944841,77.4527975805508,624.856577044046,630.617325375643,5.76074833159703,5.14342295595441,1
1174,2,0.00050051290059152,0.00198249537794969,0.00204470073293145,75.8308477063656,624.594364045695,631.035625727136,6.44126168144021,5.40563595430456,1
1175,2,0.000552226949285212,0.00195268607026737,0.00202927018716904,74.2088978321799,624.350982631466,631.453027372378,7.10204474091165,5.64901736853369,1
1176,2,0.00060217133254641,0.00191999820956268,0.00201221356681258,72.5869479579947,624.127208737931,631.868192130693,7.74098339276202,5.87279126206874,1
1177,2,0.000650185998699421,0.00188453654729192,0.00199354453950337,70.9649980838095,623.923755645935,632.279788519404,8.35603287346942,6.07624435406547,1
1178,2,0.000696117080036326,0.00184641472383061,0.0019732780649206,69.3430482096239,623.741271743664,632.686496033979,8.94522429031508,6.25872825633644,1
1179,2,0.000739817385901118,0.00180575490430181,0.00195143038279402,67.7210983354387,623.580338494745,633.087009398842,9.50667090409718,6.41966150525491,1
1180,2,0.000781146874376671,0.00176268738708592,0.00192801899989088,66.099148461253,623.441468617337,633.480042775033,10.0385741576963,6.5585313826632,1
1181,2,0.00081997310106272,0.00171735018626679,0.00190306267598757,64.4771985870678,623.325104479454,633.864333910854,10.5392294314,6.67489552054644,1
1182,2,0.000856171643507005,0.00166988858935202,0.00187658140883724,62.8552487128826,623.231616715246,634.238648221886,11.0070315066399,6.76838328475412,1
1183,2,0.000889626499929192,0.0016204546916849,0.00184859641814536,61.2332988386969,623.161303066176,634.601782786801,11.4404797206241,6.8386969338236,1
1184,2,0.000920230460959937,0.00156920690903999,0.00181913012856623,59.6113489645117,623.114387450473,634.952570245702,11.8381827952285,6.88561254952663,1
1185,2,0.00094788545320388,0.00151630946996417,0.00178820615173379,57.9893990903261,623.091019263538,635.289882587908,12.1988633243702,6.90898073646235,1
1186,2,0.000972502853525407,0.00146193188949023,0.00175584926734146,56.3674492161409,623.091272911319,635.612634816465,12.5213619051455,6.90872708868051,1
1187,2,0.000994003773050225,0.00140624842590922,0.00172208540328586,54.7454993419557,623.11514757799,635.919788477004,12.8046408990136,6.88485242201011,1
1188,2,0.00101231930997248,0.00134943752234272,0.00168694161489057,53.12354946777,623.1625672286,636.210355038957,13.0477878103563,6.83743277139956,1
1189,2,0.00102739077035734,0.00129168123490439,0.00165044606322642,51.5015995935848,623.233380846693,636.483399117626,13.2500182709331,6.76661915330681,1
1190,2,0.0010391698562315,0.00123316464928322,0.00161262799254571,49.8796497193996,623.327362906201,636.73804152607,13.410678619869,6.73804152606988,1
1191,2,0.00104761882035874,0.00117407528761829,0.00157351770684852,48.2576998452139,623.444214076269,636.973462146343,13.5292480700742,6.97346214634274,1
1192,2,0.00105271058720467,0.00111460250756575,0.00153314654559982,46.6357499710287,623.583562156954,637.188902610167,13.6053404532131,7.18890261016691,1
1193,2,0.00105442883970294,0.00105493689548354,0.00149154685861683,45.0138000968431,623.74496324313,637.38366877981,13.6387055366803,7.38366877980991,1
1194,2,0.00105276807154485,0.00099526965567881,0.0014487519801468,43.3918502226579,623.927903113206,637.557133020528,13.6292299073217,7.55713302052766,1
1195,2,0.00104773360482488,0.000935791997674848,0.00140479620215589,41.7699003484726,624.131798838655,637.708736256687,13.5769374180325,7.70873625668696,1
1196,2,0.00103934157298552,0.00087669452346148,0.00135971474685074,40.147950474287,624.356000609682,637.837989804408,13.4819891947257,7.83798980440758,1
1197,2,0.00102761886911606,0.000818166616692318,0.00131354373845454,38.5260006001018,624.59979377171,637.94447697431,13.3446832026001,7.94447697431031,1
1198,2,0.00101260305977105,0.000760395835786166,0.0012663201742603,36.9040507259162,624.862401066746,638.02785443877,13.165453372024,8.02785443876962,1
1199,2,0.000994342264584584,0.000703567312877782,0.0012180818949846,35.2821008517309,625.142985073073,638.087853358858,12.9448682857854,8.0878533588583,1
1200,2,0.000972895002066224,0.000647863160543695,0.00116886755444537,33.6601509775457,625.44065083609,638.124280267062,12.683629430972,8.12428026706164,1
1201,2,0.00094833000207268,0.000593461888204625,0.00111871658858827,32.0382011033601,625.754448682547,638.137017702625,12.3825690200786,8.13701770262514,1
1202,2,0.000920725985556272,0.000540537830074578,0.00106766918388624,30.4162512291749,626.083377209834,638.126024597323,12.0426473874888,8.12602459732261,1
1203,2,0.000890171412295876,0.000489260586489671,0.00101576624513766,28.7943013549896,626.426386441452,638.091336410263,11.6649499688111,8.09133641026267,1
1204,2,0.000856764197418903,0.000439794480407262,0.000963049362688928,27.172351480804,626.782381139214,638.033065011312,11.2506838720981,8.03306501131226,1
1205,2,0.000820611397622691,0.000392298030816942,0.000909560779107761,25.5504016066188,627.150224262248,637.951398313474,10.8011740512261,7.95139831347387,1
1206,2,0.000781828868100762,0.000346923444750806,0.000855343355333684,23.9284517324332,627.528740562375,637.846599655583,10.317859093208,7.84659965558262,1
1207,2,0.000740540891273557,0.000303816129521175,0.00080044053633325,22.3065018582479,627.916720304927,637.71900693745,9.80228663252285,7.71900693744976,1
1208,2,0.000696879778513161,0.000263114226748519,0.000744896316287054,20.6845519840627,628.312923103706,637.569031510523,9.25610840681657,7.56903151052256,1
1209,2,0.000650985446138561,0.000224948169673125,0.000688755203336796,19.0626021098771,628.716081858299,637.397156827938,8.6810749696391,7.39715682793781,1
1210,2,0.000603004967040112,0.000189440265169001,0.000632062183920497,17.4406522356919,629.124906781621,637.20393685872,8.07903007709888,7.20393685872011,1
1211,2,0.000553092099369948,0.000156704301799441,0.000574862686724322,15.8187023615062,629.538089505217,636.989994271673,7.45190476645621,6.98999427167325,1
1212,2,0.000501406793808998,0.00012684518517048,0.000517202546280229,14.196752487321,629.954307249512,636.756018395307,6.80171114579503,6.75601839530657,1
1213,2,0.000448114680989252,9.99586017505257e-05,0.000459127966238193,12.5748026131358,630.372227045947,636.502762960916,6.13053591496964,6.50276296091636,1
1214,2,0.000393386540714185,7.61307122337186e-05,0.000400685482342805,10.9528527389501,630.790509997689,636.23104363667,5.44053363898126,6.23104363667039,1
1215,2,0.000337397754678172,5.54378754295446e-05,0.000341921925143758,9.33090286476493,631.2078155654,635.941735361252,4.7339197958521,5.94173536125197,1
1216,2,0.000280327744438553,3.79464035635045e-05,0.00028288438246996,7.70895299057972,631.622805864398,635.635769486276,4.01296362187713,5.63576948627554,1
1217,2,0.000222359396441698,2.37123497731043e-05,0.000223620161697639,6.08700311639409,632.034149959439,635.314130737333,3.27998077789323,5.31413073733268,1
1218,2,0.00016367847594549,1.27813284800842e-05,0.000164176751842501,4.46505324220891,632.440528143239,634.977854004099,2.53732586085982,4.97785400409907,1
1219,2,0.000104473031716232,5.18836921450548e-06,0.000104601785506209,2.8431033680232,632.840636184902,634.628020970497,1.78738478559535,4.62802097049723,1
1220,2,4.49327934080443e-05,9.57804359209011e-07,4.49430007080136e-05,1.22115349383816,633.233189534332,634.265756596378,1.03256706204638,4.26575659637808,1
1221,2,-1.47514364445295e-05,1.03191174289285e-07,1.4751797368302e-05,179.599203619653,633.428458054028,634.07816398251,0.649705928481239,4.07816398250964,1
1222,2,-7.43883938719149e-05,2.62726835153636e-06,7.44347746811538e-05,177.977253745467,633.040207491436,634.446274800566,1.40606730912998,4.44627480056602,1
1223,2,-0.000133786966393617,8.52194723802223e-06,0.000134058106661009,176.355303871282,632.64376134713,634.802538587436,2.15877724030611,4.80253858743606,1
1224,2,-0.000192756805457017,1.77683377569899e-05,0.0001935740165328,174.733353997096,632.240392633734,635.145809878652,2.90541724491777,5.14580987865202,1
1225,2,-0.00025110893642786,3.03368089429451e-05,0.000252934813599813,173.111404122911,631.831396150084,635.474984653417,3.64358850333281,5.47498465341698,1
1226,2,-0.00030865636417812,4.61870838970066e-05,0.000312092931458829,171.489454248726,631.418084304292,635.78900392349,4.37091961919805,5.78900392348976,1
1227,2,-0.000365214672330178,6.52683688581765e-05,0.000371000966115516,169.86750437454,631.001782885854,636.086857179581,5.08507429372708,6.08685717958122,1
1228,2,-0.000420602614237158,8.7519515976912e-05,0.000429611713969679,168.245554500355,630.583826800614,636.367585683554,5.78375888294079,6.36758568355447,1
1229,2,-0.000474642693805676,0.000112869219269437,0.00048787820964007,166.62360462617,630.165555782476,636.630285595172,6.46472981269653,6.63028559517204,1
1230,2,-0.00052716173429943,0.00014123624312475,0.000545753763598178,165.001654751984,629.74831009571,636.874110922691,7.12580082698082,6.87411092269053,1
1231,2,-0.000577991433301011,0.000172529682632086,0.000603191999580967,163.379704877799,629.333426241717,637.098276287121,7.76485004540336,7.09827628712071,1
1232,2,-0.000626968902053599,0.000206649254894671,0.000660146891752751,161.757755003613,628.922232683928,637.30205949064,8.379826806712,7.30205949063975,1
1233,2,-0.000673937187453858,0.000243485620396041,0.000716572801586037,160.135805129428,628.516045604496,637.484803880248,8.96875827575195,7.48480388024825,1
1234,2,-0.000718745775023644,0.000282920733389306,0.000772424514432239,158.513855255243,628.116164706148,637.645920498445,9.52975579229656,7.64592049844475,1
1235,2,-0.000761251071248375,0.000324828220186301,0.00082765727575259,156.891905381057,627.723869072413,637.78489001346,10.061020941047,7.78489001346009,1
1236,2,-0.000801316863736505,0.000369073784134439,0.000882226826980354,155.269955506872,627.340413099175,637.901264422297,10.5608513231222,7.90126442229746,1
1237,2,-0.000838814757725571,0.000415515635983577,0.000936089440985766,153.648005632686,626.967022510176,637.9946685206,11.0276460104249,7.9946685206005,1
1238,2,-0.000873624587535718,0.000464004948263494,0.000989201957114907,152.026055758501,626.604890468796,638.064801134235,11.4599106654395,8.06480113423527,1
1239,2,-0.000905634801652485,0.000514386332216194,0.00104152181577486,150.404105884316,626.255173798064,638.111436108238,11.8562623101743,8.11143610823808,1
1240,2,-0.000934742820204538,0.000566498335754399,0.00109300709253711,148.78215601013,625.91898932044,638.134423049656,12.2154337292155,8.13442304965577,1
1241,2,-0.000960855363690912,0.000620173960850553,0.00114361653173197,147.160206135945,625.597410328502,638.133687821658,12.5362774931565,8.13368782165833,1
1242,2,-0.000983888751904373,0.000675241198698467,0.00119330957950722,145.53825626176,625.291463197224,638.109232787214,12.8177695899903,8.10923278721418,1
1243,2,-0.00100376917209282,0.000731523580932372,0.00124204641632429,143.916306387574,625.002124148008,638.06113680141,13.059012653403,8.0611368014105,1
1244,2,-0.00102043291549947,0.000788840745137066,0.00128978798886606,142.294356513389,624.730316174222,637.989554952518,13.259238778296,7.98955495251812,1
1245,2,-0.00103382658152388,0.000847009012837068,0.00133649604133068,140.672406639203,624.476906137325,637.894718052638,13.417811915313,7.89471805263781,1
1246,2,-0.00104390724884935,0.000905841978112192,0.0013821331460863,139.050456765018,624.242702042278,637.776931879776,13.5342298374977,7.77693187977559,1
1247,2,-0.00105064261298851,0.000965151104953713,0.00142666273366227,137.428506890833,624.028450500232,637.636576173987,13.6081256737551,7.63657617398724,1
1248,2,-0.00105401108980626,0.00102474633144645,0.00147004912205257,135.806557016647,623.834834385992,637.474103391112,13.6392690051198,7.47410339111184,1
1249,2,-0.00105400188468817,0.00108443667884079,0.00151225754530815,134.184607142462,623.66247069713,637.290037218494,13.6275665213643,7.29003721849438,1
1250,2,-0.00105061502713295,0.00114403086356288,0.00155325418139531,132.562657268277,623.511908620981,637.084970857863,13.5730622368828,7.08497085786337,1
1251,2,-0.00104386137065789,0.00120333791020162,0.00159300617929755,130.940707394091,623.383627815169,636.859565081393,13.4759372662242,6.85956508139338,1
1252,2,-0.00103376255801769,0.00126216776350799,0.00163148168533945,129.318757519906,623.278036906668,636.614546067736,13.3365091610681,6.72196309333196,1
1253,2,-0.00102035095184816,0.00132033189744589,0.00166864986871138,127.69680764572,623.195472213722,636.350703025526,13.1552308118046,6.80452778627819,1
1254,2,-0.00100366953095694,0.00137764391934218,0.00170448094617447,126.074857771535,623.136196694342,636.068885612647,12.9326889183046,6.8638033056576,1
1255,2,-0.000983771752593733,0.00143392016720039,0.00173894620592627,124.45290789735,623.100399124428,635.770001160187,12.669602035759,6.89960087557233,1
1256,2,-0.000960721381141269,0.00148898029826359,0.00177201803060779,122.830958023164,623.088193507829,635.455011710633,12.3668182028038,6.91180649217119,1
1257,2,-0.000934592283776119,0.00154264786694033,0.00180366991943355,121.209008148979,623.099618720122,635.124930880547,12.0253121604258,6.90038127987827,1
1258,2,-0.000905468193754044,0.00159475089024204,0.00183387650942696,119.587058274793,623.134638387062,634.780820558427,11.6461821713652,6.86536161293839,1
1259,2,-0.000873442442078609,0.00164512239891921,0.00186261359574388,117.965108400608,623.193140998105,634.423787449055,11.2306464509508,6.80685900189542,1
1260,2,-0.000838617658412779,0.00169360097253085,0.00188985815106827,116.343158526423,623.274940254652,634.054979476078,10.7800392214256,6.72505974534806,1
1261,2,-0.000801105442192115,0.00174003125673207,0.00191558834406415,114.721208652237,623.379775652017,633.675582054993,10.2958064029766,6.62022434798348,1
1262,2,-0.000761026004993465,0.00178426446112233,0.00193978355686929,113.099258778052,623.507313293461,633.286814249125,9.7795009556645,6.49268670653919,1
1263,2,-0.000718507785305119,0.00182615883605888,0.00196242440161653,111.477308903867,623.657146933924,632.889924821455,9.23277788753057,6.34285306607558,1
1264,2,-0.000673687036933095,0.00186558012690741,0.00198349273596944,109.855359029681,623.828799250465,632.486188195526,8.6573889450608,6.17120074953516,1
1265,2,-0.000626707392362494,0.00190240200427414,0.00200297167765999,108.233409155496,624.021723335713,632.0769003388,8.05517700308644,5.9782766642868,1
1266,2,-0.000577719402473022,0.00193650646884084,0.00202084561801643,106.61145928131,624.235304410039,631.663374582142,7.42807017210305,5.76469558996143,1
1267,2,-0.000526880054084031,0.00196778422950515,0.00203710023447074,104.989509407125,624.468861747434,631.246937389083,6.7780756416488,5.5311382525656,1
1268,2,-0.000474352266874764,0.00199613505361466,0.00205172250203541,103.36755953294,624.721650809528,630.828924088788,6.10727327925986,5.27834919047166,1
1269,2,-0.000420304371292299,0.00202146808817232,0.00206470070374049,101.745609658754,624.992865581466,630.410674586549,5.41780900508343,5.00713441853406,1
1270,2,-0.000364909569120157,0.00204370215098369,0.00207602444002252,100.123659784569,625.281641102844,629.993529065713,4.71188796286935,4.71835889715612,1
1271,2,-0.000308345378436106,0.00206276599081335,0.00208568463705783,98.5017099103835,625.587056186209,629.578823694838,3.99176750862875,4.41294381379055,1
1272,2,-0.000250793064738171,0.00207859851571638,0.00209367355403346,96.8797600361983,625.908136315133,629.167886353828,3.25975003869462,4.09186368486655,1
1273,2,-0.000192437060061469,0.00209114898881357,0.00209998478934994,95.2578101620131,626.243856713233,628.762032392633,2.51817567940054,3.75614328676738,1
1274,2,-0.000133464371947697,0.00210037719088268,0.002104613285751,93.6358602878275,626.593145574997,628.362560435917,1.76941486092005,3.40685442500285,1
1275,2,-7.40639841611719e-05,0.00210625354924489,0.00210755533437595,92.0139104136422,626.954887448757,627.970748246872,1.01586079811489,3.04511255124305,1
1276,2,-1.44262510717209e-05,0.00210875923253336,0.00210880857773167,90.391960539457,627.327926761596,627.587848663122,0.259921901526809,2.67207323840444,1
1277,2,4.52577123545205e-05,0.00210788621104017,0.00210837201158165,88.7700106652714,627.133847043916,627.784496038234,0.650648994318203,2.86615295608431,1
1278,2,0.000104796643001723,0.00210363728244836,0.00210624598575075,87.1480607910862,626.766498265931,628.17215532345,1.40565705751897,3.23350173406857,1
1279,2,0.000163999742525884,0.0020960260628664,0.00210243220384482,85.5261109169005,626.411048775054,628.568083258053,2.15703448299882,3.5889512249455,1
1280,2,0.000222677288786722,0.00208507694319412,0.00209693372188563,83.9041610427153,626.06863386284,628.971013623368,2.90237976052799,3.93136613716001,1
1281,2,0.000280641243830988,0.00207082501095961,0.00208975494586205,82.2822111685301,625.74034686128,629.379657365207,3.63931050392614,4.2596531387195,1
1282,2,0.000337705856478489,0.00205331593787783,0.00208090162819942,80.6602612943445,625.42723568991,629.792706696801,4.36547100689074,4.57276431008984,1
1283,2,0.000393688257579927,0.00203260583349112,0.00207038086315017,79.0383114201592,625.13029955022,630.208839267177,5.07853971695715,4.86970044977966,1
1284,2,0.000448409046039123,0.00200876106536064,0.00205820108110907,77.4163615459736,624.85048577725,630.626722381909,5.77623660465986,5.14951422275044,1
1285,2,0.000501692863721319,0.00198185804638505,0.00204437204185785,75.7944116717884,624.588686857781,631.045017262919,6.45633040513758,5.41131314221866,1
1286,2,0.000553368957405621,0.00195198298992783,0.00202890482674466,74.1724617976032,624.345737624019,631.462383333866,7.11664570984703,5.65426237598058,1
1287,2,0.000603271725980402,0.00191923163353814,0.00201181182980438,72.5505119234175,624.122412631031,631.877482517406,7.75506988637517,5.87758736896888,1
1288,2,0.000651241251128276,0.00188370893215046,0.00199310674782726,70.9285620492323,623.919423725695,632.28898353057,8.36955980487448,6.08057627430469,1
1289,2,0.000697123809800104,0.00184552872174616,0.00197280456938345,69.3066121750471,623.737417814309,632.695566164391,8.95814835008241,6.26258218569126,1
1290,2,0.000740772366835553,0.00180481335455494,0.00195092156281256,67.6846623008614,623.576974835375,633.095925533922,9.51895069854709,6.42302516462473,1
1291,2,0.000782047046151653,0.00176169330696517,0.00192747526318768,66.0627124266762,623.438605943481,633.488776284732,10.0501703412505,6.56139405651857,1
1292,2,0.00082081557898951,0.00171630676139942,0.00190248445826431,64.4407625524906,623.322751909546,633.872856742145,10.5501048325998,6.67724809045433,1
1293,2,0.00085695372778243,0.00166879916349538,0.00187596917342559,62.8188126783054,623.229781742111,634.2469329895,11.0171512473896,6.77021825788916,1
1294,2,0.00089034568428746,0.00161932275601104,0.00184795065563572,61.1968628041201,623.159991533603,634.609802861921,11.449811328318,6.84000846639742,1
1295,2,0.000920884440704235,0.00156803609094779,0.00181845135641457,59.5749129299345,623.113603534958,634.960299842313,11.8466963073546,6.88639646504168,1
1296,2,0.000948472132591949,0.0015151035214551,0.00178749491384707,57.9529630557493,623.090765461238,635.297296846518,12.2065313852802,6.90923453876189,1
1297,2,0.000973020352485607,0.00146069467514455,0.00175510613364174,56.3310131815637,623.091550030257,635.619709884916,12.528159854659,6.9084499697434,1
1298,2,0.000994450433206365,0.00140498391050168,0.00172131096925365,54.7090633073785,623.115954735531,635.926501588092,12.8105468525616,6.88404526446948,1
1299,2,0.00101269369995827,0.00134814975813702,0.00168613650108764,53.0871134331932,623.16390185421,636.216684584605,13.0527827303949,6.8360981457904,1
1300,2,0.00102769169040335,0.00129037434866723,0.00164961091479854,51.4651635590076,623.235238689972,636.48932471935,13.2540860293777,6.76476131002789,1
1301,2,0.00103939634200991,0.00123184282905976,0.00161176347870571,49.8432136848224,623.329738050171,636.743544101501,13.4138060513297,6.7435441015009,1
1302,2,0.00104777014607366,0.00117274276931112,0.00157262452034004,48.2212638106372,623.447098955857,636.978523971575,13.5314250157187,6.97852397157533,1
1303,2,0.00105278626791801,0.00111326356136049,0.00153222540214218,46.5993139364515,623.586947582653,637.193507377717,13.606559795064,7.19350737771674,1
1304,2,0.00105442863288842,0.00105359581216467,0.00149059849633155,44.9773640622663,623.748838429738,637.387801651985,13.6389632222475,7.38780165198534,1
1305,2,0.00105269197786523,0.000993930732879357,0.00144777715896608,43.3554141880807,623.932255713572,637.560780678015,13.6285249644435,7.56078067801525,1
1306,2,0.00104758186812983,0.000934459526104289,0.00140379570321376,41.7334643138954,624.136614982342,637.711886942208,13.5752719598654,7.7118869422078,1
1307,2,0.00103911467953016,0.000875372773155694,0.00135868937185707,40.1115144397102,624.361264946422,637.840633361266,13.4793684148444,7.84063336126599,1
1308,2,0.00102731754600272,0.000816859823329794,0.00131249430905259,38.4895645655246,624.605489519519,637.946604879712,13.341115360193,7.9466048797118,1
1309,2,0.00101222827261921,0.000759108187114459,0.00126524753136841,36.8676146913394,624.868510064588,638.029459831791,13.1609497672031,8.02945983179097,1
1310,2,0.000993895214436433,0.000702302935293352,0.00121698689812229,35.2456648171537,625.149487837889,638.088931062977,12.9394432250876,8.08893106297683,1
1311,2,0.000972377121537822,0.000646626105868559,0.00116775108104464,33.6237149429685,625.44752662403,638.12482680715,12.6773001831193,8.1248268071497,1
1312,2,0.000947742950762991,0.000592256120701859,0.00111757953329048,32.0017650687833,625.761675554235,638.137031316366,12.3753557621314,8.13703131636601,1
1313,2,0.000920071644728795,0.000539367213744404,0.0010665124578252,30.3798151945977,626.09093209946,638.12550524099,12.0345731415301,8.12550524098981,1
1314,2,0.00088945187884999,0.000488128872686971,0.00101459077520961,28.7578653204124,626.4342452295,638.090285758877,11.6560405293768,8.09028575887714,1
1315,2,0.00085598177717013,0.000438705295819948,0.000961856090809744,27.1359154462272,626.790518728587,638.031486453121,11.2409677245347,8.03148645312149,1
1316,2,0.000819768597913457,0.00039125486584385,0.000908350661458164,25.5139655720416,627.158614657582,637.949296938827,10.7906822812455,7.94929693882727,1
1317,2,0.000780928389765432,0.00034592964231645,0.000854117361593135,23.8920156978564,627.537356952282,637.843982240209,10.3066252879277,7.84398224020936,1
1318,2,0.000739585619983273,0.000302874874362925,0.000799199648902826,22.2700658236707,627.925535146948,637.715881920213,9.7903467732649,7.71588192021284,1
1319,2,0.000695872775528496,0.000262228535210879,0.000743641529502337,20.6481159494855,628.321908211669,637.565408965712,9.24350075404345,7.56540896571244,1
1320,2,0.000649929938499378,0.000224120880041522,0.00068748752267106,19.0261660753003,628.725208491853,637.393048432224,8.66783994037098,7.39304843222442,1
1321,2,0.000601904337224162,0.000188674028574199,0.000630782625178972,17.4042162011147,629.134145737659,637.199355852861,8.06521011520181,7.199355852861,1
1322,2,0.000551949874453473,0.000156001573721793,0.000573572275230315,15.7822663269294,629.547411210886,636.984955417114,7.43754420622804,6.98495541711429,1
1323,2,0.000500226634163783,0.000126208217571039,0.000515902316053423,14.1603164527442,629.963681856542,636.75053792584,6.78685606929844,6.75053792584038,1
1324,2,0.00044690036855264,9.93894358544447e-05,0.00045781895916612,12.5383665785586,630.381624525993,636.496858529546,6.11523400355316,6.49685852954633,1
1325,2,0.000392141966869531,7.56311719889598e-05,0.000399368747346018,10.9164167043734,630.799900238384,636.224734257882,5.42483401949892,6.22473425788246,1
1326,2,0.000336126907784425,5.5009561661816e-05,0.000340598517335211,9.29446683018774,631.217168466811,635.935041348885,4.71787288207383,5.93504134888485,1
1327,2,0.000279034697049268,3.75906888462978e-05,0.000281555362309646,7.6725169560025,631.632091435588,635.628712387208,3.99662095161989,5.62871238720788,1
1328,2,0.000221048292254098,2.34303740291298e-05,0.000222286594142782,6.05056708181727,632.043338414808,635.306733261206,3.26339484639846,5.3067332612062,1
1329,2,0.000162353516521534,1.25739953282689e-05,0.000162839705494155,4.42861720763168,632.449589998347,634.970139949339,2.52054995099184,4.97013994933855,1
1330,2,0.000103138463018402,5.05634307427865e-06,0.00010326233175308,2.80666733344646,632.849542351448,634.620015146851,1.77047279540261,4.62001514685062,1
1331,2,4.35928921926234e-05,9.01508321285438e-07,4.36022128678239e-05,1.18471745926083,633.241911414001,634.257484744279,1.01557333027756,4.25748474427871,1
1332,2,-1.60923763326367e-05,1.22805644846812e-07,1.60928449087665e-05,179.562767585076,633.419835325949,634.086554929998,0.666719604048922,4.08655492999776,1
1333,2,-7.57260752592759e-05,2.72273047407894e-06,7.57750073270072e-05,177.94081771089,633.031386857449,634.454412469386,1.42302561193708,4.45441246938617,1
1334,2,-0.000135117102549029,8.69295109481535e-06,0.000135396450470393,176.318867836705,632.634771135522,634.810396817131,2.17562568160884,4.81039681713094,1
1335,2,-0.000194075133828654,1.80143353493952e-05,0.000194909399077341,174.69691796252,632.231261707617,635.153363399395,2.92210169177781,5.15336339939483,1
1336,2,-0.000252411232303142,3.06570119475472e-05,0.000254266164824073,173.074968088334,631.822153814231,635.482209168117,3.66005535388649,5.48220916811749,1
1337,2,-0.000309938454222173,4.65804661918697e-05,0.000313419184537708,171.453018214149,631.408760210666,635.795876186818,4.38711597615202,5.79587618681785,1
1338,2,-0.000366472447959655,6.57336698111372e-05,0.000372321058309064,169.831068339963,630.992406938153,636.093355073661,5.10094813550734,6.09335507366063,1
1339,2,-0.000421832044786695,8.80552444854309e-05,0.000430924587474784,168.209118465778,630.574429058142,636.373688290064,5.79925923192229,6.37368829006425,1
1340,2,-0.000475839839444454,0.000113473658538948,0.000489182812437985,166.587168591593,630.156166363647,636.635973263603,6.47980689995552,6.63597326360275,1
1341,2,-0.000528322758656797,0.000141907456170311,0.000547049050297555,164.965218717407,629.738959081506,636.879365334519,7.14040625301288,6.87936533451921,1
1342,2,-0.000579112615760544,0.000173265518485662,0.000604476932255587,163.343268843222,629.324143579396,637.1030805157,7.77893693630404,7.10308051570041,1
1343,2,-0.000628046649676093,0.000207447355498067,0.000661420440773119,161.721318969037,628.913048091305,637.306398056574,8.39334996526964,7.30639805657415,1
1344,2,-0.000674968046491353,0.000244343428157598,0.000717833946444553,160.099369094851,628.506988475087,637.488662802073,8.98167432698597,7.48866280207312,1
1345,2,-0.000719726441987216,0.000283835499379891,0.000773672244560841,158.477419220666,628.107264015484,637.649287338435,9.54202332295108,7.64928733843476,1
1346,2,-0.000762178403494525,0.000325797012948548,0.000828890591332571,156.85546934648,627.715153285811,637.78775391841,10.0726006325996,7.78775391841032,1
1347,2,-0.0008021878895381,0.000370093499076925,0.000883444739743575,155.233519472295,627.331910081263,637.903616159118,10.5717060778551,7.90361615911775,1
1348,2,-0.000839626685794961,0.000416583005329712,0.000937290975006463,153.61156959811,626.958759436444,637.996500506618,11.0377410701738,7.99650050661808,1
1349,2,-0.000874374815969766,0.00046511655152351,0.000990386149591807,151.989619723924,626.596893739451,638.066107462091,11.4692137226407,8.0661074620914,1
1350,2,-0.000906320926270584,0.000515538607148409,0.00104268771780265,150.367669849739,626.247468954445,638.11221256529,11.8647436108449,8.11221256528984,1
1351,2,-0.000935362642253024,0.000567687589780729,0.00109415376986675,148.745719975554,625.911600964256,638.134667131809,12.2230661675529,8.13466713180856,1
1352,2,-0.000961406896889242,0.000621396382889831,0.00114474306551941,147.123770101368,625.590362044136,638.133398741606,12.5430366974697,8.13339874160567,1
1353,2,-0.000984370228810298,0.000676492871379336,0.0011944150670496,145.501820227183,625.284777477332,638.108411477014,12.8236339996812,8.10841147701353,1
1354,2,-0.00100417904976636,0.000732800493146922,0.00124312997178333,143.879870352997,624.995822322658,638.059785909437,13.0639635867784,8.05978590943664,1
1355,2,-0.00102076988044742,0.000790138804894869,0.0012908487439779,142.257920478812,624.724418343734,637.98767883475,13.2632604910164,7.98767883475034,1
1356,2,-0.001034089553909,0.000848324060378261,0.00133753314610157,140.635970604627,624.471431109085,637.892322758369,13.4208916492844,7.89232275836912,1
1357,2,-0.00104409538595083,0.000907169799237953,0.00138314576947379,139.014020730441,624.237667271635,637.774025131741,13.5363578601051,7.77402513174059,1
1358,2,-0.00105075531190257,0.000966487444530969,0.00142765006424105,137.392070856256,624.023872035724,637.63316734302,13.6092953072954,7.63316734301952,1
1359,2,-0.00105404798937816,0.00102608690704392,0.00147101036866471,135.770120982071,623.830726819009,637.47020346539,13.6394766463815,7.47020346539,1
1360,2,-0.00105396286666961,0.00108577719445248,0.00151319193769711,134.148171107885,623.658847116183,637.285658767506,13.626811651323,7.28565876750554,1
1361,2,-0.00105050021656101,0.00114536702337501,0.00155416097082305,132.5262212337,623.508780570712,637.080127991203,13.5713474204913,7.0801279912032,1
1362,2,-0.0010436711354543,0.00120466543235897,0.00159388463914459,130.904271359514,623.381005260218,636.85427340254,13.473268142322,6.85427340254,1
1363,2,-0.00103349750780983,0.0012634823938356,0.00163233111168711,129.282321485329,623.275928200494,636.608822622965,13.3328944224706,6.72407179950551,1
1364,2,-0.00102001193601541,0.00132162942308189,0.00166946958090577,127.660371611144,623.193884072493,636.344566248153,13.1506821756606,6.80611592750722,1
1365,2,-0.00100325763590881,0.00137892018223841,0.00170527028737198,126.038421736958,623.135134175934,636.062355262773,12.9272210868393,6.8648658240661,1
1366,2,-0.0009832882982883,0.00143517107744719,0.00173970454361987,124.416471862773,623.09986561261,635.76309826016,12.6632326475494,6.90013438738981,1
1367,2,-0.00096016791685529,0.00149020184719633,0.00177274475713386,122.794521988588,623.088190701704,635.447758476468,12.3595677747643,6.91180929829648,1
1368,2,-0.000933970583140183,0.00154383613998566,0.00180436445245882,121.172572114402,623.100146628806,635.117350649506,12.0172040206995,6.89985337119367,1
1369,2,-0.000904780249068841,0.00159590207946238,0.00183453829241513,119.550622240217,623.135695329661,634.772937713037,11.6372423833767,6.86430467033949,1
1370,2,-0.000872690457930354,0.00164623281521581,0.00186324209840161,117.928672366031,623.194723608958,634.415627337802,11.2209037288446,6.80527639104241,1
1371,2,-0.000837804044608453,0.00169466705746573,0.00189045286977006,116.306722491846,623.277043493845,634.046568331062,10.7695248372173,6.72295650615547,1
1372,2,-0.00080023280603698,0.00174104959393147,0.00191614880225591,114.684772617661,623.382392821132,633.666946906814,10.2845540856822,6.61760717886784,1
1373,2,-0.000760097142935666,0.00178523178722482,0.00194030930545026,113.062822743475,623.510436056509,633.27798283928,9.76754678277121,6.48956394349136,1
1374,2,-0.00071752567397425,0.00182707205117305,0.00196291501929908,111.44087286929,623.660765343403,632.880925512549,9.22016016914597,6.33923465659655,1
1375,2,-0.000672654823601274,0.00186643630454584,0.00198394782961669,109.818922995105,623.832901778482,632.477049879601,8.64414810111941,6.16709822151813,1
1376,2,-0.000625628384858579,0.00190319840073161,0.00200339088260082,108.196973120919,624.02629691006,632.067652344071,8.04135543401173,5.97370308994039,1
1377,2,-0.000576597058582435,0.00193724053198676,0.00202122859833772,106.575023246734,624.240334455131,631.654046578456,7.41371212332501,5.75966554486934,1
1378,2,-0.000525717970467846,0.00196845360696217,0.00203744668328651,104.953073372548,624.474332229986,631.237559292404,6.76322706241808,5.52566777001414,1
1379,2,-0.000473154167543942,0.00199673760029705,0.00205203214173273,103.331123498363,624.727544288832,630.819525965039,6.09198167620696,5.27245571116828,1
1380,2,-0.000419074095673693,0.00202200187316011,0.00206497328620196,101.709173624178,624.999163264141,630.4012865551,5.40212329095971,5.00083673585948,1
1381,2,-0.00036365105975265,0.00204416546371055,0.00207625974682509,100.087223749992,625.288322901864,629.984181202826,4.69585830096253,4.71167709813642,1
1382,2,-0.000307062668336453,0.00206315734654817,0.00208588247964778,98.4652738758067,625.594100784074,629.56954593741,3.97544515333607,4.40589921592641,1
1383,2,-0.000249490264476692,0.00207891666032134,0.00209383377387754,96.8433240016211,625.915521230966,629.158708403702,3.24318717273604,4.08447876903415,1
1384,2,-0.000191118344589421,0.00209139290276306,0.00210010725806238,95.2213741274359,626.251558373618,628.752983621794,2.50142524817579,3.74844162638203,1
1385,2,-0.000132133967218192,0.00210054609253052,0.00210469790519639,93.5994242532507,626.601139388339,628.353669792881,1.75253040454254,3.39886061166135,1
1386,2,-7.27261535866478e-05,0.00210634689732918,0.00210760203674787,91.977474379065,626.963147882949,627.962044164543,0.998896281594398,3.03685211705135,1
1387,2,-1.30852818615101e-05,0.00210877672791101,0.00210881732560705,90.3555245048798,627.336427424755,627.579358968434,0.242931543678992,2.6635725752451,1
1388,2,4.65975229330197e-05,0.00210782779764553,0.00210834279795072,88.7335746306946,627.125472571105,627.793104735846,0.667632164740894,2.87452742889525,1
1389,2,0.000106131001394106,0.00210350314747287,0.00210617883402269,87.1116247565089,626.758378352942,628.180963486651,1.42258513370905,3.24162164705808,1
1390,2,0.000165324372649752,0.00209581663615876,0.00210232716782899,85.4896748823237,626.403209360427,628.577062722094,2.17385336166717,3.59679063957276,1
1391,2,0.000223987945734927,0.00208479289588275,0.00209679088574845,83.8677250081381,626.061099981453,628.980135666008,2.91903568455484,3.93890001854675,1
1392,2,0.000281933727474748,0.002070467253302,0.00208957442405953,82.2457751339529,625.733142565227,629.388892798074,3.65575023284646,4.26685743477287,1
1393,2,0.000338976024927162,0.00205288561634348,0.00208068356538551,80.6238252597677,625.420383972591,629.802025958355,4.38164198576374,4.5796160274092,1
1394,2,0.000394932040454143,0.0020321043270876,0.0020701254340608,79.001875385582,625.12382227385,630.218212517009,5.09439024315952,4.87617772615044,1
1395,2,0.000449622457514619,0.00200818998121442,0.00205790849042212,77.3799255113968,624.844403604012,630.636119596047,5.79171599203539,5.15559639598803,1
1396,2,0.000502872015302,0.00198121921459129,0.00204404252402919,75.7579756372116,624.583019184832,631.054408329878,6.47138914504558,5.41698081516756,1
1397,2,0.000554510070384585,0.00195127845768569,0.00202853864582023,74.1360257630259,624.340502522518,631.471738151092,7.13123562857413,5.65949747748209,1
1398,2,0.000604371143549139,0.00191846365859032,0.00201140927920864,72.5140758888407,624.117626789401,631.886771087851,7.7691442984501,5.88237321059876,1
1399,2,0.000652295450095357,0.00188287997554799,0.00199266815012804,70.8921260146551,623.915102397268,632.298176059048,8.38307366178003,6.08489760273233,1
1400,2,0.000698129411881512,0.00184464143996181,0.0019723302760335,69.2701761404699,623.733574769507,632.704633153435,8.9710583839277,6.26642523049281,1
1401,2,0.000741726149480756,0.00180387059097024,0.00195041195386792,67.6482262662847,623.573622318578,633.104837878805,9.53121556022677,6.42637768142208,1
1402,2,0.000782945952870622,0.00176069808275849,0.0019269307470031,66.026276392099,623.435754634689,633.497505367363,10.0617507326743,6.56424536531142,1
1403,2,0.000821656729147459,0.00171526226586438,0.00190190547116609,64.4043265179138,623.320410890971,633.881374523511,10.5609636325398,6.67958910902871,1
1404,2,0.00085773442583118,0.00166770874382037,0.0018753561793619,62.7823766437282,623.227958469768,634.255212100356,11.0272536305878,6.77204153023195,1
1405,2,0.000891063428403518,0.00161818990655289,0.00184730414580487,61.1604267695429,623.158691814009,634.617816691445,11.4591248774361,6.8413081859909,1
1406,2,0.000921536930806164,0.00156686444203373,0.0018177718488714,59.5384768953577,623.112831506986,634.968022624394,11.8551911174078,6.88716849301386,1
1407,2,0.000949057277711222,0.00151389682774899,0.00178678295308778,57.9165270211721,623.090523583189,635.304703743418,12.2141801602291,6.90947641681134,1
1408,2,0.000973536277467273,0.00145945680361477,0.00175436229016765,56.2945771469869,623.091839072179,635.626777068012,12.5349379958325,6.90816092782097,1
1409,2,0.000994895484718215,0.00140371882802898,0.00172053583911401,54.6726272728017,623.116773776821,635.933206315414,12.8164325385932,6.88322622317912,1
1410,2,0.00101306645178908,0.00134686151880227,0.00168533070540202,53.050677398616,623.165248286491,636.223005274941,13.0577569884499,6.83475171350869,1
1411,2,0.0010279909480333,0.00128906708075978,0.00164877509925913,51.4287275244308,623.237108225243,636.495241022616,13.2581327973725,6.76289177475678,1
1412,2,0.00103962114643858,0.00123052072184784,0.00161089831305989,49.8067776502452,623.332124734202,636.749036965177,13.4169122309751,6.74903696517742,1
1413,2,0.0010479197768932,0.001171410059617,0.00157173069785374,48.1848277760599,623.44999518681,636.983575702955,13.5335805161446,6.98357570295502,1
1414,2,0.00105286024562177,0.00111192451998313,0.00153130363904434,46.5628779018747,623.590344134838,637.198101701767,13.6077575669289,7.1981017017672,1
1415,2,0.0010544267204076,0.0010522547301935,0.0014896495312402,44.9409280276891,623.752724482474,637.391923764606,13.639199282132,7.39192376460596,1
1416,2,0.00105261418132856,0.000992591907943148,0.0014468017522965,43.3189781535039,623.936618885051,637.564417294526,13.627798409476,7.56441729452649,1
1417,2,0.00104742843684394,0.000933127248598856,0.00140279463656909,41.6970282793182,624.141441368386,637.71502634088,13.5735849724942,7.7150263408804,1
1418,2,0.00103888610518066,0.000874051312495013,0.00135766344740208,40.075078405133,624.36653916405,637.843265421762,13.4767262577117,7.84326542176211,1
1419,2,0.00102701456107855,0.000815553414264203,0.00131144434887088,38.4531285309478,624.611194755178,637.948721116283,13.337526361105,7.94872111628297,1
1420,2,0.00101185184806527,0.000757821016159939,0.0012641743768036,36.8311786567622,624.874628126903,638.031053421128,13.1564252942251,8.03105342112758,1
1421,2,0.000993446556542136,0.000701039127315525,0.00121589140910393,35.2092287825769,625.155999214787,638.08999686661,12.9339976518229,8.08999686660991,1
1422,2,0.000971857668071402,0.000645389710864057,0.00116663413539909,33.5872789083917,625.454410544072,638.125361388324,12.6709508442516,8.12536138832388,1
1423,2,0.000947154366364033,0.000591051100819751,0.00111644202603749,31.9653290342061,625.768910051967,638.137032951327,12.3681228993599,8.137032951327,1
1424,2,0.000919415815573759,0.000538197430589141,0.0010653553004608,30.3433791600209,626.098494084595,638.124973924648,12.0264798400532,8.12497392464797,1
1425,2,0.000888730906607726,0.000486998074943403,0.00101341489497558,28.7214292858352,626.442110559708,638.089223204816,11.6471126451073,8.08922320481577,1
1426,2,0.000855197972266922,0.00043761710724039,0.000960662429950762,27.09947941165,626.798662285712,638.029896087969,11.2312338022571,8.02989608796872,1
1427,2,0.000818924472129019,0.000390212773635368,0.00090714017646668,25.4775295374648,627.167010427012,637.947183890998,10.7801734639863,7.94718389099842,1
1428,2,0.00078002664818363,0.000344936985965731,0.00085289102244291,23.8555796632792,627.54597810527,637.841353323061,10.2953752177908,7.84135332306107,1
1429,2,0.000738629152323487,0.000301934834934648,0.000797958438271772,22.2336297890939,627.934354125599,637.712745609669,9.77839148406963,7.71274560966901,1
1430,2,0.000694864646885149,0.000261344125153588,0.00074238644198498,20.6116799149083,628.330896816377,637.561775372447,9.23087855606991,7.5617753724465,1
1431,2,0.000648873379519617,0.000223294933534017,0.000686219563981653,18.9897300407231,628.734337970863,637.38892926848,8.65459129761723,7.3889292684803,1
1432,2,0.000600802733754898,0.000187909192443098,0.00062950281134557,17.3677801665379,629.143386878526,637.194764394051,8.05137751552559,7.19476439405139,1
1433,2,0.000550806756691066,0.00015530029895949,0.000572281631780575,15.7458302923522,629.556734433529,636.979906458311,7.42317202478182,6.97990645831078,1
1434,2,0.000499045665341255,0.000125572751481314,0.000514601877192926,14.123880418167,629.973057307598,636.745047733317,6.77199042571897,6.74504773331716,1
1435,2,0.000445685333200449,9.88218148507289e-05,0.00045650976694961,12.5019305439818,630.391022174174,636.490944787542,6.09992261336845,6.49094478754239,1
1436,2,0.000390896758687632,7.51332150684299e-05,0.000398051850842344,10.8799806697962,630.809289970539,636.218416010772,5.40912604023333,6.21841601077188,1
1437,2,0.000334855517164619,5.45828645762843e-05,0.000339274971786805,9.25803079561094,631.226520184399,635.92833893895,4.70181875455103,5.92833893894965,1
1438,2,0.000277741198287492,3.72366189884247e-05,0.000280226228286827,7.6360809214253,631.641375151226,635.62164738823,3.98027223700376,5.62164738823003,1
1439,2,0.000219736830494039,2.31500660505138e-05,0.000220952936694014,6.01413104724011,632.052524348611,635.299328408116,3.2468040595046,5.29932840811557,1
1440,2,0.000161028294471072,1.23683475033278e-05,0.000161502593292571,4.39218117305487,632.458648673736,634.962419064138,2.50377039040166,4.96241906413809,1
1441,2,0.000101803727481573,4.92601442163699e-06,0.000101922836240092,2.7702312988692,632.858444690107,634.612003061098,1.75355837099062,4.61200306109799,1
1442,2,4.22529204604228e-05,8.46916491898959e-07,4.22614073946795e-05,1.14828142468403,633.250628829688,634.249207218362,0.998578388674218,4.24920721836202,1
1443,2,-1.7433290189372e-05,1.44125583587031e-07,1.74338859411979e-05,179.526331550498,633.411207845368,634.094940480976,0.683732635607953,4.09494048097633,1
1444,2,-7.70636341505332e-05,2.8198938591109e-06,7.71152093290544e-05,177.904381676313,633.022562100803,634.462544144851,1.43998204404761,4.46254414485111,1
1445,2,-0.000136447020136112,8.86564655653839e-06,0.000136734739524709,176.282431802128,632.625777444115,634.818248475707,2.19247103159228,4.81824847570715,1
1446,2,-0.000195393148260219,1.82620094682645e-05,0.000196244702799487,174.660481927942,632.222127955515,635.160909792221,2.9387818367062,5.1609097922211,1
1447,2,-0.000253713119872632,3.09788710275503e-05,0.000255597413221742,173.038532053757,631.81290931505,635.489426020872,3.67651670582222,5.48942602087186,1
1448,2,-0.000311220042903141,4.69754788040059e-05,0.000314745310868167,171.416582179572,631.399434623073,635.802740278678,4.40330565560521,5.80274027867802,1
1449,2,-0.000367729630775478,6.62005700987488e-05,0.000373640999933985,169.794632305386,630.983030170402,636.099844312924,5.11681414252246,6.09984431292401,1
1450,2,-0.000423060792971681,8.85925362207328e-05,0.000432237286711651,168.172682431201,630.565031171923,636.379781786155,5.81475061423237,6.37978178615492,1
1451,2,-0.000477036215354533,0.000114079619917878,0.000490487217407736,166.550732557015,630.146777477592,636.641651395241,6.49487391764865,6.64165139524084,1
1452,2,-0.000529482928387986,0.00014258014533018,0.000548344115767364,164.92878268283,629.729609274649,636.884609813813,7.15500053916401,6.88460981381309,1
1453,2,-0.000580232861435115,0.000174002779728058,0.000605761620476464,163.306832808645,629.314862794888,637.107874447922,7.793011653034,7.1078744479222,1
1454,2,-0.000629123381356909,0.00020824682619703,0.000662693722311511,161.684882934459,628.903866040714,637.31072599544,8.40685995472597,7.31072599544007,1
1455,2,-0.000675997813686093,0.000245202546330826,0.00071909480100714,160.062933060274,628.497934543563,637.492510800309,8.99457625674643,7.49251080030945,1
1456,2,-0.000720705944705906,0.000284751511898938,0.000774919661812218,158.440983186088,628.098367168102,637.652642993487,9.55427582538596,7.65264299348746,1
1457,2,-0.000763104502824602,0.000326766984361427,0.000830123571704746,156.819033311903,627.706441975383,637.790606413096,10.0841644377131,7.79060641309616,1
1458,2,-0.000803057617703401,0.000371114321015077,0.00088466229523697,155.197083437718,627.3234121579,637.905956297108,10.5825441392083,7.90595629710799,1
1459,2,-0.000840437255666281,0.000417651406469117,0.000938492129981653,153.575133563532,626.950502059155,637.998320742623,11.0478186834678,7.99832074262292,1
1460,2,-0.000875123629996424,0.000466229108067894,0.000991569941551226,151.953183689347,626.588903290058,638.067401926633,11.4784986365754,8.06740192663301,1
1461,2,-0.000907005584804565,0.000516691753801173,0.00104385319816189,150.331233815162,626.239770954052,638.112977083972,11.8732061299197,8.11297708397171,1
1462,2,-0.000935980951238907,0.000568877631170324,0.00109530000471471,148.709283940976,625.904219992558,638.134899239037,12.2306792464797,8.13489923903717,1
1463,2,-0.000961956874895211,0.000622619505411855,0.00114586913636657,147.087334066791,625.583321661798,638.133097688688,12.5497760268896,8.13309768868794,1
1464,2,-0.000984850113377893,0.000677745155417706,0.00119552007156409,145.465384192605,625.278100151659,638.107578234619,12.8294780829605,8.1075782346195,1
1465,2,-0.0010045873030584,0.000734077925634574,0.00124421302451393,143.84343431842,624.98952935681,638.058423164413,13.068893807603,8.05842316441328,1
1466,2,-0.00102110519417618,0.000791437292174067,0.00129190897706355,142.221484444235,624.718529809672,637.9857909813,13.2672611716287,7.98579098130017,1
1467,2,-0.00103435085352874,0.000849639441319165,0.00133856970996687,140.599534570049,624.465965784447,637.889915883615,13.4239500991674,7.88991588361466,1
1468,2,-0.0010442818341013,0.00090849785857327,0.00138415783350967,138.977584695864,624.232642580762,637.771106995742,13.5384644149804,7.77110699574189,1
1469,2,-0.00105086631109236,0.00096782392636429,0.00142863681747044,137.355634821679,624.019303994951,637.629747353295,13.610443358344,7.62974735329487,1
1470,2,-0.00105408318389949,0.00102742752848812,0.00147197102039235,135.733684947493,623.826629986448,637.466292646058,13.6396626596097,7.46629264605792,1
1471,2,-0.00105392214373819,0.00108711765935459,0.00151412571814308,134.111735073308,623.655234546096,637.281269723124,13.6260351770278,7.28126972312384,1
1472,2,-0.00105038370667745,0.00114670303608378,0.00155506713173973,132.489785199122,623.505663772625,637.07527486545,13.5696110928254,7.0752748654503,1
1473,2,-0.00104347921198596,0.0012059927114906,0.00159476245441611,130.867835324937,623.378394162902,636.848971831885,13.4705776689834,6.84897183188514,1
1474,2,-0.0010332307857943,0.0012647966859939,0.00163317987791127,129.245885450752,623.2738311209,636.603089685475,13.3292585645755,6.7261688791001,1
1475,2,-0.00101967127018955,0.00132292651648873,0.00167028861795768,127.623935576566,623.19230768974,636.338420407624,13.1461127178836,6.80769231025965,1
1476,2,-0.00100284411796967,0.00138019592023069,0.00170605893894901,126.001985702381,623.134083510444,636.055816308386,12.9217327979412,6.8659164895555,1
1477,2,-0.00098280325339469,0.00143642137179739,0.00174046217776759,124.380035828196,623.099344010406,635.756187241846,12.6568432314396,6.90065598959382,1
1478,2,-0.000959612899381153,0.00149142269121354,0.0017734707667524,122.75808595401,623.088199823963,635.440497636239,12.3522978122764,6.91180017603745,1
1479,2,-0.000933347371693468,0.00154502362135546,0.00180505825578939,121.136136079825,623.100686446661,635.109763348953,12.0090769022917,6.89931355333886,1
1480,2,-0.000904090840791752,0.00159705239278425,0.00183519933350615,119.514186205639,623.136764124292,634.765048357266,11.628284232974,6.86323587570803,1
1481,2,-0.000871937062099363,0.00164734227419782,0.0018638698475542,117.892236331454,623.196317976961,634.407461296069,11.2111433191085,6.80368202303907,1
1482,2,-0.0008369890755544,0.00169573210673777,0.00189104682396251,116.270286457269,623.279158357855,634.038151854349,10.7589934964943,6.72084164214505,1
1483,2,-0.000799358875408137,0.00174206682043867,0.00191670848554679,114.648336583083,623.385021445695,633.658307042659,10.273285596964,6.61497855430468,1
1484,2,-0.000759167051328485,0.00178619793116502,0.00194083426935969,113.026386708898,623.513570069125,633.269147344123,9.75557727499768,6.48642993087503,1
1485,2,-0.000716542401958509,0.00182798401644324,0.00196340484316822,111.404436834713,623.664394760711,632.871922761908,9.20752800119669,6.33560523928884,1
1486,2,-0.000671621522168616,0.00186729116866383,0.00198440212094475,109.782486960527,623.837015037479,632.46790877634,8.63089373886123,6.16298496252114,1
1487,2,-0.000624548365324824,0.00190399342420147,0.00200380927735959,108.160537086342,624.030880904302,632.058402225127,8.02752132082458,5.96911909569803,1
1488,2,-0.000575473781976105,0.00193797316707781,0.00202161076126328,106.538587212156,624.245374575765,631.644717120251,7.39934254448576,5.75462542423509,1
1489,2,-0.000524555036439044,0.00196912150587337,0.00203779230814786,104.916637337971,624.479812411543,631.228180415333,6.74836800379023,5.52018758845702,1
1490,2,-0.000471955302828822,0.00199733862268084,0.0020523409515772,103.294687463786,624.733447059601,630.810127737285,6.07668067768407,5.26655294039938,1
1491,2,-0.000417843142151855,0.00202253409298128,0.00206524503357712,101.6727375896,625.005469801012,630.391899096118,5.38642929510593,4.9945301989876,1
1492,2,-0.000362391962135426,0.00204462717541847,0.00207649421397703,100.050787715415,625.295013089463,629.974834586812,4.67982149734905,4.70498691053683,1
1493,2,-0.000305779461525648,0.0020635470705424,0.00208607947869563,98.4288378412295,625.601153278016,629.560270097027,3.959116819011,4.39884672198446,1
1494,2,-0.000248187060634442,0.00207923314769308,0.00209399314696396,96.8068879670443,625.922913525039,629.149533034415,3.22661950937561,4.07708647496065,1
1495,2,-0.000189799319960267,0.0020916351392975,0.00210022887748013,95.1849380928591,626.259266870702,628.743938087101,2.48467121639942,3.74073312929829,1
1496,2,-0.000130803348745941,0.00210071330195692,0.0021047816734906,93.5629882186735,626.609139474849,628.34478303072,1.73564355587121,3.39086052515074,1
1497,2,-7.13882053687576e-05,0.00210643854380853,0.00210764788679418,91.9410383444882,626.971414006567,627.953344595194,0.981930588627165,3.02858599343335,1
1498,2,-1.17442914842676e-05,0.00210879251775317,0.00210882522066534,90.3190884703026,627.344933175231,627.570874404189,0.225941228957936,2.65506682476871,1
1499,2,4.79372581343844e-05,0.0021077676802504,0.00210831273169461,88.6971385961174,627.11710352591,627.801718219044,0.684614693134108,2.88289647409044,1
1500,2,0.000107465188106697,0.00210336731549255,0.00210611083054457,87.0751887219322,626.750264459592,628.189775809512,1.43951134991926,3.24973554040776,1
1501,2,0.000166648735341395,0.00209560552488015,0.00210222128162073,85.4532388477465,626.39537653806,628.586045706349,2.19066916828979,3.60462346194038,1
1502,2,0.000225298240355427,0.00208450718183266,0.00209664720165773,83.8312889735613,626.053573243721,628.989260577939,2.93568733421898,3.94642675627949,1
1503,2,0.000283225755056483,0.00207010785207911,0.00208939305722186,82.2093390993757,625.72594594126,629.398130439894,3.67218449863424,4.27405405873992,1
1504,2,0.000340245645040983,0.00205245367968429,0.00208046466113196,80.5873892251904,625.413540431162,629.811346761226,4.39780633006342,4.58645956883765,1
1505,2,0.000396175184477833,0.0020316012391755,0.00206986916780155,78.9654393510052,625.117353650957,630.227586635344,5.11023298438636,4.8826463490426,1
1506,2,0.000450835141671227,0.00200761735424397,0.00205761506750589,77.3434894768196,624.838330534125,630.645517002859,5.80718646873436,5.16166946587521,1
1507,2,0.00050405035342617,0.0019805788836018,0.00204371217957872,75.7215396026344,624.577361035969,631.063798912814,6.48643787684478,5.42263896403085,1
1508,2,0.000555650286376189,0.00195057247468064,0.00202817164454385,74.0995897284492,624.335277335383,631.481091808914,7.14581447353123,5.66472266461699,1
1509,2,0.000605469583474203,0.00191769428596148,0.00201100591518816,72.4776398542635,624.112851220737,631.896057826985,7.78320660624752,5.88714877926282,1
1510,2,0.00065334859389536,0.00188204967882546,0.0019922287465831,70.8556899800783,623.910791667603,632.307366089948,8.39657442234454,6.08920833239699,1
1511,2,0.000699133884653855,0.00184375287991286,0.00197185518506257,69.2337401058927,623.72974261544,632.713696986416,8.98395437097645,6.27025738456007,1
1512,2,0.000742678732293891,0.00180292661507272,0.00194990155616617,67.6117902317074,623.570280949745,633.113746419049,9.54346546930356,6.42971905025468,1
1513,2,0.000783843593079465,0.00175970171607579,0.00192638545155735,65.9898403575222,623.432914695546,633.506230008775,10.0733153132293,6.56708530445394,1
1514,2,0.000822496550175923,0.00171421670135125,0.00190132571492705,64.3678904833366,623.31808142749,633.889887241133,10.5718058136431,6.68191857250963,1
1515,2,0.000858513736390374,0.00166661733209088,0.00187474242689408,62.7459406091514,623.226146901149,634.263485541022,11.0373386398732,6.77385309885074,1
1516,2,0.000891779731116322,0.00161705614514297,0.00184665688891428,61.1239907349657,623.157403909484,634.625824262368,11.4684203528836,6.84259609051605,1
1517,2,0.000922187930210256,0.00156569196419307,0.00181709160621149,59.5020408607805,623.112071367798,634.975738579409,11.8636672116107,6.88792863220158,1
1518,2,0.000949640887615142,0.00151268939079785,0.00178607026974384,57.8800909865953,623.090293629777,635.312103266582,12.2218096368051,6.90970637022326,1
1519,2,0.000974050627635846,0.00145821827690329,0.00175361773721999,56.2581411124097,623.09214003662,635.63383635427,12.5416963176494,6.90785996337979,1
1520,2,0.000995338926865861,0.00140245318053751,0.00171976001318041,54.6361912382244,623.117604700546,635.939902648079,12.8222979475333,6.88239529945417,1
1521,2,0.00101343756486193,0.00134557280642238,0.00168452422815959,53.0142413640392,623.166606523282,636.229317099694,13.0627105764123,6.83339347671813,1
1522,2,0.00102828854276311,0.00128775943329668,0.00164793861694618,51.3922914898536,623.238989449499,636.50114801781,13.2621585683106,6.76101055050083,1
1523,2,0.00103984426915385,0.00122919832978613,0.00161003249595811,49.7703416156684,623.334522954462,636.754520108171,13.4199971537088,6.75452010817082,1
1524,2,0.00104806771257529,0.00117007716069175,0.00157083623975107,48.1483917414827,623.452902764472,636.988617332269,13.5357145677973,6.98861733226943,1
1525,2,0.00105293252019629,0.00111058538559971,0.00153038125667906,46.5264418672975,623.593751808049,637.202685574847,13.608933766798,7.20268557484724,1
1526,2,0.00105442310226357,0.00105091365173944,0.00148869996372656,44.9044919931123,623.756621395094,637.396035110969,13.6394137158749,7.39603511096914,1
1527,2,0.00105253468206069,0.000991253183035865,0.00144582576053248,43.2825421189267,623.940992620623,637.568042864143,13.6270502435202,7.56804286414297,1
1528,2,0.00104727331121542,0.000931795167313682,0.00140179300262673,41.6605922447414,624.14627798902,637.718154447596,13.571876458576,7.71815444759557,1
1529,2,0.0010386558503068,0.000872730143617075,0.00135663697390069,40.0386423705558,624.371823254082,637.845885981612,13.4740627275296,7.8458859816119,1
1530,2,0.00102670991483366,0.000814247391608792,0.001310393858334,38.4166924963706,624.616909469504,637.950825680578,13.3339162110742,7.95082568057808,1
1531,2,0.00101147378671814,0.000756534325004788,0.00126310071099987,36.7947426221854,624.880755243838,638.032635204184,13.151879960346,8.03263520418386,1
1532,2,0.000992996291627441,0.000699775890988638,0.00121479542837253,35.1727927479997,625.16251919328,638.091050768022,12.9285315747429,8.09105076802246,1
1533,2,0.000971336642507232,0.000644153977530181,0.0011655167179604,33.5508428738145,625.46130258513,638.125884009714,12.6645814245846,8.12588400971424,1
1534,2,0.000946564249827927,0.000589846830507593,0.00111530406728935,31.9288929996293,625.776152164092,638.137022607511,12.3608704434185,8.13702260751086,1
1535,2,0.000918758499152033,0.000537028482501029,0.00106419771226096,30.3069431254437,626.106063153051,638.12443064916,12.0183674961096,8.12443064916044,1
1536,2,0.000888008496735352,0.000485868195088185,0.00101223860491113,28.6849932512584,626.449982419399,638.088148749809,11.6381663304102,8.08814874980874,1
1537,2,0.000854412783977189,0.000436529916428877,0.000959468380594719,27.0630433770728,626.806811797456,638.028293918444,11.221482120988,8.02829391844386,1
1538,2,0.000818079021634835,0.000389171755877183,0.000905929324622809,25.4410935028876,627.175411557,637.945059173431,10.7696476164311,7.94505917343122,1
1539,2,0.000779123644814053,0.000343945477304415,0.000851664338378975,23.8191436287024,627.554604007429,637.83871290842,10.2841089009903,7.83871290841978,1
1540,2,0.000737671489841379,0.000300996012756951,0.000796716904942014,22.1971937545167,627.943177226653,637.709598010926,9.76642078427221,7.70959801092556,1
1541,2,0.000693855394213903,0.000260460998007298,0.00074113105424256,20.5752438803315,628.339888903319,637.558130736636,9.21824183331717,7.55813073663603,1
1542,2,0.000647815770908415,0.000222470331486698,0.000684951327781372,18.9532940061463,628.743470280578,637.384799343405,8.64132906282703,7.38479934340535,1
1543,2,0.000599700158414273,0.000187145758012896,0.000628222742937826,17.3313441319607,629.152630189287,637.190162489759,8.03753230047221,7.19016248975879,1
1544,2,0.000549662747931884,0.000154600478646947,0.000570990756897076,15.7093942577754,629.566059158077,636.974847403473,7.40878824539573,6.97484740347318,1
1545,2,0.000497863889251788,0.000124938787929258,0.000513301230224659,14.0874443835898,629.982433587521,636.739547826663,6.7571142391414,6.73954782666272,1
1546,2,0.00044446957689812,9.82557396575615e-05,0.000455200390118076,12.4654945094046,630.400419975287,636.485021744519,6.08460176923131,6.48502174451858,1
1547,2,0.000389650918182791,7.46368422776457e-05,0.000396734793364371,10.8435446352194,630.818679178962,636.212088905607,5.39340972664581,6.2120889056074,1
1548,2,0.000333583584875354,5.41577848631747e-05,0.000337951289033757,9.22159476103374,631.235870703025,635.921628142335,4.68575743931058,5.92162814233541,1
1549,2,0.000276447250245628,3.68841945626399e-05,0.000278896980939026,7.59964488684851,631.65065699628,635.614574500821,3.96391750454063,5.61457450082059,1
1550,2,0.000218425013282985,2.28714262906912e-05,0.000219619189890689,5.97769501266286,632.061707745973,635.291916190086,3.23020844411292,5.29191619008589,1
1551,2,0.000159702811937784,1.21643853379166e-05,0.000160165415778452,4.35574513847769,632.467704154732,634.954691361036,2.48698720630443,4.95469136103611,1
1552,2,0.000100468827264873,4.79738346740623e-06,0.000100583299508976,2.73379526429246,632.867343186449,634.603984726242,1.73664153979257,4.60398472624183,1
1553,2,4.09128803789797e-05,7.9402895935719e-07,4.09205848307793e-05,1.11184539010688,633.259341767255,634.240924032057,0.981582264801432,4.24092403205668,1
1554,2,-1.87741758456292e-05,1.6715095602169e-07,1.87749199232568e-05,179.489895515922,633.402575626282,634.103320621842,0.700744995560513,4.1033206218425,1
1555,2,-7.84010683819931e-05,2.91875834945699e-06,7.84553801452806e-05,177.867945641736,633.013733235802,634.470669813765,1.45693657796357,4.4706698137652,1
1556,2,-0.000137776717003592,9.04003334383971e-06,0.000138072973282774,176.245995767551,632.616780287486,634.826093550423,2.20931326293669,4.82609355042314,1
1557,2,-0.000196710846619635,1.85113597129499e-05,0.000197579927159202,174.624045893365,632.212991392229,635.168449044878,2.95545765264887,5.16844904487766,1
1558,2,-0.000255014597030354,3.13023856623048e-05,0.000256928558254441,173.00209601918,631.80366266751,635.496635199957,3.69297253244736,5.4966351999575,1
1559,2,-0.000312501128147928,4.7372121094443e-05,0.00031607130991394,171.380146144995,631.39010755661,635.809596187921,4.41948863131086,5.80959618792122,1
1560,2,-0.000368986218743973,6.6669068965733e-05,0.000374960790456459,169.758196270809,630.973652597771,636.106324886825,5.13267228905397,6.10632488682495,1
1561,2,-0.000424288856804497,8.91313903136954e-05,0.000433549811149445,168.136246396624,630.555633157156,636.385866161919,5.83023300476282,6.38586616191924,1
1562,2,-0.000478231819600616,0.000114687102426005,0.000491791424021799,166.514296522439,630.137389139493,636.647319980858,6.50993084136485,6.6473199808579,1
1563,2,-0.000530642241616269,0.000143254309516193,0.000549638959483859,164.892346648253,629.720260690251,636.889844352044,7.16958366179279,6.88984435204418,1
1564,2,-0.000581352168512614,0.00017474146516668,0.000607046063724094,163.270396774068,629.305583903192,637.112658075989,7.80707417279757,7.1126580759892,1
1565,2,-0.000630199095354279,0.000209047665698299,0.000663966735852979,161.648446899883,628.89468654699,637.315043300194,8.42035675320392,7.31504330019368,1
1566,2,-0.000677026487372326,0.000246062973526017,0.00072035536476393,160.026497025697,628.488883824548,637.496347868699,9.00746404415088,7.49634786869865,1
1567,2,-0.000721684281595238,0.000285668769464676,0.000776166765681897,158.404547151512,628.089474178369,637.655987458142,9.56651327977329,7.65598745814248,1
1568,2,-0.000764029367740508,0.00032773813285587,0.000831356216370463,156.782597277326,627.697735155189,637.793447492872,10.0957123376838,7.79344749287236,1
1569,2,-0.000803926046825539,0.000372136248297616,0.000885879492968182,155.160647403141,627.314919342793,637.908284832458,10.5933654896654,7.90828483245798,1
1570,2,-0.000841246466028315,0.0004187208376735,0.000939692905425558,153.538697528956,626.942250391628,638.000129225653,11.057878834025,8.0001292256527,1
1571,2,-0.000875871028404385,0.00046734261609694,0.00099275333251442,151.91674765477,626.580919133495,638.068684525749,11.4877653922541,8.06868452574872,1
1572,2,-0.000907688776146926,0.000517845770309155,0.00104501825638129,150.294797780585,626.232079809289,638.113729663039,11.8816498537492,8.11372966303861,1
1573,2,-0.000936597746161982,0.000570068457998121,0.00109644579661744,148.6728479064,625.896846417241,638.135119370961,12.2382729537198,8.13511937096064,1
1574,2,-0.000962505296819176,0.000623843326438103,0.00114699474381809,147.050898032214,625.576289192827,638.132784663393,12.5564954705658,8.13278466339318,1
1575,2,-0.00098532840483088,0.000678998048787842,0.00119662459260382,145.428948158029,625.271431230959,638.106733061386,12.8353018304277,8.10673306138631,1
1576,2,-0.00100499393130854,0.000735355876328914,0.00124529557407808,143.806998283843,624.9832452606,638.057048568563,13.0738033079625,8.05704856856255,1
1577,2,-0.00102143885614334,0.000792736204874228,0.00129296868769426,142.185048409658,624.712650581514,637.983891395244,13.2712408137303,7.98389139524386,1
1578,2,-0.00103461047996043,0.000850955153531961,0.00133960573250735,140.563098535473,624.460510172212,637.887497432293,13.4269872600818,7.88749743229334,1
1579,2,-0.00104446659299914,0.000909826153969874,0.00138516933778468,138.941148661287,624.227627977741,637.768177476524,13.5405494987834,7.76817747652433,1
1580,2,-0.00105097561037834,0.000969160548291784,0.00142962299295142,137.319198787102,624.014746385262,637.626316210379,13.6115698251166,7.62631621037895,1
1581,2,-0.00105411667331332,0.00102876819361039,0.00147293107684696,135.697248912917,623.8225438949,637.462370939481,13.639827044581,7.46237093948105,1
1582,2,-0.00105387971595976,0.00108845807137878,0.00151505888626847,134.075299038731,623.651632992681,637.27687009249,13.6252370998086,7.27687009248973,1
1583,2,-0.00105026549767075,0.00114803889952803,0.00155597266377887,132.453349164546,623.502558231737,637.070411488501,13.5678532567639,7.07041148850135,1
1584,2,-0.00104328560056334,0.00120731974544948,0.00159563962475711,130.83139929036,623.375794527422,636.843660378053,13.4678658506311,6.84366037805285,1
1585,2,-0.00103296239240255,0.00126611063785689,0.00163402798366869,129.209449416175,623.271745671253,636.597347264586,13.3256015933333,6.72825432874731,1
1586,2,-0.00101932895492164,0.00132422317556817,0.00167110697953586,127.58749954199,623.190743067997,636.33226551393,13.1415224459321,6.80925693200254,1
1587,2,-0.00100242897780845,0.00138147113125539,0.00170684690058661,125.965549667804,623.133044699562,636.04926876011,12.9162240605485,6.86695530043824,1
1588,2,-0.000982316618697527,0.00143767104822849,0.00174121910806301,124.343599793619,623.098834318659,635.749268116474,12.6504337978149,6.90116568134079,1
1589,2,-0.00095905632961667,0.00149264282834036,0.00177419605916982,122.721649919433,623.088220874595,635.433229201738,12.3450083271433,6.91177912540547,1
1590,2,-0.00093272265044408,0.00154621030912886,0.00180575132914468,121.099700045248,623.101238172822,635.102168991205,12.0009308183836,6.8987618271783,1
1591,2,-0.000903399970037996,0.00159820182834683,0.00183585963243267,119.477750171063,623.137844769242,634.757152503924,11.6193077346823,6.86215523075782,1
1592,2,-0.000871182255804327,0.0016484507740706,0.00186449684294779,117.855800296877,623.197924099549,634.399289337106,11.2013652375574,6.80207590045131,1
1593,2,-0.000836172752568912,0.00169679611862414,0.00189164001340546,116.233850422692,623.28128484328,634.029730059588,10.7484452163084,6.71871515672001,1
1594,2,-0.000798483651719294,0.00174308293460815,0.00191726739371042,114.611900548507,623.387661521474,633.649662476535,10.262000955061,6.61233847852611,1
1595,2,-0.000758235731676439,0.0017871628913801,0.0019413584483853,112.989950674321,623.516715326268,633.260307777978,9.74359245171024,6.48328467373176,1
1596,2,-0.000715557970848468,0.00182889473039422,0.00196389387302587,111.368000800136,623.668035180007,632.862916584116,9.19488140410931,6.33196481999289,1
1597,2,-0.000670587134306622,0.00186814471787854,0.00198485560976991,109.74605092595,623.841139020843,632.458764900554,8.61762587971054,6.15886097915654,1
1598,2,-0.000623467335508266,0.00190478707339771,0.0020042268617671,108.124101051765,624.035475311065,632.049149996944,8.01367468587875,5.96452468893494,1
1599,2,-0.000574349574471092,0.00193870437292886,0.00202199210663855,106.50215117758,624.250424763834,631.635386222631,7.38496145879662,5.74957523616592,1
1600,2,-0.000523391253878785,0.00196978792515836,0.00203813710891502,104.880201303394,624.485302283285,631.218800773046,6.73349848976079,5.51469771671486,1
1601,2,-0.000470755674668725,0.00199793811979379,0.00205264893144394,103.258251429209,624.739359112332,630.800729420726,6.06137030839454,5.26064088766839,1
1602,2,-0.000416611512718016,0.0020230647467749,0.00206551594575606,101.636301555023,625.011785181926,630.382512224792,5.37072704286584,4.98821481807431,1
1603,2,-0.000361132278305202,0.0020450872853606,0.00207672784138353,100.014351680838,625.301711654869,629.965489232781,4.66377757791247,4.69828834513112,1
1604,2,-0.000304495760079461,0.00206393516216559,0.00208627563412169,98.3924018066527,625.608213656674,629.550996188675,3.94278253200093,4.39178634332586,1
1605,2,-0.00024688345531948,0.00207954797731967,0.00209415167322828,96.7704519324671,625.930313185442,629.140360260792,3.21004707534973,4.06968681455771,1
1606,2,-0.000188479988307661,0.00209187569802506,0.00210034964755401,95.1485020582819,626.266982192064,628.734895803164,2.46791361110013,3.73301780793633,1
1607,2,-0.000129472518683411,0.0021008788188914,0.00210486459059977,93.5265521840967,626.61714582163,628.33590016378,1.71875434214985,3.38285417836994,1
1608,2,-7.00501416717649e-05,0.00210652848853468,0.00210769288449633,91.904602309911,626.979685806278,627.944649552861,0.96496374658318,3.0203141937219,1
1609,2,-1.04032821092231e-05,0.00210880660203429,0.00210883226290335,90.2826524357258,627.353443999301,627.562394984077,0.208950984776038,2.64655600069932,1
1610,2,4.92769157914153e-05,0.00210770585895204,0.00210828181282548,88.6607025615402,627.108739921831,627.810336473934,0.701596552103751,2.89126007816935,1
1611,2,0.000108799200981317,0.00210322978672712,0.00210604197534389,87.0387526873549,626.742156598968,628.198592277804,1.4564356788369,3.25784340103246,1
1612,2,0.000167972828458466,0.00209539272937207,0.00210211454526286,85.4168028131697,626.387550320575,628.595032196316,2.207481875741,3.61244967942503,1
1613,2,0.00022660817052869,0.00208421980150601,0.00209650266967159,83.7948529389841,626.046053661769,628.99838834442,2.95233468265087,3.95394633823071,1
1614,2,0.000284517324486166,0.00206974680787234,0.00208921084542239,82.1729030647989,625.718757000974,629.407370275747,3.68861327477259,4.28124299902561,1
1615,2,0.00034151471476616,0.00205202012859898,0.0020802449155273,80.5509531906137,625.406705076646,629.820669090349,4.41396401370321,4.59329492335394,1
1616,2,0.000397417687640086,0.00203109657056863,0.00206961206447605,78.929003316428,625.110893691963,630.236961607032,5.12606791506801,4.8891063080365,1
1617,2,0.000452047096547257,0.00200704318537561,0.00205732081247905,77.3070534422428,624.832266577364,630.654914587141,5.82264800977703,5.16773342263605,1
1618,2,0.00050522787618771,0.0019799370544524,0.00204338100864004,75.6851035680572,624.571712420299,631.073188996536,6.501476576237,5.4282875797013,1
1619,2,0.000556789603536021,0.00194986504205467,0.00202780382306392,74.0631536938719,624.330062071023,631.49044429219,7.16038222116788,5.66993792897745,1
1620,2,0.000606567043978709,0.00191692351689621,0.00201060173790605,72.4412038196867,624.108085932726,631.90534271977,7.79725678704403,5.891914067274,1
1621,2,0.000654400680824718,0.00188121804332595,0.00199178853737011,70.8192539455011,623.906491543636,632.316553608384,8.41006206474822,6.09350845636425,1
1622,2,0.000700137226492266,0.00184286304303667,0.00197137929666278,69.1973040713159,623.725921358269,632.722757648651,8.99683629038191,6.27407864173131,1
1623,2,0.000743630113734028,0.0018019814283894,0.00194939036991373,67.5753541971302,623.566950734247,633.122651140212,9.55570040596456,6.43304926575252,1
1624,2,0.000784739965326162,0.00175870420852879,0.00192583937707094,65.953404322945,623.430086130619,633.514950194823,10.0848640642035,6.56991386938091,1
1625,2,0.000823335040716371,0.00171317006955137,0.00190074518978165,64.3314544487598,623.315763522851,633.898394881208,10.5826313583572,6.68423647714872,1
1626,2,0.000859291658199399,0.00166552493007239,0.00187412791627031,62.7095045745742,623.224347039166,634.271753298074,11.0474062589082,6.77565296083412,1
1627,2,0.000892494591267156,0.00161592147361531,0.0018460088852257,61.0875547003889,623.156127822099,634.63382556169,11.4776977395909,6.84387217790072,1
1628,2,0.000922837437863426,0.00156451865932246,0.00181641062870995,59.4656048262037,623.111323118617,634.983447694829,11.8721245762119,6.88867688138316,1
1629,2,0.000950222961359664,0.00151148121255483,0.00178535686410346,57.8436549520181,623.090075601373,635.319495403991,12.2294198026182,6.90992439862714,1
1630,2,0.00097456340215929,0.00145697909701359,0.00175287247509989,56.2217050778329,623.092452923098,635.640887732225,12.5484348091278,6.90754707690235,1
1631,2,0.000995780758931975,0.00140118697007463,0.00171898349176659,54.5997552036472,623.118447505372,635.946590575205,12.8281430698336,6.88155249462841,1
1632,2,0.00101380703857651,0.00134428362308196,0.00168371706968648,52.977805329462,623.167976562399,636.235620048605,13.0676434862064,6.83202343760149,1
1633,2,0.00102858447411139,0.00128645140839323,0.00164710146819798,51.3558554552768,623.24088235972,636.507045695326,13.2661633356064,6.75911764028012,1
1634,2,0.00104006570979479,0.00122787565501374,0.00160916602775052,49.7339055810912,623.336932707094,636.759993521563,13.4230608144692,6.75999352156282,1
1635,2,0.00104821395288065,0.00116874407469151,0.00156994114639377,48.1119557069059,623.455821684168,636.993648851319,13.5378271671515,6.99364885131922,1
1636,2,0.00105300309152465,0.00110924616037646,0.00152945825541934,46.4900058327203,623.597170596803,637.207258989498,13.6100883926945,7.20725898949797,1
1637,2,0.00105441777846219,0.00104957257897179,0.00148774979417463,44.8680559585351,623.760529161326,637.400135684385,13.6396065230593,7.40013568438496,1
1638,2,0.0010524534801902,0.000989914560323088,0.00144484918406875,43.2461060843499,623.945376913252,637.571657380967,13.6262804677151,7.57165738096739,1
1639,2,0.0010471164914952,0.000930463284403543,0.00140079080179171,41.6241562101642,624.151124836463,637.721271257264,13.5701464208011,7.72127125726365,1
1640,2,0.00103842391528102,0.000871409268659046,0.001355609951768,40.002206335979,624.377117208012,637.848495036551,13.4713778285385,7.84849503655084,1
1641,2,0.00102640360776087,0.000812941757476239,0.0013093428378668,38.3802564617938,624.622633653304,637.952918569176,13.3302849158728,7.9529185691764,1
1642,2,0.00101109408918939,0.000755248115730358,0.0012620265343914,36.7583065876082,624.886891405531,638.034205178387,13.1473137728553,8.03420517838651,1
1643,2,0.000992544420420718,0.000698513228356156,0.00121369895637132,35.1363567134229,625.169047762867,638.092092765497,12.9230450026299,8.092092765497,1
1644,2,0.000970814045688138,0.000642918907865892,0.00116439882918047,33.5144068392373,625.4682027361,638.126394670471,12.6581919343704,8.12639467047063,1
1645,2,0.000945972602109243,0.000588643311713411,0.00111416565750622,31.8924569650521,625.783401878939,638.137000284931,12.3535984059916,8.13700028493065,1
1646,2,0.000918099696526921,0.000535860371371008,0.00106303969369384,30.2705070908669,626.113639292629,638.123875415414,12.0102361227842,8.12387541541364,1
1647,2,0.000887284650401438,0.000484739234949007,0.00101106190549192,28.6485572166812,626.457860795882,638.087062395606,11.6292015997245,8.08706239560615,1
1648,2,0.000853626213571074,0.000435443725144085,0.000958273943224508,27.026607342496,626.814967250682,638.026679947158,11.2117126964758,8.0266799471583,1
1649,2,0.000817232247798533,0.00038813181425328,0.000904718106416239,25.4046574683104,627.183818033992,637.942922789578,10.759104755586,7.94292278957835,1
1650,2,0.000778219381117398,0.000342955117936365,0.00085043730989738,23.7827075941252,627.563234644837,637.836061000578,10.2728263557414,7.83606100057807,1
1651,2,0.000736712634086107,0.000300058409348513,0.000795475049415662,22.1607577199399,627.952004435861,637.706439129104,9.7544346932425,7.70643912910396,1
1652,2,0.000692845019147324,0.000259579155200553,0.000739875366782736,20.5388078457543,628.348884457973,637.554475064213,9.20559060623964,7.55447506421251,1
1653,2,0.000646757114376557,0.00022164707523344,0.000683682814583071,18.9168579715691,628.75260540625,637.380658663719,8.62805325746899,7.38065866371892,1
1654,2,0.000598596612985861,0.000186383726518558,0.000626942420473435,17.2949080973839,629.161875655009,637.18555014747,8.0236744924606,7.18555014747005,1
1655,2,0.000548517850026476,0.000153902113916191,0.000569699651101824,15.6729582231982,629.575385369458,636.969778260829,7.39439289137067,6.96977826082889,1
1656,2,0.000496681307807061,0.000124306327940389,0.000512000375674623,14.051008349013,629.991810681151,636.734038214822,6.74222753367098,6.73403821482225,1
1657,2,0.000443253101612299,9.76912111906442e-05,0.000453890829201052,12.4290584748274,630.409817914133,636.479089410102,6.06927149596902,6.47908941010201,1
1658,2,0.000388404447370279,7.41420544195395e-05,0.000395417575444696,10.8071086006422,630.82806784846,636.205752952672,5.37768510421176,6.20575295267156,1
1659,2,0.000332311112974163,5.37343232101142e-05,0.000336627469611403,9.18515872645692,631.245220007556,635.914908969946,4.66968896239064,5.91490896994617,1
1660,2,0.000275152855016767,3.6533416139025e-05,0.000277567620803769,7.56320885227133,631.659936955719,635.607493736468,3.94755678074898,5.6074937364682,1
1661,2,0.000217112842742973,2.25944552003992e-05,0.000218285354272195,5.94125897808609,632.070888592014,635.284496619155,3.21360802714059,5.28449661915465,1
1662,2,0.000158377071065812,1.19621091619708e-05,0.000158828173492577,4.31930910390043,632.476756426658,634.946956852577,2.47020042591919,4.9469568525767,1
1663,2,9.9133764527635e-05,4.67045041965927e-06,9.9243722101416e-05,2.69735922971521,632.87623782605,634.595960155297,1.71972232924691,4.59596015529712,1
1664,2,3.95727741160015e-05,7.42845809213223e-07,3.95797457183891e-05,1.07540935553004,633.268050212574,634.232635198801,0.964584986226669,4.23263519880084,1
1665,2,-2.01150311323932e-05,1.91881724905191e-07,2.0115946312652e-05,179.453459481345,633.393938682684,634.111695339003,0.717756656318898,4.11169533900261,1
1666,2,-7.97383757902234e-05,3.01932378519369e-06,7.97955192337434e-05,177.831509607159,633.004900276754,634.47878946294,1.47388918618583,4.47878946293986,1
1667,2,-0.000139106191000495,9.21611117462315e-06,0.000139411151203371,176.209559732974,632.607779680216,634.83393202854,2.2261523483246,4.8339320285404,1
1668,2,-0.000198028226775394,1.87623856801021e-05,0.000198915071616546,174.587609858788,632.203852032556,635.17598114512,2.97212911256406,5.1759811451202,1
1669,2,-0.000256315661670996,3.16275553284829e-05,0.000258259599383831,172.965659984603,631.794413886591,635.503836693668,3.70942280707698,5.50383669366784,1
1670,2,-0.000313781707884207,4.77703924215596e-05,0.000317397181138774,171.343710110417,631.380779026381,635.816443903411,4.43566487703004,5.8164439034108,1
1671,2,-0.000370242209832485,6.71391656542463e-05,0.000376280429342784,169.721760236232,630.964274235441,636.112796784836,5.14852254939444,6.11279678483584,1
1672,2,-0.000425516234298572,8.96718058926447e-05,0.000434862160257345,168.099810362047,630.546235029048,636.39194140747,5.84570637842182,6.39194140747009,1
1673,2,-0.000479426650248695,0.000115296105080664,0.000493095431752776,166.477860487861,630.128001364533,636.652979011238,6.52497764670477,6.65297901123768,1
1674,2,-0.000531800696466301,0.000143929947637799,0.000550933580923384,164.855910613676,629.710913343429,636.895068940701,7.18415559727237,6.89506894070098,1
1675,2,-0.000582470535182414,0.000175481573606607,0.000608330261479025,163.233960739491,629.296306919299,637.11743139212,7.82112447282123,7.11743139212024,1
1676,2,-0.000631273789928129,0.00020984987270644,0.000665239480882736,161.612010865305,628.885509624959,637.319349963813,8.43384033885411,7.31934996381312,1
1677,2,-0.000678054065886024,0.000246924708351307,0.000721615637205117,159.99006099112,628.479836332655,637.500174000997,9.02033766834245,7.50017400099705,1
1678,2,-0.000722661451072655,0.000286587270593351,0.000777413555665569,158.368111116934,628.080585060638,637.659320726954,9.57873566631611,7.65932072695443,1
1679,2,-0.000764952996746183,0.000328710456860947,0.000832588524831263,156.746161242749,627.689032839279,637.796277153118,10.1072443138389,7.79627715311756,1
1680,2,-0.000804793175499703,0.000373159279271425,0.000887096332444941,155.124211368564,627.306431649647,637.910601761381,10.6041701117344,7.91060176138114,1
1681,2,-0.000842054315572088,0.00041979129721295,0.000940893300852604,153.502261494378,626.934004447163,638.001925952764,11.0679215056012,8.00192595276428,1
1682,2,-0.000876617009984634,0.0004684570738094,0.000993936322002806,151.880311620193,626.572941282638,638.069955257355,11.4970139747169,8.06995525735522,1
1683,2,-0.000908370499192513,0.000519000654805582,0.00104618289198967,150.258361746008,626.224395532554,638.114470301266,11.8900747687118,8.11447030126578,1
1684,2,-0.000937213026024523,0.000571260068337839,0.0010975911451116,148.636411871822,625.889480250183,638.135327527221,12.2458472770387,8.13532752722131,1
1685,2,-0.000963052161773986,0.000625067843988869,0.00114811988741875,147.014461997637,625.569264648557,638.132459666234,12.5631950176769,8.13245966623356,1
1686,2,-0.000985805102395576,0.000680251549463065,0.00119772862972213,145.392512123451,625.264770725966,638.105875958691,12.841105232725,8.1058759586914,1
1687,2,-0.001005398933859,0.000736634343162684,0.00124637762003797,143.770562249266,624.976970044143,638.055662124122,13.0786920799799,8.05566212412248,1
1688,2,-0.00102177086580918,0.000794035540894188,0.00129402787544147,142.148612375081,624.70678066872,637.981980079669,13.2751994109489,7.98198007966857,1
1689,2,-0.00103486843278408,0.000852271194888356,0.00134064121330407,140.526662500895,624.455064281159,637.88506740834,13.4300031271811,7.88506740834009,1
1690,2,-0.00104464966234548,0.000911154683279058,0.00138618028188973,138.90471262671,624.222623470643,637.765236578858,13.5426131082149,7.76523657885753,1
1691,2,-0.0010510832095837,0.000970497308151287,0.00143060859028515,137.282762752525,624.010199213983,637.622873919853,13.6126747058695,7.62287391985296,1
1692,2,-0.00105414845756549,0.00103010890024209,0.00147389053764032,135.660812878339,623.818468550936,637.458438352037,13.6399698011008,7.45843835203721,1
1693,2,-0.00105383558340298,0.00108979842835674,0.00151599144169587,134.038863004154,623.648042461728,637.272459882759,13.6244174210317,7.27245988275945,1
1694,2,-0.00105014558973212,0.00114937461154685,0.0015568775665743,132.416913129968,623.499463953037,637.065537868262,13.5660739152254,7.06553786826225,1
1695,2,-0.00104309030149963,0.00120864653208893,0.00159651614981283,130.794963255783,623.373206357955,636.838339049678,13.4651326917233,6.83833904967832,1
1696,2,-0.00103269232806876,0.00126742424729907,0.0016348754286164,129.173013381598,623.269671854905,636.591595369633,13.3219235147285,6.7303281450952,1
1697,2,-0.00101898499076541,0.00132551939822273,0.00167192466530939,127.551063507412,623.189190209779,636.326101577072,13.1369113672935,6.81080979022101,1
1698,2,-0.00100201221609667,0.00138274581324966,0.00170763417196613,125.929113633227,623.132017744959,636.042712628589,12.9106948836297,6.86798225504072,1
1699,2,-0.000981828394983993,0.00143892010471902,0.00174197533420006,124.307163759042,623.098336538185,635.742340895283,12.6440043570977,6.90166346181468,1
1700,2,-0.000958498208462167,0.00149386225660304,0.00177492063409278,122.685213884856,623.088253853564,635.425953184772,12.3376993312081,6.9117461464358,1
1701,2,-0.000932096420402595,0.00154739620138622,0.0018064436722444,121.063264010671,623.101801806401,635.094567588597,11.9927657821952,6.89819819359855,1
1702,2,-0.000902707637925123,0.00159935038429082,0.00183651918892767,119.441314136485,623.138937262768,634.749250165826,11.6103129030578,6.86106273723203,1
1703,2,-0.000870426040266255,0.00164955831304098,0.00186512308432881,117.8193642623,623.199541974144,634.391111474176,11.1915695000318,6.80045802585596,1
1704,2,-0.000835355076972499,0.00169785909140366,0.00189223243785899,116.197414388115,623.283422946703,634.021302960443,10.7378800137407,6.71657705329733,1
1705,2,-0.000797607136386213,0.00174409793479625,0.0019178255265208,114.575464513929,623.39031304423,633.641013222462,10.2507001782329,6.60968695577048,1
1706,2,-0.00075730318548607,0.00178812666630909,0.00194188184231508,112.953514639744,623.519871822883,633.251464155177,9.7315923322933,6.48012817711663,1
1707,2,-0.000714572382236541,0.00182980419155283,0.00196438210867425,111.331564765559,623.671686595442,632.853906993773,9.18222039833108,6.32831340455823,1
1708,2,-0.000669551661688553,0.00186899695080924,0.00198530829590876,109.709614891373,623.845273721939,632.449618267055,8.60434454511574,6.15472627806105,1
1709,2,-0.000622385297157615,0.00190557934703648,0.00200464363565447,108.087665017188,624.040080122957,632.039895674508,7.99981555155114,5.95991987704303,1
1710,2,-0.000573224437885913,0.0019394341483571,0.00202237263430933,106.465715143002,624.255485011212,631.626053900701,7.37056888948848,5.7445149887875,1
1711,2,-0.000522226624669656,0.00197045286373912,0.00203848108544856,104.843765268817,624.49080183638,631.209420380723,6.71861854434292,5.50919816362023,1
1712,2,-0.000469555285004169,0.00199853609066615,0.00205295608120839,103.221815394632,624.745280437508,630.791331030571,6.04605059306323,5.25471956249237,1
1713,2,-0.000415379209364499,0.00202359383368254,0.00206578602262923,101.599865520446,625.018109396715,630.373125956295,5.35501655958035,4.98189060328525,1
1714,2,-0.000359872010299696,0.00204554579279263,0.0020769606289501,99.9779156462612,625.308418587293,629.956145155841,4.64772656854802,4.69158141270748,1
1715,2,-0.000303211566074408,0.00206432162078997,0.00208647094584665,98.3559657720755,625.615281908678,629.541724227343,3.92644231866495,4.38471809132216,1
1716,2,-0.000245579450640577,0.00207986114869181,0.00209430935260638,96.7340158978903,625.93772020025,629.131190097649,3.1934698973987,4.06227979975006,1
1717,2,-0.000187160351765794,0.00209211457855659,0.00210046956823518,95.1120660237047,626.274704325266,628.725856784581,2.45115245931504,3.72529567473384,1
1718,2,-0.000128141479183352,0.00210104264306622,0.00210494665649037,93.4901161495195,626.625158415774,628.327021206404,1.70186279063023,3.37484158422615,1
1719,2,-6.87119646601801e-05,0.00210661673136214,0.00210773702983612,91.8681662753342,626.987963268744,627.935959051577,0.947995782833573,3.01203673125622,1
1720,2,-9.06225590559194e-06,0.0021088189807316,0.00210883845231824,90.2462164011486,627.361959883237,627.553920721775,0.191960838537739,2.6380401167628,1
1721,2,5.06164937370386e-05,0.00210764233385045,0.00210825004135582,88.6242665269634,627.100381772357,627.818959486608,0.718577714251296,2.89961822764292,1
1722,2,0.000110133037860023,0.00210309056139905,0.00210597226844848,87.0023166527778,626.734054784142,628.2074128773,1.47335809315746,3.26594521585764,1
1723,2,0.000169296649859112,0.00209517824997874,0.00210200695879854,85.3803667785925,626.379730720589,628.604022177482,2.22429145689318,3.6202692794111,1
1724,2,0.000227917734135717,0.00208393075536768,0.00209635728984848,83.7584169044073,626.038541247719,629.007518950711,2.96897770299199,3.96145875228103,1
1725,2,0.000285808433674555,0.00206938412126571,0.00208902778873479,82.1364670302217,625.71157575595,629.416612290699,3.70503653474896,4.28842424404991,1
1726,2,0.000342783232049845,0.00205158496378886,0.00208002432866038,80.5145171560364,625.399877920054,629.829992930658,4.43011501060425,4.60012207994612,1
1727,2,0.000398659547930976,0.00203059032208335,0.00206935412418829,78.8925672818512,625.104442407267,630.24633741691,5.14189500964255,4.89555759273287,1
1728,2,0.000453258320182251,0.0020064674755381,0.00205702572546059,77.2706174076656,624.826211743493,630.664312333696,5.83810059020288,5.17378825650735,1
1729,2,0.000506404581681821,0.00197929372818132,0.00204304901134707,75.6486675334804,624.566073346912,631.082578565848,6.51650521893612,5.43392665308806,1
1730,2,0.000557928020021085,0.00194915616095215,0.00202743518152921,74.0267176592947,624.324856737832,631.499795585785,7.1749388479534,5.67514326216838,1
1731,2,0.000607663523287408,0.0019161513526413,0.00201019674752576,72.4047677851095,624.103330933031,631.914625751176,7.81129481814514,5.89666906696925,1
1732,2,0.00065545170918153,0.00188038507039475,0.00199134752266712,70.7828179109243,623.902202032284,632.325738599475,8.4235365671916,6.09779796771613,1
1733,2,0.00070113943577374,0.00184197193077264,0.00197090261102658,69.1608680367387,623.722111004139,632.731815125452,9.00970412131312,6.27788899586074,1
1734,2,0.000744580292262182,0.00180103503244923,0.00194887839531732,67.5389181625534,623.563631677443,633.131552027862,9.56792035041849,6.43636832255686,1
1735,2,0.00078563506816071,0.00175770556173109,0.00192529252376471,65.9169682883678,623.427268944454,633.523665911363,10.0963969669082,6.57273105554566,1
1736,2,0.000824172199412461,0.00171212237215778,0.00190016389596465,64.2950184141826,623.313457180779,633.906897429936,10.5934402491571,6.68654281922147,1
1737,2,0.000860068189999855,0.001664431539532,0.00187351264773913,62.6730685399974,623.222558886711,634.280015358097,11.0574564713863,6.77744111328946,1
1738,2,0.000893208007699663,0.00161478589380535,0.00184536013500117,61.0511186658117,623.154863553904,634.641820576428,11.4869570225245,6.84513644609603,1
1739,2,0.000923485452715031,0.00156334452931983,0.00181572891664216,59.4291687916265,623.110586760644,634.991149958141,11.8805631974973,6.88941323935614,1
1740,2,0.000950803498003198,0.00151027229497432,0.00178464273645515,57.8072189174413,623.089869498326,635.326880143642,12.2370106453159,6.91013050167351,1
1741,2,0.000975074600208141,0.00145573926595017,0.00175212650410871,56.1852690432557,623.092777731108,635.647931190424,12.5551534593162,6.9072222688925,1
1742,2,0.000996220980201836,0.00139992019868858,0.00171820627518659,54.5633191690704,623.11930218994,635.953270085922,12.8339678959828,6.88069781006038,1
1743,2,0.00101417487233514,0.00134299397086644,0.00168290923030912,52.9413692948848,623.16935840164,636.241914111431,13.0725557097904,6.83064159835965,1
1744,2,0.00102887874159943,0.0012851430081653,0.00164626365335307,51.3194194206996,623.242786952857,636.512934045578,13.2701470927215,6.75721304714307,1
1745,2,0.0010402854680032,0.00122655269967029,0.00160829890878752,49.6974695465144,623.339353988223,636.765457196457,13.4261032082345,6.76545719645731,1
1746,2,0.0010483584975727,0.00116741080377269,0.00156904541814381,48.0755196723287,623.458751941206,636.998670251924,13.5399183107177,6.99867025192361,1
1747,2,0.00105307195949268,0.00110790684647976,0.00152853463563849,46.4535697981435,623.600600495609,637.211821938286,13.6112214426771,7.21182193828565,1
1748,2,0.00105441074901206,0.00104823151405994,0.00148679902296866,44.8316199239579,623.764447774884,637.404225478184,13.6397777033002,7.40422547818446,1
1749,2,0.00105237057584847,0.000988576041970172,0.00144387202330021,43.2096700497727,623.949771755887,637.575260839118,13.6254890832305,7.57526083911773,1
1750,2,0.00104695797793696,0.000929131602022949,0.00139978803446935,41.5877201755874,624.155981902915,637.724376764812,13.5683948618965,7.72437676481161,1
1751,2,0.0010381903004785,0.000870088689757572,0.00135458238141934,39.9657703014018,624.382421017326,637.851092582335,13.4686715650083,7.85109258233479,1
1752,2,0.00102609564035564,0.000811636513978537,0.00130829128789429,38.3438204272166,624.628367297358,637.954999778667,13.3266324813096,7.95499977866746,1
1753,2,0.00101071275609322,0.000753962390417276,0.00126095184741261,36.7218705530314,624.893036602104,638.035763341182,13.1427267390778,8.03576334118191,1
1754,2,0.000992090943652911,0.000697251141460561,0.00121260199354371,35.0999206788457,625.175584913041,638.09312285734,12.9175379442992,8.09312285733972,1
1755,2,0.000970289878459492,0.00064168450386908,0.00116328046951139,33.4779708046605,625.475110985868,638.12689336976,12.6517823838927,8.12689336976041,1
1756,2,0.00094537942416505,0.000587440546384057,0.0011130267971485,31.8560209304749,625.790659184828,638.136965983624,12.3463067987961,8.13696598362367,1
1757,2,0.000917439408764101,0.000534693099088615,0.00106188124522774,30.2340710562897,626.121222491122,638.123308224309,12.0020857331873,8.1233082243092,1
1758,2,0.000886559368776908,0.000483611196352127,0.00100988479719384,28.6121211821044,626.465745676455,638.085964143975,11.6202184675196,8.08596414397471,1
1759,2,0.000852838262320936,0.000434358535143036,0.000957079118323139,26.9901713079188,626.823128632235,638.025054176734,11.2019255444985,8.02505417673387,1
1760,2,0.000816384151989881,0.000387092950445902,0.000903506522336807,25.3682214337336,627.19222984443,637.940774742923,10.7485448984932,7.94077474292271,1
1761,2,0.000777313858556432,0.000341965909463618,0.000849209937494356,23.746271559548,627.57187000357,637.833397603855,10.2615276002847,7.83339760385456,1
1762,2,0.000735752586608715,0.000299122026226001,0.000794232872194902,22.1243216853627,627.960835738979,637.703268969343,9.74243323036376,7.70326896934307,1
1763,2,0.000691833523319838,0.000258698598159862,0.000738619380113343,20.5023718111775,628.357883465816,637.550808361122,9.19292489530608,7.55080836112234,1
1764,2,0.000645697411636562,0.00022082516610597,0.000682414024899756,18.8804219369919,628.761743333123,637.376507236157,8.61476390303392,7.37650723615661,1
1765,2,0.000597492099254755,0.000185623099192745,0.000625661844470137,17.2584720628067,629.171123260754,637.180927374687,8.00980411393289,7.18092737468703,1
1766,2,0.000547372064826877,0.000153205205896928,0.000568408314916979,15.6365221886214,629.5847130526,636.964699038622,7.37998598602223,6.96469903862192,1
1767,2,0.000495497922920017,0.000123675372537774,0.000510699314068864,14.0145723144358,630.001188573326,636.728518906751,6.72733033342479,6.72851890675076,1
1768,2,0.000442035909310797,9.71282303631767e-05,0.000452581084728146,12.3926224402506,630.419215975509,636.473147793938,6.05393181842851,6.47314779393753,1
1769,2,0.000387157348266429,7.36488522944962e-05,0.000394100197616024,10.7706725660649,630.837455963842,636.199408162261,5.36195219841966,6.19940816226131,1
1770,2,0.000331038103519396,5.33124803020946e-05,0.000335303514055072,9.14872269187973,631.254568082857,635.9081814327,4.65361334984277,5.90818143269973,1
1771,2,0.000273858014694778,3.61842842850142e-05,0.000276238148418686,7.52677281769453,631.66921501452,635.600405106675,3.93119009215479,5.60040510667488,1
1772,2,0.00021580032099657,2.23191532276656e-05,0.000216951430377913,5.90482294350887,632.080066871868,635.277069707371,3.19700283550378,5.27706970737131,1
1773,2,0.000157051073999718,1.17615193026995e-05,0.000157490866975747,4.28287306932364,632.485805474849,634.939215551317,2.45341007646732,4.93921555131669,1
1774,2,9.77985414295144e-05,4.54521548372885e-06,9.79041045591755e-05,2.66092319513841,632.885128594491,634.587929361285,1.7028007667941,4.58792936128475,1
1775,2,3.82326038392426e-05,6.93367124260857e-07,3.82388905997216e-05,1.03897332095268,633.276754151524,634.224340732045,0.947586580521374,4.22434073204545,1
1776,2,-2.14558538806377e-05,2.18317850231992e-07,2.14569645670352e-05,179.417023446768,633.385297028582,634.120064618869,0.73476759028722,4.12006461886881,1
1777,2,-8.10755542119519e-05,3.12159000364297e-06,8.11356260524685e-05,177.795073572582,632.996063237986,634.486903079202,1.49083984121683,4.48690307920242,1
1778,2,-0.000140435439976262,9.39387976406554e-06,0.000140749272745361,176.173123698397,632.59877563689,634.841763897337,2.24298826044708,4.84176389733705,1
1779,2,-0.000199345286596444,1.90150869636507e-05,0.000200250135631549,174.551173824212,632.194709891305,635.183506080721,2.98879618941623,5.18350608072149,1
1780,2,-0.000257616311689958,3.195437950009e-05,0.000259590536071663,172.929223950026,631.785162987266,635.511030490303,3.72586750303765,5.51103049030337,1
1781,2,-0.000315061780040472,4.81702921410988e-05,0.000318722924006463,171.307274075841,631.371449047482,635.823283414018,4.45183436653667,5.82328341401831,1
1782,2,-0.000371497602009281,6.76108594038452e-05,0.000377599916059277,169.685324201655,630.954895098587,636.119259996437,5.16436489784905,6.11925999643654,1
1783,2,-0.000426742923468501,9.02137820834048e-05,0.000436174333504661,168.06337432747,630.536836802802,636.398007512934,5.86117071013143,6.39800751293353,1
1784,2,-0.000480620705365961,0.000115906626896708,0.000494399240073289,166.441424453285,630.118614167891,636.658628477179,6.54001430928804,6.65862847717949,1
1785,2,-0.000532958291064169,0.000144607058602088,0.000552227979562415,164.819474579099,629.701567249287,636.900283571285,7.19871632199829,6.90028357128517,1
1786,2,-0.00058358795963541,0.000176223103850616,0.000609614213221908,163.197524704914,629.287031858205,637.122194388553,7.8351625303477,7.12219438855254,1
1787,2,-0.000632347463339987,0.000210653445923766,0.00066651195688605,161.575574830728,628.876335289448,637.323645979294,8.44731068984606,7.32364597929359,1
1788,2,-0.000679080547564979,0.000247787749412753,0.000722875617821067,159.953624956543,628.470792082494,637.503989190979,9.03319710848484,7.50398919097893,1
1789,2,-0.000723637451557446,0.000287507013799153,0.000778660031258997,158.331675082358,628.071699829262,637.662642794502,9.59094296524017,7.66264279450195,1
1790,2,-0.000765875388347532,0.000329683954803797,0.000833820496588778,156.709725208172,627.680335041699,637.799095389227,10.1187603475285,7.79909538922743,1
1791,2,-0.000805659002323228,0.000374183412281653,0.000888312813175179,155.087775333987,627.297949092152,637.912907080104,10.614957987952,7.91290708010365,1
1792,2,-0.000842860802990785,0.000420862783355845,0.000942093315777316,153.465825459802,626.925764239068,638.003710921031,11.0779466819632,8.00371092103137,1
1793,2,-0.000877361573530472,0.000469572479402529,0.000995118909538003,151.843875585616,626.564969750346,638.07121411938,11.5062443690347,8.07121411938033,1
1794,2,-0.00090905075283855,0.000520156405422275,0.00104734710451605,150.221925711431,626.216718136233,638.115198997448,11.8984808612149,8.11519899744815,1
1795,2,-0.000937826789831234,0.000572452460261892,0.00109873604973399,148.599975837245,625.882121503254,638.13552370748,12.2534022042257,8.13552370748016,1
1796,2,-0.000963597468875033,0.000626293056083374,0.00114924456671355,146.97802596306,625.562248040297,638.132122697734,12.5698746574373,8.1321226977343,1
1797,2,-0.000986280205300854,0.000681505655415658,0.00119883218247252,145.356076088875,625.258118647412,638.105006927929,12.8468882805165,8.10500692792891,1
1798,2,-0.00100580231005465,0.00073791332406784,0.00124745916195606,143.734126214689,624.970703717544,638.054263833346,13.0835601158021,8.05426383334589,1
1799,2,-0.0010221012226366,0.0007953352981321,0.00129508653987682,142.112176340504,624.700920080743,637.980057037688,13.2791369569451,7.98005703768786,1
1800,2,-0.00103512471158243,0.000853587563259463,0.00134167615193825,140.490226466319,624.449628120051,637.882625815712,13.4329976956611,7.88262581571189,1
1801,2,-0.0010448310418442,0.000912483444351794,0.00138719066541602,138.868276592133,624.217629067521,637.762284307528,13.5446552400076,7.76228430752826,1
1802,2,-0.00105118910853439,0.000971834203780413,0.00143159360907306,137.246326717948,624.005662488439,637.619420487322,13.6137579988828,7.61942048732192,1
1803,2,-0.00105417853660457,0.00103144964621445,0.00147484940238441,135.624376843762,623.814403961111,637.454494890124,13.6400909290127,7.45449489012356,1
1804,2,-0.00105378974613922,0.00109113872812031,0.00151692338404818,134.002426969577,623.644462959011,637.268039101106,13.623576142095,7.26803910110607,1
1805,2,-0.00105002398305554,0.00115071016997955,0.00155778183976004,132.380477095392,623.496380941502,637.060654012662,13.5642730711605,7.06065401266233,1
1806,2,-0.00104289331511074,0.00120997306926277,0.00159739202922884,130.758527221206,623.370629658666,636.833007855413,13.462378196748,6.83300785541348,1
1807,2,-0.00103242059322977,0.0012687375121955,0.00163572221241168,129.136577347021,623.267609675191,636.585834009968,13.3182243347763,6.73239032480865,1
1808,2,-0.00101863937827728,0.00132681518235561,0.00167274167494759,127.514627472835,623.18764911758,636.319928607071,13.1322794894911,6.81235088242033,1
1809,2,-0.00100159383350851,0.0013840199641516,0.00170842075276919,125.89267759865,623.131002648287,636.036147924474,12.905145276187,6.86899735171346,1
1810,2,-0.000981338583043857,0.00144016853924843,0.0017427308558729,124.270727724465,623.097850669785,635.735405589526,12.6375549197411,6.90214933021548,1
1811,2,-0.000957938536820461,0.00149508097402905,0.00177564449122829,122.648777850279,623.088298760819,635.418669597156,12.3303708363371,6.91170123918073,1
1812,2,-0.000931468682582003,0.00154858129620925,0.00180713528480857,121.026827976094,623.102377346492,635.086959153468,11.9845818069754,6.8976226535076,1
1813,2,-0.00090201384557308,0.00160049805875824,0.0018371780027244,119.404878101909,623.140041603118,634.741341355798,11.6012997526797,6.85995839688178,1
1814,2,-0.000869668416708399,0.00165066488931741,0.00186574857144401,117.782928227723,623.20117159814,634.382927720547,11.1817561224066,6.79882840185985,1
1815,2,-0.000834536050087861,0.00169892102335683,0.00189282409708353,116.160978353538,623.285572664685,634.012870570585,10.7272979059005,6.71442733531535,1
1816,2,-0.000796729330826773,0.00174511181936108,0.0019183828837522,114.539028479352,623.392976009694,633.632359294466,10.2393832847717,6.60702399030606,1
1817,2,-0.000756369414265866,0.001789089254393,0.00194240445093739,112.917078605167,623.523039553893,633.242616490054,9.71957693616116,6.47696044610723,1
1818,2,-0.00071358563771706,0.00183071239844788,0.00196486954991593,111.295128730982,623.675349001141,632.844894005479,9.16954500433803,6.32465099885871,1
1819,2,-0.000668515105989387,0.00186984786607734,0.00198576017917824,109.673178856796,623.849419134117,632.440468890659,8.59104975654191,6.15058086588328,1
1820,2,-0.000621302252023211,0.00190637024383618,0.00200505959885315,108.051228982611,624.044695332571,632.030639272806,7.9859439402353,5.95530466742912,1
1821,2,-0.000572098374040627,0.00194016249218203,0.00202275234412172,106.429279108425,624.260555309756,631.616720169568,7.35616485981268,5.73944469024423,1
1822,2,-0.000521061150695559,0.00197111632054003,0.00203882423760937,104.80732923424,624.496311061976,631.200039253545,6.70372819156853,5.50368893802352,1
1823,2,-0.000468354135776958,0.00199913253433064,0.00205326240074634,103.185379360055,624.751211025598,630.781932582018,6.03072155642042,5.24878897440249,1
1824,2,-0.000414146234084678,0.00202412135284838,0.0020660552640874,101.563429485869,625.024442435198,630.36374030581,5.33929787061265,4.97555756480244,1
1825,2,-0.000358611160157517,0.00204600269697289,0.0020771925765826,99.941479611684,625.315133875933,629.946802371095,4.63166849516233,4.68486612406741,1
1826,2,-0.000301926881587856,0.00206470644579038,0.00208666541379152,98.3195297374987,625.622358022637,629.532454228015,3.91009620537795,4.37764197736328,1
1827,2,-0.000244275048707088,0.00208017266130293,0.0020944661850345,96.6975798633131,625.945134557527,629.122022559798,3.17688800227086,4.05486544247253,1
1828,2,-0.000185840412469356,0.00209235178050567,0.00210058863947514,95.0756299891279,626.282433257865,628.716821045953,2.43438778808809,3.7175667421352,1
1829,2,-0.000126810232398896,0.00210120477421636,0.00210502787112919,93.4536801149423,626.633177244361,628.318146172921,1.68496892855967,3.36682275563851,1
1830,2,-6.73736764986371e-05,0.00210670327214817,0.0021077803227957,91.831730240757,626.996246380613,627.927273105366,0.931026724752883,3.00375361938677,1
1831,2,-7.72121504267687e-06,0.00210882965382507,0.0021088437889075,90.2097803665718,627.370480813297,627.545451630956,0.174970817658959,2.62951918670251,1
1832,2,5.19559898043543e-05,0.00210757710504839,0.00210821741729849,88.5878304923862,627.092029090969,627.827587243153,0.735558152183899,2.90797090903106,1
1833,2,0.000111466696585157,0.00210294963973355,0.00210590170988655,86.9658806182009,626.725959028178,628.216237593763,1.49027856558564,3.27404097182216,1
1834,2,0.000170620197401877,0.00209496208704711,0.00210189852227129,85.3439307440153,626.37191775071,628.613015635333,2.24109788462329,3.62808224929029,1
1835,2,0.000229226929058158,0.00208364004388523,0.00209621106224719,83.7219808698301,626.031036013674,629.01665238206,2.98561636838599,3.968963986326,1
1836,2,0.000287099080533096,0.00206901979284592,0.00208884388723311,82.1000309956449,625.704402217759,629.425856469819,3.72145425206054,4.2955977822412,1
1837,2,0.000344051194840044,0.00205114818595787,0.00207980290062043,80.4780811214592,625.39305897238,629.839318267081,4.44625929470078,4.60694102761988,1
1838,2,0.000399900763341671,0.00203008249453858,0.00206909534704258,78.856131247274,625.097999807255,630.255714049817,5.15771424256172,4.90200019274471,1
1839,2,0.000454468810616881,0.00200589022566274,0.00205672980656985,77.2341813730888,624.820166042256,630.67371022732,5.85354418506381,5.17983395774388,1
1840,2,0.000507580468005066,0.00197864890582921,0.00204271618783407,75.6122314989032,624.560443824887,631.091967605557,6.53152378067,5.43955617511267,1
1841,2,0.000559065533989842,0.00194844583251979,0.00202706572008879,73.990281624718,624.319661344182,631.509145674557,7.18948433037474,5.68033865581822,1
1842,2,0.000608759019626598,0.00191537779444582,0.00200979094421108,72.3683317505323,624.098586229303,631.923906906167,7.82532067686418,5.9014137706971,1
1843,2,0.000656501677265654,0.00187955076137928,0.00199090570265245,70.7463818763471,623.897923140446,632.334921048342,8.43699790789651,6.10207685955424,1
1844,2,0.000702140510877059,0.00184107954456228,0.00197042512834676,69.1244320021619,623.718311559182,632.740869402149,9.0225578429671,6.28168844081836,1
1845,2,0.000745529266341344,0.0018000874287831,0.001948365632584,67.5024821279763,623.560323784669,633.140449067568,9.58012528289942,6.43967621533102,1
1846,2,0.000786528900135164,0.00175670577729813,0.00192474489185982,65.880532253791,623.42446314158,633.532377144265,10.1079140026849,6.57553685841992,1
1847,2,0.00082500802490997,0.00171107361086528,0.00189958183371115,64.2585823796058,623.311162404979,633.915394873523,10.6042324685445,6.68883759502137,1
1848,2,0.000860843330535625,0.00166333716223838,0.00187289662154933,62.6366325054202,623.22078244666,634.288271707684,11.0674892610236,6.77921755333989,1
1849,2,0.000893919979259789,0.00161364940755004,0.00184471063850308,61.014682631235,623.153611106932,634.649809293606,11.4961981866741,6.8463888930678,1
1850,2,0.000924131973716821,0.0015621695760845,0.00181504647028382,59.3927327570493,623.109862295062,634.998845356838,11.8889830617755,6.89013770493773,1
1851,2,0.00095138249660667,0.00150906264001189,0.0017839278870877,57.7707828828641,623.08967532097,635.334257473542,12.2445821525724,6.91032467903005,1
1852,2,0.000975584220955464,0.00145449878571863,0.00175137982454813,56.1488330086789,623.093114460128,635.654966717425,12.5618522572964,6.90688553987161,1
1853,2,0.000996659589963344,0.00139865286842852,0.00171742836375472,54.5268831344932,623.12016875288,635.959941169383,12.8397724165031,6.87983124712014,1
1854,2,0.00101454106554282,0.00134170385186202,0.00168210071035421,52.904933260308,623.170752038784,636.248199277941,13.0774472391568,6.82924796121563,1
1855,2,0.00102917134475122,0.00128383423472939,0.00164542517275027,51.2829833861224,623.244703225854,636.518813058997,13.2741098331427,6.75529677414613,1
1856,2,0.0010405035434236,0.00122522946589579,0.00160743113941977,49.6610335119372,623.341786793955,636.770911123969,13.4291243300139,6.77091112396863,1
1857,2,0.00104850134641762,0.00116607735009204,0.00156814905536344,48.0390836377519,623.461693530871,637.003681525911,13.5419879950407,7.00368152591125,1
1858,2,0.00105313912398901,0.00110656744607606,0.00152761039770998,46.4171337635663,623.604041498942,637.216374413782,13.6123329148395,7.21637441378175,1
1859,2,0.00105440201392456,0.00104689045917323,0.00148584765049318,44.7951838893811,623.76837722947,637.408304485712,13.6399272562423,7.40830448571216,1
1860,2,0.00105228596916959,0.000987237630142362,0.00144289427862206,43.1732340151959,623.954177141461,637.578853232733,13.6246760912724,7.57885323273297,1
1861,2,0.0010467977707971,0.000927800122326029,0.00139878470106517,41.5512841410102,624.160849180564,637.727470965188,13.5666217846237,7.72747096518799,1
1862,2,0.00103795500627717,0.000868768409048878,0.00135355426327028,39.929334266825,624.387734673486,637.853678614734,13.4659439412477,7.85367861473378,1
1863,2,0.00102578601311617,0.000810331663227091,0.00130723920884173,38.3073843926394,624.634110392442,637.957069305665,13.3229589132229,7.95706930566485,1
1864,2,0.00101032978804648,0.000752677151145331,0.00125987665049809,36.6854345184542,624.899190823662,638.03730969003,13.1381188663681,8.03730969003027,1
1865,2,0.000991635862057586,0.000695989632343461,0.00121150454033333,35.0634846442689,625.18213063327,638.094141041874,12.9120104086036,8.09414104187397,1
1866,2,0.000969764141669185,0.000640450767536516,0.00116216163940542,33.4415347700833,625.482027323308,638.127380106772,12.6453527834639,8.12738010677231,1
1867,2,0.000944784716954893,0.000586238536465163,0.00111188748667676,31.8195848958981,625.797924070068,638.136919703648,12.3389956335799,8.13691970364755,1
1868,2,0.000916777636931676,0.000533526667542068,0.00106072236733114,30.1976350217125,626.128812736307,638.122729076771,11.9939163404638,8.12272907677107,1
1869,2,0.000885832653034979,0.000482484081122257,0.0010087072804929,28.5756851475272,626.473637048408,638.084853996703,11.611216948295,8.08485399670337,1
1870,2,0.000852048931501397,0.00043327434818118,0.000955883906373833,26.953735273342,626.831295928956,638.023416609821,11.1921206808648,8.02341660982086,1
1871,2,0.000815534735580759,0.000386055166135514,0.000902294572874457,25.3317853991564,627.200646974742,637.938615036957,10.7379680622146,7.938615036957,1
1872,2,0.000776407078595958,0.000340977853486351,0.000847982221666274,23.7098355249712,627.580510069694,637.830722722583,10.2502126528891,7.83072272258346,1
1873,2,0.000734791348962216,0.00029818686490415,0.000792990373782103,22.0878856507859,627.969671121753,637.700087536804,9.73041641505154,7.7000875368044,1
1874,2,0.00069082090836764,0.000257819328309613,0.000737363094742279,20.4659357766003,628.366885912317,637.547130633333,9.18024472101592,7.54713063333281,1
1875,2,0.00064463666440264,0.000220004605433833,0.000681144959244549,18.8439859024151,628.770884046437,637.372345067473,8.6014610210359,7.37234506747313,1
1876,2,0.000596386619007654,0.000184863877265874,0.00062438101544582,17.2220360282295,629.180372991579,637.176294178928,7.99592118734961,7.17629417892829,1
1877,2,0.000546225394186509,0.000152509755716476,0.000567116748864735,15.6000861540442,629.594042192422,636.959609745111,7.36556755268941,6.95960974511127,1
1878,2,0.000494313736504951,0.000123045922742075,0.000509398045933565,13.978136279859,630.010567248881,636.722989911424,6.71242266254308,6.72298991142395,1
1879,2,0.000440818001962542,9.6566798085836e-05,0.000451271157228998,12.3561864056734,630.428614144216,636.467196905684,6.03858276146741,6.46719690568375,1
1880,2,0.000385909622888587,7.31572367003359e-05,0.000392782660411124,10.7342365314882,630.846843509916,636.193054544689,5.34621103477298,6.19305454468918,1
1881,2,0.000329764558570314,5.28922568215023e-05,0.000333979422900193,9.11228665730254,631.263914913799,635.901445541525,4.63753062772662,5.90144554152528,1
1882,2,0.000272562731374195,3.58367995653629e-05,0.000274908564321393,7.49033678311728,631.678491157656,635.593308622953,3.91481746529701,5.59330862295349,1
1883,2,0.000214487450166967,2.20455208178312e-05,0.000215617418747319,5.86838690893208,632.089242570663,635.269635466794,3.18039289613068,5.2696354667936,1
1884,2,0.000155724822884434,1.15626160845763e-05,0.000156153496768748,4.24643703474644,632.49485128464,634.931467469824,2.43661618518456,4.9314674698245,1
1885,2,9.64631601303671e-05,4.42167886219487e-06,9.65644474239729e-05,2.62448716056125,632.894015477364,634.579892357241,1.68587687987736,4.57989235724131,1
1886,2,3.68923717166213e-05,6.45592984539149e-07,3.68980200170557e-05,1.00253728637587,633.285453569997,634.216040645247,0.930587075250173,4.21604064524729,1
1887,2,-2.27966419214491e-05,2.4645928923899e-07,2.27979741441213e-05,179.380587412191,633.37665067799,634.128428447866,0.75177776987573,4.12842844786587,1
1888,2,-8.24126014841155e-05,3.22555683937597e-06,8.24757000594943e-05,177.758637538005,632.987222133818,634.495010649383,1.50778851556493,4.49501064938306,1
1889,2,-0.00014176446178066,9.57333882460284e-06,0.000142087337367588,176.136687663819,632.589768172099,634.8495891441,2.25982097200119,4.84958914410049,1
1890,2,-0.000200662023952311,1.92694631548265e-05,0.000201585118664333,174.514737789634,632.185564983286,635.19102383946,3.00545885617373,5.19102383945972,1
1891,2,-0.000258916544983251,3.22828576484419e-05,0.000260921367779669,172.892787915449,631.775909984519,635.518216578182,3.7423065936631,5.51821657818186,1
1892,2,-0.000316341342546079,4.85718196061838e-05,0.000320048537980899,171.270838041263,631.362117635018,635.830114708633,4.46799707361492,5.83011470863312,1
1893,2,-0.000372752393243599,6.80841494515023e-05,0.000378919250072314,169.648888167078,630.945515202387,636.125714511124,5.1801993087372,6.12571451112444,1
1894,2,-0.000427968922329952,9.07573180092575e-05,0.000437486330360726,168.026938292893,630.527438493621,636.404064468447,5.87662597482654,6.40406446844713,1
1895,2,-0.000481813983020909,0.000116518666886555,0.000495702848456102,166.404988418707,630.10922756475,636.664268369496,6.55504080474566,6.66426836949586,1
1896,2,-0.000534115023537296,0.000145285641313734,0.000553522154877463,164.783038544522,629.692222422938,636.905488235321,7.21326581238304,6.90548823532095,1
1897,2,-0.000584704440064056,0.000176966054699208,0.000610897918433533,163.161088670337,629.277758734895,637.126947057538,7.84918832264293,7.12694705753779,1
1898,2,-0.000633420113853078,0.000211458384050417,0.000667784163348353,161.539138796151,628.867163555276,637.327931339647,8.46076778437111,7.32793133964674,1
1899,2,-0.000680105930748708,0.000248652095314264,0.000724135306102209,159.917188921966,628.461751088673,637.507793432437,9.04604234376359,7.50779343243687,1
1900,2,-0.000724612281470833,0.000288427997594308,0.000779906191958128,158.29523904778,628.06281849858,637.66595365538,9.60313515680002,7.66595365537978,1
1901,2,-0.000766796541052468,0.000330658625109656,0.000835052131144778,156.673289173595,627.671641776482,637.801902196612,10.1302604201305,7.80190219661222,1
1902,2,-0.000806523525895524,0.000375208645671627,0.00088952893466693,155.05133929941,627.289471683993,637.915200784875,10.625729100882,7.91520078487508,1
1903,2,-0.000843665926979833,0.000421935294368949,0.000943292949714432,153.429389425224,626.917529780623,638.00548412755,11.0879543469269,8.0054841275504,1
1904,2,-0.000878104717837459,0.000470688831071997,0.000996301094641739,151.807439551039,626.557004549473,638.072461109777,11.5154565603044,8.07246110977701,1
1905,2,-0.000909729535984659,0.000521313020289692,0.00104851089348963,150.185489676854,626.209047632697,638.115915750397,11.9068681177002,8.11591575039733,1
1906,2,-0.000938439036589268,0.000573645631841426,0.00109988051002159,148.563539802668,625.874770188313,638.135707911417,12.260937723104,8.13570791141694,1
1907,2,-0.000964141217240209,0.000627518960739675,0.00115036878124766,146.941589928483,625.555239379353,638.131773758447,12.5765343790939,8.1317737584468,1
1908,2,-0.000986753712778188,0.00068276036461698,0.00119993525040873,145.319640054297,625.251475006007,638.104125970513,12.852650964506,8.10412597051265,1
1909,2,-0.00100620405924297,0.000739192816975446,0.00124854019939493,143.697690180112,624.964446290887,638.052853698512,13.0884074076247,8.05285369851163,1
1910,2,-0.00102242992609124,0.000796635474485477,0.00129614468057221,142.075740305927,624.695068827016,637.978122272432,13.2830534454156,7.97812227243185,1
1911,2,-0.00103537931594091,0.000854904256515926,0.00134271054799138,140.453790431741,624.444201697636,637.880172658379,13.4359709607428,7.88017265837914,1
1912,2,-0.00104501073120188,0.00091381243503862,0.00138820048795492,138.831840557556,624.212644776408,637.759320667338,13.54667589093,7.75932066733765,1
1913,2,-0.00105129330705909,0.000973171233016601,0.00143257804891681,137.209890683371,624.001136215921,637.6159559184,13.6148197024791,7.61595591839966,1
1914,2,-0.0010542069103819,0.00103279042935862,0.00147580767069145,135.587940809185,623.810350131963,637.450540560159,13.6401904281955,7.45054056015886,1
1915,2,-0.00105374220424264,0.00109247896850138,0.0015178547129485,133.965990935,623.640894490289,637.263607754721,13.6227132644318,7.26360775472131,1
1916,2,-0.0010499006778377,0.00115204557266571,0.00155868548297042,132.344041060814,623.493309202091,637.055759929643,13.5624507275522,7.05575992964305,1
1917,2,-0.00104269464171532,0.00121129935482511,0.00159826726265089,130.722091186629,623.368064433696,636.82766680393,13.4596023702342,6.8276668039299,1
1918,2,-0.00103214718832515,0.00127005043042186,0.00163656833471208,129.100141312444,623.26555913543,636.580063194958,13.314504059528,6.73444086457039,1
1919,2,-0.0010182921180163,0.00132811052587069,0.00167355800812002,127.478191438258,623.186119793879,636.313746613959,13.12762682008,6.8138802061211,1
1920,2,-0.00100117383072075,0.00138529358190006,0.0017092066426777,125.856241564073,623.129999411175,636.029574658431,12.8995752472561,6.87000058882495,1
1921,2,-0.000980847183669441,0.00144141634979727,0.00174348567277599,124.234291689888,623.09737671424,635.728462210472,12.631085496232,6.90262328576023,1
1922,2,-0.000957377315596901,0.00149629897864692,0.00177636763028359,122.612341815702,623.088355596287,635.411378450721,12.3230228544343,6.91164440371278,1
1923,2,-0.000930839437997753,0.0015497655916809,0.00180782616655751,120.990391941517,623.10296479217,635.079343698172,11.9763789060023,6.89703520783041,1
1924,2,-0.000901318594104145,0.00160164484989263,0.00183783607355647,119.368442067331,623.141157788516,634.733426086679,11.592268298163,6.85884221148399,1
1925,2,-0.000868909386356325,0.00165177050110984,0.00186637330404043,117.746492193146,623.202812968922,634.374738089499,11.1719251205772,6.79718703107812,1
1926,2,-0.000833715673239855,0.00169998191276588,0.00189341499083981,116.124542318961,623.287733993768,634.004432903689,10.7166989099215,6.7122660062322,1
1927,2,-0.000795850236460941,0.00174612458666253,0.00191893946517923,114.502592444775,623.39565041359,633.623700706581,10.228050292991,6.60434958641042,1
1928,2,-0.000755434419526323,0.00179005065407472,0.00194292627404089,112.88064257059,623.526218514205,633.233764796953,9.70754628274778,6.47378148579503,1
1929,2,-0.000712597738886183,0.00183161934961024,0.00196535619655378,111.258692696405,623.679022391215,632.83587763384,9.15685524262483,6.32097760878503,1
1930,2,-0.000667477468885903,0.00187069746230639,0.00198621125939561,109.636742822219,623.853575250708,632.431316786188,8.57774153548019,6.14642474929246,1
1931,2,-0.000620218201856987,0.00190715976251746,0.00200547475119493,108.014792948034,624.049320932483,632.021380806825,7.97205987434188,5.95067906751672,1
1932,2,-0.000570971384756791,0.00194088940322545,0.00202313123592216,106.392843073848,624.265635651308,631.607385044346,7.3417493930375,5.73436434869188,1
1933,2,-0.000519894833841816,0.00197177829448786,0.00203916656525867,104.770893199663,624.501829951207,631.190657406691,6.68882745548433,5.49817004879287,1
1934,2,-0.000467152228930068,0.00199972744982243,0.00205356788993392,103.148943325478,624.757150867058,630.772534090276,6.0153832232179,5.24284913294207,1
1935,2,-0.000412912588873066,0.00202464730341906,0.00206632367002169,101.526993451292,625.030784287178,630.354355288514,5.32357100133595,4.96921571282201,1
1936,2,-0.000357349729918258,0.00204645799716228,0.00207742368418724,99.9050435771068,625.321857509977,629.937460893648,4.61560338367053,4.67814249002276,1
1937,2,-0.000300641708697911,0.00206508963654434,0.00208685903787765,98.2830937029215,625.629441987155,629.523186205668,3.89374421851335,4.37055801284498,1
1938,2,-0.000242970251629072,0.0020804825146491,0.0020946221704492,96.6611438287363,625.952556245331,629.112857662051,3.16030141672024,4.0474437546693,1
1939,2,-0.000184520172553478,0.00209258730348861,0.00210070686122574,95.0391939545507,626.290168977399,628.707788601868,2.41761962446844,3.70983102260061,1
1940,2,-0.000125478780483511,0.00210136521207957,0.00210510823448341,93.4172440803654,626.641202294465,628.309275077662,1.6680727831972,3.35879770553481,1
1941,2,-6.60352793519944e-05,0.00210678811075277,0.00210782276335757,91.7952942061798,627.004535128526,627.918591728246,0.914056599719402,2.99546487147359,1
1942,2,-6.38016168974426e-06,0.00210883862129744,0.00210884827266897,90.1733443319946,627.379006775738,627.53698772528,0.157980949542548,2.62099322426229,1
1943,2,5.32954018265349e-05,0.00210751017265138,0.00210818394066668,88.5513944578094,627.083681891142,627.836219729644,0.75253783850269,2.91631810885849,1
1944,2,0.000112800174999394,0.00210280702195859,0.00210583029968662,86.9294445836237,626.717869344131,628.22506641295,1.50719706881875,3.28213065586885,1
1945,2,0.000171943468945749,0.00209474424092685,0.00210178923572495,85.3074947094385,626.364111423526,628.622012555346,2.25790113181995,3.63588857647403,1
1946,2,0.000230535753178202,0.00208334766752893,0.00209606398692685,83.6855448352533,626.023537971729,629.025788623719,3.00225065199004,3.97646202827059,1
1947,2,0.00028838926297404,0.0020686538232023,0.0020886591409917,82.0635949610677,625.697236397955,629.435102798174,3.73786640021956,4.30276360204539,1
1948,2,0.00034531860108566,0.00205070979581256,0.00207958063149698,80.4416450868824,625.386248244608,629.848645084544,4.46239683993622,4.61375175539217,1
1949,2,0.00040114133186434,0.0020295730887558,0.00206883573314356,78.8196952126968,625.091565902305,630.265091490596,5.17352558829077,4.90843409769514,1
1950,2,0.000455678565893058,0.00200531143668329,0.00205643305592649,77.1977453385116,624.81412948339,630.683108252815,5.86897876942521,5.18587051661029,1
1951,2,0.000508755533255279,0.00197800258843917,0.00204238253823565,75.5757954643264,624.55482386328,631.101356100471,6.54653223719072,5.44517613671997,1
1952,2,0.000560202143602249,0.00194773405790662,0.00202669543889208,73.9538455901407,624.314475898435,631.518494543375,7.20401864494011,5.68552410156462,1
1953,2,0.000609853531224169,0.00191460284356111,0.00200938432812612,72.3318957159555,624.093851829176,631.933186169717,7.83933434054165,5.90614817082417,1
1954,2,0.000657550583378627,0.00187871511762915,0.0019904630775048,70.7099458417699,623.893654875005,632.344100940114,8.45044606510919,6.1063451249953,1
1955,2,0.000703140450182885,0.0018401858858491,0.00196994684881639,69.0879959675847,623.714523029504,632.749920464067,9.03539743456247,6.28547697049567,1
1956,2,0.000746477034436414,0.00179913861892391,0.00194785208192112,67.4660460933994,623.557027061241,633.149342244912,9.59231518367119,6.44297293875923,1
1957,2,0.00078742145980366,0.00175570485684718,0.00192419648157772,65.8440962192138,623.421668726512,633.541083879406,10.1194151528933,6.57833127348772,1
1958,2,0.000825842515856865,0.00171002378737034,0.00189899900325651,64.2221463450286,623.308879199145,633.923887198189,10.6150079990439,6.69112080085461,1
1959,2,0.000861617078552808,0.00166224179996186,0.00187227983795006,62.6001964708434,623.219017721867,634.296522333443,11.0775046115759,6.7809822781328,1
1960,2,0.000894630504795851,0.00161251201668777,0.00184406039599405,60.9782465966577,623.152370483196,634.657791700258,11.5054212170616,6.84762951680364,1
1961,2,0.000924776999822963,0.00156099380151711,0.00181436328991092,59.3562967224725,623.109149723037,635.006533878429,11.8973841553917,6.89085027696285,1
1962,2,0.000951959956233472,0.00150785224962429,0.0017832123162902,57.7343468482869,623.089493069616,635.341627381709,12.2521343120932,6.9105069303838,1
1963,2,0.000976092263576897,0.00145325765832558,0.00175063243672012,56.1123969741017,623.093463109618,635.661994301796,12.5685311921779,6.90653689038197,1
1964,2,0.000997096587506981,0.00139738498134451,0.00171664975778557,54.4904470999164,623.121047192797,635.966603814744,12.8455566219474,6.87895280720295,1
1965,2,0.00101490561760717,0.00134041326815557,0.0016812915101487,52.8684972257308,623.172157471588,636.254475537921,13.0823180663334,6.82784252841213,1
1966,2,0.00102946228309344,0.00128252509020263,0.00164458602672867,51.2465473515456,623.246631175624,636.52468272602,13.2780515503958,6.7533688243758,1
1967,2,0.00104071993570322,0.00122390595583073,0.00160656271999821,49.62459747736,623.34423112038,636.776355295229,13.4321241748492,6.77635529522877,1
1968,2,0.00104864249918435,0.00116474371580656,0.00156725205841513,48.0026476031747,623.464646448437,637.008682665136,13.5440362166985,7.00868266513567,1
1969,2,0.00105320458490496,0.00110522796133206,0.0015266855420076,46.3806977289895,623.607493601274,637.220916408585,13.6134228073116,7.22091640858537,1
1970,2,0.00105439157321381,0.00104554941648094,0.00148489567713288,44.7587478548039,623.77231751876,637.412372700332,13.6400551815722,7.41237270033173,1
1971,2,0.00105219966029042,0.000985899327004673,0.00144191595042968,43.1367979806187,623.958593062881,637.582434555966,13.623841493085,7.58243455596642,1
1972,2,0.00104663587033478,0.000926468847466642,0.00139778080198492,41.5148481064334,624.165726661579,637.730553853354,13.5648271917756,7.73055385335442,1
1973,2,0.00103771803305761,0.00086744842866865,0.00135252559773657,39.8928982322478,624.393058167939,637.85625312954,13.4631949616009,7.85625312954005,1
1974,2,0.00102547472654331,0.000809027207332669,0.00130618660113461,38.2709483580626,624.639862929312,637.959127146802,13.3192642174904,7.95912714680196,1
1975,2,0.00100994518566867,0.000751392399993568,0.00125880094408267,36.648998483877,624.9053540603,638.038844222416,13.1334901621165,8.03884422241617,1
1976,2,0.000991179176370881,0.00069472870304547,0.00121040659718398,35.0270486096917,625.188684913018,638.095147317442,12.9064624044242,8.09514731744207,1
1977,2,0.000969236836167673,0.000639217700863944,0.00116104233931503,33.4050987355065,625.488951737281,638.127854880715,12.6389031434339,8.12785488071484,1
1978,2,0.000944188481440769,0.0005850372839011,0.00111074772655171,31.7831488613209,625.805196522953,638.136861445076,12.3316649221229,8.13686144507585,1
1979,2,0.00091611438210015,0.000532361078618223,0.00105956306047271,30.1611989871357,626.136410015954,638.122137973744,11.9857279577898,8.12213797374352,1
1980,2,0.000885104504351208,0.000481357891082656,0.0010075293558653,28.53924911295,626.481534899023,638.0837319556,11.6021970565766,8.0837319556,1
1981,2,0.000851258222389278,0.000432191166012298,0.000954688307859913,26.9172992387648,626.839469127675,638.021767249081,11.1822981214068,8.02176724908134,1
1982,2,0.000814683999945221,0.000385018463000881,0.000901082258519335,25.2953493645796,627.209069411355,637.936443675198,10.7273742638426,7.93644367519767,1
1983,2,0.000775499042702781,0.000339990951602841,0.000846754162909599,23.673399490394,627.589154829268,637.828036361118,10.2388815318495,7.82803636111782,1
1984,2,0.000733828922701509,0.000297252926895675,0.000791747554679712,22.0514496162087,627.978510569916,637.69689483666,9.71838426674435,7.69689483666048,1
1985,2,0.000689807175928781,0.00025694134707215,0.000736106511177622,20.4294997420235,628.375891782941,637.543441886827,9.16755010388613,7.5434418868274,1
1986,2,0.000643574874390652,0.000219185394544369,0.000679875618130636,18.8075498678379,628.78002753143,637.368172164439,8.58814463300905,7.36817216443922,1
1987,2,0.000595280174032818,0.000184106061966087,0.000623099933918471,17.1855999936527,629.189624832538,637.17165056773,7.98202573519211,7.17165056773001,1
1988,2,0.000545077839960264,0.000151815764499818,0.000565824953467423,15.563650119467,629.603372773846,636.954510388575,7.35113761472894,6.95451038857459,1
1989,2,0.000493128750477402,0.000122417979571489,0.000508096571794938,13.9417002452818,630.019946692653,636.717451237831,6.69750454517828,6.71745123783126,1
1990,2,0.000439599381537676,9.60069152668196e-05,0.000449961047233377,12.3197503710966,630.438012405052,636.461236755013,6.02322434996165,6.46123675501349,1
1991,2,0.000384661273255073,7.26672084322949e-05,0.000391464964362785,10.6978004969109,630.856230471494,636.186692110279,5.33046163878498,6.18669211027861,1
1992,2,0.000328490480187046,5.24736534481046e-05,0.000332655196682252,9.07585062272573,631.273260485248,635.894701307366,4.62144082211796,5.89470130736572,1
1993,2,0.000271267007150324,3.54909625421781e-05,0.000273578869049611,7.45390074854052,631.687765370109,635.586204296831,3.89843892672195,5.58620429683106,1
1994,2,0.000213174232377865,2.17735584135234e-05,0.000214283319919864,5.8319508743549,632.098415673536,635.262193909496,3.16377823595985,5.26219390949609,1
1995,2,0.000154398319865361,1.13653998293558e-05,0.000154816063412449,4.21000100016965,632.503893841375,634.923712620676,2.41981877930186,4.9237126206765,1
1996,2,9.51276227903493e-05,4.29984075489402e-06,9.52247512375875e-05,2.58805112598402,632.90289846026,634.571849156208,1.66895069594875,4.57184915620837,1
1997,2,3.55520799160957e-05,5.99523467327643e-07,3.55571345126169e-05,0.966101251799022,633.294148453881,634.207734951871,0.913586497990423,4.20773495187143,1
1998,2,-2.41373930859102e-05,2.76305996403355e-07,2.41389745015689e-05,179.344151377614,633.36799964493,634.136786812424,0.768787167494111,4.13678681242368,1
1999,2,-8.37495154439075e-05,3.33122412421601e-06,8.38157407129178e-05,177.722201503428,632.978376978586,634.503112160327,1.52473518174145,4.50311216032696,1
2000,2,-0.000143093254263818,9.75448806593581e-06,0.000143425344528915,176.100251629243,632.580757300443,634.857407756126,2.27665045568256,4.85740775612555,1
2001,2,-0.000201978436712997,1.95255138421421e-05,0.000202920020175009,174.478301755057,632.176417323312,635.19853440913,3.02211708581831,5.19853440913005,1
2002,2,-0.000260216359447619,3.26129892421919e-05,0.000262252093969684,172.856351880872,631.766654893331,635.52539494563,3.75874005229866,5.52539494562984,1
2003,2,-0.000317620393331151,4.89749741672855e-05,0.000321374022525968,171.234402006687,631.352784804096,635.836937776158,4.48415297206111,5.83693777615758,1
2004,2,-0.000374006581505689,6.85590350316245e-05,0.000380238430848381,169.612452132501,630.936134562018,636.132160318411,5.1960257563926,6.13216031841091,1
2005,2,-0.00042919422889971,9.13024127909615e-05,0.000438798150294948,167.990502258316,630.518040116708,636.410112264167,5.89207214745886,6.41011226416663,1
2006,2,-0.000483006481283243,0.000117132224060145,0.000497006256373998,166.368552384131,630.099841570286,636.669898679021,6.57005710873466,6.66989867902078,1
2007,2,-0.000535270892014553,0.000145965694675063,0.000554816106345183,164.746602509945,629.682878879487,636.910682924341,7.22780404485388,6.91068292434136,1
2008,2,-0.000585819974662284,0.000177710424950553,0.000612181376594736,163.12465263576,629.268487564356,637.131689391348,7.86320182699239,7.13168939134846,1
2009,2,-0.000634491739732249,0.000212264685784301,0.000669056099755143,161.502702761574,628.857994437257,637.3322060379,8.47421160064357,7.33220603790039,1
2010,2,-0.000681130213778552,0.000249517744657674,0.000725394701539147,159.880752887389,628.452713365789,637.511586719182,9.05887335339287,7.51158671918233,1
2011,2,-0.000725585939235889,0.000289350220488992,0.00078115203725898,158.258803013204,628.053941082933,637.6692533042,9.61531222126723,7.6692533042002,1
2012,2,-0.000767716453370932,0.000331634466201899,0.000836283428001213,156.636853139018,627.662953057659,637.804697570708,10.1417445130487,7.80469757070762,1
2013,2,-0.000807386744818108,0.000376234977782897,0.000890744696428375,155.014903264833,627.280999438846,637.917482871962,10.6364834331162,7.91748287196174,1
2014,2,-0.000844469686236838,0.000423008828517336,0.000944492202178796,153.392953390647,626.909301085115,638.007245569434,11.0979444843185,8.00724556943396,1
2015,2,-0.000878846441703487,0.000471806127011995,0.000997482876835958,151.771003516462,626.549045692859,638.073696226514,11.5246505336547,8.0736962265139,1
2016,2,-0.000910406847532811,0.000522470497536843,0.00104967425843974,150.149053642277,626.201384034311,638.116620558948,11.9152365246368,8.11662055894828,1
2017,2,-0.000939049765308258,0.000574839581146369,0.00110102452551159,148.527103768091,625.867426317203,638.135880138733,12.2684538215306,8.13588013873346,1
2018,2,-0.000964683405989931,0.000628745555974708,0.00115149253056643,146.905153893906,625.548238677014,638.131412848939,12.5831741719255,8.13141284893914,1
2019,2,-0.000987225624061611,0.000684015675037358,0.00120103783308464,145.283204019721,625.24483981245,638.103233087879,12.8583932754286,8.10323308787872,1
2020,2,-0.0010066041807741,0.000740472819815795,0.00124962073191743,143.661254145535,624.958197774254,638.051431721915,13.0932339476608,8.05143172191458,1
2021,2,-0.00102275697564136,0.000797936067851098,0.0012972022970997,142.03930427135,624.689226916956,637.976175787048,13.2869488700917,7.97617578704751,1
2022,2,-0.00103563224544767,0.000856221272527819,0.00134374440104513,140.417354397164,624.438785022648,637.877707940337,13.4389229176892,7.87770794033725,1
2023,2,-0.00104518873012785,0.000915141653189761,0.00138920974909808,138.795404522979,624.207670605324,637.756345663112,13.5486750577875,7.75634566311169,1
2024,2,-0.00105139580498927,0.000974508393697014,0.00143356190941827,137.173454648794,623.99662040371,637.612480218727,13.6158598150173,7.61248021872711,1
2025,2,-0.0010542335788516,0.00103413124750576,0.00147676534217393,135.551504774608,623.806307070012,637.446575368575,13.6402682985627,7.44657536857483,1
2026,2,-0.00105369295779013,0.00109381914733192,0.00151878542802018,133.929554900423,623.637337061301,637.259165850813,13.6218287895126,7.25916585081347,1
2027,2,-0.00104977567427808,0.00115338081744517,0.00155958849584,132.307605026237,623.49024873974,637.050855627163,13.5606068874234,7.05085562716329,1
2028,2,-0.00104249428163475,0.00121262538663057,0.00159914184972507,130.685655152052,623.365510687168,636.822315903911,13.4568052167435,6.82231590391132,1
2029,2,-0.00103187211379718,0.00127136299985431,0.00163741379517543,129.063705277867,623.263520238915,636.574282933982,13.3107626950675,6.73647976108543,1
2030,2,-0.00101794321054422,0.00132940542667265,0.0016743736644966,127.441755403681,623.184602241136,636.307555607784,13.1229533666474,6.81539775886381,1
2031,2,-0.00100075220841279,0.00138656666443486,0.00170999184137384,125.819805529496,623.129008035236,636.022992841143,12.8939848059072,6.87099196476402,1
2032,2,-0.000980354197655653,0.00144266353434702,0.00174423978460408,124.197855655311,623.096914672311,635.721510769399,12.6245960970874,6.90308532768859,1
2033,2,-0.000956814545699317,0.00149751626848642,0.00177709005096626,122.575905781125,623.088424359877,635.404079757308,12.315655397431,6.91157564012337,1
2034,2,-0.000930208687667731,0.00155094908588541,0.00180851631721179,120.95395590694,623.103564142491,635.071721235076,11.9681570925852,6.89643585750923,1
2035,2,-0.00090062188464298,0.0016027907558389,0.00183849340115773,119.332006032754,623.142285817169,634.725504371315,11.5832185541466,6.85771418283139,1
2036,2,-0.000868148950437839,0.00165287514662984,0.00186699728186544,117.710056158569,623.20446608385,634.366542594322,11.1620765104723,6.79553391615025,1
2037,2,-0.000832893947755558,0.00170104175791466,0.00189400511888887,116.088106284384,623.289906930482,633.995989973446,10.7060830429643,6.71009306951794,1
2038,2,-0.000794969854710739,0.00174713623506236,0.0019194952705768,114.466156410198,623.398336251612,633.615037472848,10.216701221236,6.60166374838821,1
2039,2,-0.000754498202779921,0.00179101086379904,0.00194344731141452,112.844206536013,623.529408698708,633.224909090223,9.695500391515,6.47059130129219,1
2040,2,-0.000711608687341966,0.00183252504357282,0.001965842048391,111.222256661827,623.682706759755,632.826857893463,9.14415113370865,6.31729324024548,1
2041,2,-0.000666438752056581,0.00187154573812206,0.00198666153637845,109.600306787642,623.85774206503,632.422161968469,8.56441990343853,6.14225793496985,1
2042,2,-0.00061913314841255,0.00190794790180315,0.00200588909251191,107.978356913457,624.05395691525,632.012120291562,7.95816337631175,5.94604308474993,1
2043,2,-0.000569843471857421,0.00194161488031152,0.00202350930955744,106.356407039271,624.270726027692,631.598048540141,7.32732251244977,5.72927397230831,1
2044,2,-0.00051872767599506,0.0019724387845118,0.00203950806825804,104.734457165086,624.507358495191,631.181274855345,6.67391636015384,5.49264150480928,1
2045,2,-0.000465949566407757,0.00200032083617916,0.00205387254864757,103.112507290901,624.763099952324,630.763135570543,6.00003561821859,5.2369000476757,1
2046,2,-0.000411678275725208,0.00202517168454381,0.00206659124032357,101.490557416715,625.037134942442,630.34497091958,5.30783597713798,4.96286505755779,1
2047,2,-0.000356087721622448,0.00204691169262428,0.00207765395167055,99.86860754253,625.328589478594,629.928120738599,4.59953126000516,4.67141052140573,1
2048,2,-0.000299356049483508,0.00206547119243199,0.00208705181802676,98.2466576683443,625.636533790821,629.513920175281,3.87738638446012,4.3634662091788,1
2049,2,-0.000241665061517167,0.00208079070822911,0.00209477730878742,96.6247077941591,625.959985251695,629.103695419211,3.14371016751602,4.04001474830511,1
2050,2,-0.000183199634153838,0.00209282114712442,0.00210082423343917,95.0027579199739,626.297911471403,628.698759466911,2.40084799550755,3.70208852859685,1
2051,2,-0.000124147125590953,0.00210152395639631,0.00210518774652051,93.3808080457883,626.649233553144,628.300407934944,1.65117438179993,3.3507664468558,1
2052,2,-6.46967753852867e-05,0.00210687124703871,0.00210786435150456,91.758858171603,627.012829499116,627.909914934223,0.897085435106419,2.98717050088385,1
2053,2,-5.03909801612568e-06,0.0021088458831342,0.00210885190360083,90.1369082974174,627.3875377568,627.528529018404,0.140991261604313,2.6124622432003,1
2054,2,5.46347276369489e-05,0.00210744153676768,0.00210814961147393,88.5149584232322,627.075340186336,627.844856932156,0.769516745819715,2.92465981366388,1
2055,2,0.000114133470945641,0.00210266270830485,0.00210575803787757,86.893008549047,626.709785745045,628.233899320607,1.52411357556184,3.29021425495478,1
2056,2,0.000173266462350202,0.00209452471197034,0.00210167909920373,85.2710586748613,626.356311751626,628.631012922998,2.27470117137113,3.64368824837356,1
2057,2,0.000231844204378698,0.00208305362677173,0.00209591606394695,83.6491088006761,626.016047133969,629.034927660929,3.01888052695995,3.9839528660309,1
2058,2,0.000289678978910332,0.00206828621292686,0.00208847355008529,82.0271589264909,625.690078308083,629.444351260817,3.75427295273357,4.30992169191688,1
2059,2,0.000346585448736537,0.00205026979406207,0.00207935752137991,80.4052090523053,625.379445747705,629.857973367972,4.47852762026707,4.62055425229482,1
2060,2,0.000402381251492199,0.00202906210555903,0.00206857528259623,78.78325917812,625.085140702772,630.274469724079,5.18932902130678,4.91485929722808,1
2061,2,0.000456887584053844,0.00200473110953601,0.00205613547365052,77.1613093039344,624.808102076606,630.692506394979,5.88440431837273,5.19189792339409,1
2062,2,0.000509929775531676,0.00197735477705667,0.00204204806268673,75.5393594297492,624.54921347114,631.1107440354,6.56153056425978,5.45078652886025,1
2063,2,0.000561337847019677,0.00194702083826403,0.00202632433808881,73.9174095555639,624.309300408938,631.527842177107,7.21854176816908,5.69069959106207,1
2064,2,0.00061094705630964,0.00191382650124072,0.00200897689943531,72.2954596813783,624.089127740266,631.942463526798,7.85333578653263,5.91087225973422,1
2065,2,0.000658598425823704,0.00187787814049611,0.00199001964740316,70.6735098071931,623.889397242825,632.353278259917,8.46388101709169,6.11060275717455,1
2066,2,0.000704139252073673,0.00183929095607873,0.00196946777262891,69.0515599330079,623.710745421202,632.758968296541,9.04822287533898,6.28925457879802,1
2067,2,0.000747423595014281,0.00179818860440644,0.00194733774353636,67.4296100588222,623.553741512462,633.158231545478,9.60449003301562,6.44625848753753,1
2068,2,0.000788312745722356,0.00175470280199735,0.00192364729314021,65.807660184637,623.418885703741,633.549786102664,10.130900398923,6.58111429625933,1
2069,2,0.000826675670903248,0.0017089729033712,0.00189841540483644,64.1857103104514,623.306607566944,633.932374390158,10.6257668232136,6.69339243305569,1
2070,2,0.00086238943279979,0.00166114545447428,0.00187166229719073,62.5637604362662,623.217264715172,634.304767221984,11.087502506812,6.7827352848276,1
2071,2,0.000895339583158471,0.00161137372305843,0.00184340940773708,60.9418105620809,623.151141684691,634.665767783425,11.5146260987343,6.84885831530949,1
2072,2,0.000925420529990063,0.00155981720751958,0.00181367937579973,59.3198606878953,623.108449045716,635.014215510429,11.9057664647131,6.89155095428418,1
2073,2,0.000952535875949487,0.0015066411257695,0.00178249602435204,57.6979108137101,623.089322744554,635.348989856179,12.2596671116249,6.9106772554461,1
2074,2,0.000976598727250612,0.0014520158857787,0.00174988434092691,56.0759609395245,623.093823679016,635.669013932126,12.5751902531097,6.90617632098406,1
2075,2,0.000997531972125864,0.0013961165394875,0.00171587045759401,54.4540110653392,623.121937508279,635.973258011182,12.8513205029025,6.87806249172058,1
2076,2,0.00101526852793849,0.00133912222183481,0.00168048163001986,52.832061191154,623.173574697793,636.26074288117,13.087168183377,6.82642530220653,1
2077,2,0.00102975155615545,0.00128121557670267,0.00164374621562762,51.2101113169684,623.248570799072,636.530543037109,13.2819722380368,6.75142920092776,1
2078,2,0.00104093464449201,0.00122258217161609,0.00160569365087404,49.5881614427832,623.346686963568,636.781789701387,13.4351027378189,6.78178970138731,1
2079,2,0.00104878195564455,0.00116340990307359,0.00156635442766166,47.9662115685979,623.467610689151,637.013673661462,13.5460629723109,7.01367366146201,1
2080,2,0.00105326834213466,0.0011038883944145,0.00152576006890537,46.3442616944123,623.610956797052,637.225447915309,13.614491118257,7.22544791530913,1
2081,2,0.00105437942689671,0.00104420838815241,0.00148394310327279,44.7223118202271,623.77626863642,637.416430115428,13.6401614790075,7.41643011542783,1
2082,2,0.00105211164935058,0.000984561134721986,0.00144093703911873,43.1003619460415,623.963019513047,637.586004802989,13.6229852899415,7.5860048029889,1
2083,2,0.0010464722768119,0.000925137779598259,0.00139677633763458,41.4784120718562,624.17061433811,637.733625424297,13.5630110861864,7.73362542429663,1
2084,2,0.00103747938120318,0.000866128750752146,0.00135149638523424,39.856462197671,624.398391492124,637.858816122564,13.4604246304408,7.85881612256446,1
2085,2,0.00102516178114061,0.000807723148405359,0.00130513346519858,38.2345123234854,624.645624898706,637.961173298728,13.3155484000222,7.96117329872777,1
2086,2,0.00100955894958194,0.000750108139040241,0.00125772472860138,36.6125624493002,624.911526302093,638.040366935842,13.128840633749,8.04036693584169,1
2087,2,0.000990720887331546,0.00069346835560631,0.00120930816453968,34.9906125751145,625.195247741726,638.096141682405,12.9008939406788,8.096141682405,1
2088,2,0.000968707962807923,0.000637985305845973,0.00115992256969285,33.3686627009293,625.495884216635,638.128317690815,12.6324334741803,8.12831769081481,1
2089,2,0.000943590718587175,0.000583836790635065,0.00110960751723432,31.7467128267441,625.812476531766,638.136791208006,12.3243146762392,8.13679120800555,1
2090,2,0.000915449645342402,0.000531196334202537,0.00105840332512126,30.1247629525585,626.144014317815,638.121534916186,11.9775205983706,8.12153491618574,1
2091,2,0.000884374923903474,0.000480232628055086,0.00100635102378741,28.5028130783732,626.489439215563,638.08259802249,11.5931588069266,8.08259802248983,1
2092,2,0.000850466136263666,0.000431108990388591,0.000953492323264912,26.880863204188,626.84764821521,638.020106097204,11.1724578819936,8.02010609720367,1
2093,2,0.000813831946459414,0.000383982842718974,0.00089986957976168,25.2589133300024,627.217497140679,637.934260661178,10.7167635204988,7.93426066117831,1
2094,2,0.000774589752345781,0.000339005205409544,0.000845525761720993,23.6369634558172,627.597804268342,637.82533852383,10.2275342554879,7.82533852383028,1
2095,2,0.000732865309383446,0.000296320213711345,0.000790504415390345,22.0150135816315,627.987354069205,637.693690874111,9.70633680490585,7.69369087411087,1
2096,2,0.000688792327643072,0.000256064655867696,0.000734849629927513,20.3930637074463,628.384901063143,637.539742127607,9.15484106446343,7.5397421276067,1
2097,2,0.000642512043318199,0.000218367534762768,0.000678606002071376,18.7711138332611,628.789173773328,637.363988533842,8.57481476051453,7.36398853384242,1
2098,2,0.000594172766120032,0.000183349654519223,0.000621818600406138,17.1491639590755,629.198878768682,637.166996548645,7.96811777996368,7.16699654864522,1
2099,2,0.000543929404004462,0.000151123233369576,0.000564532929247466,15.5272140848902,629.612704781789,636.949400977303,7.33669619551392,6.9494009773033,1
2100,2,0.000491942966754241,0.000121791544041797,0.000506794892179321,13.9052642107046,630.029326889473,636.711902894977,6.68257600550351,6.71190289497656,1
2101,2,0.000438380050007436,9.54485828117935e-05,0.00044865075527107,12.2833143365194,630.447410742812,636.455267351614,6.00785660880251,6.45526735161434,1
2102,2,0.000383412301385273,7.2178768283065e-05,0.000390147110003921,10.6613644623342,630.865616833385,636.180320869372,5.31470403598723,6.18032086937228,1
2103,2,0.000327215870430538,5.20566708590339e-05,0.000331330835936743,9.03941458814853,631.28260478208,635.887948741184,4.60534395910338,5.88794874118366,1
2104,2,0.000269970844119127,3.51467737748849e-05,0.000272249063141045,7.41746471396332,631.697037636859,635.579092139849,3.88205450298915,5.57909213984851,1
2105,2,0.00021186066975358,2.15032664546803e-05,0.000212949134435096,5.79551483977807,632.107586165632,635.254745047564,3.14715888193155,5.25474504756369,1
2106,2,0.00015307156708825,1.11698708560547e-05,0.000153478567447684,4.17356496559242,632.5129331304,634.915951016464,2.40301788606405,4.91595101646431,1
2107,2,9.37919315698697e-05,4.17970135891581e-06,9.38850165418149e-05,2.55161509140729,632.91177752878,634.563799771238,1.65202224245763,4.56379977123811,1
2108,2,3.42117306057653e-05,5.5515864714941e-07,3.42162346286812e-05,0.929665217221753,633.30283878908,634.199423665392,0.896584876311977,4.19942366539226,1
2109,2,-2.54781052052231e-05,3.07857923445131e-07,2.54799650971002e-05,179.307715343036,633.35934394343,634.145139698982,0.785795755552158,4.14513969898223,1
2110,2,-8.50862939286777e-05,3.43859168723103e-06,8.51557474707893e-05,177.685765468851,632.969527786626,634.511207598886,1.5416798122609,4.51120759888647,1
2111,2,-0.000144421815276282,9.937327195038e-06,0.000144763293688275,176.063815594666,632.57174303652,634.865219720722,2.29347668420246,4.86521972072217,1
2112,2,-0.000203294522749031,1.97832386114017e-05,0.000204254839623721,174.44186572048,632.167266926204,635.206037777536,3.03877085133263,5.20603777753649,1
2113,2,-0.00026151575298044,3.29447737473084e-05,0.000263582714103539,172.819915846295,631.757397728695,635.532565580988,3.77516785229363,5.53256558098826,1
2114,2,-0.000318898930326699,4.9379755172262e-05,0.000322699377105666,171.197965972109,631.343450569827,635.843752605505,4.50030203567815,5.8437526055053,1
2115,2,-0.000375260164766722,6.90355153760156e-05,0.000381557457853963,169.576016097924,630.926753192665,636.138597407822,5.21184421515648,6.13859740782152,1
2116,2,-0.000430418841195719,9.18490655467719e-05,0.000440109792776849,167.954066223739,630.508641687267,636.416150890262,5.90750920299536,6.41615089026186,1
2117,2,-0.000484198198223978,0.000117747297424986,0.000498309463299901,166.332116349553,630.09045619968,636.675519396599,6.5850631969189,6.67551939659938,1
2118,2,-0.000536425894626157,0.000146647217585992,0.000556109833442268,164.710166475368,629.673536634039,636.9158676299,7.24233099586047,6.91586762989959,1
2119,2,-0.000586934561625608,0.000178456213400558,0.000613464587186506,163.088216601183,629.259218361567,637.136421382269,7.87720302070204,7.13642138226885,1
2120,2,-0.000635562339244002,0.000213072349821117,0.000670327765592027,161.466266726997,628.848827950207,637.336470067102,8.48764211689411,7.33647006710157,1
2121,2,-0.000682153394997598,0.00025038469604268,0.00072665380362256,159.844316852812,628.443678928438,637.515369045043,9.07169011660574,7.51536904504337,1
2122,2,-0.000726558423277625,0.000290273680991419,0.000782397566657755,158.222366978626,628.045067596651,637.672541735591,9.62747413894067,7.67254173559138,1
2123,2,-0.000768635123814835,0.000332611476501962,0.000837514386660111,156.600417104441,627.654268899249,637.807481506963,10.1532126077144,7.80748150696331,1
2124,2,-0.00080824865769464,0.000377262406955269,0.00089196009796788,154.978467230256,627.272532370376,637.919753337649,10.6472209672722,7.91975333764867,1
2125,2,-0.000845272079461613,0.000424083384064419,0.000945691072685414,153.35651735607,626.901078165811,638.008995243817,11.1079170780052,8.00899524381668,1
2126,2,-0.000879586743928719,0.00047292436541515,0.00099866425564273,151.734567481885,626.541093193336,638.074919467582,11.5338262742461,8.07491946758239,1
2127,2,-0.000911082686387386,0.000523628835291394,0.00105083719889595,150.1126176077,626.193727353426,638.117313421953,11.9235860685277,8.11731342195344,1
2128,2,-0.000939658975000261,0.000576034306245336,0.00110216809574134,148.490667733514,625.860089901756,638.136040389149,12.2759504873929,8.13604038914855,1
2129,2,-0.000965224034247154,0.000629972839804336,0.00115261581421543,146.868717859329,625.541245944556,638.131039969796,12.5897940252405,8.13103996979635,1
2130,2,-0.000987695938387761,0.000685271584646204,0.0012021399300544,145.246767985143,625.238213077426,638.102328281478,12.864115204052,8.10232828147798,1
2131,2,-0.00100700267400078,0.000741753330518298,0.00125070075908656,143.624818110958,624.951958177701,638.04999790587,13.0980397281694,8.04999790586999,1
2132,2,-0.00102308237075794,0.000799237076125123,0.00129825938903161,142.002868236773,624.683394359966,637.974217584705,13.2908232247391,7.974217584705,1
2133,2,-0.00103588349969356,0.000857538609164694,0.0013447777106814,140.380918362587,624.433378103803,637.875231665595,13.4418535617924,7.87523166559538,1
2134,2,-0.00104536503833419,0.000916471096655031,0.00139021844843734,138.758968488402,624.202706562274,637.75335929969,13.5506527374155,7.75335929968958,1
2135,2,-0.0010514966021591,0.000975845683658662,0.00143454519017959,137.137018614217,623.992115059074,637.608993393959,13.6168783348846,7.6089933939586,1
2136,2,-0.00105425854197052,0.0010354720984869,0.00147772241644453,135.515068740031,623.802274781762,637.442599321823,13.640324540061,7.44259932182263,1
2137,2,-0.00105364200686137,0.00109515926244408,0.00151971552888687,133.893118865846,623.633790677763,637.254713396606,13.6209227188425,7.25471339660601,1
2138,2,-0.00104964897257888,0.00115471590215797,0.00156049087800358,132.27116899166,623.487199559375,637.045941113203,13.5587415538281,7.04594111320284,1
2139,2,-0.00104229223519315,0.00121395116253411,0.00160001579009766,130.649219117475,623.362968423191,636.816955164057,13.4539867408666,6.81695516405716,1
2140,2,-0.0010315953700908,0.00127267521836963,0.00163825859345983,129.02726924329,623.261492988924,636.568493236439,13.3070002475157,6.73850701107642,1
2141,2,-0.00101759265642544,0.00133069988266678,0.00167518864374743,127.405319369104,623.183096461789,636.301355598608,13.1182591368192,6.81690353821125,1
2142,2,-0.00100032896726666,0.0013878392096966,0.00171077634854006,125.783369494919,623.128028522069,636.016402483307,12.8883739612381,6.87197147793131,1
2143,2,-0.000979859625799947,0.00144391009088024,0.00174499319105222,124.161419620734,623.096464544745,635.7145512776,12.6180867328551,6.90353545525488,1
2144,2,-0.000956250228038072,0.0014987328415784,0.00177781175298414,122.539469746548,623.088505051479,635.39677352877,12.3082684772909,6.91149494852129,1
2145,2,-0.000929576432612239,0.00155213177690836,0.00180920573649234,120.917519872363,623.104175396491,635.064091776551,11.9599163800599,6.89582460350914,1
2146,2,-0.000899923718316605,0.00160393577474339,0.00183914998526234,119.295569998177,623.143425687259,634.717576222565,11.574150535306,6.85657431274092,1
2147,2,-0.000867387110183048,0.00165397882409049,0.00186762050466669,117.673620123992,623.206130940265,634.358341248312,11.1522103080471,6.79386905973502,1
2148,2,-0.000832070874964192,0.00170210055708876,0.00189459448099205,116.051670249807,623.29209147133,633.987541793549,10.6954503222191,6.70790852866969,1
2149,2,-0.000794088187000312,0.00174814676292409,0.00192005029972014,114.429720375621,623.401033519447,633.606369607314,10.2053360878667,6.59896648055314,1
2150,2,-0.000753560765541082,0.00179196988201274,0.0019439675628476,112.807770501436,623.53261010227,633.21604938422,9.68343928194975,6.46738989773019,1
2151,2,-0.000710618484684331,0.00183342947887054,0.00196632710523111,111.185820627251,623.686402100837,632.81783479897,9.13143269813338,6.31359789916314,1
2152,2,-0.000665398957181695,0.00187239269215216,0.00198711100994466,109.563870753065,623.861919570379,632.413004452333,8.5510848819539,6.13808042962103,1
2153,2,-0.000618047093445081,0.00190873466041836,0.00200630262263655,107.94192087888,624.058603273416,632.00285774201,7.94425446859384,5.94139672658412,1
2154,2,-0.000568714637167079,0.00194233892226667,0.00202388656487465,106.319971004694,624.27582643072,631.588710672072,7.31288424135187,5.72417356927974,1
2155,2,-0.000517559679043323,0.00197309778954343,0.00203984874646935,104.698021130509,624.512896685029,631.171891614689,6.65899492965912,5.48710331497057,1
2156,2,-0.000464746150155451,0.00200091269244098,0.00205417637676411,103.076071256324,624.769058271822,630.753737038028,5.98467876620691,5.23094172817844,1
2157,2,-0.000410443296637782,0.00202569449537437,0.00206685797488481,101.454121382138,625.043494390768,630.335587214188,5.29209282341969,4.95650560923195,1
2158,2,-0.000354825137311512,0.002047363782625,0.00207788337893941,99.8321715079528,625.335329770942,629.918781921048,4.58345215010559,4.66467022905783,1
2159,2,-0.000298069906024374,0.0020658511128361,0.00208724375416086,98.2102216337675,625.643633422209,629.504656151827,3.86102272961853,4.35636657779105,1
2160,2,-0.000240359480482692,0.00208109724154441,0.00209493159998642,96.5882717595819,625.967421564655,629.094535846079,3.12711428142336,4.03257843534459,1
2161,2,-0.000181878799406538,0.00209305331103483,0.00210094075606797,94.9663218853967,626.305660727394,628.689733655664,2.38407292827026,3.69433927260616,1
2162,2,-0.000122815269875365,0.0021016810069098,0.00210526640720835,93.3443720112115,626.657271007449,628.291544759081,1.63427375163133,3.34272899255063,1
2163,2,-6.33581667636768e-05,0.00210695268087151,0.00210790508721985,91.7224221370258,627.021129479006,627.901242737302,0.880113258295637,2.97887052099406,1
2164,2,-3.69802619116938e-06,0.00210885143932359,0.00210885468170163,90.1004722628406,627.396073742722,627.52007552397,0.124001781247557,2.60392625727786,1
2165,2,5.59739650690443e-05,0.00210737119750832,0.00210811442973412,88.4785223886554,627.067003990007,627.853498836749,0.786494846742698,2.93299600999342,1
2166,2,0.00011546658226716,0.0021025166990058,0.00210568492448863,86.8565725144697,626.701708243953,628.242736302478,1.54102805852517,3.29829175604698,1
2167,2,0.000174589175475107,0.00209430350053271,0.00210156811275216,85.2346226402845,626.348518747579,628.64001672375,2.29149797617083,3.65148125242069,1
2168,2,0.00023315228054305,0.00208275792208928,0.0020957672933673,83.6126727660989,626.008563512462,629.044069478926,3.03550596646414,3.99143648753784,1
2169,2,0.000290968226255727,0.00206791696261425,0.00208828711458893,81.9907228919137,625.682927959676,629.453601842808,3.77067388313174,4.31707204032409,1
2170,2,0.000347851735743367,0.00204982818141815,0.00207913357035947,80.3687730177284,625.372651492631,629.867303102287,4.49465160965553,4.62734850736899,1
2171,2,0.000403620520219556,0.00202854954577484,0.00206831399550591,78.7468231435428,625.078724219006,630.283848735105,5.20512451609966,4.92127578099439,1
2172,2,0.000458095863143491,0.00200414924515967,0.0020558370598623,77.1248732693576,624.802083831614,630.701904638606,5.89982080699224,5.19791616838609,1
2173,2,0.000511103192934765,0.00197670547272964,0.00204171276132256,75.502923395172,624.543612657494,631.120131395147,6.57651873765326,5.4563873425061,1
2174,2,0.000562472642405013,0.00194630617474573,0.00202595241782907,73.8809735209867,624.304134884013,631.537188560618,7.23305367660521,5.69586511598709,1
2175,2,0.000612039593114076,0.00191304876874051,0.00200856865830343,72.2590236468015,624.084413970173,631.951738962393,7.86732499221989,5.91558602982661,1
2176,2,0.000659645202905897,0.00187703983133407,0.00198957541252685,70.6370737726159,623.885150250758,632.362452992888,8.47730274213018,6.11484974924201,1
2177,2,0.000705136914933761,0.00183839475669881,0.00196898789997805,69.0151238984307,623.706978740347,632.768012884911,9.06103414456459,6.29302125965341,1
2178,2,0.000748368946543748,0.00179723738676749,0.00194682261763773,67.3931740242454,623.550467143618,633.167116954854,9.61664981123624,6.44953285638246,1
2179,2,0.000789202756449509,0.00175369961436957,0.00192309732676937,65.7712241500598,623.41611407774,633.558483799933,10.1423697221932,6.5838859222597,1
2180,2,0.00082750748870138,0.00170792096056779,0.00189783103868697,64.1492742758746,623.304347512031,633.940856435664,10.6365089236331,6.69565248796903,1
2181,2,0.000863160392027185,0.00166004812754912,0.00187104399952109,62.527324401689,623.215523429391,634.313006359931,11.0974829305402,6.78447657060906,1
2182,2,0.000896047213200644,0.00161023452850332,0.00184275767399541,60.9053745275037,623.149924713391,634.673737530165,11.5238128167745,6.85007528660913,1
2183,2,0.000926062563177119,0.00155863979599524,0.00181299472822683,59.2834246533185,623.10776026422,635.021890240367,11.9141299761478,6.89223973578032,1
2184,2,0.000953110254823108,0.00150542927040663,0.00178177901156289,57.6614747791329,623.089164346062,635.35634488499,12.2671805389281,6.91083565393831,1
2185,2,0.000977103611157338,0.00145077347008673,0.00174913553747107,56.0395249049477,623.094196167744,635.676025597009,12.5818294292651,6.9058038322562,1
2186,2,0.000997965743115698,0.00139484754490936,0.00171509046349519,54.417575030762,623.122839697896,635.979903747883,12.8570640499871,6.87716030210447,1
2187,2,0.00101562979594974,0.00133783071498813,0.00167967107029518,52.7956251565768,623.175003715125,636.267001297505,13.0919975823797,6.82499628487506,1
2188,2,0.00103003916346932,0.00127990569634785,0.00164290573978675,51.1736752823916,623.250522093079,636.536393982737,13.2858718896582,6.7494779069209,1
2189,2,0.00104114766944267,0.0012212581153932,0.00160482393239871,49.551725408206,623.349154319569,636.787214333605,13.4380600140355,6.78721433360499,1
2190,2,0.00104891971557263,0.0011620759140507,0.00156545616346602,47.9297755340207,623.470586248253,637.018654506777,13.5480682585249,7.01865450677747,1
2191,2,0.00105333039557496,0.00110254874749031,0.00152483397877755,46.3078256598355,623.614431080707,637.22996892658,13.6155378458723,7.22996892657966,1
2192,2,0.0010543655749929,0.00104286737635689,0.00148298992929811,44.6858757856499,623.780230576092,637.420476724398,13.640246148306,7.42047672439833,1
2193,2,0.00105202193649244,0.000983223055459006,0.00143995754508508,43.0639259114647,623.967456484839,637.589563967995,13.622107483156,7.58956396799533,1
2194,2,0.00104630699049309,0.000923806920874056,0.00139577130842037,41.441976037279,624.175512202298,637.736685673017,13.5611734707188,7.73668567301706,1
2195,2,0.00103723905109992,0.000864809377434075,0.00135046662617947,39.8200261630938,624.403734637454,637.861367589636,13.4576329521816,7.86136758963573,1
2196,2,0.00102484717741429,0.000806419488554662,0.00130407980145956,38.1980762889086,624.651396291353,637.963207758113,13.31181146676,7.96320775811284,1
2197,2,0.00100917108041106,0.000748824370362771,0.00125664800448942,36.576126414723,624.917707539105,638.041877827829,13.1241702887239,8.04187782782878,1
2198,2,0.000990260995680925,0.000692208592064759,0.00120820924284465,34.9541765405377,625.201819108828,638.097124135146,12.8953050263179,8.09712413514592,1
2199,2,0.000968177522445459,0.000636753584476165,0.00115880233099173,33.3322266663521,625.502824750198,638.128768536318,12.62594378612,8.12876853631815,1
2200,2,0.000942991429361051,0.000582637058608975,0.00110846685918566,31.7102767921669,625.81976408478,638.136708992548,12.3169449077686,8.13670899254828,1
2201,2,0.000914783427733742,0.000530032436179151,0.00105724316174582,30.0883269179817,626.151625629639,638.120919905082,11.9692942754431,8.12091990508236,1
2202,2,0.000883643912871944,0.000479108293859772,0.00100517228473574,28.466377043796,626.497349985288,638.081452199217,11.5841022139294,8.08145219921698,1
2203,2,0.000849672674405837,0.000430027823060587,0.000952295953072466,26.8444271696108,626.855833178374,638.018433156891,11.1625999785167,8.01843315689075,1
2204,2,0.000812978576501658,0.000382948306965058,0.000898656537091934,25.2224772954256,627.225930149122,637.932065998452,10.7061358493296,7.93206599845178,1
2205,2,0.000773679208995824,0.000338020616501003,0.000844297018597201,23.60052742124,627.606458372959,637.82262921511,10.2161708421511,7.82262921511006,1
2206,2,0.000731900510566798,0.000295388726859948,0.000789260956416748,21.9785775470547,627.996201605343,637.690475654367,9.6942740490241,7.69047565436733,1
2207,2,0.000687776365152166,0.000255189256114415,0.000733592451500255,20.3566276728691,628.393913738381,637.536031361694,9.1421176233124,7.53603136169352,1
2208,2,0.000641448172904514,0.000217551027412,0.000677336111580179,18.7346777986839,628.798322757363,637.35979418249,8.56147142512634,7.35979418248962,1
2209,2,0.000593064397060686,0.000182594656148882,0.000620537015427028,17.1127279244987,629.208134785055,637.162332129244,7.95419734418851,7.16233212924374,1
2210,2,0.000542780088176813,0.000150432163445988,0.000563240676727338,15.490778050313,629.622038201172,636.944281519608,7.32224331843577,6.94428151960767,1
2211,2,0.000490756387253632,0.000121166617166342,0.000505493007613134,13.8688281761278,630.038707824174,636.706344891883,6.66763706770905,6.70634489188342,1
2212,2,0.000437160009344253,9.48918016239345e-05,0.000447340281871981,12.2468783019422,630.456809142296,636.449288705192,5.99247956289537,6.44928870519152,1
2213,2,0.000382162709299522,7.1691917042746e-05,0.00038882909786745,10.624928427757,630.875002580399,636.173940832321,5.29893825192278,6.17394083232148,1
2214,2,0.000325940731362656,5.16413097288193e-05,0.000330006341199273,9.00297855357171,631.291947789168,635.881187853947,4.58924006477923,5.88118785394727,1
2215,2,0.00026867424437732,3.48042338202544e-05,0.000270919147133492,7.38102867938612,631.706307942892,635.571972163558,3.86566422066562,5.57197216355803,1
2216,2,0.000210546764418932,2.12346453785262e-05,0.000211614862832536,5.75907880520086,632.116754032093,635.24728889309,3.13053486099648,5.2472888930896,1
2217,2,0.000151744566699313,1.09760294809695e-05,0.000152141009415376,4.13712893101566,632.521969137067,634.908182669786,2.38621353271878,4.90818266978579,1
2218,2,9.24560886295412e-05,4.06126086859742e-06,9.25452438784208e-05,2.5151790568301,632.920652668536,634.555744215397,1.63509154686142,4.55574421539711,1
2219,2,3.2871325953823e-05,5.12498595770612e-07,3.2875320907531e-05,0.893229182644781,633.311524561501,634.191106799297,0.879582237795944,4.19110679929702,1
2220,2,-2.68187761106081e-05,3.4111501932485e-07,2.68209453883963e-05,179.271279308459,633.350683587525,634.153487093991,0.80280350646558,4.15348709399063,1
2221,2,-8.64229347760544e-05,3.54765935474334e-06,8.64957197912328e-05,177.649329434274,632.960674572284,634.519296951923,1.55862237963822,4.51929695192257,1
2222,2,-0.000145750142668916,1.01218559161408e-05,0.000146101184304565,176.027379560089,632.562725394941,634.873025025208,2.31029963026663,4.87302502520754,1
2223,2,-0.000204610279931512,2.00426370457096e-05,0.00020558957647069,174.405429685903,632.158113806784,635.213533932495,3.05542012571073,5.2135339324949,1
2224,2,-0.000262814723479773,3.32782106270868e-05,0.00026491322764311,172.783479811718,631.748138505598,635.539728472613,3.79158996701426,5.53972847261275,1
2225,2,-0.000320176951464503,4.97861619663214e-05,0.000324024601183983,171.161529937533,631.334114947315,635.850559185605,4.51644423829009,5.85055918560545,1
2226,2,-0.000376513140998901,6.9513589713922e-05,0.000382876330555669,169.539580063347,630.917371109503,636.145025768895,5.22765465939142,6.1450257688947,1
2227,2,-0.000431642757236994,9.2397275392399e-05,0.000441421257275965,167.917630189162,630.4992432205,636.422180336914,5.92293711641435,6.42218033691404,1
2228,2,-0.000485389131915354,0.000118363885986117,0.000499612468706773,166.295680314976,630.081071468108,636.681130513093,6.60005904498416,6.68113051309251,1
2229,2,-0.000537580029503777,0.000147330208944089,0.000557403335645554,164.673730440791,629.664195701695,636.921042343566,7.25684664187122,6.92104234356623,1
2230,2,-0.000588048199151022,0.000179203418842804,0.000614747549689878,163.051780566606,629.249951141509,637.141143022603,7.89119188109419,7.14114302260339,1
2231,2,-0.000636631910656538,0.000213881374854388,0.000671599160344767,161.42983069242,628.839664108931,637.340723420312,8.50105931138069,7.34072342031175,1
2232,2,-0.000683175472750715,0.000251252948066873,0.000727912611843247,159.807880818235,628.434647791208,637.519140403865,9.08449261265707,7.51914040386487,1
2233,2,-0.000727529732022919,0.000291198377607767,0.000783642779650739,158.185930944049,628.036198054055,637.675818944206,9.6396208901507,7.6758189442055,1
2234,2,-0.000769552550898137,0.000333589654429436,0.000838745006623694,156.563981069864,627.645589315269,637.810254000849,10.16466468558,7.81025400084911,1
2235,2,-0.000809109263130851,0.000378290931526729,0.000893175138793904,154.942031195679,627.264070492248,637.922012178243,10.6579416859951,7.92201217824311,1
2236,2,-0.000846073105356206,0.000425158959272,0.000946889560749481,153.320081321493,626.892861035973,638.010733147848,11.1178721118756,8.01073314784844,1
2237,2,-0.000880325623315617,0.000474043544472561,0.000999845230584284,151.698131447308,626.533147063723,638.076130830987,11.5429837672646,8.07613083098738,1
2238,2,-0.000911757051455119,0.000524788031679567,0.00105199971438791,150.076181573123,626.186077602382,638.117994338285,11.9319167359033,8.11799433828514,1
2239,2,-0.00094026666467982,0.000577229805205741,0.00110331122024838,148.454231698937,625.852760953793,638.136188662401,12.2834277086072,8.13618866240051,1
2240,2,-0.000965763101137333,0.000631200810243249,0.00115373863174037,146.832281824752,625.534261193245,638.130655121627,12.5963939283826,8.13065512162723,1
2241,2,-0.000988164654995841,0.000686528091411917,0.0012032415408723,145.210331950566,625.231594811608,638.101411552783,12.8698167411751,8.10141155278313,1
2242,2,-0.0010073995382784,0.000743034347011603,0.00125178028046558,143.588382076381,624.945727511273,638.04855225271,13.1028247414371,8.0485522527099,1
2243,2,-0.00102340611091459,0.000800538497202985,0.00129931595594041,141.966432202196,624.677571165433,637.972247668589,13.2946765031563,7.97224766858949,1
2244,2,-0.00103613307827216,0.000858856264295629,0.00134581047648233,140.34448232801,624.427980949802,637.872743838184,13.4447628883813,7.87274383818362,1
2245,2,-0.00104553965553569,0.00091780076328388,0.00139122658556475,138.722532453825,624.197752655244,637.750361581932,13.5526089266873,7.75036158193177,1
2246,2,-0.00105159569840555,0.000977183100738302,0.0014355278908031,137.100582579639,623.98762018926,637.605495449768,13.6178752605085,7.60549544976834,1
2247,2,-0.00105428179969828,0.00103681298013308,0.00147867889311624,135.478632705454,623.798253273695,637.43861242637,13.6403591526756,7.43861242637036,1
2248,2,-0.00105358935153876,0.00109649931167002,0.00152064501517241,133.856682831269,623.630255345384,637.250250399346,13.6199950539619,7.25025039934553,1
2249,2,-0.00104952057294506,0.00115605082464448,0.00156139262909626,132.234732957083,623.484161665894,637.041016395749,13.5568547298544,7.04101639574856,1
2250,2,-0.00104208850271733,0.00121527668039111,0.00160088908341525,130.612783082898,623.360437645849,636.811584593086,13.4511469472368,6.81158459308563,1
2251,2,-0.00103131695765371,0.00127398708384513,0.00163910272922362,128.990833208713,623.259477388715,636.56269411174,13.3032167230249,6.74052261128463,1
2252,2,-0.00101724045622702,0.00133199389175917,0.00167600294554297,127.368883334527,623.181602458258,636.295146596508,13.1135441382499,6.81839754174189,1
2253,2,-0.000999904107967006,0.00138911121562679,0.00171156016385911,125.746933460342,623.12706087324,636.009803595629,12.8827427223883,6.87293912675977,1
2254,2,-0.000979363468902358,0.00144515601738046,0.00174574589181571,124.124983586156,623.096026332259,635.70758374638,12.611557414121,6.90397366774084,1
2255,2,-0.000955684363526004,0.00149994869595494,0.00177853273604537,122.503033711971,623.088597670962,635.389459776972,12.3008621060103,6.91140232903786,1
2256,2,-0.00092894267385404,0.00155331366283659,0.00180989442412034,120.881083837786,623.104798553189,635.056455334988,11.9516567817991,6.89520144681069,1
2257,2,-0.000899224096254372,0.00160507990475393,0.0018398058256048,119.2591339636,623.14457739696,634.709641653297,11.5650642563375,6.85542260303998,1
2258,2,-0.000866623866824329,0.00165508153170645,0.00186824297219214,117.637184089415,623.207807535491,634.35013406478,11.1423265292887,6.79219246450907,1
2259,2,-0.000831246456197187,0.00170315830857545,0.00189518307691103,116.015234215229,623.294287612802,633.979088377704,10.6848007649015,6.70571238719765,1
2260,2,-0.000793205234755844,0.00174915616861308,0.00192060455238481,114.393284341044,623.403742212757,633.597697124037,10.1939549112803,6.59625778724342,1
2261,2,-0.000752622109326246,0.00179292770716447,0.00194448702812972,112.771334466859,623.535822719743,633.207185693305,9.67136297356149,6.46417728025654,1
2262,2,-0.000709627132515029,0.00183433265404036,0.00196681136687794,111.149384592673,623.690108408517,632.808808364982,9.11869995646464,6.30989159148282,1
2263,2,-0.000664358085943204,0.00187323832302665,0.00198755967991248,109.527434718488,623.866107760035,632.403844252612,8.53773649257698,6.13389223996455,1
2264,2,-0.000616960038711431,0.0019095200370904,0.00200671534140159,107.905484844303,624.063259999507,631.99359317317,7.93033317366337,5.93674000049293,1
2265,2,-0.000567584882511766,0.00194306152791968,0.00202426300172124,106.283534970117,624.280936852185,631.579371455253,7.29843460306802,5.71906314781495,1
2266,2,-0.000516390844875983,0.00197375530851671,0.00204018859975484,104.661585095932,624.518444511811,631.162507699909,6.64406318809745,5.48155548818875,1
2267,2,-0.000463541982119849,0.00200150301765048,0.00205447937416066,103.039635221747,624.775025815957,630.744338507932,5.96931269197455,5.22497418404282,1
2268,2,-0.000409207653608489,0.00202621573506504,0.00206712387359755,101.417685347561,625.049862621914,630.32620418751,5.27634156559589,4.95013737808631,1
2269,2,-0.000353561979027846,0.00204781426643312,0.00207811196590104,99.7957354733755,625.342078376168,629.909444456089,4.56736607992093,4.65792162383161,1
2270,2,-0.000296783280400986,0.00206622939714211,0.00208743484620234,98.1737855991907,625.650740869882,629.495394150275,3.84465328039323,4.34925913011841,1
2271,2,-0.000239053510637595,0.00208140211409914,0.00209508504398379,96.5518357250051,625.974865172226,629.085378957451,3.11051378522529,4.02513482777397,1
2272,2,-0.000180557670448203,0.00209328379484429,0.002101056429065,94.9298858508195,626.313416732884,628.680711182701,2.36729444981654,3.68658326711602,1
2273,2,-0.00012148321549117,0.00210183636336599,0.00210534421651512,93.3079359766347,626.665314644422,628.282685564382,1.61737091995951,3.33468535557756,1
2274,2,-6.20194556525566e-05,0.00210703241211944,0.00210794497048696,91.685986102449,627.029435054809,627.892575151475,0.86314009666637,2.9705649451912,1
2275,2,-2.35694838419186e-06,0.00210885528985664,0.00210885660697024,90.0640362282634,627.404614719733,627.511627255616,0.107012535883086,2.59538528026735,1
2276,2,5.73131119564868e-05,0.00210729915498709,0.00210807839546147,88.4420863540778,627.0586733156,627.862145429482,0.803472113881298,2.94132668439954,1
2277,2,0.000116799506807451,0.00210236899429761,0.00210561095954937,86.820136479893,626.693636853879,628.251577344299,1.55794049042004,3.3063631461207,1
2278,2,0.000175911606180843,0.00209408060697179,0.00210145627641512,85.1981866057073,626.340732423949,628.64902394307,2.30829151912133,3.65926757605098,1
2279,2,0.000234459979555289,0.00208246055395991,0.00209561767524806,83.5762367315217,626.001087119271,629.053214062947,3.05212694367583,3.99891288072899,1
2280,2,0.000292257002924683,0.00206754607286178,0.002088099834578,81.9542868573369,625.675785364253,629.462854529198,3.78706916494571,4.32421463574747,1
2281,2,0.000349117460057805,0.00204938495859517,0.00207890877852621,80.3323369831513,625.365865490324,629.87663427241,4.51076878208573,4.63413450967619,1
2282,2,0.000404859136041729,0.00202803541023236,0.00206805187197826,78.7103871089656,625.072316461336,630.293228508508,5.22091204717196,4.92768353866416,1
2283,2,0.000459303401207474,0.00200356584449549,0.0020555378146825,77.0884372347808,624.796074758097,630.711302968498,5.91522821040178,5.20392524190345,1
2284,2,0.000512275783566387,0.00197605467650841,0.00204137663427877,75.4664873605952,624.538021431358,631.12951816453,6.59149673317279,5.46197856864239,1
2285,2,0.000563606527922576,0.00194559006850778,0.00202557967826325,73.8445374864095,624.298979331975,631.546533678783,7.24755434680822,5.70102066802508,1
2286,2,0.00061313113987018,0.00191226964731854,0.00200815960489556,72.2225876122247,624.079710526481,631.961012461475,7.88130193499387,5.92028947351878,1
2287,2,0.000660690912931893,0.0018762001914991,0.00198913037305553,70.6006377380391,623.880913905633,632.371625124164,8.49071121853115,6.11908609436728,1
2288,2,0.000706133437149298,0.00183749728915905,0.00196850723105788,68.9786878638535,623.703222993001,632.777054214519,9.07383122151816,6.2967770069987,1
2289,2,0.000749313087495627,0.00179628496754571,0.00194630670443354,67.3567379896678,623.547203959971,633.17599845864,9.62879449866898,6.45279604002928,1
2290,2,0.000790091490545397,0.00175269529558664,0.00192254658268761,65.734788115483,623.413353852968,633.567176957106,10.1538231041385,6.5866461470323,1
2291,2,0.000828337967905714,0.00170686796066174,0.0018972459050444,64.1128382412974,623.302099038038,633.949333320948,10.6472342829099,6.69790096196164,1
2292,2,0.000863929954987873,0.00165894982096146,0.00187042494519117,62.4908883671118,623.213793867324,634.321239733914,11.1074458665903,6.7862061326764,1
2293,2,0.000896753393777677,0.00160909443486526,0.00184210519503261,60.868938492927,623.148719571251,634.681700927543,11.5329813562912,6.85128042874862,1
2294,2,0.000926703098345577,0.00155746156884866,0.00181230934746909,59.2469886187413,623.10708337966,635.029558055786,11.9224746761257,6.8929166203402,1
2295,2,0.0009536830919252,0.00150421668549602,0.0017810612782127,57.6250387445557,623.089017874392,635.363692456201,12.274674581809,6.91098212560826,1
2296,2,0.000977606914480369,0.0014495304132594,0.00174838602665539,56.0030888703709,623.094580575203,635.683029285056,12.5884487098539,6.9054194247974,1
2297,2,0.000998397899774803,0.00139357799966286,0.00171430977580456,54.3811389961852,623.123753760197,635.986541014049,12.8627872538519,6.87624623980275,1
2298,2,0.00101598942105651,0.00133653874970471,0.00167885983130248,52.7591891219996,623.176444521283,636.273250776751,13.0968062554682,6.82355547871725,1
2299,2,0.00103032510456982,0.00127859545125705,0.00164206459954596,51.1372392478148,623.252485054508,636.542235553392,13.2897504988844,6.74751494549218,1
2300,2,0.00104135901021059,0.00121993378930392,0.00160395356492393,49.5152893736292,623.351633184421,636.792629183065,13.4409959986443,6.79262918306517,1
2301,2,0.00104905577874576,0.0011607417508958,0.00156455726619146,47.8933394994435,623.473573120953,637.023625192978,13.5500520720241,7.02362519297753,1
2302,2,0.0010533907451255,0.0011012090227265,0.00152390727199863,46.2713896252579,623.617916446655,637.234479435046,13.6165629883911,7.23447943504618,1
2303,2,0.00105435001752479,0.00104152638326365,0.00148203615559432,44.6494397510731,623.784203331404,637.424512520658,13.6403091892535,7.4245125206578,1
2304,2,0.00105193052186113,0.000981885091380208,0.00143897746872484,43.0274898768875,623.97190397112,637.593112045192,13.6212080740723,7.59311204519213,1
2305,2,0.00104614001164571,0.000922476273446861,0.00139476571474872,41.4055400027018,624.180420246257,637.739734594533,13.5593143482758,7.73973459453327,1
2306,2,0.00103699704313659,0.000863490310848713,0.00134943632098874,39.783590128517,624.409087595331,637.863907526598,13.4548199312668,7.86390752659827,1
2307,2,0.00102453091587326,0.000805116229889379,0.00130302561034363,38.1616402543314,624.65717709796,637.965230521644,13.3080534236841,7.96523052164446,1
2308,2,0.00100878157878347,0.000747541096037822,0.00125557077218223,36.5396903801458,624.923897761385,638.043376895919,13.1194791345335,8.04337689591853,1
2309,2,0.000989799502162943,0.000690949414458623,0.0012071098325433,34.9177405059609,625.208399003743,638.098094674064,12.8896956703206,8.09809467406387,1
2310,2,0.000967645515938339,0.000635522538746993,0.00115768162366473,33.2957906317753,625.509773326796,638.129207416492,12.619434089696,8.12920741649248,1
2311,2,0.000942390614731827,0.000581438089763557,0.00110732575286703,31.6738407575897,625.827059170251,638.136614798841,12.3095556285903,8.13661479884104,1
2312,2,0.000914115730351848,0.000528869386430798,0.00105608257081555,30.0518908834049,626.159243939159,638.120292941434,11.9610490022749,8.12029294143429,1
2313,2,0.000882911472439134,0.000477984890315484,0.00100399313918699,28.4299410092192,626.505267195446,638.080294487651,11.575027292206,8.08029448765149,1
2314,2,0.000848877838099322,0.000428947665777217,0.000951099197766407,26.8079911350336,626.864024003968,638.016748430864,11.1527244268963,8.01674843086391,1
2315,2,0.000812123891452355,0.000381914857412583,0.000897443131000616,25.186041260848,627.23436842308,637.929859690592,10.6954912675116,7.92985969059168,1
2316,2,0.000772767414125846,0.000337037186469932,0.000843067934035161,23.5640913866632,627.615117129155,637.819908439368,10.2047913102134,7.81990843936796,1
2317,2,0.000730934527812223,0.000294458467848254,0.000788017178261755,21.9421415124775,628.005053164051,637.687249182663,9.6821960186121,7.68724918266298,1
2318,2,0.000686759290099505,0.000254315149228372,0.000732334976404258,20.3201916382919,628.402929794099,637.532309595124,9.12937980102458,7.53230959512382,1
2319,2,0.00064038326487056,0.000216735873812883,0.000676065947170624,18.6982417641071,628.807474468752,637.355589117203,8.54811464845113,7.35558911720295,1
2320,2,0.000591955068647678,0.000181841068076348,0.000619255179499392,17.0762918899215,629.217392866705,637.157657317113,7.94026445040765,7.15765731711315,1
2321,2,0.000541629894336488,0.000149742555846951,0.000561948196429646,15.4543420157358,629.631373016902,636.939152023813,7.30777900691055,6.93915202381277,1
2322,2,0.000489569013894998,0.000120543199956011,0.000504190918622852,13.832392141551,630.04808948159,636.700777237588,6.65268775599736,6.70077723758766,1
2323,2,0.000435939261521706,9.43365726039098e-05,0.000446029627566088,12.2104422673654,630.466207588301,636.443300825463,5.97709323716163,6.44330082546264,1
2324,2,0.0003809124990192,7.12066554988844e-05,0.000387510928486396,10.5884923931797,630.884387697351,636.167552009498,5.2831643121466,6.16755200949774,1
2325,2,0.000324665065046078,5.12275707293536e-05,0.000328681713005462,8.96654251899494,631.301289491387,635.874418656641,4.57312916525359,5.87441865664073,1
2326,2,0.000267377210022325,3.44633432323902e-05,0.000269589121564791,7.34459264480928,631.7155762732,635.564844379526,3.84926810632555,5.56484437952565,1
2327,2,0.000209232518499335,2.09676956195912e-05,0.000210280505651785,5.72264277062366,632.125919258069,635.239825458184,3.11390620011457,5.23982545818387,1
2328,2,0.000150417320845121,1.07838760176598e-05,0.000150803389856423,4.10069289643886,632.531001846734,634.900407593251,2.3694057465168,4.9004075932512,1
2329,2,9.11200961302817e-05,3.9445194755332e-06,9.12054337892466e-05,2.47874302225318,632.929523865135,634.547682501757,1.61815863662127,4.54768250175664,1
2330,2,3.1530868128506e-05,4.7154338219833e-07,3.15343938914089e-05,0.856793148067688,633.320205757061,634.182784367076,0.862578610015134,4.18278436707612,1
2331,2,-2.81594036333675e-05,3.76077230245051e-07,2.81619148331576e-05,179.234843273882,633.342018591261,634.161828983908,0.819810392647128,4.16182898390764,1
2332,2,-8.77594358238289e-05,3.65842695032007e-06,8.78356571323262e-05,177.612893399697,632.951817349912,634.527380206308,1.57556285639657,4.52738020630829,1
2333,2,-0.000147078234293017,1.03080739307503e-05,0.000147439015836763,175.990943525512,632.55370439032,634.880823656912,2.32711926659192,4.88082365691196,1
2334,2,-0.000205925706132029,2.03037087254552e-05,0.000206924230176128,174.368993651326,632.14895797988,635.221022861833,3.07206488195254,5.22102286183281,1
2335,2,-0.000264113268844389,3.36132993421553e-05,0.000266243634050344,172.747043777141,631.738877239035,635.546883608865,3.80800636982917,5.54688360886462,1
2336,2,-0.000321454454677238,5.0194193892061e-05,0.000325349694225021,171.125093902955,631.324777951679,635.857357505399,4.53257955371964,5.8573575053988,1
2337,2,-0.000377765508175374,6.99932572719947e-05,0.000384195048420125,169.50314402877,630.90798832772,636.151445391184,5.24345706346355,6.15144539118376,1
2338,2,-0.000432865975043715,9.29470414410535e-05,0.000442732543261946,167.881194154585,630.489844731614,636.428200594327,5.93835586271348,6.42820059432745,1
2339,2,-0.000486579280430879,0.000118981988746123,0.000500915272067656,166.259244280399,630.071687390746,636.686732019378,6.61504462863229,6.68673201937793,1
2340,2,-0.000538733294780446,0.000148014667644525,0.000558696612431929,164.637294406214,629.654856097553,636.926207056923,7.2713509593699,6.92620705692286,1
2341,2,-0.000589160885437095,0.000179952040068603,0.00061603026358603,163.015344532029,629.240685919156,637.145854304673,7.90516838551684,7.14585430467309,1
2342,2,-0.00063770045223967,0.0002146917595754,0.000672870283499175,161.393394657843,628.830502928233,637.344966090614,8.51446316238116,7.34496609061398,1
2343,2,-0.00068419644538459,0.000252122499325771,0.000729171125692167,159.771444783658,628.425619968683,637.522900789513,9.09728082083075,7.5229007895133,1
2344,2,-0.000728499863900563,0.000292124308842229,0.000784887675734362,158.149494909472,628.027332469464,637.679084924707,9.65175245524301,7.67908492470724,1
2345,2,-0.000770468733136767,0.000334568998401977,0.000839975287394264,156.527545035287,627.636914319723,637.813015047852,10.1761007281291,7.81301504785199,1
2346,2,-0.000809968559734627,0.000379320549833535,0.000894389818415103,154.905595161102,627.255613818107,637.924259390065,10.6686455719583,7.92425939006546,1
2347,2,-0.000846872762624854,0.000426235552400193,0.000948087665886309,153.283645286916,626.88464970885,638.012459278701,11.1278095698505,8.01245927870082,1
2348,2,-0.000881063078668964,0.000475163662373834,0.00100102580118304,151.661695412731,626.525207316835,638.077330314762,11.5521229979265,8.07733031476198,1
2349,2,-0.000912429941645158,0.000525948084826248,0.00105316180444554,150.039745538546,626.178434793508,638.118663306834,11.9402285133265,8.11866330683415,1
2350,2,-0.000940872833363918,0.000578426076093705,0.00110445389857042,148.41779566436,625.845439485125,638.136324958248,12.2908854731229,8.13632495824811,1
2351,2,-0.00096630060578847,0.00063242946530507,0.00115486098268719,146.795845790175,625.527284434331,638.130258305059,12.6029738707281,8.13025830505876,1
2352,2,-0.00098863177312764,0.000687785193301931,0.00120434266509282,145.173895915989,625.224985025654,638.100482903291,12.8754978776369,8.10048290329053,1
2353,2,-0.00100779477296499,0.000744315867223496,0.00125285929561791,143.551946041804,624.939505785003,638.047094764788,13.1075889797844,8.04709476478774,1
2354,2,-0.00102372819558763,0.000801840328979492,0.00130037199739884,141.929996167619,624.671757342734,637.97026604191,13.2985086991758,7.97026604191024,1
2355,2,-0.00103638098077973,0.000860174235789126,0.00134684269803024,140.308046293433,624.422593569333,637.870244462153,13.4476508928202,7.87024446215298,1
2356,2,-0.00104571258144989,0.000919130650925439,0.00139223416007265,138.686096419248,624.192808892204,637.747352514716,13.5545436225115,7.74735251471589,1
2357,2,-0.00105169309356832,0.000978520642772499,0.0014365100108914,137.064146545062,623.983135801497,637.601986391846,13.6188505903492,7.60198639184614,1
2358,2,-0.00105430335199725,0.00103815389027524,0.00147963477180224,135.442196670877,623.794242552281,637.434614688705,13.6403721364234,7.43461468870476,1
2359,2,-0.00105353499190749,0.00109783929284207,0.00152157388650092,133.820246796692,623.626731069846,637.245776866288,13.6190457964418,7.24577686628788,1
2360,2,-0.00104939047558432,0.0011573855827453,0.00156229374875334,132.198296922506,623.481135064187,637.036081482814,13.5549464186271,7.03608148281364,1
2361,2,-0.00104188308453688,0.00121660193805741,0.00160176172932466,130.576347048321,623.357918359214,636.806204199729,13.4482858405141,6.80620419972854,1
2362,2,-0.00103103687693624,0.00127529859415873,0.00163994620212544,128.954397174136,623.257473441534,636.556885569314,13.2994121277807,6.74252655846624,1
2363,2,-0.00101688661051868,0.0013332874518566,0.00167681656955388,127.33244729995,623.180120232947,636.288928611577,13.1088083786303,6.81987976705284,1
2364,2,-0.000999477631201086,0.00139038268016781,0.00171234328701401,125.710497425765,623.12610509031,636.003196188831,12.8770910985209,6.87389490969008,1
2365,2,-0.000978865727765485,0.00144640131183223,0.00174649788659014,124.08854755158,623.095600035563,635.700608187061,12.6050081514976,6.90439996443683,1
2366,2,-0.000955116953078474,0.00150116382964923,0.00177925299985838,122.466597677394,623.088702218178,635.382138513794,12.2934362956165,6.91129778182233,1
2367,2,-0.000928307412418307,0.00155449474175825,0.00181058237981729,120.844647803209,623.105433611583,635.048811922785,11.943378311202,6.89456638841705,1
2368,2,-0.000898523019588021,0.00160622314401971,0.00184046092191987,119.222697929023,623.145740944417,634.701700676391,11.5559597319738,6.85425905558282,1
2369,2,-0.000865859221596304,0.00165618326769399,0.00186886468419008,117.600748054838,623.209495866836,634.341921057041,11.1324251902048,6.79050413316395,1
2370,2,-0.00083042069278814,0.00170421501066367,0.00189577090640776,115.978798180652,623.296495351368,633.970629739621,10.674134388253,6.70350464863236,1
2371,2,-0.000792320999405637,0.00175016445049647,0.00192115802834664,114.356848306467,623.406462327184,633.589020037078,10.1825577098941,6.59353767281584,1
2372,2,-0.000751682235653783,0.00179388433770485,0.00194500570705081,112.734898432282,623.539046545964,633.198318031848,9.65927148588378,6.46095345403626,1
2373,2,-0.000708634632437704,0.0018352345676213,0.00196729483313566,111.112948558096,623.693825676836,632.799778606124,9.10595292928815,6.30617432316387,1
2374,2,-0.000663316140024903,0.00187408262937758,0.00198800754610045,109.490998683911,623.870306627263,632.394681384149,8.52437475688566,6.12969337273671,1
2375,2,-0.000615871985970017,0.00191030403054883,0.00200712724864015,107.869048809726,624.067927086028,631.984326600046,7.9163995140176,5.93207291397175,1
2376,2,-0.000566454209719012,0.00194378269610166,0.00202463861994496,106.24709893554,624.286057283863,631.570030904802,7.28397362093904,5.71394271613656,1
2377,2,-0.000515221175383796,0.00197441134036803,0.00204052762797707,104.625149061355,624.524001966609,631.153123126188,6.62912115957965,5.47599803339131,1
2378,2,-0.00046233706424881,0.00200209181085274,0.00205478154071468,103.00319918717,624.781002575126,630.734939995458,5.95393742033286,5.21899742487449,1
2379,2,-0.000407971348636146,0.00202673540277265,0.00206738893635427,101.381249312984,625.056239625627,630.316821854718,5.2605822290908,4.9437603743728,1
2380,2,-0.000352298248814791,0.00204826314331992,0.002078339712463,99.7592994387992,625.348835283402,629.900108358819,4.5512730754167,4.65116471659769,1
2381,2,-0.000295496174694603,0.0020666060447381,0.00208762509407393,98.1373495646135,625.65785612239,629.486134185591,3.8282780632004,4.3421438776096,1
2382,2,-0.000237747154094414,0.00208170532540015,0.00209523764071748,96.5153996904279,625.982316062412,629.076224768116,3.09390870570394,4.01768393758778,1
2383,2,-0.000179236249415919,0.00209351259817995,0.0021011712523835,94.8934498162423,626.32117947537,628.671692062594,2.35051258722422,3.67882052463017,1
2384,2,-0.000120150964593114,0.00210199002551358,0.00210542117440934,93.2714999420575,626.673364451097,628.273830365148,1.60046591405103,3.32663554890269,1
2385,2,-6.06806442174238e-05,0.00210711044065351,0.00210798400128978,91.6495500678718,627.037746213128,627.883912190732,0.846165977603732,2.96225378687211,1
2386,2,-1.01586676456423e-06,0.00210885743472712,0.00210885767940588,90.0276001936862,627.413160674051,627.503184226972,0.0900235529206839,2.58683932594863,1
2387,2,5.8652166132969e-05,0.00210722540932052,0.00210804150867058,88.4056503195014,627.050348176553,627.870796696398,0.820448519845513,2.94965182344708,1
2388,2,0.000118132242410378,0.00210221959441922,0.00210553614308969,86.7837004453157,626.685571587839,628.260422431798,1.57485084395853,3.31442841216085,1
2389,2,0.000177233752328203,0.00209385603164814,0.00210134359023784,85.1617505711301,626.332952793286,628.65803456641,2.32508177312377,3.66704720671385,1
2390,2,0.000235767299300022,0.00208216152286467,0.00209546720964976,83.5398006969453,625.993617966441,629.062361398218,3.06874343177765,4.00638203355948,1
2391,2,0.000293545306832477,0.0020671735442694,0.00208791171012826,81.9178508227597,625.668650533318,629.472109305037,3.80345877171965,4.33134946668247,1
2392,2,0.000350382619632375,0.00204894012631009,0.00207868314597104,80.295900948574,625.359087751716,629.885966863253,4.5268791115368,4.6409122482836,1
2393,2,0.000406097096955078,0.00202751969976329,0.00206778891211931,78.6739510743892,625.065917440081,630.302609029121,5.23669158903976,4.93408255991903,1
2394,2,0.000460510196292468,0.00200298090848719,0.00205523773823213,77.0520012002036,624.790074865731,630.720701369452,5.93062650372178,5.2099251342695,1
2395,2,0.00051344754552976,0.00197540238944571,0.00204103968169126,75.430051326018,624.532439801727,631.138904328355,6.60646452662729,5.46756019827262,1
2396,2,0.000564739501738168,0.00194487252070857,0.0020252061195421,73.8081014518323,624.293833761118,631.555877516472,7.26204375535349,5.70616623888168,1
2397,2,0.000614221694812253,0.00191148913823513,0.00200774973937712,72.1861515776475,624.075017416756,631.970284009031,7.89526659227533,5.92498258324429,1
2398,2,0.000661735554210152,0.00187535922234941,0.00198868452916917,70.5642017034619,623.876688214263,632.380794638888,8.50410642462509,6.12331178573709,1
2399,2,0.000707128817108288,0.00183659855491123,0.00196802576606278,68.9422518292763,623.699478185201,632.786092270714,9.08661408551313,6.30052181479891,1
2400,2,0.000750256016342601,0.00179533134828184,0.00194579000413245,67.3203019550914,623.543951966769,633.184876042437,9.64092407566773,6.4560480332309,1
2401,2,0.000790978946572406,0.00175168984727315,0.00192199506111765,65.6983520809058,623.410605033859,633.575865560087,10.1652605262286,6.5893949661413,1
2402,2,0.000829167107172838,0.00170581390535641,0.00189666000414536,64.0764022067202,623.299862148579,633.95780503226,10.6579428836806,6.70013785142078,1
2403,2,0.000864698120436975,0.00165785053648795,0.00186980513445135,62.4544523325354,623.212076031751,634.329467330574,11.117391298823,6.78792396824895,1
2404,2,0.000897458123747254,0.00160795344398845,0.00184145197111254,60.8325024583497,623.147526260211,634.68965796263,11.5421317024193,6.85247373978882,1
2405,2,0.000927342134459289,0.00155628252798578,0.00181162323380368,59.2105525841641,623.106418393126,635.037218944232,11.9308005511062,6.89358160687425,1
2406,2,0.000954254386329118,0.0015030033729992,0.00178034282459175,57.5886027099793,623.08888332978,635.371032557877,12.282149228097,6.91111667022017,1
2407,2,0.000978108636405558,0.00144828671730751,0.00174763580878297,55.9666528357937,623.094976900773,635.690024984892,12.5950480841185,6.90502309922692,1
2408,2,0.000998828441404121,0.0013923079058016,0.00171352839483781,54.344702961608,623.12467969371,635.993169798895,12.8684901051847,6.87532030628995,1
2409,2,0.00101634740267707,0.00133524632807447,0.00167804791336982,52.7227530874224,623.17789711395,636.279491308752,13.1015941948016,6.82210288605006,1
2410,2,0.0010306093789944,0.00127728484354972,0.00164122279524538,51.1008032132376,623.254459680202,636.548067739579,13.2936080593773,6.74554031979847,1
2411,2,0.00104156866645391,0.00121860919549048,0.00160308254880169,49.478853339052,623.354123554131,636.798034240961,13.4439106868301,6.7980342409611,1
2412,2,0.00104919014494382,0.00115940741576706,0.00156365773620152,47.8569034648663,623.47657130245,637.02858571198,13.55201440953,7.02858571198021,1
2413,2,0.00105344939068864,0.00109986922229031,0.00152297994894344,46.2349535906815,623.621412889286,637.238979433368,13.617566544082,7.23897943336794,1
2414,2,0.00105433275451755,0.00104018541104188,0.00148108178254711,44.6130037164959,623.788186895969,637.428537497643,13.640350601674,7.42853749764333,1
2415,2,0.0010518374056045,0.000980547244649927,0.00143799681043436,42.9910538423103,623.976361964733,637.596649028807,13.6202870640736,7.59664902880695,1
2416,2,0.00104597134053989,0.000921145839469185,0.00139375955702632,41.3691039681254,624.185338462095,637.742772183886,13.557433721791,7.74277218388579,1
2417,2,0.00103675335770467,0.000862171553129782,0.00134840547007868,39.7471540939398,624.414450357143,637.866435929324,13.4519855721816,7.86643592932444,1
2418,2,0.00102421299702911,0.000803813374517702,0.00130197089227712,38.1252042197542,624.662967309226,637.967241586032,13.304274276806,7.96724158603229,1
2419,2,0.00100839044532923,0.000746258318141277,0.00125449303211549,36.5032543455694,624.930096958969,638.04486413767,13.1147671787013,8.04486413767006,1
2420,2,0.000989336407524116,0.000689690824824762,0.00120600993408022,34.8813044713837,625.214987415873,638.099053297579,12.8840658817068,8.0990532975793,1
2421,2,0.000967111944147135,0.000634292170649794,0.00115656044816502,33.2593545971981,625.516729935234,638.129634330623,12.6129043953885,8.12963433062282,1
2422,2,0.000941788275671395,0.000580239886038288,0.0011061841987399,31.6374047230125,625.834361776424,638.136508627035,12.3021468506111,8.13650862703469,1
2423,2,0.000913446554276794,0.000527707186838839,0.00105492155279979,30.0154548488277,626.166869234094,638.119654026262,11.952784792168,8.11965402626242,1
2424,2,0.00088217760378984,0.00047686241923944,0.001002813587618,28.393504974642,626.513190833271,638.079124889676,11.565934056405,8.07912488967554,1
2425,2,0.000848081628629865,0.000427868520285766,0.000949902057830709,26.7715551004564,626.87222067878,638.015051921867,11.1428312430867,8.01505192186687,1
2426,2,0.000811267892694107,0.000380882495733339,0.000896229361978503,25.1496052262716,627.242811948937,637.927641741187,10.68482979225,7.92764174118736,1
2427,2,0.000771854369210765,0.000336054916907125,0.000841838508531893,23.527655352086,627.623780522955,637.817176201031,10.1933956780759,7.81717620103063,1
2428,2,0.000729967362682327,0.000293529438181082,0.000786773081428371,21.9057054779003,628.013908731038,637.684011464247,9.67010273320875,7.68401146424651,1
2429,2,0.000685741104130355,0.000253442336623561,0.000731077205148081,20.2837556037155,628.411949215738,637.528576833951,9.11662761821322,7.52857683395132,1
2430,2,0.000639317320938932,0.000215922075284009,0.000674795509356344,18.6618057295299,628.816628892717,637.351373344826,8.53474445210861,7.35137334482556,1
2431,2,0.000590844782675494,0.00018108889152065,0.000617973093141626,17.0398558553443,629.226652998674,637.152972119857,7.92631912118281,7.1529721198566,1
2432,2,0.000540478824344089,0.000149054411688005,0.000560655488877105,15.4179059811594,629.640709213892,636.93401249826,7.29330328436845,6.93401249826047,1
2433,2,0.000488380848599044,0.000119921293419251,0.000502888625735032,13.7959561069738,630.057471846549,636.695199941141,6.63772809459169,6.69519994114057,1
2434,2,0.000434717808514474,9.37828966498574e-05,0.000444718792883396,12.1740062327882,630.475606065623,636.437303722161,5.96169765653747,6.43730372216089,1
2435,2,0.000379661672566675,7.072298443645e-05,0.000386192602393836,10.5520563586025,630.893772169055,636.161154411281,5.26738224222606,6.16115441128147,1
2436,2,0.000323388873544333,5.08154545299049e-05,0.00032735695189098,8.93010648441773,631.310629873618,635.867641160263,4.55701128664521,5.86764116026279,1
2437,2,0.000266079743152223,3.4124102562717e-05,0.000268258986972783,7.30815661023208,631.724842612771,635.557708799327,3.83286618655541,5.55770879932675,1
2438,2,0.000207917934120742,2.0702417609699e-05,0.000208946063432465,5.68620673604648,632.135081828714,635.232354754965,3.09727292625053,5.23235475496483,1
2439,2,0.00014908983167264,1.05934107769549e-05,0.000149465709311753,4.06425686186164,632.540031244767,634.892625799487,2.35259455472044,4.89262579948729,1
2440,2,8.97839562331913e-05,3.8294773685645e-06,8.98655868160887e-05,2.44230698767607,632.938391104205,634.539614643401,1.60122353919689,4.53961464340148,1
2441,2,3.01903592981825e-05,4.32293072682739e-07,3.01934541226081e-05,0.82035711349027,633.328882361684,634.174456382234,0.845574020549634,4.17445638223364,1
2442,2,-2.94999856048435e-05,4.12744499649412e-07,2.95028728890589e-05,179.198407239306,633.333348968686,634.1701653552,0.836816386514329,4.17016535519997,1
2443,2,-8.90957949100784e-05,3.770894294784e-06,8.91755589522218e-05,177.57645736512,632.94295613387,634.535457348928,1.59250121505829,4.53545734892782,1
2444,2,-0.000148406088000221,1.04959809376346e-05,0.00014877678774383,175.954507490934,632.544680037271,634.888615603176,2.34393556590476,4.88861560317594,1
2445,2,-0.000207240799222692,2.05664532283169e-05,0.000208258800200262,174.33255761675,632.139799460324,635.22850455339,3.08870509306621,5.22850455338971,1
2446,2,-0.000265411386973748,3.39500393504713e-05,0.000267573932787234,172.710607742564,631.729613944003,635.554030978126,3.82441703412212,5.55403097812552,1
2447,2,-0.000322731437898375,5.06038502894345e-05,0.00032667465569289,171.088657868378,631.315439598029,635.86414755384,4.5487079558103,5.86414755383976,1
2448,2,-0.000379017264270282,7.04745172743131e-05,0.000385513610914033,169.466707994193,630.898604862496,636.157856264259,5.25925140176241,6.15785626425873,1
2449,2,-0.000434088492637192,9.34983628034279e-05,0.000444043650204517,167.844758120008,630.480446235808,636.434211652714,5.95376541690632,6.43421165271388,1
2450,2,-0.000487768641845368,0.000119601604705163,0.000502217872855721,166.222808245822,630.062303982768,636.692323906349,6.63001992358079,6.69232390634897,1
2451,2,-0.000539885688590617,0.000148700592580105,0.000559989663278385,164.600858371637,629.645517836713,636.931361761576,7.28584392486232,6.93136176157554,1
2452,2,-0.000590272618683935,0.000180702075866978,0.00061731272835624,162.978908497452,629.231422709482,637.150555220814,7.91913251133269,7.15055522081445,1
2453,2,-0.000638767962264926,0.000215503502673275,0.00067414113454123,161.356958623266,628.821344422908,637.349198071105,8.52785364819692,7.34919807110452,1
2454,2,-0.000685216311247665,0.000252993348412758,0.000730429344660355,159.73500874908,628.416595475439,637.526650195868,9.11005472042882,7.52665019586777,1
2455,2,-0.000729468817341228,0.000293051473196977,0.000786132254405153,158.113058874896,628.018470857191,637.682339671784,9.66386881459323,7.68233967178412,1
2456,2,-0.00077138366904871,0.000335549506835397,0.000841205228474317,156.49110900071,627.628243926608,637.815764643478,10.1875207168703,7.81576464347825,1
2457,2,-0.000810826546115941,0.000380351260210146,0.000895604136340243,154.869159126524,627.247162361596,637.926494969459,10.6793326078634,7.92649496945921,1
2458,2,-0.000847671049973994,0.000427313161707454,0.000949285387611351,153.24720925234,626.876444197688,638.014173633565,11.137729435877,8.01417363356518,1
2459,2,-0.000881799108795844,0.000476284717307055,0.00100220596696158,151.625259378154,626.517273965467,638.07851791695,11.5612439514837,8.07851791695043,1
2460,2,-0.000913101355869012,0.000527108992854895,0.00105432346859886,150.003309503968,626.170798939122,638.119320326512,11.9485213873899,8.1193203265118,1
2461,2,-0.000941477480072001,0.000579623116974117,0.00110559613024536,148.381359629783,625.838125507546,638.13644927647,12.298323768924,8.13644927646965,1
2462,2,-0.000966836547331091,0.000633658803002314,0.00115598286660202,146.759409755598,625.52031567905,638.129849520735,12.6095338416853,8.12984952073543,1
2463,2,-0.000989097292027549,0.000689042888282759,0.00120544330227069,145.137459881412,625.218383730205,638.099542334506,12.8811586043015,8.09954233450628,1
2464,2,-0.0010081883774212,0.000745597889080962,0.0012539378041072,143.515510007227,624.933293008907,638.045625444477,13.1123324355707,8.04562544447742,1
2465,2,-0.00102404862425606,0.000803142569348787,0.00130142751297984,141.893560133042,624.665952901224,637.96827270789,13.3023198066661,7.96827270788981,1
2466,2,-0.00103662720681527,0.000861492521513237,0.00134787437490772,140.271610258856,624.417215971062,637.86773354157,13.4505175705077,7.86773354156969,1
2467,2,-0.00104588381579705,0.000920460757428439,0.00139324117155356,138.649660384671,624.187875281111,637.744332102939,13.5564568218281,7.74433210293944,1
2468,2,-0.00105178878748984,0.000979858307597586,0.00143749155004729,137.027710510486,623.978661903,637.598466225904,13.619804322904,7.59846622590351,1
2469,2,-0.00105432319883258,0.00103949482674432,0.00148059005211597,135.4057606363,623.790242623975,637.430606115328,13.6403634913536,7.43060611532815,1
2470,2,-0.00105347892805549,0.00109917920379265,0.00152250214249675,133.783810762114,623.623217856817,637.241292804712,13.6180749478946,7.24129280471152,1
2471,2,-0.00104925868070711,0.00115872017430126,0.0015631942366104,132.16186088793,623.478119759115,637.031136382423,13.5530166233079,7.03113638242337,1
2472,2,-0.00104167598098406,0.00121792693338924,0.00160263372747301,130.539911013744,623.355410567338,636.800813992734,13.4454034253964,6.80081399273411,1
2473,2,-0.00103075512839148,0.00127660974718889,0.00164078901182419,128.917961139558,623.255481150595,636.551067618603,13.2955864680075,6.74451884940459,1
2474,2,-0.00101653111987282,0.00133458056086658,0.00167762951545114,127.296011265373,623.178649788235,636.28270165392,13.1040518656847,6.82135021176464,1
2475,2,-0.000999049537658774,0.00139165360126292,0.00171312571768807,125.674061391188,623.125161174815,635.996580273651,12.8714190988354,6.87483882518484,1
2476,2,-0.000978366403194475,0.00144764597222115,0.00174724917507144,124.052111517002,623.095185655341,635.69362461097,12.5984389556293,6.90481434465948,1
2477,2,-0.000954547997613338,0.00150237824069565,0.0017799725441319,122.430161642817,623.088818692959,635.374809751126,12.285991058167,6.91118130704103,1
2478,2,-0.000927670649332648,0.00155567501176283,0.00181126960330497,120.808211768632,623.10608057065,635.041161552352,11.9350809817016,6.89391942934969,1
2479,2,-0.000897820489451613,0.00160736549069144,0.00184111527394264,119.186261894446,623.146916327761,634.693753304734,11.5468369769734,6.85308367223945,1
2480,2,-0.000865093175735887,0.00165728403027089,0.00186948564040908,117.564312020261,623.211195931583,634.333702238422,11.1225063068392,6.78880406841733,1
2481,2,-0.000829593586072842,0.00170527066164406,0.00189635796924451,115.942362146076,623.298714683477,633.962165893024,10.6634512095469,6.70128531652313,1
2482,2,-0.000791435482380029,0.00175117160694327,0.00192171072738182,114.32041227189,623.409193858358,633.580338360508,10.1711445021499,6.59080614164191,1
2483,2,-0.000750741146044062,0.0017948397720864,0.00194552359940112,112.698462397705,623.542281575748,633.189446414223,9.64716483847519,6.45771842425222,1
2484,2,-0.000707640986057868,0.00183613521815438,0.00196777750380875,111.07651252352,623.697553899816,632.79074553703,9.09319163721329,6.30244610018372,1
2485,2,-0.000662273121112207,0.00187492560983924,0.00198845460832747,109.454562649334,623.87451616531,632.385515861784,8.51099969647453,6.12548383469039,1
2486,2,-0.00061478293698091,0.00191108663952546,0.00200753834418563,107.832612775148,624.072604525473,631.975058037641,7.90245351216845,5.92739547452697,1
2487,2,-0.00056532262061784,0.00194450242564601,0.00202501341939391,106.210662900964,624.291187717517,631.560689035839,7.26950131832245,5.70881228248311,1
2488,2,-0.000514050672458794,0.00197506588403619,0.00204086583099894,104.588713026778,624.529569040475,631.143737908714,6.61416886823815,5.47043095952461,1
2489,2,-0.000461131398491451,0.00200267907109531,0.00205508287630398,102.966763152592,624.786988539709,630.725541515811,5.93855297610253,5.21301146029123,1
2490,2,-0.000406734383720625,0.00202725349765657,0.00206765316304776,101.344813278407,625.062625391643,630.307440230987,5.24481483934449,4.93737460835746,1
2491,2,-0.000351033948716528,0.00204871041255931,0.00207856661853318,99.722863404222,625.355600481764,629.890773644327,4.53517316256273,4.64439951823556,1
2492,2,-0.00029420859098729,0.00206698105501481,0.00208781449769869,98.1009135300363,625.664979168272,629.47687627274,3.81189710446813,4.33502083172834,1
2493,2,-0.000236440412966352,0.00208200687495695,0.00209538939012578,96.4789636558507,625.98977422321,629.067073292865,3.07729906965517,4.01022577678975,1
2494,2,-0.000177914538447275,0.0020937397206717,0.00210128522597703,94.8570137816659,626.328948942341,628.662676309902,2.33372736756121,3.67105105765904,1
2495,2,-0.000118818519336288,0.00210214199310398,0.00210549728085991,93.2350639074803,626.68142041449,628.26497917567,1.58355876118037,3.31857958551029,1
2496,2,-5.93417346239834e-05,0.00210718676634752,0.00210802217961251,91.6131140332946,627.046062940559,627.875253869048,0.82919092848897,2.9539370594407,1
2497,2,3.25216498321226e-07,0.00210885787393156,0.00210885789900811,89.9911641591098,627.417563729614,627.498838163228,0.0812744336137712,2.58243627038598,1
2498,2,5.99911254324831e-05,0.00210714996062791,0.00210800376937634,88.3692142849242,627.042028586292,627.879452623539,0.837424037246933,2.95797141370826,1
2499,2,0.000119464786920064,0.00210206849961229,0.00210546047513985,86.7472644107385,626.677512458837,628.269271550699,1.59175909186251,3.32248754116335,1
2500,2,0.000178555611778427,0.00209362977492505,0.0021012300542659,85.1253145365537,626.325179868128,628.667048579219,2.34186871109057,3.6748201318718,1
2501,2,0.000237074237662559,0.00208186082928725,0.00209531589663322,83.5033646623681,625.986156066009,629.071511469967,3.08535540395792,4.01384393399121,1
2502,2,0.000294833135895105,0.00206679937743974,0.00208772274131577,81.8814147881825,625.661523478368,629.481366155371,3.81984267700284,4.33847652163172,1
2503,2,0.000351647212420528,0.00204849368528249,0.00207845667278521,80.2594649139968,625.352318287722,629.895300859734,4.54298257201265,4.6476817122782,1
2504,2,0.000407334400957108,0.00202700241520182,0.00206752511603538,78.637515039812,625.059527165541,630.311990281773,5.25246311623221,4.94047283445946,1
2505,2,0.000461716246446321,0.00200239443808098,0.00205493683063254,77.0155651656264,624.784084164172,630.730099826263,5.94601566209178,5.21591583582847,1
2506,2,0.000514618476929405,0.0019747486125967,0.00204070190369631,75.3936152914408,624.526867777589,631.148289871435,6.62142209384592,5.47313222241121,1
2507,2,0.000565871562019041,0.00194415353250883,0.00202483174181669,73.7716654172559,624.288698179726,631.56522005856,7.27652187883484,5.71130182027446,1
2508,2,0.000615311256176179,0.00191070724275285,0.00200733906191388,72.1497155430703,624.070334648547,631.979553590049,7.90921894150222,5.9296653514532,1
2509,2,0.00066277912505083,0.00187451692524538,0.00198823788104807,70.5277656688847,623.872473183447,632.389961522205,8.5174883387582,6.12752681655343,1
2510,2,0.000708123053200561,0.00183569855540917,0.00196754350518747,68.9058157946999,623.695744322971,632.79512703885,9.09938271587987,6.30425567702946,1
2511,2,0.000751197731559422,0.0017943765305184,0.00194527251694339,67.2838659205142,623.540711169242,633.193749691858,9.65303852261604,6.45928883075806,1
2512,2,0.000791865123094957,0.00175068327105555,0.00192144276228254,65.6619160463286,623.407867624836,633.584549594791,10.1766819699546,6.59213237516394,1
2513,2,0.000829994905161501,0.0017047587963569,0.00189607333622681,64.0399661721438,623.297636847251,633.96627155586,10.6686347086086,6.70236315274894,1
2514,2,0.000865464887131926,0.00165675027590677,0.00186918456755224,62.4180162979582,623.210369925432,634.337689136562,11.12731921113,6.78963007456809,1
2515,2,0.000898161401969379,0.00160681155771861,0.00184079800249938,60.7960664237725,623.14634478219,634.697608622517,11.5512638403261,6.85365521780955,1
2516,2,0.000927979670484534,0.00155510267531384,0.00181093638750809,59.1741165495869,623.105765305681,635.04487289327,11.9391075875889,6.89423469431881,1
2517,2,0.000954824137110749,0.00150178933487879,0.00177962365099056,57.5521666754021,623.088760712442,635.378365178099,12.2896044656569,6.91123928755803,1
2518,2,0.000978608776121301,0.00144704238424289,0.00174688488415722,55.9302168012165,623.095385143818,635.697012685147,12.6016275413288,6.90461485618164,1
2519,2,0.000999257367307194,0.00139103726538014,0.00171274632091094,54.3082669270308,623.12561749695,635.999790091651,12.8741725947018,6.87438250305036,1
2520,2,0.00101670374023234,0.00133395345218808,0.00167723531682556,52.686317052846,623.179361490794,636.285722883365,13.1063613925706,6.82063850920554,1
2521,2,0.00103089198628322,0.00127597387534596,0.00164038032722547,51.0643671786604,623.256445966987,636.553890531816,13.2974445648287,6.74355403301308,1
2522,2,0.00104177663783349,0.00121728433609558,0.00160221088438423,49.4424173044748,623.356625424701,636.803429498504,13.446804073803,6.80342949850387,1
2523,2,0.00104932281394947,0.00115807291082296,0.00156275757385999,47.8204674302899,623.479580787922,637.033536055716,13.5539552677935,7.03353605571579,1
2524,2,0.00105350633216952,0.00109852934834896,0.00152205200998693,46.1985175561043,623.624920402978,637.243468914228,13.61854851125,7.24346891422761,1
2525,2,0.0010543137859991,0.00103884446186079,0.00148012681054246,44.5765676819187,623.792181263379,637.432551648806,13.6403703854271,7.43255164880588,1
2526,2,0.00105174258787321,0.000979209517432321,0.00143701557061024,42.9546178077339,623.98083045851,637.600174913085,13.6193444545753,7.60017491308508,1
2527,2,0.00104580097744846,0.000919815621093109,0.00139275283566003,41.3326679335482,624.190266841898,637.74579843613,13.5555315942327,7.74579843613037,1
2528,2,0.00103650799519834,0.000860853106410546,0.00134737407386619,39.7107180593626,624.419822914259,637.868952793694,13.4491298794346,7.86895279369412,1
2529,2,0.00102389342139612,0.000802510924547158,0.00130091564768657,38.088768185177,624.668766915833,637.969240948003,13.3004740321702,7.96924094800283,1
2530,2,0.00100799768068103,0.000744976038748126,0.00125341478472499,36.4668183109922,624.936305121873,638.046339550664,13.1100344287902,8.04633955066367,1
2531,2,0.000988871712513562,0.000688432825199111,0.00120490954790023,34.8448684368065,625.22158433461,638.100000004133,12.8784156695232,8.10000000413322,1
2532,2,0.00096657680793497,0.000633062482174853,0.00115543880494604,33.2229185626209,625.523694564309,638.130049278015,12.6063547137063,8.13004927801524,1
2533,2,0.000941184413154122,0.000579042449371434,0.00110504219726594,31.6009686884361,625.841671891537,638.136390477303,12.2947185857669,8.13639047730339,1
2534,2,0.000912775900591063,0.000526545839283287,0.00105376010816806,29.9790188142505,626.174501502157,638.119003160604,11.9445016584471,8.11900316060428,1
2535,2,0.00088144230811119,0.000475740882447386,0.00100163363050578,28.3570689400648,626.52112088599,638.077943407192,11.5568225212023,8.07794340719192,1
2536,2,0.000847284047285449,0.000426790388331907,0.000948704533749529,26.73511906588,626.880423189593,638.013343632661,11.1329204430674,8.01334363266085,1
2537,2,0.00081041058161155,0.000379851223597239,0.000895015230516381,25.1131691916944,627.251260713079,637.925412153849,10.6741514407704,7.92541215384938,1
2538,2,0.000770940075727552,0.000335073809401534,0.000840608742584598,23.4912193175088,627.632448540385,637.814432504545,10.1819839641601,7.81443250454492,1
2539,2,0.000728999016741638,0.000292601639361271,0.000785528666419742,21.8692694433239,628.02276829201,637.680762504389,9.65799421237875,7.68076250438855,1
2540,2,0.000684721808891709,0.000252570819711823,0.000729819138240315,20.2473195691383,628.420971988734,637.524833084252,9.10386109551791,7.52483308425178,1
2541,2,0.000638250342833936,0.000215109633141804,0.000673524798651125,18.6253696949527,628.825786014467,637.347146872214,8.52136085774657,7.34714687221401,1
2542,2,0.000589733540940155,0.000180338127698523,0.000616690756872213,17.003419820767,629.235915165992,637.148276545093,7.91236137910187,7.14827654509338,1
2543,2,0.000539326880061562,0.000148367732082275,0.000559362554592436,15.3814699465822,629.65004677705,636.928862951308,7.2788161742576,6.92886295130756,1
2544,2,0.000487191893287788,0.000119300898562078,0.000501586129476342,13.7595200723966,630.06685490388,636.689613011612,6.62275810773201,6.68961301161164,1
2545,2,0.000433495652298419,9.32307746574216e-05,0.000443407778354028,12.137570198211,630.48500455906,636.431297405035,5.94629284597568,6.43129740503525,1
2546,2,0.000378410231965339,7.02409046378501e-05,0.000384874120122937,10.5156203240262,630.903155980322,636.154748048072,5.25159206774924,6.15474804807172,1
2547,2,0.000322112158921832,5.04049617971259e-05,0.000326032058391584,8.89367044984053,631.319968920739,635.860855375826,4.54088645508693,5.8608553758263,1
2548,2,0.000264781845865839,3.37865123600015e-05,0.000266928743895395,7.27172057565492,631.734106946599,635.550565434552,3.81645848795301,5.5505654345518,1
2549,2,0.000206603013409683,2.04388117779747e-05,0.000207611536714261,5.64977070147007,632.144241729184,635.224876795564,3.08063506637984,5.22487679556389,1
2550,2,0.000147762101329258,1.04046340669579e-05,0.000148127968322344,4.02782082728446,632.549057316531,634.884837301123,2.33577998459157,4.88483730112296,1
2551,2,8.84476710996536e-05,3.71613473378659e-06,8.85257035008034e-05,2.40587095309881,632.947254371363,634.531540653422,1.58428628205877,4.53154065342153,1
2552,2,2.88498016313181e-05,3.94747730717102e-07,2.88525021434418e-05,0.783921078913901,633.337554361297,634.166122858278,0.828568496981575,4.16612285827841,1
2553,2,-3.0840519856542e-05,4.51116768225785e-07,3.08438190138695e-05,179.161971204728,633.32467473386,634.178496194343,0.853821460482663,4.1784961943431,1
2554,2,-9.0432009873065e-05,3.88506120620451e-06,9.05154247090411e-05,177.540021330543,632.934090938518,634.543528366671,1.60943742815311,4.5435283666709,1
2555,2,-0.000149733701642564,1.06855766328314e-05,0.000150114499484762,175.918071456357,632.535652350422,634.896400851352,2.36074850093019,4.89640085135215,1
2556,2,-0.000208555557076235,2.08308701292854e-05,0.000209593286003445,174.296121582172,632.130638262951,635.235978995019,3.10534073206782,5.23597899501863,1
2557,2,-0.000266709075767973,3.42884301073132e-05,0.000268904123315784,172.674171707987,631.720348635505,635.561170568785,3.84082193327981,5.56117056878475,1
2558,2,-0.000324007899062236,5.10151304957734e-05,0.000327999485051768,171.052221833801,631.306099901484,635.870929319898,4.5648294184133,5.87092931989764,1
2559,2,-0.000380268407258732,7.09573689423703e-05,0.000386832017504131,169.430271959616,630.889220729019,636.164258377695,5.27503764867686,6.16425837769543,1
2560,2,-0.000435310308039842,9.40512385876869e-05,0.000445354577573444,167.808322085431,630.471047748287,636.440213502302,5.96916575401463,6.44021350230184,1
2561,2,-0.000488957214234872,0.000120222732860926,0.000503520270544172,166.186372211245,630.052921259347,636.697906164913,6.64498490556514,6.69790616491252,1
2562,2,-0.000541037209070129,0.000149387982641247,0.000561282487661976,164.56442233706,629.636180934269,636.936506449137,7.30032551486795,6.93650644913691,1
2563,2,-0.000591383397093164,0.000181453525024647,0.000618594943481857,162.942472462875,629.222161527449,637.15524576338,7.93308423593078,7.15524576338009,1
2564,2,-0.000639834439005469,0.000216316602834913,0.000675411712956979,161.320522588689,628.812188607752,637.3534193549,8.54123074714744,7.35341935489976,1
2565,2,-0.000686235068690161,0.000253865493919111,0.000731687268238954,159.698572714504,628.407574326051,637.530388616828,9.1228142907778,7.5303886168283,1
2566,2,-0.000730436590777558,0.000293979869172252,0.000787376515159854,158.076622840318,628.009613231539,637.685583180139,9.67596994860003,7.68558318013879,1
2567,2,-0.000772297357153935,0.000336531178143597,0.000842434829366445,156.454672966133,627.619578149918,637.818502783254,10.1989246333362,7.81850278325373,1
2568,2,-0.000811683220886897,0.00038138306098926,0.000896818092078245,154.832723091947,627.238716136349,637.928718912785,10.6900027764356,7.92871891278492,1
2569,2,-0.000848467966112336,0.000428391785450666,0.000950482725440296,153.210773217762,626.868244515715,638.015876209648,11.1476316939331,8.01587620964835,1
2570,2,-0.000882533712505629,0.000477406707458768,0.00100338572744264,151.588823343577,626.509347022411,638.079693635621,11.5703466132097,8.07969363562108,1
2571,2,-0.000913771293040589,0.0005282707538876,0.00105548470637809,149.966873469391,626.163170051528,638.119965396247,11.9567953447188,8.11996539624693,1
2572,2,-0.000942080603825968,0.000580820925910589,0.00110673791481124,148.344923595206,625.830819032841,638.136561616863,12.3057425840217,8.1365616168631,1
2573,2,-0.000967370924898239,0.000634888821346364,0.00115710428303116,146.722973721021,625.513354938628,638.129428769322,12.6160738306939,8.12942876932209,1
2574,2,-0.000989561210942529,0.000690301174319913,0.0012065434519608,145.101023846835,625.211790935894,638.098589847966,12.8867989120716,8.09858984796608,1
2575,2,-0.00100858035101033,0.000746880410510146,0.00125501580549726,143.47907397265,624.927089192987,638.044144294168,13.1170551011813,8.04414429416784,1
2576,2,-0.00102436739640154,0.000804445216204324,0.00130248250225655,141.857124098465,624.660157850246,637.966267669774,13.3061098195277,7.96626766977363,1
2577,2,-0.00103687175598047,0.00086281111933546,0.00134890550669754,140.235174224279,624.411848163645,637.865211080519,13.4533629168747,7.86521108051943,1
2578,2,-0.00104605335830019,0.000921791080641242,0.00139424761960021,138.613224350094,624.182951829899,637.741300351517,13.5583485216181,7.74130035151722,1
2579,2,-0.00105188278001533,0.000981196093049788,0.00143847250787387,136.991274475909,623.974198500964,637.594934957666,13.6207364567024,7.59493495766628,1
2580,2,-0.00105434134017216,0.00104083578737117,0.00148154473367111,135.369324601723,623.786253495204,637.426586712764,13.6403332175594,7.42658671276365,1
2581,2,-0.00105342116007346,0.00110051904235427,0.00152342978278451,133.747374727537,623.61971571195,637.23679822191,13.61708250996,7.23679822191036,1
2582,2,-0.00104912518852662,0.00116005459715355,0.00156409409230331,132.125424853352,623.475115755529,637.026181102619,13.5510653470894,7.02618110261858,1
2583,2,-0.00104146719239391,0.00121925166424326,0.00160350507750765,130.503474979167,623.352914274246,636.795413980868,13.4424997066212,6.79541398086769,1
2584,2,-0.00103047171247517,0.00127792054081466,0.00164163115797902,128.881525104981,623.253500519108,636.545240269065,13.2917397499569,6.746499480892,1
2585,2,-0.00101617398486449,0.00133587321669731,0.00167844178290597,127.259575230796,623.177191126491,636.276465733658,13.0992746071666,6.82280887350908,1
2586,2,-0.000998619828032567,0.00139292397685624,0.00171390745556486,125.637625356611,623.124229128272,635.989955860838,12.865726732566,6.8757708717277,1
2587,2,-0.000977865495997052,0.00144888999653383,0.00174799975695575,124.015675482425,623.094783192258,635.686633029456,12.591849837198,6.90521680774168,1
2588,2,-0.000953977498050964,0.00150359192712971,0.00178069136857492,122.39372560824,623.088947095118,635.367473500868,12.2785264057508,6.91105290488247,1
2589,2,-0.000927032385627111,0.00155685447094109,0.00181195609430547,120.771775734055,623.106739429353,635.033504236108,11.9267648067548,6.89326057064716,1
2590,2,-0.000897116506981584,0.00160850694292122,0.00184176888140847,119.149825859869,623.148103545101,634.685799551227,11.5376960061258,6.85189645489868,1
2591,2,-0.000864325730482269,0.00165838381765652,0.00187010584059799,117.527875985684,623.212907727001,634.325477622259,11.1125698952573,6.78709227299873,1
2592,2,-0.000828765137389202,0.00170632525980902,0.0018969442651839,115.905926111499,623.300945605561,633.953696851638,10.6527512460771,6.69905439443892,1
2593,2,-0.000790548685111463,0.00175217763632427,0.00192226264926684,114.283976237313,623.411936801887,633.571652108404,10.1597153065168,6.58806319811288,1
2594,2,-0.00074979884201941,0.00179579400876359,0.00194604070497121,112.662026363127,623.545527803891,633.180570854812,9.63504305092056,6.45447219610867,1
2595,2,-0.000706646194982818,0.00183703460418272,0.00196825937870202,111.040076488943,623.701293071461,632.781709172339,9.08041610087832,6.2987069285391,1
2596,2,-0.000661229030892349,0.00187576726304797,0.00198890086641273,109.418126614757,623.878736367404,632.376347700365,8.49761133296136,6.12126363259642,1
2597,2,-0.000613692893505778,0.00191186786275431,0.0020079486278718,107.796176740571,624.077292310318,631.965787500968,7.88849519065025,5.92270768968206,1
2598,2,-0.000564190117038684,0.0019452207153885,0.00202538739991654,106.174226866386,624.296328144889,631.551345863489,7.25501771860013,5.70367185511066,1
2599,2,-0.000512879337994431,0.00197571893846238,0.00204120320868367,104.552276992201,624.535145724452,631.134352062671,6.59920633821935,5.46485427554785,1
2600,2,-0.000459924986798082,0.00200326479742823,0.0020553833808067,102.930327118015,624.792983700066,630.716143084193,5.92315938412673,5.20701629993414,1
2601,2,-0.000405496760862897,0.00202777001887871,0.00206791655357117,101.30837724383,625.069019909673,630.298059331481,5.22903942180801,4.93098009032667,1
2602,2,-0.000349769080778243,0.00204915607342776,0.00207879268401983,99.6864273696447,625.362373960353,629.881440327703,4.51906636734952,4.63762603964653,1
2603,2,-0.000292920531361868,0.00206735442736559,0.00208800305700002,98.0644774954591,625.672109996053,629.467620426679,3.79551043062565,4.32789000394666,1
2604,2,-0.000235133289367252,0.00208230676228174,0.00209554029214733,96.4425276212743,625.997239642598,629.057924546478,3.06068490388054,4.00276035740228,1
2605,2,-0.00017659253968024,0.00209396516195215,0.00210139834979949,94.8205777470887,626.336725121271,628.653663939188,2.31693881791739,3.66327487872911,1
2606,2,-0.000117485881876084,0.00210229226589139,0.00210557253583603,93.198627872903,626.689482521613,628.256132010239,1.56664948862601,3.31051747838683,1
2607,2,-5.80027290380842e-05,0.00210726138907799,0.00210805950543972,91.5766779987174,627.054385223688,627.866600200399,0.812214976711175,2.94561477631237,1
2608,2,1.66629923515949e-06,0.00210885660746923,0.00210885726577684,89.9547281245326,627.409015217388,627.507278488137,0.0982632707488165,2.59098478261194,1
2609,2,6.13299876890699e-05,0.00210707280903129,0.00210796517759402,88.332778250347,627.033714558237,627.888113196937,0.854398638700218,2.96628544176281,1
2610,2,0.000120797138180955,0.00210191571012125,0.00210538395573046,86.7108283761613,626.669459479867,628.278124686717,1.60866520685056,3.33054052013347,1
2611,2,0.000179877182393304,0.00209340183716849,0.0021011156685452,85.0888785019765,626.317413661008,628.676065966943,2.35865230593549,3.68258633899222,1
2612,2,0.000238380792528741,0.00208155847371407,0.00209516373625965,83.4669286277909,625.978701429998,629.080664263409,3.10196283341099,4.02129857000239,1
2613,2,0.000296120488029349,0.00206642357297804,0.00208753292821696,81.8449787536053,625.654404210883,629.490625065241,3.83622085435786,4.34559578911683,1
2614,2,0.000352911236376602,0.00204804563623455,0.00207822935906031,80.2230288794204,625.345557109244,629.904636246768,4.55907913752367,4.65444289075583,1
2615,2,0.000408571046046301,0.00202648355738474,0.00206726048383315,78.6010790052348,625.053145648008,630.321372251299,5.26822660329094,4.94685435199176,1
2616,2,0.000462921549718101,0.00200180643422554,0.00205463509200544,76.9791291310492,624.778102663064,630.739498323731,5.96139566066677,5.22189733693563,1
2617,2,0.000515788575871172,0.00197409334701897,0.00204036330043053,75.3571792568644,624.521305367908,631.157674778582,6.63636941067409,5.47869463209247,1
2618,2,0.000567002706934001,0.00194343310507159,0.00202445654523842,73.7352293826787,624.283572596055,631.574561289926,7.29098869387053,5.71642740394452,1
2619,2,0.00061639982219946,0.00190992396213651,0.00200692757267191,72.1132795084931,624.065662229389,631.988821189514,7.92315896012542,5.93433777061102,1
2620,2,0.000663821623765823,0.00187367330154952,0.00198779042887287,70.4913296343075,623.868268819962,632.399125759267,8.53085693930552,6.13173118003829,1
2621,2,0.000709116143817864,0.00183479729210868,0.00196706044862695,68.8693797601227,623.692021412316,632.804158504289,9.11213709197295,6.30797858768426,1
2622,2,0.000752138231622729,0.00179342051579995,0.00194475424307564,67.2474298859371,623.537481572602,633.202619392515,9.6651378199133,6.46251842739809,1
2623,2,0.000792750018679554,0.00174967556856208,0.00192088968640562,65.6254800117514,623.405141630302,633.593229047131,10.1880874168286,6.59485836969782,1
2624,2,0.000830821360532677,0.00170370263536992,0.00189548590152598,64.0035301375666,623.295423137632,633.974732878013,10.6793097403804,6.70457686236784,1
2625,2,0.000866230253832369,0.00165564904099776,0.00186856324474482,62.381580263381,623.20867555111,634.345905138536,11.1372295874264,6.79132444889001,1
2626,2,0.000898863227306415,0.00160566877790287,0.00184014328945759,60.7596303891953,623.145175139082,634.705552894293,11.5603777552117,6.85482486091837,1
2627,2,0.000928615705390008,0.00155392201274142,0.00181024880886008,59.1376805150105,623.105124118378,635.052519890474,11.9473957720958,6.8948758816216,1
2628,2,0.000955392343348439,0.00150057457309868,0.00177890375769998,57.5157306408249,623.088650022575,635.385690304958,12.2970402823836,6.91134997742529,1
2629,2,0.000979107332818563,0.0014457974160784,0.00174613325308181,55.8937807666393,623.095805303683,635.703992374476,12.6081870707934,6.9041946963174,1
2630,2,0.000999684676790174,0.00138976608045392,0.00171196355434026,54.2718308924544,623.126567168408,636.00640188156,12.8798347131517,6.87343283159191,1
2631,2,0.0010170584331459,0.00133266012413688,0.00167642204199828,52.6498810182688,623.180837649457,636.291945490462,13.1111078410046,6.8191623505428,1
2632,2,0.00103117292597911,0.0012746625487664,0.00163953719582691,51.0279311440832,623.25844391167,636.559703920635,13.3012600089655,6.74155608833019,1
2633,2,0.00104198292401289,0.00121595921326237,0.00160133857202408,49.4059812698984,623.359138792105,636.808814946922,13.4496761548174,6.80881494692244,1
2634,2,0.00104945378554809,0.00115673823822216,0.00156185677953086,47.7840313957127,623.482601572534,637.038476216137,13.5558746436033,7.03847621613738,1
2635,2,0.00105356156947603,0.00109718940306987,0.00152112345550439,46.1620815215271,623.628438982091,637.247947870323,13.6195088882325,7.2479478703234,1
2636,2,0.00105429311200013,0.00103750353788951,0.00147917123996655,44.5401316473415,623.796186427208,637.436554967615,13.6403685404072,7.43655496761482,1
2637,2,0.00105164606882061,0.000977871911891267,0.00143603374964926,42.9181817731567,623.98530944526,637.60368969229,13.6183802470294,7.60368969228955,1
2638,2,0.00104562892264701,0.000918485620470452,0.00139174555105699,41.296231898971,624.195205377734,637.748813346344,13.5536079686098,7.74881334634404,1
2639,2,0.00103626095601452,0.000859534972823754,0.00134634213276836,39.6742820247854,624.425205258034,637.871458115614,13.4462528575798,7.87145811561402,1
2640,2,0.00102357218949124,0.000801208882084647,0.00129985987699876,38.0523321506006,624.67457590844,637.971228604302,13.2966526958617,7.97122860430181,1
2641,2,0.00100760328547423,0.00074369425993264,0.00125233603044679,36.430382276415,624.942522240104,638.047803132497,13.1052808923927,8.04780313249682,1
2642,2,0.000988405417882981,0.000687175417616637,0.00120380867444832,34.8084324022293,625.228189749332,638.100934792185,12.872745042853,8.10093479218517,1
2643,2,0.000966040108167506,0.000631833475311367,0.00115431669446141,33.1864825280445,625.5306672028,638.130452257992,12.5997850551922,8.13045225799181,1
2644,2,0.000940579028156805,0.000577845781699942,0.00110389974890695,31.5645326538589,625.848989503809,638.136260349838,12.2872708460288,8.13626034983804,1
2645,2,0.000912103770379517,0.000525385345642761,0.00105259823739008,29.9425827796733,626.182140731047,638.118340345523,11.9361996144763,8.11834034552328,1
2646,2,0.000880705586592631,0.000474620281753569,0.00100045326832757,28.3206329054884,626.529057340819,638.076750042125,11.5476927013053,8.07675004212467,1
2647,2,0.000846485095356223,0.000425713271659601,0.000947506626007099,26.6986830313028,626.888631523184,638.011623566026,11.1229920428414,8.01162356602583,1
2648,2,0.000809551959591508,0.000378821042672512,0.000893800737105279,25.0767331571172,627.259714701873,637.923170932207,10.6634562303341,7.92317093220731,1
2649,2,0.000770024535155187,0.00033409386554022,0.000839378636690599,23.4547832829315,627.641121167451,637.811677354378,10.1705561869265,7.81167735437771,1
2650,2,0.00072802949155653,0.000291675072889606,0.000784283933739062,21.8328334087467,628.031631832666,637.677502308375,9.64587047570944,7.67750230837521,1
2651,2,0.000683701406032423,0.000251700599902962,0.000728560776189758,20.2108835345611,628.429998098519,637.521078352115,9.09108025359637,7.52107835211507,1
2652,2,0.000637182332281537,0.000214298548700493,0.000672253815568849,18.5889336603755,628.834945819211,637.342909706243,8.50796388703213,7.34290970624329,1
2653,2,0.000588621345239255,0.000179588777824438,0.000615408171209764,16.9669837861907,629.245179353697,637.143570600464,7.89839124676678,7.14357060046405,1
2654,2,0.000538174063352341,0.000147682518140565,0.000558069394098537,15.345033912005,629.659385691284,636.923703391329,7.26431770004513,6.92370339132935,1
2655,2,0.000486002149884507,0.000118682016388056,0.000500283430373521,13.7230840378194,630.076238638408,636.684016458083,6.60777781967454,6.68401645808297,1
2656,2,0.000432272794850555,9.26802075197388e-05,0.000442096584508195,12.1011341636346,630.494403053409,636.425281883849,5.93087883043938,6.42528188384881,1
2657,2,0.000377158179239492,6.97604168828855e-05,0.000383555482206841,10.479184289449,630.91253911597,636.148332930277,5.23579381430704,6.14833293027709,1
2658,2,0.000320834923243815,4.99960931950383e-05,0.000324707033043068,8.85723441526333,631.329306617631,635.854061314353,4.52475469672208,5.85406131435275,1
2659,2,0.000263483520262708,3.34505731703438e-05,0.000265598392870615,7.2352845410785,631.743369259686,635.543414296806,3.80004503711962,5.54341429680585,1
2660,2,0.000205287758493142,2.01768785508211e-05,0.000206276926036804,5.61333466689285,632.153398944641,635.217391592124,3.06399264748302,5.21739159212359,1
2661,2,0.000146434131962743,1.02175461930377e-05,0.000146790167429187,3.99138479270723,632.558080047399,634.877042110802,2.31896206340286,4.87704211080165,1
2662,2,8.71112428912718e-05,3.60449175454522e-06,8.71857843852468e-05,2.36943491852155,632.956113652246,634.523460544923,1.56734689267728,4.5234605449233,1
2663,2,2.75091972963678e-05,3.58907417033873e-07,2.75115384961382e-05,0.747485044336949,633.346221741839,634.157783808733,0.811562066894112,4.15778380873337,1
2664,2,-3.21810042199561e-05,4.91193973901427e-07,3.21847526652735e-05,179.125535170151,633.31599590085,634.186821487819,0.87082558696909,4.18682148781886,1
2665,2,-9.17680785512987e-05,4.00092749990207e-06,9.18552538609349e-05,177.503585295966,632.925221778229,634.55159324644,1.62637146821146,4.55159324644035,1
2666,2,-0.00015106107307244,1.08768607096422e-05,0.000151452150518552,175.881635421781,632.526621344401,634.904179388797,2.37755804439632,4.90417938879693,1
2667,2,-0.00020986997756585,2.10969590006287e-05,0.000210927687045975,174.259685547595,632.121474402602,635.243446174579,3.12197177197686,5.24344617457871,1
2668,2,-0.000268006333127894,3.4628471065293e-05,0.000270234205098058,172.637735673409,631.711081328543,635.568302369247,3.85722104070419,5.56830236924714,1
2669,2,-0.000325283836103963,5.14280338457726e-05,0.000329324181765858,171.015785799225,631.296758877164,635.877702792553,4.58094391538953,5.87770279255324,1
2670,2,-0.000381518935116903,7.14418114951165e-05,0.000388150267657307,169.393835925039,630.879835942469,636.170651721095,5.2908157786261,6.17065172109471,1
2671,2,-0.00043653141927523,9.46056678994868e-05,0.00044666532483858,167.771886050853,630.461649284257,636.446206133335,5.98455684907833,6.44620613333495,1
2672,2,-0.000490144995676705,0.000120845372208646,0.000504822464606284,166.149936176669,630.043539235656,636.703478785993,6.6599395503365,6.70347878599262,1
2673,2,-0.000542187854356308,0.000150076836716045,0.000562575085059934,164.527986302483,629.626845405314,636.941641111244,7.31479570593024,6.94164111124439,1
2674,2,-0.000592493218867966,0.00018220638632605,0.000619876908444346,162.906036428297,629.21290238803,637.159925924744,7.94702353671471,7.15992592474447,1
2675,2,-0.000640899880736141,0.000217131058745023,0.000676682018232592,161.284086554112,628.803035497555,637.357629935133,8.55459443757866,7.35762993513322,1
2676,2,-0.000687252716064158,0.000254738934434068,0.000732944895919309,159.662136679927,628.398556535084,637.534116046314,9.13555951123033,7.53411604631413,1
2677,2,-0.000731403182644039,0.00029490949526624,0.000788620457495251,158.040186805741,628.000759606805,637.688815444493,9.68805583768813,7.68881544449277,1
2678,2,-0.000773209795974442,0.000337514010738602,0.000843664089573389,156.418236931556,627.610917003636,637.821229462722,10.210312459086,7.82122946272227,1
2679,2,-0.000812538582661699,0.000382415950501792,0.000898031685138153,154.796287057371,627.230275155992,637.930931216424,10.7006560604322,7.93093121642437,1
2680,2,-0.000849263509750753,0.000429471421885002,0.000951679678888907,153.174337183185,626.860050676156,638.017567004182,11.1575163280265,8.01756700418241,1
2681,2,-0.000883266888610011,0.000478529631014019,0.0010045650821491,151.552387309,626.501426500447,638.080857468857,11.5794309684103,8.0808574688574,1
2682,2,-0.000914439752076168,0.000529433366045048,0.00105664551731359,149.930437434815,626.155548143026,638.120598514993,11.9650503719663,8.12059851499271,1
2683,2,-0.00094268220365022,0.000582019500965574,0.00110787925180637,148.308487560629,625.82352007278,638.136661979244,12.3131419064645,8.13666197924408,1
2684,2,-0.000967903737625495,0.000636119518347518,0.00115822523152109,146.686537686443,625.50640222428,638.128996051505,12.6225938272253,8.12899605150517,1
2685,2,-0.000990023529122124,0.000691560049377934,0.00120764311371822,145.064587812259,625.205206653337,638.097625445216,12.892418791879,8.09762544521595,1
2686,2,-0.00100897069309833,0.000748163429436473,0.00125609329935219,143.442637938073,624.92089434723,638.042651316273,13.1217569690431,8.04265131627301,1
2687,2,-0.00102468451150841,0.000805748267438914,0.00130353696480232,141.820688063887,624.654372199129,637.964250930825,13.309878731696,7.9642509308253,1
2688,2,-0.00103711462787975,0.000864130027122803,0.00134993609298271,140.198738189702,624.406490155719,637.862677083109,13.4561869273894,7.86267708310857,1
2689,2,-0.00104622120868505,0.000923121618411948,0.00139525350380563,138.576788315517,624.178038546491,637.738257265383,13.560218718892,7.73825726538337,1
2690,2,-0.00105197507099275,0.000982533996965045,0.00143945288397443,136.954838441331,623.96974560257,637.591392592882,13.6216469903113,7.59139259288179,1
2691,2,-0.00105435777598664,0.00104217676998663,0.00148249881608157,135.332888567146,623.782275172389,637.422556487551,13.6402813151619,7.42255648755099,1
2692,2,-0.00105336168805482,0.00110185880635957,0.00152435680698905,133.710938692961,623.616224640872,637.232293125194,13.6160684843212,7.23229312519356,1
2693,2,-0.00104898999925879,0.00116138884914356,0.00156499331546814,132.088988818775,623.472123058262,637.02121565146,13.5490925931978,7.02121565146001,1
2694,2,-0.00104125671910415,0.00122057612847656,0.0016043757790762,130.46703894459,623.350429483958,636.79000417291,13.4395746889516,6.79000417291002,1
2695,2,-0.0010301866296458,0.00127923097291564,0.00164247264024935,128.845089070405,623.251531550254,636.539403530175,13.2878719799212,6.74846844974627,1
2696,2,-0.00101581520607138,0.00133716541725782,0.00167925337158992,127.223139196219,623.175744250057,636.270220860926,13.0944766108682,6.82425574994272,1
2697,2,-0.000998188503017573,0.0013941938048928,0.00171468850032824,125.601189322034,623.123308952179,635.983322961159,12.8600140089802,6.87669104782117,1
2698,2,-0.000977363006983504,0.00145013338275788,0.00174874963193953,123.979239447849,623.09439264696,635.679633453872,12.5852408069121,6.90560735304007,1
2699,2,-0.000953405455314177,0.00150480488698818,0.00178140947289677,122.357289573663,623.089087424449,635.360129774936,12.2710423504877,6.91091257555127,1
2700,2,-0.000926392622334164,0.00155803311738509,0.00181264185254117,120.735339699477,623.107410186632,635.025839986487,11.9184297998557,6.89258981336843,1
2701,2,-0.00089641107331671,0.00160964749886261,0.00184242174405305,119.113389825292,623.149302594532,634.67783942878,11.5285368342473,6.85069740546771,1
2702,2,-0.00086355688707685,0.00165948262807189,0.00187072528450605,117.491439951107,623.214631250337,634.317247221897,11.1026159715606,6.78536874966323,1
2703,2,-0.000827935348077355,0.0017073788034526,0.00189752979398881,115.869490076921,623.303188114035,633.945222629204,10.6420345151695,6.69681188596508,1
2704,2,-0.000789660609034439,0.00175318253701209,0.00192281379377848,114.247540202736,623.414691153361,633.562961294854,10.1482701414935,6.58530884663946,1
2705,2,-0.000748855325104141,0.00179674704619281,0.00194655702355195,112.625590328551,623.548785225176,633.171691367999,9.62290614282244,6.45121477482371,1
2706,2,-0.000705650260821774,0.00183793272425144,0.0019687404576206,111.003640454365,623.705043185756,632.77266952669,9.06762634093411,6.29495681424441,1
2707,2,-0.000660183871054272,0.0018766075876423,0.00198934632017577,109.38169058018,623.882967226753,632.367176914743,8.48420968799007,6.11703277324693,1
2708,2,-0.000612601857307924,0.00191264769897164,0.00200835809953271,107.759740705995,624.081990433019,631.956515005034,7.87452457201573,5.91800956698137,1
2709,2,-0.000563056700813531,0.0019459375641672,0.00202576056136159,106.137790831809,624.301478557707,631.542001402872,7.24052284516495,5.69852144229321,1
2710,2,-0.000511707173885485,0.00197637050259021,0.00204153976089484,104.515840957624,624.540732009565,631.124965603251,6.58423359368646,5.45926799043548,1
2711,2,-0.000458717831120246,0.00200384898890399,0.00205568305410129,102.893891083439,624.798988046549,630.706744715807,5.90775666925776,5.20101195345069,1
2712,2,-0.000404258482064909,0.00202828496560356,0.002068179107818,101.271941209253,625.075423169427,630.288679171377,5.21325600194939,4.92457683057251,1
2713,2,-0.000348503647046014,0.00204960012520437,0.00207901790883151,99.6499913350675,625.369155708267,629.872108424033,4.50295271576567,4.63084429173261,1
2714,2,-0.000291631997901932,0.00206772616118649,0.00208819077190167,98.0280414608819,625.679248594244,629.458366662367,3.77911806812324,4.32075140575603,1
2715,2,-0.000233825785411486,0.00208260498688942,0.0020956903467211,96.4060915866971,626.004712308548,629.048778543733,3.04406623518469,3.99528769145161,1
2716,2,-0.000175270255253337,0.00209418892165661,0.00210151062380514,94.7841417125115,626.344507999628,628.644654965,2.30014696537239,3.65549200037219,1
2717,2,-0.000116153054368206,0.00210244084363271,0.00210564693930727,93.1621918383258,626.697550759468,628.247288883134,1.54973812366563,3.30244924053181,1
2718,2,-5.66636296257601e-05,0.00210733430872422,0.00210809597875631,91.540241964141,627.062713049093,627.857951198745,0.795238149652164,2.9372869509067,1
2719,2,3.00737927655648e-06,0.00210885363534221,0.00210885577971234,89.9182920899554,627.400471675369,627.51572405977,0.115252384400947,2.59952832463102,1
2720,2,6.26687507369573e-05,0.00210699395465549,0.00210792573333922,88.2963422157698,627.025406105797,627.89677840262,0.87137229682321,2.97459389420317,1
2721,2,0.000122129294037784,0.00210176122619325,0.00210530658489246,86.6743923415849,626.661412663912,628.286981825558,1.62556916164692,3.33858733608849,1
2722,2,0.000181198462035005,0.00209317221874719,0.00210100043312201,85.0524424673993,626.309654184442,628.685086715026,2.37543253058379,3.69034581555798,1
2723,2,0.000239686961785055,0.00208125445663424,0.00209501072859058,83.4304925932137,625.971254070422,629.089819763764,3.11856569334213,4.02874592957835,1
2724,2,0.000297407361152731,0.00206604613149223,0.0020873422709086,81.8085427190289,625.647292742333,629.499886019686,3.85259327735287,4.35270725766668,1
2725,2,0.000354174689455942,0.00204759597989102,0.00207800120488826,80.1865928448432,625.338804227172,629.913973009258,4.57516878208605,4.66119577282757,1
2726,2,0.000409807030222234,0.00202596312715136,0.00206699501561965,78.5646429706576,625.046772897758,630.330754922523,5.28398202476558,4.95322710224241,1
2727,2,0.000464126104158084,0.00200121689787205,0.00205433252247283,76.942693096472,624.772130372037,630.74889684665,5.97676647461299,5.22786962796283,1
2728,2,0.000516957840462336,0.00197343659377244,0.00204002387203083,75.3207432222872,624.515752581636,631.167059034609,6.6513064529737,5.48424741836448,1
2729,2,0.000568132934653258,0.00194271123956223,0.00202408052995901,73.6987933481015,624.27845701836,631.583901195447,7.30544417708745,5.72154298164048,1
2730,2,0.000617487391121209,0.00190913929765317,0.00200651527181761,72.0768434739159,624.061000166799,631.998086792424,7.9370866256254,5.93899983320102,1
2731,2,0.000664863048668739,0.00187282835262652,0.00198734217282451,70.4548935997311,623.864075130573,632.408287335227,8.54421220465463,6.13592486942741,1
2732,2,0.00071010808735373,0.0018338947664677,0.0019665765965766,68.8329437255455,623.688309459223,632.813186652395,9.12487719317153,6.31169054077657,1
2733,2,0.00075307751501115,0.00179246330567296,0.00194423518273881,67.2109938513598,623.534263182039,633.211485130032,9.67722194799228,6.46573681796065,1
2734,2,0.000793633631894749,0.00174866674142287,0.00192033583371058,65.589043977175,623.402427054635,633.601903903035,10.1994768484002,6.59757294536473,1
2735,2,0.000831646471949455,0.00170264542410396,0.00189489770028044,63.9670941029894,623.293221023281,633.983188984994,10.6899679617127,6.70677897671885,1
2736,2,0.000866994219300231,0.0016545468335423,0.00186794116628037,62.3451442288038,623.206992911511,634.354115323166,11.1471224116553,6.79300708848893,1
2737,2,0.00089956359862306,0.00160452510638984,0.00183948783225196,60.7231943546189,623.14401733277,634.713490765068,11.5694734322977,6.85598266723002,1
2738,2,0.000929250238146875,0.00155274054217834,0.00180956049813768,59.1012444804333,623.104494832247,635.060159923426,11.9556650911784,6.8955051677525,1
2739,2,0.000955959004123045,0.00149935908962389,0.00177818314501114,57.4792946062477,623.088551260356,635.393007926559,12.3044566662032,6.91144873964413,1
2740,2,0.000979604305690868,0.00144455181482793,0.00174538091586071,55.857344732062,623.096237379691,635.710964041537,12.6147266618461,6.90376262030941,1
2741,2,0.00100011036916185,0.00138849435307918,0.00171118009544228,54.2353948578772,623.127528706557,636.013005157877,12.8854764513196,6.87247129344291,1
2742,2,0.00101741148084399,0.00133136634601299,0.00167560808921691,52.6134449836916,623.182325587572,636.298159119931,13.1158335323594,6.81767441242835,1
2743,2,0.00103145219762763,0.00127335086593229,0.00163869340139069,50.991495109506,623.260453511039,636.56550789659,13.3050543855512,6.7395464889612,1
2744,2,0.00104218752465844,0.00121463382913435,0.00160046561207396,49.3695452353212,623.361663652305,636.814190577459,13.4525269251541,6.81419057745859,1
2745,2,0.00104958305952784,0.00115540340012368,0.00156095535357844,47.7475953611355,623.485633651425,637.043406185207,13.5577725337819,7.043406185207,1
2746,2,0.00105361510251882,0.00109584938862058,0.00152019428587133,46.1256454869499,623.631968620969,637.252416294368,13.620447673399,7.252416294368,1
2747,2,0.00105427073255407,0.0010361626412972,0.00147821507120584,44.5036956127651,623.800202381013,637.440547447556,13.6403450665427,7.44054744755567,1
2748,2,0.00105154784860284,0.000976534430190535,0.0014350513479485,42.8817457385795,623.989798917779,637.6071933607,13.6173944429215,7.60719336070031,1
2749,2,0.00104545517641385,0.000917155839752651,0.00139073770362455,41.2597958643938,624.20015406166,637.751816909619,13.5516628479585,7.7518169096187,1
2750,2,0.00103601224055283,0.000858217154501675,0.00134530964720255,39.637845990209,624.430597379805,637.873951891007,13.4433545112023,7.87395189100687,1
2751,2,0.00102324930183409,0.000799907249236323,0.00129880358064058,38.0158961160234,624.6803942777,637.973204551692,13.2928102739919,7.97320455169211,1
2752,2,0.00100720726034681,0.000742412983768253,0.00125125676971716,36.3939462418378,624.948748303653,638.049254880787,13.1005065771341,8.04925488078686,1
2753,2,0.000987937524386662,0.000685918604111349,0.00120270731416971,34.7719963676521,625.234803649397,638.101857660211,12.8670540108141,8.10185766021073,1
2754,2,0.000965501845712894,0.00063060515204735,0.00115319411716487,33.1500464934673,625.537647839475,638.130843269899,12.5931954304232,8.13084326989861,1
2755,2,0.00093997212165874,0.000576649884959592,0.00110275685412494,31.5280966192817,625.856314601451,638.136118244854,12.2798036434027,8.13611824485383,1
2756,2,0.00091143016472941,0.000524225707794502,0.00105143594093569,29.9061467450961,626.189786908451,638.117665582095,11.9278786736447,8.11766558209524,1
2757,2,0.000879967440425867,0.000473500618970645,0.000999272501560629,28.2841968709112,626.537000184964,638.075544796418,11.538544611454,8.0755447964184,1
2758,2,0.000845684774134607,0.00042463717201124,0.000946308335087885,26.6622469967256,626.896845666312,638.009891724763,11.1130460584517,8.00989172476341,1
2759,2,0.000808692028022906,0.000377791954625602,0.000892585882236344,25.04029712254,627.268173901683,637.920918079907,10.6527441782243,7.9209180799071,1
2760,2,0.00076910774897469,0.000333115086908383,0.000838148191347386,23.4183472483552,627.649798390162,637.808910755009,10.1591123648471,7.80891075500938,1
2761,2,0.000727058788695349,0.000290749740264942,0.000783038883889734,21.7963973741695,628.040499338698,637.67423088151,9.63373154281271,7.67423088151031,1
2762,2,0.000682679897203124,0.000250831678604663,0.0007273021195053,20.1744474999839,628.439027530516,637.517312643651,9.07828511313539,7.51731264365094,1
2763,2,0.000636113291009397,0.00021348882327212,0.000670982560623538,18.5524976257991,628.844108292154,637.338661853808,8.4945535616539,7.33866185380793,1
2764,2,0.000587508197371856,0.000178840843110524,0.000614125336672907,16.9305477516135,629.254445546817,637.138854293619,7.88440874680225,7.13885429361926,1
2765,2,0.000537020376081248,0.000146998770971292,0.000556776007918368,15.3085978774278,629.668725941498,636.918533826716,7.24980788521839,6.91853382671627,1
2766,2,0.000484811620313756,0.000118064647898302,0.000498980528953385,13.6866480032422,630.085623034961,636.678410289654,6.59278725469301,6.67841028965358,1
2767,2,0.000431049238148948,9.2131196127394e-05,0.000440785211876094,12.0646981290574,630.503801533465,636.419257168379,5.91545563491331,6.41925716837864,1
2768,2,0.000375905516414509,6.92815219488145e-05,0.000382236689178842,10.4427482548718,630.921921560814,636.141909068326,5.21998750751186,6.1419090683255,1
2769,2,0.000319557168576366,4.95888493850371e-05,0.000323381876381278,8.82079838068613,631.338642949182,635.847258986886,4.50861603770318,5.84725898688566,1
2770,2,0.000262184768442972,3.3116285537152e-05,0.000264267934436384,7.19884850650132,631.752629537029,635.536255397703,3.7836258606734,5.53625539770258,1
2771,2,0.000203972171498733,1.99166183519528e-05,0.000204942231939846,5.57689863231565,632.162553460253,635.2098991568,3.04734569654795,5.20989915680047,1
2772,2,0.000145105925721244,1.00321474578321e-05,0.000145452307173296,3.95494875813008,632.567099422752,634.869240241178,2.30214081842644,4.86924024117832,1
2773,2,8.57746737699107e-05,3.49454861143898e-06,8.58458300113192e-05,2.33299888394518,632.964968932494,634.515374331018,1.55040539852439,4.51537433101794,1
2774,2,2.61685484619518e-05,3.24772189609678e-07,2.61705637230202e-05,0.711049009759633,633.35488448926,634.149439247126,0.794554757866081,4.14943924712577,1
2775,2,-3.35214365266896e-05,5.32976051846904e-07,3.35256733009901e-05,179.089099135574,633.307312483729,634.195141222123,0.887828738394205,4.19514122212308,1
2776,2,-9.31039987834965e-05,4.11849298844673e-06,9.31950458660394e-05,177.467149261389,632.916348667379,634.559651975146,1.64330330776704,4.55965197514558,1
2777,2,-0.000152388200142724,1.10698328586502e-05,0.000152789740304306,175.845199387204,632.517587033841,634.911951202889,2.39436416904812,4.91195120288899,1
2778,2,-0.000211184058565302,2.13647194119153e-05,0.000212262002788212,174.223249513018,632.112307894122,635.250906079946,3.13859818582421,5.25090607994605,1
2779,2,-0.00026930315695501,3.49701616743454e-05,0.000271564177596134,172.601299638833,631.701812038124,635.575426367926,3.87361432980185,5.5754263679255,1
2780,2,-0.00032655924695963,5.18425596715295e-05,0.000330648745299505,170.979349764647,631.287416540189,635.884467960802,4.59705142061318,5.88446796080189,1
2781,2,-0.000382768845821886,7.19278441488965e-05,0.000389468360840424,169.357399890462,630.870450518036,636.177036284065,5.30658576602866,6.17703628406491,1
2782,2,-0.000437751824368059,9.51616498419709e-05,0.000447975891469854,167.735450016276,630.452250858917,636.452189536073,5.99993867715625,6.45218953607321,1
2783,2,-0.000491331984249539,0.000121469521741158,0.000506124454515502,166.113500142091,630.034157926867,636.709041760532,6.67488383366538,6.70904176053216,1
2784,2,-0.000543337622587821,0.000150767153690179,0.000563867454949497,164.491550267906,629.617511264936,636.946765739545,7.32925447460912,6.94676573954519,1
2785,2,-0.000593602082213067,0.000182960658553341,0.000621158622725275,162.86960039372,629.20364530618,637.164595697289,7.96095039110912,7.16459569728931,1
2786,2,-0.000641964285733438,0.000217946869086108,0.000677952049854325,161.247650519535,628.793885107102,637.361829804954,8.56794469785223,7.36182980495414,1
2787,2,-0.000688269251723467,0.000255613668544713,0.0007342022271928,159.62570064535,628.3895421171,637.537832478261,9.14829036116043,7.53783247826061,1
2788,2,-0.000732368591377094,0.000295840349975159,0.000789864080908287,158.003750771164,627.991909997283,637.692036459587,9.70012646230498,7.69203645958748,1
2789,2,-0.00077412098403423,0.00033849800303054,0.000844893008598004,156.381800896979,627.602260501739,637.823944677445,10.2216841757064,7.82394467744507,1
2790,2,-0.000813392630056735,0.000383449927076964,0.000899244915029238,154.759851022794,627.221839434139,637.933131876777,10.7112924426375,7.93313187677688,1
2791,2,-0.000850057679602358,0.000430552069264019,0.00095287624747313,153.137901148608,626.851862692226,638.019246014413,11.1673833221877,8.0192460144134,1
2792,2,-0.00088399863592297,0.000479653486156316,0.001005744030604,151.515951274423,626.493512412343,638.082009414768,11.5884970024247,8.08200941476787,1
2793,2,-0.000915106731894466,0.000530596827446623,0.00105780590093599,149.894001400238,626.147933225896,638.121219681715,11.9732864558185,8.12121968171471,1
2794,2,-0.000943282278571582,0.000583218840200205,0.00110902014076917,148.272051526052,625.816228639127,638.136750363452,12.3205217243257,8.13675036345239,1
2795,2,-0.000968434984650967,0.000637350892014971,0.0011593457116185,146.650101651866,625.499457547202,638.128551367988,12.629093820786,8.12855136798782,1
2796,2,-0.000990484245818499,0.000692819511420495,0.00120874228709828,145.028151777681,625.198630893137,638.096649127828,12.8980182346907,8.09664912782796,1
2797,2,-0.00100935940305375,0.000749446943784473,0.00125717028523622,143.406201903496,624.914708481612,638.041146513221,13.1264380316092,8.04114651322084,1
2798,2,-0.00102499996906371,0.000807051720944713,0.00130459090019071,141.78425202931,624.648595957183,637.962222494325,13.3136265371414,7.96222249432469,1
2799,2,-0.00103735582212023,0.000865449242741742,0.00135096613334643,140.162302155125,624.401141955907,637.86013155346,13.4589895975525,7.86013155345995,1
2800,2,-0.00104638736668011,0.000924452368588221,0.00139625882376302,138.54035228094,624.173135438794,637.735202849489,13.5620674106945,7.7352028494887,1
2801,2,-0.0010520656602728,0.000983872017179135,0.00144043267795249,136.918402406754,623.965303214985,637.587839137313,13.622535922328,7.58783913731293,1
2802,2,-0.00105437250624944,0.00104351777242147,0.00148345229896151,135.296452532569,623.778307661924,637.418515446246,13.6402077843212,7.41851544624569,1
2803,2,-0.0010533005120958,0.00110319849364137,0.0015252832147355,133.674502658384,623.612744649201,637.227777521891,13.6150328726899,7.22777752189063,1
2804,2,-0.00104885311312231,0.00116272292811296,0.00156589190574124,132.052552784198,623.469141672121,637.016240037021,13.5470983648999,7.01624003702125,1
2805,2,-0.00104104456145527,0.00122190032394661,0.00160524583182652,130.430602910013,623.347956200469,636.784584577657,13.436628377188,6.78458457765726,1
2806,2,-0.00102989988036451,0.00128054104137211,0.00164331345829492,128.808653035828,623.249574247196,636.533557411417,13.2839831642211,6.75042575280372,1
2807,2,-0.00101545478407388,0.0013384571604578,0.00168006428117476,127.186703161642,623.174309161259,636.263967045872,13.0896578846127,6.82569083874114,1
2808,2,-0.000997755563311513,0.00139546308331847,0.00171546885166236,125.564753287456,623.122400648016,635.976681585387,12.8542809373719,6.87759935198449,1
2809,2,-0.000976858936966645,0.00145137612888203,0.00174949879971956,123.942803413272,623.094014020078,635.672625895593,12.5786118755154,6.90598597992209,1
2810,2,-0.000952831870328339,0.00150601711830893,0.00178212685680704,122.320853539086,623.089239680725,635.352778585256,12.2635389045308,6.9107603192748,1
2811,2,-0.000925751360488702,0.00155921094918825,0.00181332687773474,120.6989036649,623.108092841408,635.018168815931,11.9100759745231,6.89190715859183,1
2812,2,-0.000895704189598131,0.00161078715667059,0.00184307386161233,119.076953790715,623.150513474123,634.669872950311,11.5193594761873,6.8494865258765,1
2813,2,-0.000862786646763345,0.00166058045973951,0.00187134397188272,117.45500391653,623.21636649882,634.30901105069,11.0926445518704,6.78363350118047,1
2814,2,-0.000827104219479585,0.00170843129087055,0.00189811455542244,115.833054042344,623.305442205292,633.936743239466,10.6313010341739,6.69455779470786,1
2815,2,-0.000788771255585548,0.00175418630738117,0.00192336416069386,114.211104168159,623.417456908348,633.554265933949,10.1368090256005,6.58254309165193,1
2816,2,-0.000747910596824463,0.00179769888283244,0.00194707255493455,112.589154293974,623.552053834365,633.162807968182,9.61075413381684,6.44794616563524,1
2817,2,-0.000704653185185779,0.00183882957690772,0.00196922074036993,110.967204419788,623.708804236671,632.763626614735,9.05482237806359,6.29119576332903,1
2818,2,-0.000659137643288672,0.00187744658226289,0.00198979096943643,109.345254545603,623.887208736558,632.358003519775,8.47079478321689,6.11279126344152,1
2819,2,-0.000611509830152182,0.00191342614691601,0.0020087667590028,107.723304671418,624.08669888602,631.947240564859,7.86054167883844,5.91330111397986,1
2820,2,-0.000561922373775819,0.00194665297082253,0.00202613290357815,106.101354797232,624.30663894769,631.532655669118,7.22601672142844,5.69336105231014,1
2821,2,-0.000510534182028073,0.00197702057536569,0.00204187548749632,104.479404923046,624.546327886823,631.115578545641,6.56925065881853,5.45367211317739,1
2822,2,-0.000457509933410611,0.00200443164457764,0.0020559818960666,102.857455048862,624.805001569492,630.697346425853,5.89234485636098,5.19499843050824,1
2823,2,-0.000403019549329757,0.0020287983369981,0.00206844082568205,101.235505174676,625.081835160594,630.279299765837,5.19746460524289,4.91816483940556,1
2824,2,-0.000347237649566834,0.00205004256717083,0.00207924229287716,99.6135553004903,625.375945714578,629.862777948403,4.48683223382477,4.62405428542195,1
2825,2,-0.000290342992691869,0.00206809625587616,0.00208837764232771,97.9916054263055,625.686394951345,629.449114994756,3.76272004341058,4.31360504865461,1
2826,2,-0.00023251790321413,0.00208290154829758,0.0020958395537864,96.3696555521199,626.012192209019,629.039635299406,3.02744309038667,3.9878077909807,1
2827,2,-0.000173947687305521,0.00209441099942313,0.00210162204794857,94.7477056779343,626.352297564865,628.635649401888,2.28335183702313,3.64770243513487,1
2828,2,-0.000114820038968693,0.00210258772608759,0.00210572049124355,93.1257558037495,626.705625115046,628.238449808629,1.53282469358294,3.29437488495375,1
2829,2,-5.53244385531072e-05,0.00210740552516824,0.00210813159954753,91.5038059295638,627.071046403341,627.849306878044,0.778260474703188,2.92895359665897,1
2830,2,4.34845445315245e-06,0.00210884895755528,0.00210885344081521,89.8818560553782,627.391933117344,627.524174864505,0.132241747160492,2.60806688265598,1
2831,2,6.40074124105035e-05,0.00210691339762804,0.00210788543662791,88.2599061811934,627.017103242371,627.9054482266,0.888344984228638,2.98289675762874,1
2832,2,0.000123461252335684,0.00210160504807818,0.00210522836265713,86.6379563070077,626.653372023948,628.29584295293,1.64247092898188,3.34662797605154,1
2833,2,0.000182519448566199,0.00209294092003259,0.00210088434804293,85.0160064328221,626.301901450934,628.694110808894,2.39220935796016,3.69809854906612,1
2834,2,0.000240992743318614,0.00208094877853952,0.00209485687368788,83.3940565586365,625.963813999282,629.098977956239,3.13516395695683,4.03618600071775,1
2835,2,0.000298693753183634,0.00206566705359285,0.00208715076946777,81.7721066844517,625.640189084174,629.509149003741,3.86895991956715,4.35981091582585,1
2836,2,0.000355437569614731,0.00204714471697928,0.00207777221036133,80.150156810266,625.332059652382,629.923311132117,4.59125147973566,4.66794034761847,1
2837,2,0.000411042351485551,0.00202544112534354,0.00206672871150223,78.5282069360804,625.040408925048,630.340138280278,5.29972935523006,4.95959107495196,1
2838,2,0.00046532990781773,0.00200062582997416,0.0020540291221571,76.9062570618956,624.766167300705,630.758295379819,5.99212807911454,5.23383269929514,1
2839,2,0.000518126268811443,0.00197277835391952,0.00203968361863448,75.28430718771,624.510209427712,631.176442624332,6.66623319662085,5.48979057228848,1
2840,2,0.000569262243348532,0.00194198793714847,0.00202370369613053,73.6623573135243,624.273351454868,631.593239760002,7.3198883051341,5.72664854513198,1
2841,2,0.000618573961182126,0.00190835325057213,0.00200610215951774,72.0404074393395,624.056348468275,632.007350383771,7.95100191549591,5.94365153172521,1
2842,2,0.000665903398074995,0.00187198207984315,0.00198689311308427,70.4184575651539,623.859892122027,632.417446235247,8.55755411322048,6.14010787797349,1
2843,2,0.00071109888220357,0.00183299097994617,0.00196609194923208,68.7965076909683,623.684608469659,632.822211468535,9.13760299887508,6.31539153034055,1
2844,2,0.00075401558020526,0.00179150490168586,0.0019437153361428,67.1745578167834,623.531056002732,633.220346890035,9.68929088730272,6.46894399726762,1
2845,2,0.000794515961311231,0.00174765679126975,0.00191978120442137,65.5526079425978,623.399723902203,633.610574148436,10.2108502462329,6.60027609779684,1
2846,2,0.000832470238077117,0.00170158716426918,0.00189430873272807,63.9306580684122,623.291030507735,633.991639863086,10.7006093553509,6.70896949226506,1
2847,2,0.000867756782299706,0.00165344365532333,0.00186731833241044,62.3087081942265,623.205322009337,634.362319677129,11.1569976677922,6.79467799066288,1
2848,2,0.000900262514786407,0.0016033805450295,0.00183883163114752,60.6867583200417,623.142871365118,634.721422221957,11.578550856839,6.8571286348822,1
2849,2,0.000929883267728686,0.00155155826553578,0.00180887145561927,59.0648084458561,623.103877448303,635.067792979724,11.9639155314211,6.89612255169732,1
2850,2,0.000956524118517926,0.00149814288642061,0.00177746181321545,57.4428585716705,623.088464425946,635.400318031016,12.3118536050702,6.91153557405437,1
2851,2,0.00098009969393429,0.00144330558250643,0.00174462787279818,55.8209086974857,623.096681371146,635.717927675004,12.6212463038582,6.90331862885409,1
2852,2,0.00100053444373362,0.00138722208531312,0.00171039594453384,54.1989588233,623.128502109854,636.019599909873,12.8910978000192,6.87149789014643,1
2853,2,0.00101776288275551,0.00133007211990927,0.00167479345881059,52.5770089491144,623.183825302741,636.304363761671,13.1205384589302,6.81617469725938,1
2854,2,0.00103172980077701,0.00127203882896545,0.00163784894425804,50.9550590749296,623.262474761863,636.57130245024,13.3088276883764,6.73752523813675,1
2855,2,0.00104239043943917,0.00121330818585551,0.00159959200488693,49.333109200744,623.364200001239,636.819556381374,13.4553563801348,6.81955638137367,1
2856,2,0.00104971063567959,0.0011540683986868,0.00156005329636726,47.7111593265583,623.488677019719,637.048325954909,13.5596489351904,7.04832595490939,1
2857,2,0.00105366693121129,0.00109450930716876,0.00151926450146354,46.0892094523735,623.635509313934,637.256874179094,13.6213648651606,7.2568741790941,1
2858,2,0.00105424664769714,0.00103482177425284,0.00147725830464697,44.4672595781879,623.80422911834,637.444529082137,13.6402999637975,7.44452908213714,1
2859,2,0.00105144792737878,0.000975197074493663,0.00143406836590525,42.8453097040022,623.994298868846,637.610685912619,13.6163870437732,7.61068591261937,1
2860,2,0.00104527973903004,0.000915826281090788,0.0013897292937703,41.2233598298166,624.205112885714,637.754809121069,13.549696235355,7.75480912106855,1
2861,2,0.00103576184921558,0.000856899653575982,0.00134427661758624,39.6014099556318,624.435999270896,637.876434115812,13.4404348449167,7.87643411581223,1
2862,2,0.001022924758947,0.000798606028107764,0.00129774675903923,37.9794600814462,624.686222014248,637.975168786962,13.2889467727132,7.9751687869616,1
2863,2,0.0010068096059394,0.000741132212327584,0.00125017700297255,36.3575102072606,624.954983302496,638.050694793173,13.0957114906766,8.05069479317308,1
2864,2,0.000987468032781488,0.000684662386716324,0.0012016054675098,34.7355603330757,625.241426024159,638.10276860671,12.8613425825508,8.10276860671024,1
2865,2,0.000964962021441851,0.000629377514369789,0.00115207107351041,33.1136104588901,625.544636463094,638.1312223131,12.586585850006,8.13122231309956,1
2866,2,0.000939363694641671,0.000575454761084894,0.00110161351338213,31.4916605847045,625.863647172661,638.135964162579,12.2723169899174,8.13596416257883,1
2867,2,0.000910755084730394,0.00052306692761439,0.00105027321927498,29.8697107105197,626.197440022048,638.116978871419,11.9195388493714,8.11697887141906,1
2868,2,0.000879227870804956,0.000472381895909831,0.000998091330682509,28.247760836334,626.54494940562,638.074327672031,11.529378266411,8.07432767203079,1
2869,2,0.000844883084915217,0.000423562091127545,0.000945109661476483,26.6258109621484,626.905065605728,638.008148111691,11.1030825059628,8.00814811169073,1
2870,2,0.000807830788296806,0.000376763961121206,0.000891370666400898,25.0038610879636,627.27663829886,637.918653600617,10.6420153017575,7.91865360061729,1
2871,2,0.000768189718669032,0.000332137475089272,0.000836917407052502,23.381911213778,627.658480194518,637.806132710947,10.1476525164284,7.80613271094671,1
2872,2,0.000726086909728325,0.000289825642984116,0.000781793517375263,21.7599613395923,628.049370795793,637.670948229119,9.62157743332625,7.67094822911918,1
2873,2,0.000681657284056226,0.000249964057222514,0.000726043168695946,20.1380114654067,628.448060270145,637.513535964986,9.06547569484167,7.51353596498632,1
2874,2,0.000635043220746772,0.00021268045816648,0.000669711034329237,18.5160615912219,628.853273418494,637.334403321817,8.4811299033239,7.33440332181749,1
2875,2,0.000586394099138634,0.000178094324766674,0.000612842253780455,16.8941117170363,629.263713730381,637.134127632231,7.8704139018505,7.13412763223141,1
2876,2,0.000535865820114511,0.000146316491680499,0.000555482396574983,15.2721618428506,629.678067512589,636.913354265873,7.23528675328384,6.91335426587329,1
2877,2,0.000483620306501389,0.000117448794091499,0.000497677425742864,13.6502119686658,630.095008078362,636.672794515439,6.57778643707752,6.67279451543936,1
2878,2,0.000429824984172876,9.15837413684918e-05,0.000439473660988078,12.0282620944802,630.513199984029,636.41322326842,5.90002328439152,6.41322326842044,1
2879,2,0.000374652245516725,6.88042206103076e-05,0.000380917741572267,10.4063122202945,630.931303299671,636.135476472653,5.20417317298234,6.13547647265341,1
2880,2,0.000318278896986437,4.91832310258969e-05,0.000322056588942145,8.7843623461097,631.347977900275,635.840448404472,4.49247050419729,5.84044840447234,1
2881,2,0.000260885592507549,3.27836500011839e-05,0.000262937369130778,7.1624124719241,631.761887763632,635.52908874887,3.76720098523799,5.52908874887044,1
2882,2,0.000202656254554578,1.96580316023725e-05,0.000203607454963147,5.54046259773849,632.171705261188,635.202399501759,3.03069424057094,5.20239950175858,1
2883,2,0.000143777484753326,9.84843816124949e-06,0.000144114388095738,3.91851272355362,632.576115427972,634.861431704918,2.28531627694611,4.86143170491789,1
2884,2,8.44379658975734e-05,3.38630548230934e-06,8.45058409208457e-05,2.29656284936806,632.973820197749,634.50728202483,1.53346182708071,4.50728202482969,1
2885,2,2.48278572967322e-05,2.923421036625e-07,2.48295783663854e-05,0.674612975182144,633.363542589505,634.141089186992,0.777546597486435,4.14108918699162,1
2886,2,-3.48618146084306e-05,5.76462934474354e-07,3.48665803787439e-05,179.052663100997,633.298624496574,634.203455383758,0.904830887184517,4.20345538375807,1
2887,2,-9.44397684087048e-05,4.23775748166727e-06,9.45348001825953e-05,177.430713226812,632.907471620353,634.567704539713,1.6602329193596,4.56770453971251,1
2888,2,-0.000153715080706596,1.12644927676956e-05,0.000154127268301066,175.808763352626,632.508549433382,634.919716281008,2.41116684762574,4.91971628100794,1
2889,2,-0.000212497797948905,2.16341509300104e-05,0.000213596232690551,174.186813478441,632.103138752357,635.258358699009,3.15521994665164,5.2583586990088,1
2890,2,-0.000270599545151611,3.53135013817596e-05,0.000272894040272224,172.564863604256,631.692540779255,635.582542553252,3.89000177399635,5.58254255325164,1
2891,2,-0.000327834129566076,5.22587073024886e-05,0.000331973175117018,170.94291373007,631.278072905678,635.891224813651,4.61315190797302,5.89122481365132,1
2892,2,-0.0003840181373518,7.24154661174931e-05,0.000390786296520438,169.320963855885,630.861064470905,636.18341205623,5.32234758532513,6.18341205623005,1
2893,2,-0.00043897152134415,9.57191835157584e-05,0.000449286276937234,167.6990139817,630.442852487469,636.458163700789,6.01531121332016,6.45816370078921,1
2894,2,-0.000492518178033249,0.000122095180448809,0.000507426239745264,166.077064107514,630.024777348145,636.714595079481,6.68981773133578,6.71459507948066,1
2895,2,-0.000544486511904777,0.000151458932446976,0.000565159596808024,164.455114233329,629.608178528228,636.951880325707,7.34370179747884,6.95188032570672,1
2896,2,-0.000594709985334723,0.000183716340486377,0.000622440085806283,162.833164359144,629.194390296862,637.169255073426,7.97486477656378,7.16925507342626,1
2897,2,-0.000643027652275604,0.00021876403253853,0.000679221807308625,161.211214484958,628.784737451174,637.366018957532,8.58128150635764,7.36601895753199,1
2898,2,-0.000689284674023717,0.000256489694836058,0.000735459261550955,159.589264610772,628.380531086656,637.541537906619,9.16100681996261,7.54153790661883,1
2899,2,-0.000733332815415054,0.000296772431793237,0.000791107384896034,157.967314736587,627.983064417257,637.695246220182,9.71218180292476,7.69524622018173,1
2900,2,-0.000775030919859381,0.000339483153427727,0.000846121585943363,156.345364862402,627.593608658193,637.826648423006,10.2330397648132,7.82664842300585,1
2901,2,-0.00081424536169046,0.000384484989042171,0.000900457781260835,154.723414988216,627.2134089844,637.935320890259,10.7219119058587,7.93532089025905,1
2902,2,-0.000850850474382483,0.000431633725839637,0.000954072430709065,153.101465114031,626.843680577127,638.020913237608,11.1772326604807,8.02091323760806,1
2903,2,-0.00088472895326085,0.000480778271067739,0.00100692257233063,151.479515239846,626.485604770857,638.083149471476,11.5975447006189,8.08314947147574,1
2904,2,-0.000915772231416547,0.00053176113621026,0.00105896585677597,149.85756536566,626.140325312411,638.121828895405,11.9815035829936,8.12182889540497,1
2905,2,-0.00094388082761936,0.000584418941674405,0.00111016058123825,148.235615491475,625.808944743629,638.136826769339,12.3278820257103,8.13682676933888,1
2906,2,-0.000968964665115289,0.000638582940356802,0.00116046572287023,146.61366561729,625.492520918581,638.128094719496,12.6355738009149,8.12809471949561,1
2907,2,-0.000990943360286379,0.000694079558410237,0.00120984097165644,144.991715743104,625.192063665882,638.095660897391,12.9035972315091,8.09566089739087,1
2908,2,-0.00100974648024783,0.000750730951477908,0.00125824676271382,143.369765868919,624.908531606089,638.039629887461,13.1310982813714,8.03962988746071,1
2909,2,-0.00102531376855713,0.000808355574613197,0.0013056443079955,141.747815994734,624.642829133708,637.960182363579,13.3173532298711,7.96018236357907,1
2910,2,-0.00103759533831175,0.000866768764058346,0.00135199562737219,140.125866120548,624.395803572817,637.857574495718,13.4617709229011,7.85757449571793,1
2911,2,-0.00104655183201659,0.00092578332901741,0.00139726357906583,138.503916246363,624.168242514692,637.732137108804,13.5638945941115,7.73213710880373,1
2912,2,-0.00105215454770894,0.000985210151527647,0.00144141188941181,136.881966372177,623.96087134535,637.584274596742,13.6234032513928,7.58427459674238,1
2913,2,-0.00105438553093673,0.00104485879250652,0.00148440518192537,135.260016497992,623.774350970195,637.414463595421,13.6401126252264,7.41446359542101,1
2914,2,-0.00105323763229535,0.00110453810203253,0.0015262090056492,133.638066623806,623.60927574253,637.223251419348,13.6139756768177,7.22325141934766,1
2915,2,-0.0010487145303386,0.00116405683190373,0.00156678986275923,132.016116749621,623.466171601905,637.011254267396,13.545082665491,7.01125426739645,1
2916,2,-0.00104083071979044,0.00122322424851144,0.0016061152354068,130.394166875436,623.345494427753,636.779155203921,13.4336607761682,6.77915520392082,1
2917,2,-0.00102961146509514,0.00128185074406485,0.00164415361177567,128.77221700125,623.247628613085,636.527701922299,13.2800733092139,6.75237138691455,1
2918,2,-0.00101509271945501,0.00133974844420769,0.00168087451133256,127.150267127065,623.172885862403,636.257704298662,13.0848184362594,6.82711413759739,1
2919,2,-0.000997321009614729,0.00139673181008004,0.00171624850925162,125.52831725288,623.12150421724,635.970031744317,12.8485275270771,6.87849578275996,1
2920,2,-0.000976353286761883,0.00145261823289595,0.00175024725999285,123.906367378694,623.093647312218,635.665610366,12.5719630537816,6.90635268778169,1
2921,2,-0.000952256744021293,0.00150722861913102,0.0017828435200156,122.284417504509,623.089403863704,635.345419943767,12.2560160800628,6.91059613629614,1
2922,2,-0.000925108601128059,0.00156038796444524,0.00181401116960913,120.662467630324,623.108787392586,635.010490736898,11.9017033443116,6.89121260741354,1
