Es_Viable,Num_Satelites,Num_Telescopios,Detectores_Necesarios,ID_Detector,Tipo_Telescopio,Altura_km,Diametro_Pupila_mm,Swath_Requerido_km,Dias_Cobertura,Swath_Real_Sistema_km,Excedente_Swath_km,Excedente_Swath_porc,Inclinacion_SSO_deg,LTAN_h,Desfase_Anomalia_Verdadera_deg,MTF_a_Nyquist_lambda2,SNR_lambda3,Longitud_Focal_m,Relacion_Focal_f_num,Masa_Instrumento_kg,Longitud_Instrumento_m,Area_Instrumento_m2,Volumen_Instrumento_m3,Potencia_Electrica_Instrumento_W,Masa_Seca_Satelite_kg,Masa_Combustible_kg,Masa_Total_Satelite_kg,Masa_Total_Constelacion_kg,Num_Impulsos_Mantenimiento,DeltaV_Total_ms,Masa_Seca_TM_kg,Masa_Seca_SEOSAT_kg,Longitud_Satelite_m,Area_Satelite_m2,Volumen_Satelite_m3,Estandar_U
0,1,1,NaN,2,Refractivo,520,28,NaN,NaN,NaN,NaN,NaN,NaN,6,360,NaN,NaN,NaN,NaN,NaN,NaN,NaN,NaN,NaN,0.8912512,0.383689787428062,1.27494098742806,1.27494098742806,118,676.956582562747,0.65856,1.1239424,0.224280239970907,0.0503016260414075,0.0112816607594937,11.2816607594937
0,1,1,NaN,2,Refractivo,500,27,NaN,NaN,NaN,NaN,NaN,NaN,6,360,NaN,NaN,NaN,NaN,NaN,NaN,NaN,NaN,NaN,0.7991298,0.531691475352444,1.33082127535244,1.33082127535244,175,969.521649183389,0.59049,1.0077696,0.216270231400517,0.0467728129900332,0.0101155670886076,10.1155670886076
0,1,1,NaN,2,Refractivo,530,29,NaN,NaN,NaN,NaN,NaN,NaN,6,360,NaN,NaN,NaN,NaN,NaN,NaN,NaN,NaN,NaN,0.9901934,0.342316424644113,1.33250982464411,1.33250982464411,96,560.128393784689,0.73167,1.2487168,0.232290248541296,0.0539587595673771,0.0125340936708861,12.5340936708861
0,1,1,NaN,2,Refractivo,550,30,NaN,NaN,NaN,NaN,NaN,NaN,6,360,NaN,NaN,NaN,NaN,NaN,NaN,NaN,NaN,NaN,1.0962,0.258366016348102,1.3545660163481,1.3545660163481,66,397.90662410898,0.81,1.3824,0.240300257111686,0.0577442135679422,0.0138759493670886,13.8759493670886
0,1,1,NaN,2,Refractivo,510,28,NaN,NaN,NaN,NaN,NaN,NaN,6,360,NaN,NaN,NaN,NaN,NaN,NaN,NaN,NaN,NaN,0.8912512,0.464601573458516,1.35585277345852,1.35585277345852,141,795.062145413768,0.65856,1.1239424,0.224280239970907,0.0503016260414075,0.0112816607594937,11.2816607594937
0,1,1,NaN,2,Refractivo,540,30,NaN,NaN,NaN,NaN,NaN,NaN,6,360,NaN,NaN,NaN,NaN,NaN,NaN,NaN,NaN,NaN,1.0962,0.305389143082147,1.40158914308215,1.40158914308215,78,462.695429163286,0.81,1.3824,0.240300257111686,0.0577442135679422,0.0138759493670886,13.8759493670886
0,1,1,NaN,2,Refractivo,570,31,NaN,NaN,NaN,NaN,NaN,NaN,6,360,NaN,NaN,NaN,NaN,NaN,NaN,NaN,NaN,NaN,1.2095146,0.194731815989384,1.40424641598938,1.40424641598938,45,279.963427316561,0.89373,1.5252992,0.248310265682075,0.0616579880431028,0.0153103113924051,15.3103113924051
0,1,1,NaN,2,Refractivo,560,31,NaN,NaN,NaN,NaN,NaN,NaN,6,360,NaN,NaN,NaN,NaN,NaN,NaN,NaN,NaN,NaN,1.2095146,0.228345876474258,1.43786047647426,1.43786047647426,53,324.644066988312,0.89373,1.5252992,0.248310265682075,0.0616579880431028,0.0153103113924051,15.3103113924051
0,1,1,NaN,2,Refractivo,490,27,NaN,NaN,NaN,NaN,NaN,NaN,6,360,NaN,NaN,NaN,NaN,NaN,NaN,NaN,NaN,NaN,0.7991298,0.656015035448514,1.45514483544851,1.45514483544851,210,1142.62535082119,0.59049,1.0077696,0.216270231400517,0.0467728129900332,0.0101155670886076,10.1155670886076
0,1,1,NaN,2,Refractivo,590,32,NaN,NaN,NaN,NaN,NaN,NaN,6,360,NaN,NaN,NaN,NaN,NaN,NaN,NaN,NaN,NaN,1.3303808,0.14904049237007,1.47942129237007,1.47942129237007,31,198.779834572416,0.98304,1.6777216,0.256320274252465,0.0657000829928587,0.0168402632911392,16.8402632911392
0,1,1,NaN,2,Refractivo,480,26,NaN,NaN,NaN,NaN,NaN,NaN,6,360,NaN,NaN,NaN,NaN,NaN,NaN,NaN,NaN,NaN,0.7135856,0.768810650982507,1.48239625098251,1.48239625098251,262,1399.49511581603,0.52728,0.8998912,0.208260222830128,0.0433723204132544,0.00903272911392405,9.03272911392405
0,1,1,NaN,2,Refractivo,580,32,NaN,NaN,NaN,NaN,NaN,NaN,6,360,NaN,NaN,NaN,NaN,NaN,NaN,NaN,NaN,NaN,1.3303808,0.171725288337656,1.50210608833766,1.50210608833766,36,227.41343050389,0.98304,1.6777216,0.256320274252465,0.0657000829928587,0.0168402632911392,16.8402632911392
0,1,1,NaN,2,Refractivo,610,33,NaN,NaN,NaN,NaN,NaN,NaN,6,360,NaN,NaN,NaN,NaN,NaN,NaN,NaN,NaN,NaN,1.4590422,0.112310786683686,1.57135298668369,1.57135298668369,21,138.630153966047,1.07811,1.8399744,0.264330282822854,0.0698704984172101,0.0184688886075949,18.4688886075949
0,1,1,NaN,2,Refractivo,600,33,NaN,NaN,NaN,NaN,NaN,NaN,6,360,NaN,NaN,NaN,NaN,NaN,NaN,NaN,NaN,NaN,1.4590422,0.132576569317153,1.59161876931715,1.59161876931715,25,162.676267736924,1.07811,1.8399744,0.264330282822854,0.0698704984172101,0.0184688886075949,18.4688886075949
0,1,1,NaN,2,Refractivo,470,26,NaN,NaN,NaN,NaN,NaN,NaN,6,360,NaN,NaN,NaN,NaN,NaN,NaN,NaN,NaN,NaN,0.7135856,0.967280364547655,1.68086596454766,1.68086596454766,314,1645.8797496203,0.52728,0.8998912,0.208260222830128,0.0433723204132544,0.00903272911392405,9.03272911392405
0,1,1,NaN,2,Refractivo,630,34,NaN,NaN,NaN,NaN,NaN,NaN,6,360,NaN,NaN,NaN,NaN,NaN,NaN,NaN,NaN,NaN,1.5957424,0.0894165279385088,1.68515892793851,1.68515892793851,15,101.834651184095,1.17912,2.0123648,0.272340291393244,0.0741692343161569,0.020199270886076,20.1992708860759
0,1,1,NaN,2,Refractivo,620,34,NaN,NaN,NaN,NaN,NaN,NaN,6,360,NaN,NaN,NaN,NaN,NaN,NaN,NaN,NaN,NaN,1.5957424,0.100237333813653,1.69597973381365,1.69597973381365,17,113.821978794686,1.17912,2.0123648,0.272340291393244,0.0741692343161569,0.020199270886076,20.1992708860759
0,1,1,NaN,3,Refractivo,500,30,NaN,NaN,NaN,NaN,NaN,NaN,6,360,NaN,NaN,NaN,NaN,NaN,NaN,NaN,NaN,NaN,1.0962,0.637442576972377,1.73364257697238,1.73364257697238,157,869.79942241024,0.81,1.3824,0.240300257111686,0.0577442135679422,0.0138759493670886,13.8759493670886
0,1,1,NaN,3,Refractivo,530,32,NaN,NaN,NaN,NaN,NaN,NaN,6,360,NaN,NaN,NaN,NaN,NaN,NaN,NaN,NaN,NaN,1.3303808,0.411269940939439,1.74165074093944,1.74165074093944,87,507.616356867375,0.98304,1.6777216,0.256320274252465,0.0657000829928587,0.0168402632911392,16.8402632911392
0,1,1,NaN,3,Refractivo,510,31,NaN,NaN,NaN,NaN,NaN,NaN,6,360,NaN,NaN,NaN,NaN,NaN,NaN,NaN,NaN,NaN,1.2095146,0.55641633530854,1.76593093530854,1.76593093530854,127,716.119804734387,0.89373,1.5252992,0.248310265682075,0.0616579880431028,0.0153103113924051,15.3103113924051
0,1,1,NaN,3,Refractivo,550,33,NaN,NaN,NaN,NaN,NaN,NaN,6,360,NaN,NaN,NaN,NaN,NaN,NaN,NaN,NaN,NaN,1.4590422,0.309791868944511,1.76883406894451,1.76883406894451,60,361.733294644528,1.07811,1.8399744,0.264330282822854,0.0698704984172101,0.0184688886075949,18.4688886075949
0,1,1,NaN,2,Refractivo,460,25,NaN,NaN,NaN,NaN,NaN,NaN,6,360,NaN,NaN,NaN,NaN,NaN,NaN,NaN,NaN,NaN,0.634375,1.17232883943532,1.80670383943532,1.80670383943532,393,2020.5243038642,0.46875,0.8,0.200250214259738,0.040100148311071,0.00803006329113924,8.03006329113924
0,1,1,NaN,2,Refractivo,650,35,NaN,NaN,NaN,NaN,NaN,NaN,6,360,NaN,NaN,NaN,NaN,NaN,NaN,NaN,NaN,NaN,1.740725,0.0730365246929643,1.81376152469296,1.81376152469296,11,76.7238202086264,1.28625,2.1952,0.280350299963633,0.0785962906896992,0.0220344936708861,22.0344936708861
0,1,1,NaN,2,Refractivo,640,35,NaN,NaN,NaN,NaN,NaN,NaN,6,360,NaN,NaN,NaN,NaN,NaN,NaN,NaN,NaN,NaN,1.740725,0.0787298617912322,1.81945486179123,1.81945486179123,12,82.5856412042376,1.28625,2.1952,0.280350299963633,0.0785962906896992,0.0220344936708861,22.0344936708861
0,1,1,NaN,3,Refractivo,520,32,NaN,NaN,NaN,NaN,NaN,NaN,6,360,NaN,NaN,NaN,NaN,NaN,NaN,NaN,NaN,NaN,1.3303808,0.494490761325159,1.82487156132516,1.82487156132516,104,596.639699885811,0.98304,1.6777216,0.256320274252465,0.0657000829928587,0.0168402632911392,16.8402632911392
0,1,1,NaN,3,Refractivo,540,33,NaN,NaN,NaN,NaN,NaN,NaN,6,360,NaN,NaN,NaN,NaN,NaN,NaN,NaN,NaN,NaN,1.4590422,0.3661323436522,1.8251745436522,1.8251745436522,71,421.171480392222,1.07811,1.8399744,0.264330282822854,0.0698704984172101,0.0184688886075949,18.4688886075949
0,1,2,NaN,2,Refractivo,520,28,NaN,NaN,NaN,NaN,NaN,NaN,6,360,NaN,NaN,NaN,NaN,NaN,NaN,NaN,NaN,NaN,1.3368768,0.491405905813753,1.82828270581375,1.82828270581375,103,590.902779694601,0.65856,1.1239424,0.256736785017976,0.0659137767813664,0.0169224911392405,16.9224911392405
0,1,1,NaN,3,Refractivo,560,34,NaN,NaN,NaN,NaN,NaN,NaN,6,360,NaN,NaN,NaN,NaN,NaN,NaN,NaN,NaN,NaN,1.5957424,0.276823713861324,1.87256611386132,1.87256611386132,49,300.142627970326,1.17912,2.0123648,0.272340291393244,0.0741692343161569,0.020199270886076,20.1992708860759
0,1,2,NaN,2,Refractivo,500,27,NaN,NaN,NaN,NaN,NaN,NaN,6,360,NaN,NaN,NaN,NaN,NaN,NaN,NaN,NaN,NaN,1.1986947,0.675367775967364,1.87406247596736,1.87406247596736,153,847.638927571763,0.59049,1.0077696,0.247567614124477,0.0612897235632858,0.0151733506329114,15.1733506329114
0,1,1,NaN,3,Refractivo,490,30,NaN,NaN,NaN,NaN,NaN,NaN,6,360,NaN,NaN,NaN,NaN,NaN,NaN,NaN,NaN,NaN,1.0962,0.785704879139303,1.8819048791393,1.8819048791393,189,1028.36281573907,0.81,1.3824,0.240300257111686,0.0577442135679422,0.0138759493670886,13.8759493670886
0,1,1,NaN,3,Refractivo,480,29,NaN,NaN,NaN,NaN,NaN,NaN,6,360,NaN,NaN,NaN,NaN,NaN,NaN,NaN,NaN,NaN,0.9901934,0.920326943071035,1.91052034307103,1.91052034307103,235,1255.27233670522,0.73167,1.2487168,0.232290248541296,0.0539587595673771,0.0125340936708861,12.5340936708861
0,1,2,NaN,2,Refractivo,530,29,NaN,NaN,NaN,NaN,NaN,NaN,6,360,NaN,NaN,NaN,NaN,NaN,NaN,NaN,NaN,NaN,1.4852901,0.441359696730885,1.92664979673088,1.92664979673088,84,490.112344561603,0.73167,1.2487168,0.265905955911475,0.0707059773891953,0.0188011405063291,18.8011405063291
0,1,2,NaN,2,Refractivo,510,28,NaN,NaN,NaN,NaN,NaN,NaN,6,360,NaN,NaN,NaN,NaN,NaN,NaN,NaN,NaN,NaN,1.3368768,0.592182020425913,1.92905882042591,1.92905882042591,123,693.564850254564,0.65856,1.1239424,0.256736785017976,0.0659137767813664,0.0169224911392405,16.9224911392405
0,1,1,NaN,3,Refractivo,580,35,NaN,NaN,NaN,NaN,NaN,NaN,6,360,NaN,NaN,NaN,NaN,NaN,NaN,NaN,NaN,NaN,1.740725,0.205001249196627,1.94572624919663,1.94572624919663,33,208.462311295232,1.28625,2.1952,0.280350299963633,0.0785962906896992,0.0220344936708861,22.0344936708861
0,1,1,NaN,2,Refractivo,670,36,NaN,NaN,NaN,NaN,NaN,NaN,6,360,NaN,NaN,NaN,NaN,NaN,NaN,NaN,NaN,NaN,1.8942336,0.0515753446378106,1.94580894463781,1.94580894463781,7,50.1144081584634,1.39968,2.3887872,0.288360308534023,0.0831516675378368,0.0239776405063291,23.9776405063291
0,1,1,NaN,2,Refractivo,660,36,NaN,NaN,NaN,NaN,NaN,NaN,6,360,NaN,NaN,NaN,NaN,NaN,NaN,NaN,NaN,NaN,1.8942336,0.0656762303990223,1.95990983039902,1.95990983039902,9,63.6052215029049,1.39968,2.3887872,0.288360308534023,0.0831516675378368,0.0239776405063291,23.9776405063291
0,1,2,NaN,2,Refractivo,550,30,NaN,NaN,NaN,NaN,NaN,NaN,6,360,NaN,NaN,NaN,NaN,NaN,NaN,NaN,NaN,NaN,1.6443,0.330168526784278,1.97446852678428,1.97446852678428,57,343.646629912301,0.81,1.3824,0.275075126804974,0.0756663253867726,0.0208139240506329,20.8139240506329
0,1,1,NaN,3,Refractivo,570,35,NaN,NaN,NaN,NaN,NaN,NaN,6,360,NaN,NaN,NaN,NaN,NaN,NaN,NaN,NaN,NaN,1.740725,0.247193424226029,1.98791842422603,1.98791842422603,40,248.856379836943,1.28625,2.1952,0.280350299963633,0.0785962906896992,0.0220344936708861,22.0344936708861
0,1,2,NaN,2,Refractivo,490,27,NaN,NaN,NaN,NaN,NaN,NaN,6,360,NaN,NaN,NaN,NaN,NaN,NaN,NaN,NaN,NaN,1.1986947,0.824755550979781,2.02345025097978,2.02345025097978,183,995.71637714418,0.59049,1.0077696,0.247567614124477,0.0612897235632858,0.0151733506329114,15.1733506329114
0,1,2,NaN,2,Refractivo,480,26,NaN,NaN,NaN,NaN,NaN,NaN,6,360,NaN,NaN,NaN,NaN,NaN,NaN,NaN,NaN,NaN,1.0703784,0.961150550308466,2.03152895030847,2.03152895030847,229,1223.22283023615,0.52728,0.8998912,0.238398443230978,0.0568338177349537,0.0135490936708861,13.5490936708861
0,1,2,NaN,2,Refractivo,540,30,NaN,NaN,NaN,NaN,NaN,NaN,6,360,NaN,NaN,NaN,NaN,NaN,NaN,NaN,NaN,NaN,1.6443,0.393417135851938,2.03771713585194,2.03771713585194,68,403.375502347481,0.81,1.3824,0.275075126804974,0.0756663253867726,0.0208139240506329,20.8139240506329
0,1,1,NaN,3,Refractivo,600,36,NaN,NaN,NaN,NaN,NaN,NaN,6,360,NaN,NaN,NaN,NaN,NaN,NaN,NaN,NaN,NaN,1.8942336,0.157842509759294,2.05207610975929,2.05207610975929,23,149.66216631797,1.39968,2.3887872,0.288360308534023,0.0831516675378368,0.0239776405063291,23.9776405063291
0,1,2,NaN,2,Refractivo,570,31,NaN,NaN,NaN,NaN,NaN,NaN,6,360,NaN,NaN,NaN,NaN,NaN,NaN,NaN,NaN,NaN,1.8142719,0.250808026259185,2.06507992625918,2.06507992625918,39,242.63497034102,0.89373,1.5252992,0.284244297698473,0.0807948207740983,0.0229654670886076,22.9654670886076
0,1,1,NaN,3,Refractivo,590,36,NaN,NaN,NaN,NaN,NaN,NaN,6,360,NaN,NaN,NaN,NaN,NaN,NaN,NaN,NaN,NaN,1.8942336,0.183656118414581,2.07788971841458,2.07788971841458,27,173.130823659846,1.39968,2.3887872,0.288360308534023,0.0831516675378368,0.0239776405063291,23.9776405063291
0,1,1,NaN,2,Refractivo,680,37,NaN,NaN,NaN,NaN,NaN,NaN,6,360,NaN,NaN,NaN,NaN,NaN,NaN,NaN,NaN,NaN,2.0565118,0.0485298442018033,2.1050416442018,2.1050416442018,6,43.5045471835892,1.51959,2.5934336,0.296370317104412,0.0878353648605699,0.0260317949367089,26.0317949367089
0,1,2,NaN,2,Refractivo,560,31,NaN,NaN,NaN,NaN,NaN,NaN,6,360,NaN,NaN,NaN,NaN,NaN,NaN,NaN,NaN,NaN,1.8142719,0.294111292923411,2.10838319292341,2.10838319292341,46,281.766548706837,0.89373,1.5252992,0.284244297698473,0.0807948207740983,0.0229654670886076,22.9654670886076
0,1,1,NaN,3,Refractivo,470,29,NaN,NaN,NaN,NaN,NaN,NaN,6,360,NaN,NaN,NaN,NaN,NaN,NaN,NaN,NaN,NaN,0.9901934,1.15116991626782,2.14136331626782,2.14136331626782,282,1478.14678150613,0.73167,1.2487168,0.232290248541296,0.0539587595673771,0.0125340936708861,12.5340936708861
0,1,1,NaN,2,Refractivo,450,25,NaN,NaN,NaN,NaN,NaN,NaN,6,360,NaN,NaN,NaN,NaN,NaN,NaN,NaN,NaN,NaN,0.634375,1.54085863419754,2.17523363419754,2.17523363419754,474,2389.18082374483,0.46875,0.8,0.200250214259738,0.040100148311071,0.00803006329113924,8.03006329113924
0,1,2,NaN,2,Refractivo,590,32,NaN,NaN,NaN,NaN,NaN,NaN,6,360,NaN,NaN,NaN,NaN,NaN,NaN,NaN,NaN,NaN,1.9955712,0.193481342856514,2.18905254285651,2.18905254285651,27,173.130823659846,0.98304,1.6777216,0.293413468591972,0.0860914635511724,0.0252603949367089,25.2603949367089
0,1,1,NaN,3,Refractivo,610,37,NaN,NaN,NaN,NaN,NaN,NaN,6,360,NaN,NaN,NaN,NaN,NaN,NaN,NaN,NaN,NaN,2.0565118,0.142759596203824,2.19927139620382,2.19927139620382,19,125.427282159757,1.51959,2.5934336,0.296370317104412,0.0878353648605699,0.0260317949367089,26.0317949367089
0,1,2,NaN,2,Refractivo,580,32,NaN,NaN,NaN,NaN,NaN,NaN,6,360,NaN,NaN,NaN,NaN,NaN,NaN,NaN,NaN,NaN,1.9955712,0.227535500721372,2.22310670072137,2.22310670072137,32,202.145271559013,0.98304,1.6777216,0.293413468591972,0.0860914635511724,0.0252603949367089,25.2603949367089
0,1,1,NaN,2,Refractivo,700,38,NaN,NaN,NaN,NaN,NaN,NaN,6,360,NaN,NaN,NaN,NaN,NaN,NaN,NaN,NaN,NaN,2.2278032,0.0358065148043894,2.26360971480439,2.26360971480439,4,29.7307471188687,1.64616,2.8094464,0.304380325674802,0.0926473826578985,0.0282000405063291,28.2000405063291
0,1,2,NaN,2,Refractivo,470,26,NaN,NaN,NaN,NaN,NaN,NaN,6,360,NaN,NaN,NaN,NaN,NaN,NaN,NaN,NaN,NaN,1.0703784,1.20142143246386,2.27179983246386,2.27179983246386,275,1441.45519473116,0.52728,0.8998912,0.238398443230978,0.0568338177349537,0.0135490936708861,13.5490936708861
0,1,1,NaN,2,Refractivo,690,38,NaN,NaN,NaN,NaN,NaN,NaN,6,360,NaN,NaN,NaN,NaN,NaN,NaN,NaN,NaN,NaN,2.2278032,0.0442870963412255,2.27209029634123,2.27209029634123,5,36.7095951860301,1.64616,2.8094464,0.304380325674802,0.0926473826578985,0.0282000405063291,28.2000405063291
0,1,1,NaN,3,Refractivo,460,28,NaN,NaN,NaN,NaN,NaN,NaN,6,360,NaN,NaN,NaN,NaN,NaN,NaN,NaN,NaN,NaN,0.8912512,1.38431000383613,2.27556120383614,2.27556120383614,351,1804.59040879474,0.65856,1.1239424,0.224280239970907,0.0503016260414075,0.0112816607594937,11.2816607594937
0,1,2,NaN,2,Refractivo,610,33,NaN,NaN,NaN,NaN,NaN,NaN,6,360,NaN,NaN,NaN,NaN,NaN,NaN,NaN,NaN,NaN,2.1885633,0.143696362947272,2.33225966294727,2.33225966294727,18,118.825846256612,1.07811,1.8399744,0.302582639485472,0.0915562537179949,0.0277033329113924,27.7033329113924
0,1,1,NaN,3,Refractivo,630,38,NaN,NaN,NaN,NaN,NaN,NaN,6,360,NaN,NaN,NaN,NaN,NaN,NaN,NaN,NaN,NaN,2.2278032,0.107828677118629,2.33563187711863,2.33563187711863,13,88.256697692882,1.64616,2.8094464,0.304380325674802,0.0926473826578985,0.0282000405063291,28.2000405063291
0,1,1,NaN,3,Refractivo,620,38,NaN,NaN,NaN,NaN,NaN,NaN,6,360,NaN,NaN,NaN,NaN,NaN,NaN,NaN,NaN,NaN,2.2278032,0.131491862758673,2.35929506275867,2.35929506275867,16,107.126568277352,1.64616,2.8094464,0.304380325674802,0.0926473826578985,0.0282000405063291,28.2000405063291
0,1,2,NaN,2,Refractivo,600,33,NaN,NaN,NaN,NaN,NaN,NaN,6,360,NaN,NaN,NaN,NaN,NaN,NaN,NaN,NaN,NaN,2.1885633,0.174159348554228,2.36272264855423,2.36272264855423,22,143.155115608493,1.07811,1.8399744,0.302582639485472,0.0915562537179949,0.0277033329113924,27.7033329113924
0,1,2,NaN,2,Refractivo,460,25,NaN,NaN,NaN,NaN,NaN,NaN,6,360,NaN,NaN,NaN,NaN,NaN,NaN,NaN,NaN,NaN,0.9515625,1.42782707336327,2.37938957336327,2.37938957336327,343,1763.46014306723,0.46875,0.8,0.229229272337479,0.0525460592963699,0.0120450949367089,12.0450949367089
0,1,1,NaN,2,Refractivo,720,39,NaN,NaN,NaN,NaN,NaN,NaN,6,360,NaN,NaN,NaN,NaN,NaN,NaN,NaN,NaN,NaN,2.4083514,0.0296857147643579,2.43803711476436,2.43803711476436,3,22.8391508447767,1.77957,3.0371328,0.312390334245191,0.0975877209298224,0.0304854607594937,30.4854607594937
0,1,1,NaN,2,Refractivo,710,39,NaN,NaN,NaN,NaN,NaN,NaN,6,360,NaN,NaN,NaN,NaN,NaN,NaN,NaN,NaN,NaN,2.4083514,0.0391825190257561,2.44753391902576,2.44753391902576,4,30.0922526886279,1.77957,3.0371328,0.312390334245191,0.0975877209298224,0.0304854607594937,30.4854607594937
0,1,2,NaN,3,Refractivo,500,30,NaN,NaN,NaN,NaN,NaN,NaN,6,360,NaN,NaN,NaN,NaN,NaN,NaN,NaN,NaN,NaN,1.6443,0.810659946215088,2.45495994621509,2.45495994621509,137,758.996948217853,0.81,1.3824,0.275075126804974,0.0756663253867726,0.0208139240506329,20.8139240506329
0,1,1,NaN,3,Refractivo,650,39,NaN,NaN,NaN,NaN,NaN,NaN,6,360,NaN,NaN,NaN,NaN,NaN,NaN,NaN,NaN,NaN,2.4083514,0.0823935654032116,2.49074496540321,2.49074496540321,9,62.7740347161489,1.77957,3.0371328,0.312390334245191,0.0975877209298224,0.0304854607594937,30.4854607594937
0,1,1,NaN,3,Refractivo,450,27,NaN,NaN,NaN,NaN,NaN,NaN,6,360,NaN,NaN,NaN,NaN,NaN,NaN,NaN,NaN,NaN,0.7991298,1.70845581105275,2.50758561105275,2.50758561105275,439,2212.76451819405,0.59049,1.0077696,0.216270231400517,0.0467728129900332,0.0101155670886076,10.1155670886076
0,1,1,NaN,3,Refractivo,640,39,NaN,NaN,NaN,NaN,NaN,NaN,6,360,NaN,NaN,NaN,NaN,NaN,NaN,NaN,NaN,NaN,2.4083514,0.0996797142097638,2.50803111420976,2.50803111420976,11,75.7035044372178,1.77957,3.0371328,0.312390334245191,0.0975877209298224,0.0304854607594937,30.4854607594937
0,1,2,NaN,2,Refractivo,630,34,NaN,NaN,NaN,NaN,NaN,NaN,6,360,NaN,NaN,NaN,NaN,NaN,NaN,NaN,NaN,NaN,2.3936136,0.115854123928523,2.50946772392852,2.50946772392852,13,88.256697692882,1.17912,2.0123648,0.311751810378971,0.0971891912745657,0.0302989063291139,30.2989063291139
0,1,2,NaN,3,Refractivo,530,32,NaN,NaN,NaN,NaN,NaN,NaN,6,360,NaN,NaN,NaN,NaN,NaN,NaN,NaN,NaN,NaN,1.9955712,0.530212622927605,2.52578382292761,2.52578382292761,76,443.434978412879,0.98304,1.6777216,0.293413468591972,0.0860914635511724,0.0252603949367089,25.2603949367089
0,1,2,NaN,2,Refractivo,620,34,NaN,NaN,NaN,NaN,NaN,NaN,6,360,NaN,NaN,NaN,NaN,NaN,NaN,NaN,NaN,NaN,2.3936136,0.132230619312951,2.52584421931295,2.52584421931295,15,100.431157760017,1.17912,2.0123648,0.311751810378971,0.0971891912745657,0.0302989063291139,30.2989063291139
0,1,2,NaN,3,Refractivo,510,31,NaN,NaN,NaN,NaN,NaN,NaN,6,360,NaN,NaN,NaN,NaN,NaN,NaN,NaN,NaN,NaN,1.8142719,0.712740236520953,2.52701213652095,2.52701213652095,111,625.899986815094,0.89373,1.5252992,0.284244297698473,0.0807948207740983,0.0229654670886076,22.9654670886076
0,2,1,NaN,2,Refractivo,520,28,NaN,NaN,NaN,NaN,NaN,NaN,6,180,NaN,NaN,NaN,NaN,NaN,NaN,NaN,NaN,NaN,0.8912512,0.383689787428062,1.27494098742806,2.54988197485612,118,676.956582562747,0.65856,1.1239424,0.224280239970907,0.0503016260414075,0.0112816607594937,11.2816607594937
0,1,1,NaN,2,Refractivo,440,24,NaN,NaN,NaN,NaN,NaN,NaN,6,360,NaN,NaN,NaN,NaN,NaN,NaN,NaN,NaN,NaN,0.5612544,1.99123276606248,2.55248716606248,2.55248716606248,598,2953.64206771197,0.41472,0.7077888,0.192240205689349,0.036956296683483,0.00710448607594937,7.10448607594936
0,1,2,NaN,3,Refractivo,550,33,NaN,NaN,NaN,NaN,NaN,NaN,6,360,NaN,NaN,NaN,NaN,NaN,NaN,NaN,NaN,NaN,2.1885633,0.397890176344187,2.58645347634419,2.58645347634419,52,313.502188691924,1.07811,1.8399744,0.302582639485472,0.0915562537179949,0.0277033329113924,27.7033329113924
0,1,1,NaN,2,Refractivo,740,40,NaN,NaN,NaN,NaN,NaN,NaN,6,360,NaN,NaN,NaN,NaN,NaN,NaN,NaN,NaN,NaN,2.5984,0.0218150005598617,2.62021500055986,2.62021500055986,2,15.583729704631,1.92,3.2768,0.320400342815581,0.102656379676342,0.0328911392405063,32.8911392405063
0,1,2,NaN,3,Refractivo,520,32,NaN,NaN,NaN,NaN,NaN,NaN,6,360,NaN,NaN,NaN,NaN,NaN,NaN,NaN,NaN,NaN,1.9955712,0.628875564915519,2.62444676491552,2.62444676491552,90,516.322817208875,0.98304,1.6777216,0.293413468591972,0.0860914635511724,0.0252603949367089,25.2603949367089
0,1,1,NaN,2,Refractivo,730,40,NaN,NaN,NaN,NaN,NaN,NaN,6,360,NaN,NaN,NaN,NaN,NaN,NaN,NaN,NaN,NaN,2.5984,0.0324073612370072,2.63080736123701,2.63080736123701,3,23.1079504847703,1.92,3.2768,0.320400342815581,0.102656379676342,0.0328911392405063,32.8911392405063
0,1,2,NaN,3,Refractivo,490,30,NaN,NaN,NaN,NaN,NaN,NaN,6,360,NaN,NaN,NaN,NaN,NaN,NaN,NaN,NaN,NaN,1.6443,0.994164432250022,2.63846443225002,2.63846443225002,165,897.777061359507,0.81,1.3824,0.275075126804974,0.0756663253867726,0.0208139240506329,20.8139240506329
0,1,2,NaN,3,Refractivo,480,29,NaN,NaN,NaN,NaN,NaN,NaN,6,360,NaN,NaN,NaN,NaN,NaN,NaN,NaN,NaN,NaN,1.4852901,1.1537937387568,2.6390838387568,2.6390838387568,205,1095.02480435987,0.73167,1.2487168,0.265905955911475,0.0707059773891953,0.0188011405063291,18.8011405063291
0,2,1,NaN,2,Refractivo,500,27,NaN,NaN,NaN,NaN,NaN,NaN,6,180,NaN,NaN,NaN,NaN,NaN,NaN,NaN,NaN,NaN,0.7991298,0.531691475352444,1.33082127535244,2.66164255070489,175,969.521649183389,0.59049,1.0077696,0.216270231400517,0.0467728129900332,0.0101155670886076,10.1155670886076
0,1,2,NaN,3,Refractivo,540,33,NaN,NaN,NaN,NaN,NaN,NaN,6,360,NaN,NaN,NaN,NaN,NaN,NaN,NaN,NaN,NaN,2.1885633,0.473178597668511,2.66174189766851,2.66174189766851,62,367.783546257997,1.07811,1.8399744,0.302582639485472,0.0915562537179949,0.0277033329113924,27.7033329113924
0,2,1,NaN,2,Refractivo,530,29,NaN,NaN,NaN,NaN,NaN,NaN,6,180,NaN,NaN,NaN,NaN,NaN,NaN,NaN,NaN,NaN,0.9901934,0.342316424644113,1.33250982464411,2.66501964928823,96,560.128393784689,0.73167,1.2487168,0.232290248541296,0.0539587595673771,0.0125340936708861,12.5340936708861
0,1,1,NaN,3,Refractivo,660,40,NaN,NaN,NaN,NaN,NaN,NaN,6,360,NaN,NaN,NaN,NaN,NaN,NaN,NaN,NaN,NaN,2.5984,0.0799421378438787,2.67834213784388,2.67834213784388,8,56.5379746692488,1.92,3.2768,0.320400342815581,0.102656379676342,0.0328911392405063,32.8911392405063
0,1,2,NaN,2,Refractivo,650,35,NaN,NaN,NaN,NaN,NaN,NaN,6,360,NaN,NaN,NaN,NaN,NaN,NaN,NaN,NaN,NaN,2.6110875,0.0893294926582385,2.70041699265824,2.70041699265824,9,62.7740347161489,1.28625,2.1952,0.32092098127247,0.102990276220885,0.0330517405063291,33.0517405063291
0,2,1,NaN,2,Refractivo,550,30,NaN,NaN,NaN,NaN,NaN,NaN,6,180,NaN,NaN,NaN,NaN,NaN,NaN,NaN,NaN,NaN,1.0962,0.258366016348102,1.3545660163481,2.7091320326962,66,397.90662410898,0.81,1.3824,0.240300257111686,0.0577442135679422,0.0138759493670886,13.8759493670886
0,2,1,NaN,2,Refractivo,510,28,NaN,NaN,NaN,NaN,NaN,NaN,6,180,NaN,NaN,NaN,NaN,NaN,NaN,NaN,NaN,NaN,0.8912512,0.464601573458516,1.35585277345852,2.71170554691703,141,795.062145413768,0.65856,1.1239424,0.224280239970907,0.0503016260414075,0.0112816607594937,11.2816607594937
0,1,2,NaN,2,Refractivo,640,35,NaN,NaN,NaN,NaN,NaN,NaN,6,360,NaN,NaN,NaN,NaN,NaN,NaN,NaN,NaN,NaN,2.6110875,0.108070797217004,2.719158297217,2.719158297217,11,75.7035044372178,1.28625,2.1952,0.32092098127247,0.102990276220885,0.0330517405063291,33.0517405063291
0,1,2,NaN,3,Refractivo,560,34,NaN,NaN,NaN,NaN,NaN,NaN,6,360,NaN,NaN,NaN,NaN,NaN,NaN,NaN,NaN,NaN,2.3936136,0.352129254915125,2.74574285491513,2.74574285491513,42,257.265109688851,1.17912,2.0123648,0.311751810378971,0.0971891912745657,0.0302989063291139,30.2989063291139
0,1,2,NaN,2,Refractivo,450,25,NaN,NaN,NaN,NaN,NaN,NaN,6,360,NaN,NaN,NaN,NaN,NaN,NaN,NaN,NaN,NaN,0.9515625,1.85061872146899,2.80218122146899,2.80218122146899,414,2086.75287137207,0.46875,0.8,0.229229272337479,0.0525460592963699,0.0120450949367089,12.0450949367089
0,2,1,NaN,2,Refractivo,540,30,NaN,NaN,NaN,NaN,NaN,NaN,6,180,NaN,NaN,NaN,NaN,NaN,NaN,NaN,NaN,NaN,1.0962,0.305389143082147,1.40158914308215,2.80317828616429,78,462.695429163286,0.81,1.3824,0.240300257111686,0.0577442135679422,0.0138759493670886,13.8759493670886
0,2,1,NaN,2,Refractivo,570,31,NaN,NaN,NaN,NaN,NaN,NaN,6,180,NaN,NaN,NaN,NaN,NaN,NaN,NaN,NaN,NaN,1.2095146,0.194731815989384,1.40424641598938,2.80849283197877,45,279.963427316561,0.89373,1.5252992,0.248310265682075,0.0616579880431028,0.0153103113924051,15.3103113924051
0,1,1,NaN,2,Refractivo,750,41,NaN,NaN,NaN,NaN,NaN,NaN,6,360,NaN,NaN,NaN,NaN,NaN,NaN,NaN,NaN,NaN,2.7981926,0.0237612265999621,2.82195382659996,2.82195382659996,2,15.7613927612838,2.06763,3.5287552,0.32841035138597,0.107853358897457,0.0354201594936709,35.4201594936709
0,1,1,NaN,2,Refractivo,760,41,NaN,NaN,NaN,NaN,NaN,NaN,6,360,NaN,NaN,NaN,NaN,NaN,NaN,NaN,NaN,NaN,2.7981926,0.0240289531863704,2.82222155318637,2.82222155318637,2,15.9382935204885,2.06763,3.5287552,0.32841035138597,0.107853358897457,0.0354201594936709,35.4201594936709
0,1,1,NaN,3,Refractivo,680,41,NaN,NaN,NaN,NaN,NaN,NaN,6,360,NaN,NaN,NaN,NaN,NaN,NaN,NaN,NaN,NaN,2.7981926,0.0549292114108125,2.85312181141081,2.85312181141081,5,36.2537893196577,2.06763,3.5287552,0.32841035138597,0.107853358897457,0.0354201594936709,35.4201594936709
0,1,1,NaN,3,Refractivo,670,41,NaN,NaN,NaN,NaN,NaN,NaN,6,360,NaN,NaN,NaN,NaN,NaN,NaN,NaN,NaN,NaN,2.7981926,0.065189560510936,2.86338216051094,2.86338216051094,6,42.9552069929687,2.06763,3.5287552,0.32841035138597,0.107853358897457,0.0354201594936709,35.4201594936709
0,2,1,NaN,2,Refractivo,560,31,NaN,NaN,NaN,NaN,NaN,NaN,6,180,NaN,NaN,NaN,NaN,NaN,NaN,NaN,NaN,NaN,1.2095146,0.228345876474258,1.43786047647426,2.87572095294852,53,324.644066988312,0.89373,1.5252992,0.248310265682075,0.0616579880431028,0.0153103113924051,15.3103113924051
0,1,2,NaN,3,Refractivo,580,35,NaN,NaN,NaN,NaN,NaN,NaN,6,360,NaN,NaN,NaN,NaN,NaN,NaN,NaN,NaN,NaN,2.6110875,0.268541940755421,2.87962944075542,2.87962944075542,29,183.194152350356,1.28625,2.1952,0.32092098127247,0.102990276220885,0.0330517405063291,33.0517405063291
0,1,2,NaN,2,Refractivo,670,36,NaN,NaN,NaN,NaN,NaN,NaN,6,360,NaN,NaN,NaN,NaN,NaN,NaN,NaN,NaN,NaN,2.8413504,0.066195008818754,2.90754540881875,2.90754540881875,6,42.9552069929687,1.39968,2.3887872,0.330090152165969,0.108959508556953,0.0359664607594937,35.9664607594937
0,2,1,NaN,2,Refractivo,490,27,NaN,NaN,NaN,NaN,NaN,NaN,6,180,NaN,NaN,NaN,NaN,NaN,NaN,NaN,NaN,NaN,0.7991298,0.656015035448514,1.45514483544851,2.91028967089703,210,1142.62535082119,0.59049,1.0077696,0.216270231400517,0.0467728129900332,0.0101155670886076,10.1155670886076
0,1,2,NaN,3,Refractivo,470,29,NaN,NaN,NaN,NaN,NaN,NaN,6,360,NaN,NaN,NaN,NaN,NaN,NaN,NaN,NaN,NaN,1.4852901,1.43117236468083,2.91646246468084,2.91646246468084,246,1289.44719237769,0.73167,1.2487168,0.265905955911475,0.0707059773891953,0.0188011405063291,18.8011405063291
0,1,2,NaN,2,Refractivo,660,36,NaN,NaN,NaN,NaN,NaN,NaN,6,360,NaN,NaN,NaN,NaN,NaN,NaN,NaN,NaN,NaN,2.8413504,0.0874167277322813,2.92876712773228,2.92876712773228,8,56.5379746692488,1.39968,2.3887872,0.330090152165969,0.108959508556953,0.0359664607594937,35.9664607594937
0,1,2,NaN,3,Refractivo,570,35,NaN,NaN,NaN,NaN,NaN,NaN,6,360,NaN,NaN,NaN,NaN,NaN,NaN,NaN,NaN,NaN,2.6110875,0.3219422883124,2.9330297883124,2.9330297883124,35,217.749332357325,1.28625,2.1952,0.32092098127247,0.102990276220885,0.0330517405063291,33.0517405063291
0,2,1,NaN,2,Refractivo,590,32,NaN,NaN,NaN,NaN,NaN,NaN,6,180,NaN,NaN,NaN,NaN,NaN,NaN,NaN,NaN,NaN,1.3303808,0.14904049237007,1.47942129237007,2.95884258474014,31,198.779834572416,0.98304,1.6777216,0.256320274252465,0.0657000829928587,0.0168402632911392,16.8402632911392
0,2,1,NaN,2,Refractivo,480,26,NaN,NaN,NaN,NaN,NaN,NaN,6,180,NaN,NaN,NaN,NaN,NaN,NaN,NaN,NaN,NaN,0.7135856,0.768810650982507,1.48239625098251,2.96479250196501,262,1399.49511581603,0.52728,0.8998912,0.208260222830128,0.0433723204132544,0.00903272911392405,9.03272911392405
0,1,1,NaN,1,Refractivo,490,36,NaN,NaN,NaN,NaN,NaN,NaN,6,360,NaN,NaN,NaN,NaN,NaN,NaN,NaN,NaN,NaN,1.8942336,1.07742533140528,2.97165893140528,2.97165893140528,157,854.248476566318,1.39968,2.3887872,0.288360308534023,0.0831516675378368,0.0239776405063291,23.9776405063291
0,1,1,NaN,1,Refractivo,500,37,NaN,NaN,NaN,NaN,NaN,NaN,6,360,NaN,NaN,NaN,NaN,NaN,NaN,NaN,NaN,NaN,2.0565118,0.926518584753955,2.98303038475395,2.98303038475395,127,703.595711121659,1.51959,2.5934336,0.296370317104412,0.0878353648605699,0.0260317949367089,26.0317949367089
0,1,1,NaN,1,Refractivo,530,39,NaN,NaN,NaN,NaN,NaN,NaN,6,360,NaN,NaN,NaN,NaN,NaN,NaN,NaN,NaN,NaN,2.4083514,0.593401882647022,3.00175328264702,3.00175328264702,71,414.261624569926,1.77957,3.0371328,0.312390334245191,0.0975877209298224,0.0304854607594937,30.4854607594937
0,2,1,NaN,2,Refractivo,580,32,NaN,NaN,NaN,NaN,NaN,NaN,6,180,NaN,NaN,NaN,NaN,NaN,NaN,NaN,NaN,NaN,1.3303808,0.171725288337656,1.50210608833766,3.00421217667531,36,227.41343050389,0.98304,1.6777216,0.256320274252465,0.0657000829928587,0.0168402632911392,16.8402632911392
0,1,1,NaN,2,Refractivo,770,42,NaN,NaN,NaN,NaN,NaN,NaN,6,360,NaN,NaN,NaN,NaN,NaN,NaN,NaN,NaN,NaN,3.0079728,0.0130328278051461,3.02100562780515,3.02100562780515,1,8.05721799172443,2.22264,3.7933056,0.33642035995636,0.113178658593167,0.0380756050632911,38.0756050632911
0,1,1,NaN,2,Refractivo,780,42,NaN,NaN,NaN,NaN,NaN,NaN,6,360,NaN,NaN,NaN,NaN,NaN,NaN,NaN,NaN,NaN,3.0079728,0.0131749580229682,3.02114775802297,3.02114775802297,1,8.14491206267576,2.22264,3.7933056,0.33642035995636,0.113178658593167,0.0380756050632911,38.0756050632911
0,1,2,NaN,3,Refractivo,460,28,NaN,NaN,NaN,NaN,NaN,NaN,6,360,NaN,NaN,NaN,NaN,NaN,NaN,NaN,NaN,NaN,1.3368768,1.69784736764896,3.03472416764896,3.03472416764896,306,1573.23266407747,0.65856,1.1239424,0.256736785017976,0.0659137767813664,0.0169224911392405,16.9224911392405
0,1,1,NaN,1,Refractivo,510,38,NaN,NaN,NaN,NaN,NaN,NaN,6,360,NaN,NaN,NaN,NaN,NaN,NaN,NaN,NaN,NaN,2.2278032,0.811761440663901,3.0395646406639,3.0395646406639,104,586.428816475403,1.64616,2.8094464,0.304380325674802,0.0926473826578985,0.0282000405063291,28.2000405063291
0,1,2,NaN,3,Refractivo,600,36,NaN,NaN,NaN,NaN,NaN,NaN,6,360,NaN,NaN,NaN,NaN,NaN,NaN,NaN,NaN,NaN,2.8413504,0.2048923145097,3.0462427145097,3.0462427145097,20,130.141014189539,1.39968,2.3887872,0.330090152165969,0.108959508556953,0.0359664607594937,35.9664607594937
0,1,1,NaN,3,Refractivo,700,42,NaN,NaN,NaN,NaN,NaN,NaN,6,360,NaN,NaN,NaN,NaN,NaN,NaN,NaN,NaN,NaN,3.0079728,0.0483458424848301,3.05631864248483,3.05631864248483,4,29.7307471188687,2.22264,3.7933056,0.33642035995636,0.113178658593167,0.0380756050632911,38.0756050632911
0,1,1,NaN,3,Refractivo,690,42,NaN,NaN,NaN,NaN,NaN,NaN,6,360,NaN,NaN,NaN,NaN,NaN,NaN,NaN,NaN,NaN,3.0079728,0.0597962967219841,3.06776909672198,3.06776909672198,5,36.7095951860301,2.22264,3.7933056,0.33642035995636,0.113178658593167,0.0380756050632911,38.0756050632911
0,1,1,NaN,3,Refractivo,440,27,NaN,NaN,NaN,NaN,NaN,NaN,6,360,NaN,NaN,NaN,NaN,NaN,NaN,NaN,NaN,NaN,0.7991298,2.28138621682343,3.08051601682343,3.08051601682343,531,2622.71561530946,0.59049,1.0077696,0.216270231400517,0.0467728129900332,0.0101155670886076,10.1155670886076
0,1,2,NaN,3,Refractivo,590,36,NaN,NaN,NaN,NaN,NaN,NaN,6,360,NaN,NaN,NaN,NaN,NaN,NaN,NaN,NaN,NaN,2.8413504,0.24371315457407,3.08506355457407,3.08506355457407,24,153.894065475419,1.39968,2.3887872,0.330090152165969,0.108959508556953,0.0359664607594937,35.9664607594937
0,1,1,NaN,1,Refractivo,520,39,NaN,NaN,NaN,NaN,NaN,NaN,6,360,NaN,NaN,NaN,NaN,NaN,NaN,NaN,NaN,NaN,2.4083514,0.711591574420503,3.1199429744205,3.1199429744205,85,487.638216252826,1.77957,3.0371328,0.312390334245191,0.0975877209298224,0.0304854607594937,30.4854607594937
0,1,1,NaN,1,Refractivo,540,40,NaN,NaN,NaN,NaN,NaN,NaN,6,360,NaN,NaN,NaN,NaN,NaN,NaN,NaN,NaN,NaN,2.5984,0.522422256747414,3.12082225674741,3.12082225674741,58,344.055575531675,1.92,3.2768,0.320400342815581,0.102656379676342,0.0328911392405063,32.8911392405063
0,2,1,NaN,2,Refractivo,610,33,NaN,NaN,NaN,NaN,NaN,NaN,6,180,NaN,NaN,NaN,NaN,NaN,NaN,NaN,NaN,NaN,1.4590422,0.112310786683686,1.57135298668369,3.14270597336737,21,138.630153966047,1.07811,1.8399744,0.264330282822854,0.0698704984172101,0.0184688886075949,18.4688886075949
0,1,2,NaN,2,Refractivo,680,37,NaN,NaN,NaN,NaN,NaN,NaN,6,360,NaN,NaN,NaN,NaN,NaN,NaN,NaN,NaN,NaN,3.0847677,0.0605547513586255,3.14532245135863,3.14532245135863,5,36.2537893196577,1.51959,2.5934336,0.339259323059468,0.115096888282769,0.0390476924050633,39.0476924050633
0,1,2,NaN,2,Refractivo,440,24,NaN,NaN,NaN,NaN,NaN,NaN,6,360,NaN,NaN,NaN,NaN,NaN,NaN,NaN,NaN,NaN,0.8418816,2.33200071912589,3.17388231912589,3.17388231912589,522,2578.26280827032,0.41472,0.7077888,0.220060101443979,0.0484264482475345,0.010656729113924,10.656729113924
0,2,1,NaN,2,Refractivo,600,33,NaN,NaN,NaN,NaN,NaN,NaN,6,180,NaN,NaN,NaN,NaN,NaN,NaN,NaN,NaN,NaN,1.4590422,0.132576569317153,1.59161876931715,3.18323753863431,25,162.676267736924,1.07811,1.8399744,0.264330282822854,0.0698704984172101,0.0184688886075949,18.4688886075949
0,1,1,NaN,1,Refractivo,480,36,NaN,NaN,NaN,NaN,NaN,NaN,6,360,NaN,NaN,NaN,NaN,NaN,NaN,NaN,NaN,NaN,1.8942336,1.32627070821972,3.22050430821972,3.22050430821972,189,1009.55945377569,1.39968,2.3887872,0.288360308534023,0.0831516675378368,0.0239776405063291,23.9776405063291
0,1,1,NaN,2,Refractivo,790,43,NaN,NaN,NaN,NaN,NaN,NaN,6,360,NaN,NaN,NaN,NaN,NaN,NaN,NaN,NaN,NaN,3.2279842,0.0142904906104577,3.24227469061046,3.24227469061046,1,8.23223094783316,2.38521,4.0707584,0.344430368526749,0.118632278763472,0.0408605594936709,40.8605594936709
0,1,1,NaN,2,Refractivo,800,43,NaN,NaN,NaN,NaN,NaN,NaN,6,360,NaN,NaN,NaN,NaN,NaN,NaN,NaN,NaN,NaN,3.2279842,0.0144417278025383,3.24242592780254,3.24242592780254,1,8.31917660912859,2.38521,4.0707584,0.344430368526749,0.118632278763472,0.0408605594936709,40.8605594936709
0,1,2,NaN,3,Refractivo,450,27,NaN,NaN,NaN,NaN,NaN,NaN,6,360,NaN,NaN,NaN,NaN,NaN,NaN,NaN,NaN,NaN,1.1986947,2.06333823668141,3.26203293668141,3.26203293668141,383,1930.49842931281,0.59049,1.0077696,0.247567614124477,0.0612897235632858,0.0151733506329114,15.1733506329114
0,1,2,NaN,3,Refractivo,610,37,NaN,NaN,NaN,NaN,NaN,NaN,6,360,NaN,NaN,NaN,NaN,NaN,NaN,NaN,NaN,NaN,3.0847677,0.179450652241885,3.26421835224188,3.26421835224188,16,105.622974450322,1.51959,2.5934336,0.339259323059468,0.115096888282769,0.0390476924050633,39.0476924050633
0,1,1,NaN,1,Refractivo,550,41,NaN,NaN,NaN,NaN,NaN,NaN,6,360,NaN,NaN,NaN,NaN,NaN,NaN,NaN,NaN,NaN,2.7981926,0.466769030123875,3.26496163012387,3.26496163012387,48,289.386635715622,2.06763,3.5287552,0.32841035138597,0.107853358897457,0.0354201594936709,35.4201594936709
0,1,1,NaN,3,Refractivo,710,43,NaN,NaN,NaN,NaN,NaN,NaN,6,360,NaN,NaN,NaN,NaN,NaN,NaN,NaN,NaN,NaN,3.2279842,0.0393157361697661,3.26729993616977,3.26729993616977,3,22.5691895164709,2.38521,4.0707584,0.344430368526749,0.118632278763472,0.0408605594936709,40.8605594936709
0,1,1,NaN,1,Refractivo,470,35,NaN,NaN,NaN,NaN,NaN,NaN,6,360,NaN,NaN,NaN,NaN,NaN,NaN,NaN,NaN,NaN,1.740725,1.55983930684676,3.30056430684676,3.30056430684676,233,1221.30567408131,1.28625,2.1952,0.280350299963633,0.0785962906896992,0.0220344936708861,22.0344936708861
0,1,1,NaN,2,Korsch,520,40,NaN,NaN,NaN,NaN,NaN,NaN,6,360,NaN,NaN,NaN,NaN,NaN,NaN,NaN,NaN,NaN,2.5984,0.747502947041588,3.34590294704159,3.34590294704159,83,476.164375870407,1.92,3.2768,0.320400342815581,0.102656379676342,0.0328911392405063,32.8911392405063
0,1,1,NaN,2,Refractivo,430,24,NaN,NaN,NaN,NaN,NaN,NaN,6,360,NaN,NaN,NaN,NaN,NaN,NaN,NaN,NaN,NaN,0.5612544,2.79199639694274,3.35325079694274,3.35325079694274,724,3502.33949098452,0.41472,0.7077888,0.192240205689349,0.036956296683483,0.00710448607594937,7.10448607594936
0,1,1,NaN,1,Refractivo,570,42,NaN,NaN,NaN,NaN,NaN,NaN,6,360,NaN,NaN,NaN,NaN,NaN,NaN,NaN,NaN,NaN,3.0079728,0.348606479051626,3.35657927905163,3.35657927905163,33,205.306513365478,2.22264,3.7933056,0.33642035995636,0.113178658593167,0.0380756050632911,38.0756050632911
0,2,1,NaN,2,Refractivo,470,26,NaN,NaN,NaN,NaN,NaN,NaN,6,180,NaN,NaN,NaN,NaN,NaN,NaN,NaN,NaN,NaN,0.7135856,0.967280364547655,1.68086596454766,3.36173192909531,314,1645.8797496203,0.52728,0.8998912,0.208260222830128,0.0433723204132544,0.00903272911392405,9.03272911392405
0,2,1,NaN,2,Refractivo,630,34,NaN,NaN,NaN,NaN,NaN,NaN,6,180,NaN,NaN,NaN,NaN,NaN,NaN,NaN,NaN,NaN,1.5957424,0.0894165279385088,1.68515892793851,3.37031785587702,15,101.834651184095,1.17912,2.0123648,0.272340291393244,0.0741692343161569,0.020199270886076,20.1992708860759
0,2,1,NaN,2,Refractivo,620,34,NaN,NaN,NaN,NaN,NaN,NaN,6,180,NaN,NaN,NaN,NaN,NaN,NaN,NaN,NaN,NaN,1.5957424,0.100237333813653,1.69597973381365,3.39195946762731,17,113.821978794686,1.17912,2.0123648,0.272340291393244,0.0741692343161569,0.020199270886076,20.1992708860759
0,1,2,NaN,2,Refractivo,690,38,NaN,NaN,NaN,NaN,NaN,NaN,6,360,NaN,NaN,NaN,NaN,NaN,NaN,NaN,NaN,NaN,3.3417048,0.0530491599701082,3.39475395997011,3.39475395997011,4,29.3676761488241,1.64616,2.8094464,0.348428493952967,0.121402415398333,0.0423000607594937,42.3000607594937
0,1,2,NaN,2,Refractivo,700,38,NaN,NaN,NaN,NaN,NaN,NaN,6,360,NaN,NaN,NaN,NaN,NaN,NaN,NaN,NaN,NaN,3.3417048,0.053709772206584,3.39541457220658,3.39541457220658,4,29.7307471188687,1.64616,2.8094464,0.348428493952967,0.121402415398333,0.0423000607594937,42.3000607594937
0,1,1,NaN,2,Korsch,490,38,NaN,NaN,NaN,NaN,NaN,NaN,6,360,NaN,NaN,NaN,NaN,NaN,NaN,NaN,NaN,NaN,2.2278032,1.18903336581387,3.41683656581387,3.41683656581387,149,810.71989177313,1.64616,2.8094464,0.304380325674802,0.0926473826578985,0.0282000405063291,28.2000405063291
0,1,1,NaN,1,Refractivo,560,42,NaN,NaN,NaN,NaN,NaN,NaN,6,360,NaN,NaN,NaN,NaN,NaN,NaN,NaN,NaN,NaN,3.0079728,0.409026208150004,3.41699900815,3.41699900815,39,238.889030425362,2.22264,3.7933056,0.33642035995636,0.113178658593167,0.0380756050632911,38.0756050632911
0,1,1,NaN,2,Korsch,500,39,NaN,NaN,NaN,NaN,NaN,NaN,6,360,NaN,NaN,NaN,NaN,NaN,NaN,NaN,NaN,NaN,2.4083514,1.02495859095078,3.43330999095078,3.43330999095078,121,670.354968863943,1.77957,3.0371328,0.312390334245191,0.0975877209298224,0.0304854607594937,30.4854607594937
0,1,1,NaN,2,Korsch,480,37,NaN,NaN,NaN,NaN,NaN,NaN,6,360,NaN,NaN,NaN,NaN,NaN,NaN,NaN,NaN,NaN,2.0565118,1.39196375104836,3.44847555104836,3.44847555104836,184,982.85153171813,1.51959,2.5934336,0.296370317104412,0.0878353648605699,0.0260317949367089,26.0317949367089
0,1,1,NaN,2,Korsch,530,41,NaN,NaN,NaN,NaN,NaN,NaN,6,360,NaN,NaN,NaN,NaN,NaN,NaN,NaN,NaN,NaN,2.7981926,0.657418058054471,3.45561065805447,3.45561065805447,68,396.757612264155,2.06763,3.5287552,0.32841035138597,0.107853358897457,0.0354201594936709,35.4201594936709
0,1,1,NaN,1,Refractivo,460,34,NaN,NaN,NaN,NaN,NaN,NaN,6,360,NaN,NaN,NaN,NaN,NaN,NaN,NaN,NaN,NaN,1.5957424,1.86872486073189,3.46446726073189,3.46446726073189,289,1485.8308494065,1.17912,2.0123648,0.272340291393244,0.0741692343161569,0.020199270886076,20.1992708860759
0,2,1,NaN,3,Refractivo,500,30,NaN,NaN,NaN,NaN,NaN,NaN,6,180,NaN,NaN,NaN,NaN,NaN,NaN,NaN,NaN,NaN,1.0962,0.637442576972377,1.73364257697238,3.46728515394475,157,869.79942241024,0.81,1.3824,0.240300257111686,0.0577442135679422,0.0138759493670886,13.8759493670886
0,1,1,NaN,2,Refractivo,810,44,NaN,NaN,NaN,NaN,NaN,NaN,6,360,NaN,NaN,NaN,NaN,NaN,NaN,NaN,NaN,NaN,3.4584704,0.0156342543461544,3.47410465434615,3.47410465434615,1,8.40575099581929,2.55552,4.3614208,0.352440377097139,0.124214219408374,0.0437781063291139,43.7781063291139
0,2,1,NaN,3,Refractivo,530,32,NaN,NaN,NaN,NaN,NaN,NaN,6,180,NaN,NaN,NaN,NaN,NaN,NaN,NaN,NaN,NaN,1.3303808,0.411269940939439,1.74165074093944,3.48330148187888,87,507.616356867375,0.98304,1.6777216,0.256320274252465,0.0657000829928587,0.0168402632911392,16.8402632911392
0,1,1,NaN,3,Refractivo,730,44,NaN,NaN,NaN,NaN,NaN,NaN,6,360,NaN,NaN,NaN,NaN,NaN,NaN,NaN,NaN,NaN,3.4584704,0.0287020633364749,3.48717246333647,3.48717246333647,2,15.4053003231802,2.55552,4.3614208,0.352440377097139,0.124214219408374,0.0437781063291139,43.7781063291139
0,1,2,NaN,3,Refractivo,630,38,NaN,NaN,NaN,NaN,NaN,NaN,6,360,NaN,NaN,NaN,NaN,NaN,NaN,NaN,NaN,NaN,3.3417048,0.149052476788126,3.49075727678813,3.49075727678813,12,81.4677209472757,1.64616,2.8094464,0.348428493952967,0.121402415398333,0.0423000607594937,42.3000607594937
0,1,1,NaN,2,Korsch,510,40,NaN,NaN,NaN,NaN,NaN,NaN,6,360,NaN,NaN,NaN,NaN,NaN,NaN,NaN,NaN,NaN,2.5984,0.894815693838735,3.49321569383874,3.49321569383874,99,558.235123375624,1.92,3.2768,0.320400342815581,0.102656379676342,0.0328911392405063,32.8911392405063
0,1,1,NaN,3,Refractivo,720,44,NaN,NaN,NaN,NaN,NaN,NaN,6,360,NaN,NaN,NaN,NaN,NaN,NaN,NaN,NaN,NaN,3.4584704,0.0426296452483532,3.50110004524835,3.50110004524835,3,22.8391508447767,2.55552,4.3614208,0.352440377097139,0.124214219408374,0.0437781063291139,43.7781063291139
0,1,2,NaN,3,Refractivo,620,38,NaN,NaN,NaN,NaN,NaN,NaN,6,360,NaN,NaN,NaN,NaN,NaN,NaN,NaN,NaN,NaN,3.3417048,0.172015622325188,3.51372042232519,3.51372042232519,14,93.7357472426829,1.64616,2.8094464,0.348428493952967,0.121402415398333,0.0423000607594937,42.3000607594937
0,2,1,NaN,3,Refractivo,510,31,NaN,NaN,NaN,NaN,NaN,NaN,6,180,NaN,NaN,NaN,NaN,NaN,NaN,NaN,NaN,NaN,1.2095146,0.55641633530854,1.76593093530854,3.53186187061708,127,716.119804734387,0.89373,1.5252992,0.248310265682075,0.0616579880431028,0.0153103113924051,15.3103113924051
0,1,1,NaN,1,Refractivo,580,43,NaN,NaN,NaN,NaN,NaN,NaN,6,360,NaN,NaN,NaN,NaN,NaN,NaN,NaN,NaN,NaN,3.2279842,0.308127226898923,3.53611142689892,3.53611142689892,27,170.560072877917,2.38521,4.0707584,0.344430368526749,0.118632278763472,0.0408605594936709,40.8605594936709
0,2,1,NaN,3,Refractivo,550,33,NaN,NaN,NaN,NaN,NaN,NaN,6,180,NaN,NaN,NaN,NaN,NaN,NaN,NaN,NaN,NaN,1.4590422,0.309791868944511,1.76883406894451,3.53766813788902,60,361.733294644528,1.07811,1.8399744,0.264330282822854,0.0698704984172101,0.0184688886075949,18.4688886075949
0,1,1,NaN,2,Korsch,540,42,NaN,NaN,NaN,NaN,NaN,NaN,6,360,NaN,NaN,NaN,NaN,NaN,NaN,NaN,NaN,NaN,3.0079728,0.582181106570314,3.59015390657031,3.59015390657031,56,332.191590168513,2.22264,3.7933056,0.33642035995636,0.113178658593167,0.0380756050632911,38.0756050632911
0,2,1,NaN,2,Refractivo,460,25,NaN,NaN,NaN,NaN,NaN,NaN,6,180,NaN,NaN,NaN,NaN,NaN,NaN,NaN,NaN,NaN,0.634375,1.17232883943532,1.80670383943532,3.61340767887064,393,2020.5243038642,0.46875,0.8,0.200250214259738,0.040100148311071,0.00803006329113924,8.03006329113924
0,2,1,NaN,2,Refractivo,650,35,NaN,NaN,NaN,NaN,NaN,NaN,6,180,NaN,NaN,NaN,NaN,NaN,NaN,NaN,NaN,NaN,1.740725,0.0730365246929643,1.81376152469296,3.62752304938593,11,76.7238202086264,1.28625,2.1952,0.280350299963633,0.0785962906896992,0.0220344936708861,22.0344936708861
0,2,1,NaN,2,Refractivo,640,35,NaN,NaN,NaN,NaN,NaN,NaN,6,180,NaN,NaN,NaN,NaN,NaN,NaN,NaN,NaN,NaN,1.740725,0.0787298617912322,1.81945486179123,3.63890972358247,12,82.5856412042376,1.28625,2.1952,0.280350299963633,0.0785962906896992,0.0220344936708861,22.0344936708861
0,2,1,NaN,3,Refractivo,520,32,NaN,NaN,NaN,NaN,NaN,NaN,6,180,NaN,NaN,NaN,NaN,NaN,NaN,NaN,NaN,NaN,1.3303808,0.494490761325159,1.82487156132516,3.64974312265032,104,596.639699885811,0.98304,1.6777216,0.256320274252465,0.0657000829928587,0.0168402632911392,16.8402632911392
0,2,1,NaN,3,Refractivo,540,33,NaN,NaN,NaN,NaN,NaN,NaN,6,180,NaN,NaN,NaN,NaN,NaN,NaN,NaN,NaN,NaN,1.4590422,0.3661323436522,1.8251745436522,3.6503490873044,71,421.171480392222,1.07811,1.8399744,0.264330282822854,0.0698704984172101,0.0184688886075949,18.4688886075949
0,1,2,NaN,2,Refractivo,710,39,NaN,NaN,NaN,NaN,NaN,NaN,6,360,NaN,NaN,NaN,NaN,NaN,NaN,NaN,NaN,NaN,3.6125271,0.0439993362946851,3.65652643629469,3.65652643629469,3,22.5691895164709,1.77957,3.0371328,0.357597664846466,0.127876089903646,0.0457281911392405,45.7281911392405
1,2,2,2,2,Refractivo,520,28,170,6.55908966064453,327.68,157.68,92.7529411764706,97.4778412093475,6,180,0.250243397131858,717.036741353436,0.117,4.17857142857143,0.3342192,0.091,0.008722,0.000873964,0.2365328,1.3368768,0.491405905813753,1.82828270581375,3.65656541162751,103,590.902779694601,0.65856,1.1239424,0.256736785017976,0.0659137767813664,0.0169224911392405,16.9224911392405
0,1,2,NaN,2,Refractivo,720,39,NaN,NaN,NaN,NaN,NaN,NaN,6,360,NaN,NaN,NaN,NaN,NaN,NaN,NaN,NaN,NaN,3.6125271,0.0445285721465368,3.65705567214654,3.65705567214654,3,22.8391508447767,1.77957,3.0371328,0.357597664846466,0.127876089903646,0.0457281911392405,45.7281911392405
0,1,1,NaN,2,Refractivo,820,45,NaN,NaN,NaN,NaN,NaN,NaN,6,360,NaN,NaN,NaN,NaN,NaN,NaN,NaN,NaN,NaN,3.699675,0,3.699675,3.699675,0,0,2.73375,4.6656,0.360450385667529,0.12992448052787,0.046831329113924,46.831329113924
0,1,1,NaN,2,Refractivo,830,45,NaN,NaN,NaN,NaN,NaN,NaN,6,360,NaN,NaN,NaN,NaN,NaN,NaN,NaN,NaN,NaN,3.699675,0,3.699675,3.699675,0,0,2.73375,4.6656,0.360450385667529,0.12992448052787,0.046831329113924,46.831329113924
0,1,2,NaN,3,Refractivo,650,39,NaN,NaN,NaN,NaN,NaN,NaN,6,360,NaN,NaN,NaN,NaN,NaN,NaN,NaN,NaN,NaN,3.6125271,0.109670419268599,3.7221975192686,3.7221975192686,8,55.7991419699101,1.77957,3.0371328,0.357597664846466,0.127876089903646,0.0457281911392405,45.7281911392405
0,1,1,NaN,3,Refractivo,430,26,NaN,NaN,NaN,NaN,NaN,NaN,6,360,NaN,NaN,NaN,NaN,NaN,NaN,NaN,NaN,NaN,0.7135856,3.01309562189162,3.72668122189162,3.72668122189162,668,3231.44030383655,0.52728,0.8998912,0.208260222830128,0.0433723204132544,0.00903272911392405,9.03272911392405
0,1,1,NaN,1,Refractivo,590,44,NaN,NaN,NaN,NaN,NaN,NaN,6,360,NaN,NaN,NaN,NaN,NaN,NaN,NaN,NaN,NaN,3.4584704,0.271065765366627,3.72953616536663,3.72953616536663,22,141.069560019134,2.55552,4.3614208,0.352440377097139,0.124214219408374,0.0437781063291139,43.7781063291139
0,1,1,NaN,3,Refractivo,740,45,NaN,NaN,NaN,NaN,NaN,NaN,6,360,NaN,NaN,NaN,NaN,NaN,NaN,NaN,NaN,NaN,3.699675,0.0310608113440218,3.73073581134402,3.73073581134402,2,15.583729704631,2.73375,4.6656,0.360450385667529,0.12992448052787,0.046831329113924,46.831329113924
0,1,1,NaN,3,Refractivo,750,45,NaN,NaN,NaN,NaN,NaN,NaN,6,360,NaN,NaN,NaN,NaN,NaN,NaN,NaN,NaN,NaN,3.699675,0.0314162849337871,3.73109128493379,3.73109128493379,2,15.7613927612838,2.73375,4.6656,0.360450385667529,0.12992448052787,0.046831329113924,46.831329113924
0,1,1,NaN,2,Korsch,550,43,NaN,NaN,NaN,NaN,NaN,NaN,6,360,NaN,NaN,NaN,NaN,NaN,NaN,NaN,NaN,NaN,3.2279842,0.514476469700671,3.74246066970067,3.74246066970067,46,277.328859227471,2.38521,4.0707584,0.344430368526749,0.118632278763472,0.0408605594936709,40.8605594936709
0,2,1,NaN,3,Refractivo,560,34,NaN,NaN,NaN,NaN,NaN,NaN,6,180,NaN,NaN,NaN,NaN,NaN,NaN,NaN,NaN,NaN,1.5957424,0.276823713861324,1.87256611386132,3.74513222772265,49,300.142627970326,1.17912,2.0123648,0.272340291393244,0.0741692343161569,0.020199270886076,20.1992708860759
0,2,2,NaN,2,Refractivo,500,27,NaN,NaN,NaN,NaN,NaN,NaN,6,180,NaN,NaN,NaN,NaN,NaN,NaN,NaN,NaN,NaN,1.1986947,0.675367775967364,1.87406247596736,3.74812495193473,153,847.638927571763,0.59049,1.0077696,0.247567614124477,0.0612897235632858,0.0151733506329114,15.1733506329114
0,1,2,NaN,3,Refractivo,640,39,NaN,NaN,NaN,NaN,NaN,NaN,6,360,NaN,NaN,NaN,NaN,NaN,NaN,NaN,NaN,NaN,3.6125271,0.135697527329933,3.74822462732993,3.74822462732993,10,68.821367670198,1.77957,3.0371328,0.357597664846466,0.127876089903646,0.0457281911392405,45.7281911392405
0,2,1,NaN,3,Refractivo,490,30,NaN,NaN,NaN,NaN,NaN,NaN,6,180,NaN,NaN,NaN,NaN,NaN,NaN,NaN,NaN,NaN,1.0962,0.785704879139303,1.8819048791393,3.76380975827861,189,1028.36281573907,0.81,1.3824,0.240300257111686,0.0577442135679422,0.0138759493670886,13.8759493670886
0,1,1,NaN,2,Korsch,470,37,NaN,NaN,NaN,NaN,NaN,NaN,6,360,NaN,NaN,NaN,NaN,NaN,NaN,NaN,NaN,NaN,2.0565118,1.71874731681547,3.77525911681547,3.77525911681547,221,1158.40581103849,1.51959,2.5934336,0.296370317104412,0.0878353648605699,0.0260317949367089,26.0317949367089
0,2,1,NaN,3,Refractivo,480,29,NaN,NaN,NaN,NaN,NaN,NaN,6,180,NaN,NaN,NaN,NaN,NaN,NaN,NaN,NaN,NaN,0.9901934,0.920326943071035,1.91052034307103,3.82104068614207,235,1255.27233670522,0.73167,1.2487168,0.232290248541296,0.0539587595673771,0.0125340936708861,12.5340936708861
0,3,1,NaN,2,Refractivo,520,28,NaN,NaN,NaN,NaN,NaN,NaN,6,120,NaN,NaN,NaN,NaN,NaN,NaN,NaN,NaN,NaN,0.8912512,0.383689787428062,1.27494098742806,3.82482296228419,118,676.956582562747,0.65856,1.1239424,0.224280239970907,0.0503016260414075,0.0112816607594937,11.2816607594937
0,1,1,NaN,2,Korsch,570,44,NaN,NaN,NaN,NaN,NaN,NaN,6,360,NaN,NaN,NaN,NaN,NaN,NaN,NaN,NaN,NaN,3.4584704,0.375364980683302,3.8338353806833,3.8338353806833,31,192.863694373631,2.55552,4.3614208,0.352440377097139,0.124214219408374,0.0437781063291139,43.7781063291139
0,2,2,NaN,2,Refractivo,530,29,NaN,NaN,NaN,NaN,NaN,NaN,6,180,NaN,NaN,NaN,NaN,NaN,NaN,NaN,NaN,NaN,1.4852901,0.441359696730885,1.92664979673088,3.85329959346177,84,490.112344561603,0.73167,1.2487168,0.265905955911475,0.0707059773891953,0.0188011405063291,18.8011405063291
0,2,2,NaN,2,Refractivo,510,28,NaN,NaN,NaN,NaN,NaN,NaN,6,180,NaN,NaN,NaN,NaN,NaN,NaN,NaN,NaN,NaN,1.3368768,0.592182020425913,1.92905882042591,3.85811764085183,123,693.564850254564,0.65856,1.1239424,0.256736785017976,0.0659137767813664,0.0169224911392405,16.9224911392405
0,2,1,NaN,3,Refractivo,580,35,NaN,NaN,NaN,NaN,NaN,NaN,6,180,NaN,NaN,NaN,NaN,NaN,NaN,NaN,NaN,NaN,1.740725,0.205001249196627,1.94572624919663,3.89145249839325,33,208.462311295232,1.28625,2.1952,0.280350299963633,0.0785962906896992,0.0220344936708861,22.0344936708861
0,2,1,NaN,2,Refractivo,670,36,NaN,NaN,NaN,NaN,NaN,NaN,6,180,NaN,NaN,NaN,NaN,NaN,NaN,NaN,NaN,NaN,1.8942336,0.0515753446378106,1.94580894463781,3.89161788927562,7,50.1144081584634,1.39968,2.3887872,0.288360308534023,0.0831516675378368,0.0239776405063291,23.9776405063291
0,1,1,NaN,1,Refractivo,610,45,NaN,NaN,NaN,NaN,NaN,NaN,6,360,NaN,NaN,NaN,NaN,NaN,NaN,NaN,NaN,NaN,3.699675,0.201443012856765,3.90111801285676,3.90111801285676,15,99.0215385471765,2.73375,4.6656,0.360450385667529,0.12992448052787,0.046831329113924,46.831329113924
0,1,1,NaN,2,Korsch,560,44,NaN,NaN,NaN,NaN,NaN,NaN,6,360,NaN,NaN,NaN,NaN,NaN,NaN,NaN,NaN,NaN,3.4584704,0.444811418224357,3.90328181822436,3.90328181822436,37,226.638310916369,2.55552,4.3614208,0.352440377097139,0.124214219408374,0.0437781063291139,43.7781063291139
0,1,2,NaN,3,Refractivo,440,27,NaN,NaN,NaN,NaN,NaN,NaN,6,360,NaN,NaN,NaN,NaN,NaN,NaN,NaN,NaN,NaN,1.1986947,2.7152527063266,3.9139474063266,3.9139474063266,464,2291.78916290695,0.59049,1.0077696,0.247567614124477,0.0612897235632858,0.0151733506329114,15.1733506329114
0,2,1,NaN,2,Refractivo,660,36,NaN,NaN,NaN,NaN,NaN,NaN,6,180,NaN,NaN,NaN,NaN,NaN,NaN,NaN,NaN,NaN,1.8942336,0.0656762303990223,1.95990983039902,3.91981966079804,9,63.6052215029049,1.39968,2.3887872,0.288360308534023,0.0831516675378368,0.0239776405063291,23.9776405063291
0,1,2,NaN,2,Refractivo,730,40,NaN,NaN,NaN,NaN,NaN,NaN,6,360,NaN,NaN,NaN,NaN,NaN,NaN,NaN,NaN,NaN,3.8976,0.0323464275016622,3.92994642750166,3.92994642750166,2,15.4053003231802,1.92,3.2768,0.366766835739966,0.134517911798707,0.0493367088607595,49.3367088607595
0,1,2,NaN,2,Refractivo,740,40,NaN,NaN,NaN,NaN,NaN,NaN,6,360,NaN,NaN,NaN,NaN,NaN,NaN,NaN,NaN,NaN,3.8976,0.0327225008397925,3.93032250083979,3.93032250083979,2,15.583729704631,1.92,3.2768,0.366766835739966,0.134517911798707,0.0493367088607595,49.3367088607595
0,1,1,NaN,1,Refractivo,600,45,NaN,NaN,NaN,NaN,NaN,NaN,6,360,NaN,NaN,NaN,NaN,NaN,NaN,NaN,NaN,NaN,3.699675,0.239339453985908,3.93901445398591,3.93901445398591,18,117.126912770585,2.73375,4.6656,0.360450385667529,0.12992448052787,0.046831329113924,46.831329113924
0,1,1,NaN,2,Korsch,460,36,NaN,NaN,NaN,NaN,NaN,NaN,6,360,NaN,NaN,NaN,NaN,NaN,NaN,NaN,NaN,NaN,1.8942336,2.04903897508087,3.94327257508087,3.94327257508087,273,1403.57031795147,1.39968,2.3887872,0.288360308534023,0.0831516675378368,0.0239776405063291,23.9776405063291
0,2,2,NaN,2,Refractivo,550,30,NaN,NaN,NaN,NaN,NaN,NaN,6,180,NaN,NaN,NaN,NaN,NaN,NaN,NaN,NaN,NaN,1.6443,0.330168526784278,1.97446852678428,3.94893705356856,57,343.646629912301,0.81,1.3824,0.275075126804974,0.0756663253867726,0.0208139240506329,20.8139240506329
0,1,1,NaN,2,Refractivo,840,46,NaN,NaN,NaN,NaN,NaN,NaN,6,360,NaN,NaN,NaN,NaN,NaN,NaN,NaN,NaN,NaN,3.9518416,0,3.9518416,3.9518416,0,0,2.92008,4.9836032,0.368460394237918,0.135763062121962,0.0500233113924051,50.023311392405
0,1,1,NaN,2,Refractivo,850,46,NaN,NaN,NaN,NaN,NaN,NaN,6,360,NaN,NaN,NaN,NaN,NaN,NaN,NaN,NaN,NaN,3.9518416,0,3.9518416,3.9518416,0,0,2.92008,4.9836032,0.368460394237918,0.135763062121962,0.0500233113924051,50.023311392405
0,1,1,NaN,3,Refractivo,760,46,NaN,NaN,NaN,NaN,NaN,NaN,6,360,NaN,NaN,NaN,NaN,NaN,NaN,NaN,NaN,NaN,3.9518416,0.0169348617351577,3.96877646173516,3.96877646173516,1,7.96914676024426,2.92008,4.9836032,0.368460394237918,0.135763062121962,0.0500233113924051,50.023311392405
0,1,1,NaN,1,Refractivo,450,34,NaN,NaN,NaN,NaN,NaN,NaN,6,360,NaN,NaN,NaN,NaN,NaN,NaN,NaN,NaN,NaN,1.5957424,2.37548010815334,3.97122250815334,3.97122250815334,348,1754.08212376203,1.17912,2.0123648,0.272340291393244,0.0741692343161569,0.020199270886076,20.1992708860759
0,2,1,NaN,3,Refractivo,570,35,NaN,NaN,NaN,NaN,NaN,NaN,6,180,NaN,NaN,NaN,NaN,NaN,NaN,NaN,NaN,NaN,1.740725,0.247193424226029,1.98791842422603,3.97583684845206,40,248.856379836943,1.28625,2.1952,0.280350299963633,0.0785962906896992,0.0220344936708861,22.0344936708861
0,3,1,NaN,2,Refractivo,500,27,NaN,NaN,NaN,NaN,NaN,NaN,6,120,NaN,NaN,NaN,NaN,NaN,NaN,NaN,NaN,NaN,0.7991298,0.531691475352444,1.33082127535244,3.99246382605733,175,969.521649183389,0.59049,1.0077696,0.216270231400517,0.0467728129900332,0.0101155670886076,10.1155670886076
0,3,1,NaN,2,Refractivo,530,29,NaN,NaN,NaN,NaN,NaN,NaN,6,120,NaN,NaN,NaN,NaN,NaN,NaN,NaN,NaN,NaN,0.9901934,0.342316424644113,1.33250982464411,3.99752947393234,96,560.128393784689,0.73167,1.2487168,0.232290248541296,0.0539587595673771,0.0125340936708861,12.5340936708861
0,1,2,NaN,3,Refractivo,660,40,NaN,NaN,NaN,NaN,NaN,NaN,6,360,NaN,NaN,NaN,NaN,NaN,NaN,NaN,NaN,NaN,3.8976,0.104742537679754,4.00234253767976,4.00234253767976,7,49.4707278355927,1.92,3.2768,0.366766835739966,0.134517911798707,0.0493367088607595,49.3367088607595
0,1,2,NaN,2,Refractivo,430,24,NaN,NaN,NaN,NaN,NaN,NaN,6,360,NaN,NaN,NaN,NaN,NaN,NaN,NaN,NaN,NaN,0.8418816,3.18981618500496,4.03169778500496,4.03169778500496,632,3057.29082638428,0.41472,0.7077888,0.220060101443979,0.0484264482475345,0.010656729113924,10.656729113924
0,1,1,NaN,2,Korsch,580,45,NaN,NaN,NaN,NaN,NaN,NaN,6,360,NaN,NaN,NaN,NaN,NaN,NaN,NaN,NaN,NaN,3.699675,0.339541962819342,4.03921696281934,4.03921696281934,26,164.243033141698,2.73375,4.6656,0.360450385667529,0.12992448052787,0.046831329113924,46.831329113924
0,2,2,NaN,2,Refractivo,490,27,NaN,NaN,NaN,NaN,NaN,NaN,6,180,NaN,NaN,NaN,NaN,NaN,NaN,NaN,NaN,NaN,1.1986947,0.824755550979781,2.02345025097978,4.04690050195956,183,995.71637714418,0.59049,1.0077696,0.247567614124477,0.0612897235632858,0.0151733506329114,15.1733506329114
0,2,2,NaN,2,Refractivo,480,26,NaN,NaN,NaN,NaN,NaN,NaN,6,180,NaN,NaN,NaN,NaN,NaN,NaN,NaN,NaN,NaN,1.0703784,0.961150550308466,2.03152895030847,4.06305790061693,229,1223.22283023615,0.52728,0.8998912,0.238398443230978,0.0568338177349537,0.0135490936708861,13.5490936708861
0,3,1,NaN,2,Refractivo,550,30,NaN,NaN,NaN,NaN,NaN,NaN,6,120,NaN,NaN,NaN,NaN,NaN,NaN,NaN,NaN,NaN,1.0962,0.258366016348102,1.3545660163481,4.06369804904431,66,397.90662410898,0.81,1.3824,0.240300257111686,0.0577442135679422,0.0138759493670886,13.8759493670886
0,3,1,NaN,2,Refractivo,510,28,NaN,NaN,NaN,NaN,NaN,NaN,6,120,NaN,NaN,NaN,NaN,NaN,NaN,NaN,NaN,NaN,0.8912512,0.464601573458516,1.35585277345852,4.06755832037555,141,795.062145413768,0.65856,1.1239424,0.224280239970907,0.0503016260414075,0.0112816607594937,11.2816607594937
1,2,2,1,2,Refractivo,540,30,160,5.35329818725586,163.84,3.84,2.4,97.554441391658,6,180,0.253397956029759,740.434104570814,0.1215,4.05,0.411075,0.0975,0.0100125,0.0010749375,0.290925,1.6443,0.393417135851938,2.03771713585194,4.07543427170388,68,403.375502347481,0.81,1.3824,0.275075126804974,0.0756663253867726,0.0208139240506329,20.8139240506329
0,2,1,NaN,3,Refractivo,600,36,NaN,NaN,NaN,NaN,NaN,NaN,6,180,NaN,NaN,NaN,NaN,NaN,NaN,NaN,NaN,NaN,1.8942336,0.157842509759294,2.05207610975929,4.10415221951859,23,149.66216631797,1.39968,2.3887872,0.288360308534023,0.0831516675378368,0.0239776405063291,23.9776405063291
0,2,2,NaN,2,Refractivo,570,31,NaN,NaN,NaN,NaN,NaN,NaN,6,180,NaN,NaN,NaN,NaN,NaN,NaN,NaN,NaN,NaN,1.8142719,0.250808026259185,2.06507992625918,4.13015985251837,39,242.63497034102,0.89373,1.5252992,0.284244297698473,0.0807948207740983,0.0229654670886076,22.9654670886076
0,1,1,NaN,1,Refractivo,620,46,NaN,NaN,NaN,NaN,NaN,NaN,6,360,NaN,NaN,NaN,NaN,NaN,NaN,NaN,NaN,NaN,3.9518416,0.188581933236554,4.14042353323655,4.14042353323655,13,87.0403367253484,2.92008,4.9836032,0.368460394237918,0.135763062121962,0.0500233113924051,50.023311392405
0,2,1,NaN,3,Refractivo,590,36,NaN,NaN,NaN,NaN,NaN,NaN,6,180,NaN,NaN,NaN,NaN,NaN,NaN,NaN,NaN,NaN,1.8942336,0.183656118414581,2.07788971841458,4.15577943682916,27,173.130823659846,1.39968,2.3887872,0.288360308534023,0.0831516675378368,0.0239776405063291,23.9776405063291
0,3,1,NaN,2,Refractivo,540,30,NaN,NaN,NaN,NaN,NaN,NaN,6,120,NaN,NaN,NaN,NaN,NaN,NaN,NaN,NaN,NaN,1.0962,0.305389143082147,1.40158914308215,4.20476742924644,78,462.695429163286,0.81,1.3824,0.240300257111686,0.0577442135679422,0.0138759493670886,13.8759493670886
0,2,1,NaN,2,Refractivo,680,37,NaN,NaN,NaN,NaN,NaN,NaN,6,180,NaN,NaN,NaN,NaN,NaN,NaN,NaN,NaN,NaN,2.0565118,0.0485298442018033,2.1050416442018,4.21008328840361,6,43.5045471835892,1.51959,2.5934336,0.296370317104412,0.0878353648605699,0.0260317949367089,26.0317949367089
0,1,2,NaN,1,Refractivo,490,36,NaN,NaN,NaN,NaN,NaN,NaN,6,360,NaN,NaN,NaN,NaN,NaN,NaN,NaN,NaN,NaN,2.8413504,1.37095158806781,4.21230198806781,4.21230198806781,137,745.427014583348,1.39968,2.3887872,0.330090152165969,0.108959508556953,0.0359664607594937,35.9664607594937
0,3,1,NaN,2,Refractivo,570,31,NaN,NaN,NaN,NaN,NaN,NaN,6,120,NaN,NaN,NaN,NaN,NaN,NaN,NaN,NaN,NaN,1.2095146,0.194731815989384,1.40424641598938,4.21273924796815,45,279.963427316561,0.89373,1.5252992,0.248310265682075,0.0616579880431028,0.0153103113924051,15.3103113924051
0,1,1,NaN,2,Refractivo,860,47,NaN,NaN,NaN,NaN,NaN,NaN,6,360,NaN,NaN,NaN,NaN,NaN,NaN,NaN,NaN,NaN,4.2152138,0,4.2152138,4.2152138,0,0,3.11469,5.3157376,0.376470402808308,0.141729964190649,0.0533571367088608,53.3571367088608
0,1,1,NaN,2,Refractivo,870,47,NaN,NaN,NaN,NaN,NaN,NaN,6,360,NaN,NaN,NaN,NaN,NaN,NaN,NaN,NaN,NaN,4.2152138,0,4.2152138,4.2152138,0,0,3.11469,5.3157376,0.376470402808308,0.141729964190649,0.0533571367088608,53.3571367088608
0,1,2,NaN,2,Refractivo,760,41,NaN,NaN,NaN,NaN,NaN,NaN,6,360,NaN,NaN,NaN,NaN,NaN,NaN,NaN,NaN,NaN,4.1972889,0.0179866792191296,4.21527557921913,4.21527557921913,1,7.96914676024426,2.06763,3.5287552,0.375936006633465,0.141327881083516,0.0531302392405063,53.1302392405063
0,2,2,NaN,2,Refractivo,560,31,NaN,NaN,NaN,NaN,NaN,NaN,6,180,NaN,NaN,NaN,NaN,NaN,NaN,NaN,NaN,NaN,1.8142719,0.294111292923411,2.10838319292341,4.21676638584682,46,281.766548706837,0.89373,1.5252992,0.284244297698473,0.0807948207740983,0.0229654670886076,22.9654670886076
0,1,1,NaN,2,Korsch,450,35,NaN,NaN,NaN,NaN,NaN,NaN,6,360,NaN,NaN,NaN,NaN,NaN,NaN,NaN,NaN,NaN,1.740725,2.48184137735186,4.22256637735186,4.22256637735186,338,1703.67746503324,1.28625,2.1952,0.280350299963633,0.0785962906896992,0.0220344936708861,22.0344936708861
0,1,2,NaN,2,Refractivo,750,41,NaN,NaN,NaN,NaN,NaN,NaN,6,360,NaN,NaN,NaN,NaN,NaN,NaN,NaN,NaN,NaN,4.1972889,0.0356418398999431,4.23293073989994,4.23293073989994,2,15.7613927612838,2.06763,3.5287552,0.375936006633465,0.141327881083516,0.0531302392405063,53.1302392405063
0,1,1,NaN,3,Refractivo,770,47,NaN,NaN,NaN,NaN,NaN,NaN,6,360,NaN,NaN,NaN,NaN,NaN,NaN,NaN,NaN,NaN,4.2152138,0.0182635147556106,4.23347731475561,4.23347731475561,1,8.05721799172443,3.11469,5.3157376,0.376470402808308,0.141729964190649,0.0533571367088608,53.3571367088608
0,1,1,NaN,3,Refractivo,780,47,NaN,NaN,NaN,NaN,NaN,NaN,6,360,NaN,NaN,NaN,NaN,NaN,NaN,NaN,NaN,NaN,4.2152138,0.0184626885166104,4.23367648851661,4.23367648851661,1,8.14491206267576,3.11469,5.3157376,0.376470402808308,0.141729964190649,0.0533571367088608,53.3571367088608
0,1,1,NaN,2,Korsch,590,46,NaN,NaN,NaN,NaN,NaN,NaN,6,360,NaN,NaN,NaN,NaN,NaN,NaN,NaN,NaN,NaN,3.9518416,0.295188733944333,4.24703033394433,4.24703033394433,21,134.657307290991,2.92008,4.9836032,0.368460394237918,0.135763062121962,0.0500233113924051,50.023311392405
0,1,2,NaN,1,Refractivo,500,37,NaN,NaN,NaN,NaN,NaN,NaN,6,360,NaN,NaN,NaN,NaN,NaN,NaN,NaN,NaN,NaN,3.0847677,1.18732804718089,4.27209574718089,4.27209574718089,111,614.95373176775,1.51959,2.5934336,0.339259323059468,0.115096888282769,0.0390476924050633,39.0476924050633
0,1,2,NaN,3,Refractivo,680,41,NaN,NaN,NaN,NaN,NaN,NaN,6,360,NaN,NaN,NaN,NaN,NaN,NaN,NaN,NaN,NaN,4.1972889,0.0823938171162187,4.27968271711622,4.27968271711622,5,36.2537893196577,2.06763,3.5287552,0.375936006633465,0.141327881083516,0.0531302392405063,53.1302392405063
0,2,1,NaN,3,Refractivo,470,29,NaN,NaN,NaN,NaN,NaN,NaN,6,180,NaN,NaN,NaN,NaN,NaN,NaN,NaN,NaN,NaN,0.9901934,1.15116991626782,2.14136331626782,4.28272663253563,282,1478.14678150613,0.73167,1.2487168,0.232290248541296,0.0539587595673771,0.0125340936708861,12.5340936708861
0,1,2,NaN,3,Refractivo,670,41,NaN,NaN,NaN,NaN,NaN,NaN,6,360,NaN,NaN,NaN,NaN,NaN,NaN,NaN,NaN,NaN,4.1972889,0.0977843407664041,4.2950732407664,4.2950732407664,6,42.9552069929687,2.06763,3.5287552,0.375936006633465,0.141327881083516,0.0531302392405063,53.1302392405063
0,3,1,NaN,2,Refractivo,560,31,NaN,NaN,NaN,NaN,NaN,NaN,6,120,NaN,NaN,NaN,NaN,NaN,NaN,NaN,NaN,NaN,1.2095146,0.228345876474258,1.43786047647426,4.31358142942277,53,324.644066988312,0.89373,1.5252992,0.248310265682075,0.0616579880431028,0.0153103113924051,15.3103113924051
0,2,1,NaN,2,Refractivo,450,25,NaN,NaN,NaN,NaN,NaN,NaN,6,180,NaN,NaN,NaN,NaN,NaN,NaN,NaN,NaN,NaN,0.634375,1.54085863419754,2.17523363419754,4.35046726839508,474,2389.18082374483,0.46875,0.8,0.200250214259738,0.040100148311071,0.00803006329113924,8.03006329113924
0,3,1,NaN,2,Refractivo,490,27,NaN,NaN,NaN,NaN,NaN,NaN,6,120,NaN,NaN,NaN,NaN,NaN,NaN,NaN,NaN,NaN,0.7991298,0.656015035448514,1.45514483544851,4.36543450634554,210,1142.62535082119,0.59049,1.0077696,0.216270231400517,0.0467728129900332,0.0101155670886076,10.1155670886076
1,2,2,2,2,Refractivo,590,32,180,5.45560646057129,327.68,147.68,82.0444444444445,97.7484390384003,6,180,0.250982252704215,724.131158558174,0.13275,4.1484375,0.4988928,0.104,0.011392,0.001304576,0.3530752,1.9955712,0.193481342856514,2.18905254285651,4.37810508571303,27,173.130823659846,0.98304,1.6777216,0.293413468591972,0.0860914635511724,0.0252603949367089,25.2603949367089
0,1,2,NaN,1,Refractivo,530,39,NaN,NaN,NaN,NaN,NaN,NaN,6,360,NaN,NaN,NaN,NaN,NaN,NaN,NaN,NaN,NaN,3.6125271,0.767069320191378,4.37959642019138,4.37959642019138,62,361.749587652612,1.77957,3.0371328,0.357597664846466,0.127876089903646,0.0457281911392405,45.7281911392405
0,1,1,NaN,1,Refractivo,630,47,NaN,NaN,NaN,NaN,NaN,NaN,6,360,NaN,NaN,NaN,NaN,NaN,NaN,NaN,NaN,NaN,4.2152138,0.172059368739653,4.38727316873965,4.38727316873965,11,74.6787442016694,3.11469,5.3157376,0.376470402808308,0.141729964190649,0.0533571367088608,53.3571367088608
0,1,2,NaN,1,Refractivo,510,38,NaN,NaN,NaN,NaN,NaN,NaN,6,360,NaN,NaN,NaN,NaN,NaN,NaN,NaN,NaN,NaN,3.3417048,1.0457182160171,4.3874230160171,4.3874230160171,91,513.125214415978,1.64616,2.8094464,0.348428493952967,0.121402415398333,0.0423000607594937,42.3000607594937
0,2,1,NaN,3,Refractivo,610,37,NaN,NaN,NaN,NaN,NaN,NaN,6,180,NaN,NaN,NaN,NaN,NaN,NaN,NaN,NaN,NaN,2.0565118,0.142759596203824,2.19927139620382,4.39854279240765,19,125.427282159757,1.51959,2.5934336,0.296370317104412,0.0878353648605699,0.0260317949367089,26.0317949367089
0,1,1,NaN,1,Refractivo,440,33,NaN,NaN,NaN,NaN,NaN,NaN,6,360,NaN,NaN,NaN,NaN,NaN,NaN,NaN,NaN,NaN,1.4590422,2.97356724729805,4.43260944729805,4.43260944729805,435,2148.55234022526,1.07811,1.8399744,0.264330282822854,0.0698704984172101,0.0184688886075949,18.4688886075949
0,3,1,NaN,2,Refractivo,590,32,NaN,NaN,NaN,NaN,NaN,NaN,6,120,NaN,NaN,NaN,NaN,NaN,NaN,NaN,NaN,NaN,1.3303808,0.14904049237007,1.47942129237007,4.43826387711021,31,198.779834572416,0.98304,1.6777216,0.256320274252465,0.0657000829928587,0.0168402632911392,16.8402632911392
0,1,1,NaN,2,Korsch,610,47,NaN,NaN,NaN,NaN,NaN,NaN,6,360,NaN,NaN,NaN,NaN,NaN,NaN,NaN,NaN,NaN,4.2152138,0.229513502593447,4.44472730259345,4.44472730259345,15,99.0215385471765,3.11469,5.3157376,0.376470402808308,0.141729964190649,0.0533571367088608,53.3571367088608
0,2,2,NaN,2,Refractivo,580,32,NaN,NaN,NaN,NaN,NaN,NaN,6,180,NaN,NaN,NaN,NaN,NaN,NaN,NaN,NaN,NaN,1.9955712,0.227535500721372,2.22310670072137,4.44621340144275,32,202.145271559013,0.98304,1.6777216,0.293413468591972,0.0860914635511724,0.0252603949367089,25.2603949367089
0,3,1,NaN,2,Refractivo,480,26,NaN,NaN,NaN,NaN,NaN,NaN,6,120,NaN,NaN,NaN,NaN,NaN,NaN,NaN,NaN,NaN,0.7135856,0.768810650982507,1.48239625098251,4.44718875294752,262,1399.49511581603,0.52728,0.8998912,0.208260222830128,0.0433723204132544,0.00903272911392405,9.03272911392405
0,1,1,NaN,2,Refractivo,420,23,NaN,NaN,NaN,NaN,NaN,NaN,6,360,NaN,NaN,NaN,NaN,NaN,NaN,NaN,NaN,NaN,0.4939802,3.95646175130905,4.45044195130905,4.45044195130905,915,4332.81551724082,0.36501,0.6229504,0.184230197118959,0.0339407655304905,0.00625291392405063,6.25291392405063
0,1,1,NaN,2,Korsch,600,47,NaN,NaN,NaN,NaN,NaN,NaN,6,360,NaN,NaN,NaN,NaN,NaN,NaN,NaN,NaN,NaN,4.2152138,0.257128940810265,4.47234274081026,4.47234274081026,17,110.619862061109,3.11469,5.3157376,0.376470402808308,0.141729964190649,0.0533571367088608,53.3571367088608
0,1,1,NaN,2,Refractivo,880,48,NaN,NaN,NaN,NaN,NaN,NaN,6,360,NaN,NaN,NaN,NaN,NaN,NaN,NaN,NaN,NaN,4.4900352,0,4.4900352,4.4900352,0,0,3.31776,5.6623104,0.384480411378697,0.147825186733932,0.0568358886075949,56.8358886075949
0,1,1,NaN,2,Refractivo,890,48,NaN,NaN,NaN,NaN,NaN,NaN,6,360,NaN,NaN,NaN,NaN,NaN,NaN,NaN,NaN,NaN,4.4900352,0,4.4900352,4.4900352,0,0,3.31776,5.6623104,0.384480411378697,0.147825186733932,0.0568358886075949,56.8358886075949
0,3,1,NaN,2,Refractivo,580,32,NaN,NaN,NaN,NaN,NaN,NaN,6,120,NaN,NaN,NaN,NaN,NaN,NaN,NaN,NaN,NaN,1.3303808,0.171725288337656,1.50210608833766,4.50631826501297,36,227.41343050389,0.98304,1.6777216,0.256320274252465,0.0657000829928587,0.0168402632911392,16.8402632911392
0,1,1,NaN,3,Refractivo,790,48,NaN,NaN,NaN,NaN,NaN,NaN,6,360,NaN,NaN,NaN,NaN,NaN,NaN,NaN,NaN,NaN,4.4900352,0.0198776703635118,4.50991287036351,4.50991287036351,1,8.23223094783316,3.31776,5.6623104,0.384480411378697,0.147825186733932,0.0568358886075949,56.8358886075949
0,1,1,NaN,3,Refractivo,800,48,NaN,NaN,NaN,NaN,NaN,NaN,6,360,NaN,NaN,NaN,NaN,NaN,NaN,NaN,NaN,NaN,4.4900352,0.0200880370425033,4.5101232370425,4.5101232370425,1,8.31917660912859,3.31776,5.6623104,0.384480411378697,0.147825186733932,0.0568358886075949,56.8358886075949
0,1,2,NaN,1,Refractivo,480,36,NaN,NaN,NaN,NaN,NaN,NaN,6,360,NaN,NaN,NaN,NaN,NaN,NaN,NaN,NaN,NaN,2.8413504,1.67927916164682,4.52062956164682,4.52062956164682,165,881.36142789941,1.39968,2.3887872,0.330090152165969,0.108959508556953,0.0359664607594937,35.9664607594937
0,1,2,NaN,1,Refractivo,520,39,NaN,NaN,NaN,NaN,NaN,NaN,6,360,NaN,NaN,NaN,NaN,NaN,NaN,NaN,NaN,NaN,3.6125271,0.914536848314961,4.52706394831496,4.52706394831496,74,424.532094149519,1.77957,3.0371328,0.357597664846466,0.127876089903646,0.0457281911392405,45.7281911392405
0,2,1,NaN,2,Refractivo,700,38,NaN,NaN,NaN,NaN,NaN,NaN,6,180,NaN,NaN,NaN,NaN,NaN,NaN,NaN,NaN,NaN,2.2278032,0.0358065148043894,2.26360971480439,4.52721942960878,4,29.7307471188687,1.64616,2.8094464,0.304380325674802,0.0926473826578985,0.0282000405063291,28.2000405063291
0,1,2,NaN,2,Refractivo,770,42,NaN,NaN,NaN,NaN,NaN,NaN,6,360,NaN,NaN,NaN,NaN,NaN,NaN,NaN,NaN,NaN,4.5119592,0.0195492417077191,4.53150844170772,4.53150844170772,1,8.05721799172443,2.22264,3.7933056,0.385105177526964,0.148305997758074,0.0571134075949367,57.1134075949367
0,1,2,NaN,2,Refractivo,780,42,NaN,NaN,NaN,NaN,NaN,NaN,6,360,NaN,NaN,NaN,NaN,NaN,NaN,NaN,NaN,NaN,4.5119592,0.0197624370344523,4.53172163703445,4.53172163703445,1,8.14491206267576,2.22264,3.7933056,0.385105177526964,0.148305997758074,0.0571134075949367,57.1134075949367
0,2,2,NaN,2,Refractivo,470,26,NaN,NaN,NaN,NaN,NaN,NaN,6,180,NaN,NaN,NaN,NaN,NaN,NaN,NaN,NaN,NaN,1.0703784,1.20142143246386,2.27179983246386,4.54359966492772,275,1441.45519473116,0.52728,0.8998912,0.238398443230978,0.0568338177349537,0.0135490936708861,13.5490936708861
0,2,1,NaN,2,Refractivo,690,38,NaN,NaN,NaN,NaN,NaN,NaN,6,180,NaN,NaN,NaN,NaN,NaN,NaN,NaN,NaN,NaN,2.2278032,0.0442870963412255,2.27209029634123,4.54418059268245,5,36.7095951860301,1.64616,2.8094464,0.304380325674802,0.0926473826578985,0.0282000405063291,28.2000405063291
0,2,1,NaN,3,Refractivo,460,28,NaN,NaN,NaN,NaN,NaN,NaN,6,180,NaN,NaN,NaN,NaN,NaN,NaN,NaN,NaN,NaN,0.8912512,1.38431000383613,2.27556120383614,4.55112240767227,351,1804.59040879474,0.65856,1.1239424,0.224280239970907,0.0503016260414075,0.0112816607594937,11.2816607594937
0,1,2,NaN,3,Refractivo,430,26,NaN,NaN,NaN,NaN,NaN,NaN,6,360,NaN,NaN,NaN,NaN,NaN,NaN,NaN,NaN,NaN,1.0703784,3.49507138199724,4.56544978199724,4.56544978199724,584,2825.09152311458,0.52728,0.8998912,0.238398443230978,0.0568338177349537,0.0135490936708861,13.5490936708861
0,1,2,NaN,3,Refractivo,700,42,NaN,NaN,NaN,NaN,NaN,NaN,6,360,NaN,NaN,NaN,NaN,NaN,NaN,NaN,NaN,NaN,4.5119592,0.0542903349235818,4.56624953492358,4.56624953492358,3,22.2980603391516,2.22264,3.7933056,0.385105177526964,0.148305997758074,0.0571134075949367,57.1134075949367
0,1,2,NaN,1,Refractivo,470,35,NaN,NaN,NaN,NaN,NaN,NaN,6,360,NaN,NaN,NaN,NaN,NaN,NaN,NaN,NaN,NaN,2.6110875,1.96720005294991,4.57828755294991,4.57828755294991,204,1069.29767172784,1.28625,2.1952,0.32092098127247,0.102990276220885,0.0330517405063291,33.0517405063291
0,1,2,NaN,1,Refractivo,540,40,NaN,NaN,NaN,NaN,NaN,NaN,6,360,NaN,NaN,NaN,NaN,NaN,NaN,NaN,NaN,NaN,3.8976,0.681930603383326,4.57953060338333,4.57953060338333,51,302.53162676061,1.92,3.2768,0.366766835739966,0.134517911798707,0.0493367088607595,49.3367088607595
0,1,2,NaN,3,Refractivo,690,42,NaN,NaN,NaN,NaN,NaN,NaN,6,360,NaN,NaN,NaN,NaN,NaN,NaN,NaN,NaN,NaN,4.5119592,0.0716268071851832,4.58358600718518,4.58358600718518,4,29.3676761488241,2.22264,3.7933056,0.385105177526964,0.148305997758074,0.0571134075949367,57.1134075949367
0,1,1,NaN,1,Refractivo,650,48,NaN,NaN,NaN,NaN,NaN,NaN,6,360,NaN,NaN,NaN,NaN,NaN,NaN,NaN,NaN,NaN,4.4900352,0.136310131186217,4.62634533118622,4.62634533118622,8,55.7991419699101,3.31776,5.6623104,0.384480411378697,0.147825186733932,0.0568358886075949,56.8358886075949
0,1,1,NaN,1,Refractivo,640,48,NaN,NaN,NaN,NaN,NaN,NaN,6,360,NaN,NaN,NaN,NaN,NaN,NaN,NaN,NaN,NaN,4.4900352,0.151537479530499,4.6415726795305,4.6415726795305,9,61.9392309031782,3.31776,5.6623104,0.384480411378697,0.147825186733932,0.0568358886075949,56.8358886075949
0,2,2,NaN,2,Refractivo,610,33,NaN,NaN,NaN,NaN,NaN,NaN,6,180,NaN,NaN,NaN,NaN,NaN,NaN,NaN,NaN,NaN,2.1885633,0.143696362947272,2.33225966294727,4.66451932589454,18,118.825846256612,1.07811,1.8399744,0.302582639485472,0.0915562537179949,0.0277033329113924,27.7033329113924
0,2,1,NaN,3,Refractivo,630,38,NaN,NaN,NaN,NaN,NaN,NaN,6,180,NaN,NaN,NaN,NaN,NaN,NaN,NaN,NaN,NaN,2.2278032,0.107828677118629,2.33563187711863,4.67126375423726,13,88.256697692882,1.64616,2.8094464,0.304380325674802,0.0926473826578985,0.0282000405063291,28.2000405063291
0,1,1,NaN,2,Korsch,620,48,NaN,NaN,NaN,NaN,NaN,NaN,6,360,NaN,NaN,NaN,NaN,NaN,NaN,NaN,NaN,NaN,4.4900352,0.197457671066964,4.68749287106696,4.68749287106696,12,80.3449262080139,3.31776,5.6623104,0.384480411378697,0.147825186733932,0.0568358886075949,56.8358886075949
0,1,1,NaN,2,Korsch,440,34,NaN,NaN,NaN,NaN,NaN,NaN,6,360,NaN,NaN,NaN,NaN,NaN,NaN,NaN,NaN,NaN,1.5957424,3.09772319715712,4.69346559715712,4.69346559715712,422,2084.34273005761,1.17912,2.0123648,0.272340291393244,0.0741692343161569,0.020199270886076,20.1992708860759
0,3,1,NaN,2,Refractivo,610,33,NaN,NaN,NaN,NaN,NaN,NaN,6,120,NaN,NaN,NaN,NaN,NaN,NaN,NaN,NaN,NaN,1.4590422,0.112310786683686,1.57135298668369,4.71405896005106,21,138.630153966047,1.07811,1.8399744,0.264330282822854,0.0698704984172101,0.0184688886075949,18.4688886075949
0,1,2,NaN,1,Refractivo,460,34,NaN,NaN,NaN,NaN,NaN,NaN,6,360,NaN,NaN,NaN,NaN,NaN,NaN,NaN,NaN,NaN,2.3936136,2.3212586529604,4.7148722529604,4.7148722529604,252,1295.60337041674,1.17912,2.0123648,0.311751810378971,0.0971891912745657,0.0302989063291139,30.2989063291139
0,2,1,NaN,3,Refractivo,620,38,NaN,NaN,NaN,NaN,NaN,NaN,6,180,NaN,NaN,NaN,NaN,NaN,NaN,NaN,NaN,NaN,2.2278032,0.131491862758673,2.35929506275867,4.71859012551735,16,107.126568277352,1.64616,2.8094464,0.304380325674802,0.0926473826578985,0.0282000405063291,28.2000405063291
0,2,2,NaN,2,Refractivo,600,33,NaN,NaN,NaN,NaN,NaN,NaN,6,180,NaN,NaN,NaN,NaN,NaN,NaN,NaN,NaN,NaN,2.1885633,0.174159348554228,2.36272264855423,4.72544529710846,22,143.155115608493,1.07811,1.8399744,0.302582639485472,0.0915562537179949,0.0277033329113924,27.7033329113924
0,2,2,NaN,2,Refractivo,460,25,NaN,NaN,NaN,NaN,NaN,NaN,6,180,NaN,NaN,NaN,NaN,NaN,NaN,NaN,NaN,NaN,0.9515625,1.42782707336327,2.37938957336327,4.75877914672653,343,1763.46014306723,0.46875,0.8,0.229229272337479,0.0525460592963699,0.0120450949367089,12.0450949367089
0,3,1,NaN,2,Refractivo,600,33,NaN,NaN,NaN,NaN,NaN,NaN,6,120,NaN,NaN,NaN,NaN,NaN,NaN,NaN,NaN,NaN,1.4590422,0.132576569317153,1.59161876931715,4.77485630795146,25,162.676267736924,1.07811,1.8399744,0.264330282822854,0.0698704984172101,0.0184688886075949,18.4688886075949
0,1,1,NaN,2,Refractivo,900,49,NaN,NaN,NaN,NaN,NaN,NaN,6,360,NaN,NaN,NaN,NaN,NaN,NaN,NaN,NaN,NaN,4.7765494,0,4.7765494,4.7765494,0,0,3.52947,6.0236288,0.392490419949087,0.15404872975181,0.0604626506329114,60.4626506329114
0,1,1,NaN,2,Refractivo,910,49,NaN,NaN,NaN,NaN,NaN,NaN,6,360,NaN,NaN,NaN,NaN,NaN,NaN,NaN,NaN,NaN,4.7765494,0,4.7765494,4.7765494,0,0,3.52947,6.0236288,0.392490419949087,0.15404872975181,0.0604626506329114,60.4626506329114
0,1,1,NaN,3,Refractivo,810,49,NaN,NaN,NaN,NaN,NaN,NaN,6,360,NaN,NaN,NaN,NaN,NaN,NaN,NaN,NaN,NaN,4.7765494,0,4.7765494,4.7765494,0,0,3.52947,6.0236288,0.392490419949087,0.15404872975181,0.0604626506329114,60.4626506329114
0,1,2,NaN,1,Refractivo,550,41,NaN,NaN,NaN,NaN,NaN,NaN,6,360,NaN,NaN,NaN,NaN,NaN,NaN,NaN,NaN,NaN,4.1972889,0.607133752034535,4.80442265203453,4.80442265203453,42,253.213306251169,2.06763,3.5287552,0.375936006633465,0.141327881083516,0.0531302392405063,53.1302392405063
0,1,2,NaN,2,Korsch,480,37,NaN,NaN,NaN,NaN,NaN,NaN,6,360,NaN,NaN,NaN,NaN,NaN,NaN,NaN,NaN,NaN,3.0847677,1.7556092522958,4.8403769522958,4.8403769522958,160,854.653505841852,1.51959,2.5934336,0.339259323059468,0.115096888282769,0.0390476924050633,39.0476924050633
0,1,2,NaN,2,Korsch,520,40,NaN,NaN,NaN,NaN,NaN,NaN,6,360,NaN,NaN,NaN,NaN,NaN,NaN,NaN,NaN,NaN,3.8976,0.957262737215223,4.85486273721522,4.85486273721522,72,413.0582537671,1.92,3.2768,0.366766835739966,0.134517911798707,0.0493367088607595,49.3367088607595
0,1,2,NaN,2,Korsch,490,38,NaN,NaN,NaN,NaN,NaN,NaN,6,360,NaN,NaN,NaN,NaN,NaN,NaN,NaN,NaN,NaN,3.3417048,1.51500858113383,4.85671338113383,4.85671338113383,130,707.339502889308,1.64616,2.8094464,0.348428493952967,0.121402415398333,0.0423000607594937,42.3000607594937
0,1,2,NaN,2,Refractivo,790,43,NaN,NaN,NaN,NaN,NaN,NaN,6,360,NaN,NaN,NaN,NaN,NaN,NaN,NaN,NaN,NaN,4.8419763,0.0214357359156865,4.86341203591569,4.86341203591569,1,8.23223094783316,2.38521,4.0707584,0.394274348420463,0.155452261822381,0.0612908392405063,61.2908392405063
0,1,2,NaN,2,Refractivo,800,43,NaN,NaN,NaN,NaN,NaN,NaN,6,360,NaN,NaN,NaN,NaN,NaN,NaN,NaN,NaN,NaN,4.8419763,0.0216625917038074,4.86363889170381,4.86363889170381,1,8.31917660912859,2.38521,4.0707584,0.394274348420463,0.155452261822381,0.0612908392405063,61.2908392405063
0,2,1,NaN,2,Refractivo,720,39,NaN,NaN,NaN,NaN,NaN,NaN,6,180,NaN,NaN,NaN,NaN,NaN,NaN,NaN,NaN,NaN,2.4083514,0.0296857147643579,2.43803711476436,4.87607422952872,3,22.8391508447767,1.77957,3.0371328,0.312390334245191,0.0975877209298224,0.0304854607594937,30.4854607594937
0,1,1,NaN,1,Refractivo,660,49,NaN,NaN,NaN,NaN,NaN,NaN,6,360,NaN,NaN,NaN,NaN,NaN,NaN,NaN,NaN,NaN,4.7765494,0.109835254543352,4.88638465454335,4.88638465454335,6,42.4034810019366,3.52947,6.0236288,0.392490419949087,0.15404872975181,0.0604626506329114,60.4626506329114
0,2,1,NaN,2,Refractivo,710,39,NaN,NaN,NaN,NaN,NaN,NaN,6,180,NaN,NaN,NaN,NaN,NaN,NaN,NaN,NaN,NaN,2.4083514,0.0391825190257561,2.44753391902576,4.89506783805151,4,30.0922526886279,1.77957,3.0371328,0.312390334245191,0.0975877209298224,0.0304854607594937,30.4854607594937
0,1,2,NaN,3,Refractivo,710,43,NaN,NaN,NaN,NaN,NaN,NaN,6,360,NaN,NaN,NaN,NaN,NaN,NaN,NaN,NaN,NaN,4.8419763,0.0589736042546491,4.90094990425465,4.90094990425465,3,22.5691895164709,2.38521,4.0707584,0.394274348420463,0.155452261822381,0.0612908392405063,61.2908392405063
0,2,2,NaN,3,Refractivo,500,30,NaN,NaN,NaN,NaN,NaN,NaN,6,180,NaN,NaN,NaN,NaN,NaN,NaN,NaN,NaN,NaN,1.6443,0.810659946215088,2.45495994621509,4.90991989243018,137,758.996948217853,0.81,1.3824,0.275075126804974,0.0756663253867726,0.0208139240506329,20.8139240506329
0,1,1,NaN,3,Korsch,520,46,NaN,NaN,NaN,NaN,NaN,NaN,6,360,NaN,NaN,NaN,NaN,NaN,NaN,NaN,NaN,NaN,3.9518416,0.970584643641468,4.92242624364147,4.92242624364147,72,413.0582537671,2.92008,4.9836032,0.368460394237918,0.135763062121962,0.0500233113924051,50.023311392405
0,1,2,NaN,2,Korsch,500,39,NaN,NaN,NaN,NaN,NaN,NaN,6,360,NaN,NaN,NaN,NaN,NaN,NaN,NaN,NaN,NaN,3.6125271,1.31845170623499,4.93097880623499,4.93097880623499,106,587.253113219653,1.77957,3.0371328,0.357597664846466,0.127876089903646,0.0457281911392405,45.7281911392405
0,1,1,NaN,2,Korsch,630,49,NaN,NaN,NaN,NaN,NaN,NaN,6,360,NaN,NaN,NaN,NaN,NaN,NaN,NaN,NaN,NaN,4.7765494,0.176952567129424,4.95350196712942,4.95350196712942,10,67.8897674560631,3.52947,6.0236288,0.392490419949087,0.15404872975181,0.0604626506329114,60.4626506329114
0,1,2,NaN,1,Refractivo,570,42,NaN,NaN,NaN,NaN,NaN,NaN,6,360,NaN,NaN,NaN,NaN,NaN,NaN,NaN,NaN,NaN,4.5119592,0.456701962270685,4.96866116227068,4.96866116227068,29,180.420875381784,2.22264,3.7933056,0.385105177526964,0.148305997758074,0.0571134075949367,57.1134075949367
0,2,1,NaN,3,Refractivo,650,39,NaN,NaN,NaN,NaN,NaN,NaN,6,180,NaN,NaN,NaN,NaN,NaN,NaN,NaN,NaN,NaN,2.4083514,0.0823935654032116,2.49074496540321,4.98148993080642,9,62.7740347161489,1.77957,3.0371328,0.312390334245191,0.0975877209298224,0.0304854607594937,30.4854607594937
0,1,1,NaN,3,Korsch,490,44,NaN,NaN,NaN,NaN,NaN,NaN,6,360,NaN,NaN,NaN,NaN,NaN,NaN,NaN,NaN,NaN,3.4584704,1.55370299375433,5.01217339375433,5.01217339375433,129,701.89842979016,2.55552,4.3614208,0.352440377097139,0.124214219408374,0.0437781063291139,43.7781063291139
0,2,1,NaN,3,Refractivo,450,27,NaN,NaN,NaN,NaN,NaN,NaN,6,180,NaN,NaN,NaN,NaN,NaN,NaN,NaN,NaN,NaN,0.7991298,1.70845581105275,2.50758561105275,5.0151712221055,439,2212.76451819405,0.59049,1.0077696,0.216270231400517,0.0467728129900332,0.0101155670886076,10.1155670886076
0,2,1,NaN,3,Refractivo,640,39,NaN,NaN,NaN,NaN,NaN,NaN,6,180,NaN,NaN,NaN,NaN,NaN,NaN,NaN,NaN,NaN,2.4083514,0.0996797142097638,2.50803111420976,5.01606222841953,11,75.7035044372178,1.77957,3.0371328,0.312390334245191,0.0975877209298224,0.0304854607594937,30.4854607594937
1,2,2,2,2,Refractivo,630,34,220,6.00783252716064,327.68,107.68,48.9454545454545,97.9062293991012,6,180,0.250475162057244,721.575876629292,0.14175,4.16911764705882,0.5984034,0.1105,0.0128605,0.0015647905,0.4235006,2.3936136,0.115854123928523,2.50946772392852,5.01893544785705,13,88.256697692882,1.17912,2.0123648,0.311751810378971,0.0971891912745657,0.0302989063291139,30.2989063291139
0,1,1,NaN,3,Refractivo,420,26,NaN,NaN,NaN,NaN,NaN,NaN,6,360,NaN,NaN,NaN,NaN,NaN,NaN,NaN,NaN,NaN,0.7135856,4.31515311050846,5.02873871050846,5.02873871050846,810,3835.6071791968,0.52728,0.8998912,0.208260222830128,0.0433723204132544,0.00903272911392405,9.03272911392405
0,1,1,NaN,3,Korsch,500,45,NaN,NaN,NaN,NaN,NaN,NaN,6,360,NaN,NaN,NaN,NaN,NaN,NaN,NaN,NaN,NaN,3.699675,1.33562735236553,5.03530235236553,5.03530235236553,105,581.712989510033,2.73375,4.6656,0.360450385667529,0.12992448052787,0.046831329113924,46.831329113924
0,1,1,NaN,3,Korsch,480,43,NaN,NaN,NaN,NaN,NaN,NaN,6,360,NaN,NaN,NaN,NaN,NaN,NaN,NaN,NaN,NaN,3.2279842,1.80910639135238,5.03709059135238,5.03709059135238,158,843.970337018829,2.38521,4.0707584,0.344430368526749,0.118632278763472,0.0408605594936709,40.8605594936709
0,1,2,NaN,2,Korsch,530,41,NaN,NaN,NaN,NaN,NaN,NaN,6,360,NaN,NaN,NaN,NaN,NaN,NaN,NaN,NaN,NaN,4.1972889,0.844393702810709,5.04168260281071,5.04168260281071,59,344.24557534684,2.06763,3.5287552,0.375936006633465,0.141327881083516,0.0531302392405063,53.1302392405063
0,1,2,NaN,2,Korsch,510,40,NaN,NaN,NaN,NaN,NaN,NaN,6,360,NaN,NaN,NaN,NaN,NaN,NaN,NaN,NaN,NaN,3.8976,1.14443938598914,5.04203938598914,5.04203938598914,86,484.931521316199,1.92,3.2768,0.366766835739966,0.134517911798707,0.0493367088607595,49.3367088607595
0,3,1,NaN,2,Refractivo,470,26,NaN,NaN,NaN,NaN,NaN,NaN,6,120,NaN,NaN,NaN,NaN,NaN,NaN,NaN,NaN,NaN,0.7135856,0.967280364547655,1.68086596454766,5.04259789364297,314,1645.8797496203,0.52728,0.8998912,0.208260222830128,0.0433723204132544,0.00903272911392405,9.03272911392405
0,1,2,NaN,1,Refractivo,560,42,NaN,NaN,NaN,NaN,NaN,NaN,6,360,NaN,NaN,NaN,NaN,NaN,NaN,NaN,NaN,NaN,4.5119592,0.530826892750254,5.04278609275025,5.04278609275025,34,208.26223165288,2.22264,3.7933056,0.385105177526964,0.148305997758074,0.0571134075949367,57.1134075949367
0,2,2,NaN,3,Refractivo,530,32,NaN,NaN,NaN,NaN,NaN,NaN,6,180,NaN,NaN,NaN,NaN,NaN,NaN,NaN,NaN,NaN,1.9955712,0.530212622927605,2.52578382292761,5.05156764585521,76,443.434978412879,0.98304,1.6777216,0.293413468591972,0.0860914635511724,0.0252603949367089,25.2603949367089
0,2,2,NaN,2,Refractivo,620,34,NaN,NaN,NaN,NaN,NaN,NaN,6,180,NaN,NaN,NaN,NaN,NaN,NaN,NaN,NaN,NaN,2.3936136,0.132230619312951,2.52584421931295,5.0516884386259,15,100.431157760017,1.17912,2.0123648,0.311751810378971,0.0971891912745657,0.0302989063291139,30.2989063291139
0,2,2,NaN,3,Refractivo,510,31,NaN,NaN,NaN,NaN,NaN,NaN,6,180,NaN,NaN,NaN,NaN,NaN,NaN,NaN,NaN,NaN,1.8142719,0.712740236520953,2.52701213652095,5.05402427304191,111,625.899986815094,0.89373,1.5252992,0.284244297698473,0.0807948207740983,0.0229654670886076,22.9654670886076
0,3,1,NaN,2,Refractivo,630,34,NaN,NaN,NaN,NaN,NaN,NaN,6,120,NaN,NaN,NaN,NaN,NaN,NaN,NaN,NaN,NaN,1.5957424,0.0894165279385088,1.68515892793851,5.05547678381553,15,101.834651184095,1.17912,2.0123648,0.272340291393244,0.0741692343161569,0.020199270886076,20.1992708860759
0,1,1,NaN,3,Korsch,530,47,NaN,NaN,NaN,NaN,NaN,NaN,6,360,NaN,NaN,NaN,NaN,NaN,NaN,NaN,NaN,NaN,4.2152138,0.847999762113301,5.0632135621133,5.0632135621133,59,344.24557534684,3.11469,5.3157376,0.376470402808308,0.141729964190649,0.0533571367088608,53.3571367088608
0,1,1,NaN,2,Refractivo,920,50,NaN,NaN,NaN,NaN,NaN,NaN,6,360,NaN,NaN,NaN,NaN,NaN,NaN,NaN,NaN,NaN,5.075,0,5.075,5.075,0,0,3.75,6.4,0.400500428519476,0.160400593244284,0.0642405063291139,64.2405063291139
0,1,1,NaN,2,Refractivo,930,50,NaN,NaN,NaN,NaN,NaN,NaN,6,360,NaN,NaN,NaN,NaN,NaN,NaN,NaN,NaN,NaN,5.075,0,5.075,5.075,0,0,3.75,6.4,0.400500428519476,0.160400593244284,0.0642405063291139,64.2405063291139
0,1,1,NaN,3,Refractivo,820,50,NaN,NaN,NaN,NaN,NaN,NaN,6,360,NaN,NaN,NaN,NaN,NaN,NaN,NaN,NaN,NaN,5.075,0,5.075,5.075,0,0,3.75,6.4,0.400500428519476,0.160400593244284,0.0642405063291139,64.2405063291139
0,1,1,NaN,3,Refractivo,830,50,NaN,NaN,NaN,NaN,NaN,NaN,6,360,NaN,NaN,NaN,NaN,NaN,NaN,NaN,NaN,NaN,5.075,0,5.075,5.075,0,0,3.75,6.4,0.400500428519476,0.160400593244284,0.0642405063291139,64.2405063291139
0,3,1,NaN,2,Refractivo,620,34,NaN,NaN,NaN,NaN,NaN,NaN,6,120,NaN,NaN,NaN,NaN,NaN,NaN,NaN,NaN,NaN,1.5957424,0.100237333813653,1.69597973381365,5.08793920144096,17,113.821978794686,1.17912,2.0123648,0.272340291393244,0.0741692343161569,0.020199270886076,20.1992708860759
0,1,2,NaN,2,Refractivo,420,23,NaN,NaN,NaN,NaN,NaN,NaN,6,360,NaN,NaN,NaN,NaN,NaN,NaN,NaN,NaN,NaN,0.7409703,4.35980165441633,5.10077195441633,5.10077195441633,800,3788.25400414498,0.36501,0.6229504,0.21089093055048,0.0444749845884475,0.00937937088607595,9.37937088607595
0,2,1,NaN,2,Refractivo,440,24,NaN,NaN,NaN,NaN,NaN,NaN,6,180,NaN,NaN,NaN,NaN,NaN,NaN,NaN,NaN,NaN,0.5612544,1.99123276606248,2.55248716606248,5.10497433212497,598,2953.64206771197,0.41472,0.7077888,0.192240205689349,0.036956296683483,0.00710448607594937,7.10448607594936
0,1,1,NaN,3,Korsch,510,46,NaN,NaN,NaN,NaN,NaN,NaN,6,360,NaN,NaN,NaN,NaN,NaN,NaN,NaN,NaN,NaN,3.9518416,1.16036616744415,5.11220776744415,5.11220776744415,86,484.931521316199,2.92008,4.9836032,0.368460394237918,0.135763062121962,0.0500233113924051,50.023311392405
0,1,1,NaN,3,Korsch,470,42,NaN,NaN,NaN,NaN,NaN,NaN,6,360,NaN,NaN,NaN,NaN,NaN,NaN,NaN,NaN,NaN,3.0079728,2.12544655997183,5.13341935997183,5.13341935997183,194,1016.88111919216,2.22264,3.7933056,0.33642035995636,0.113178658593167,0.0380756050632911,38.0756050632911
0,1,1,NaN,1,Refractivo,430,32,NaN,NaN,NaN,NaN,NaN,NaN,6,360,NaN,NaN,NaN,NaN,NaN,NaN,NaN,NaN,NaN,1.3303808,3.80840044987486,5.13878124987486,5.13878124987486,543,2626.75461823839,0.98304,1.6777216,0.256320274252465,0.0657000829928587,0.0168402632911392,16.8402632911392
0,1,1,NaN,1,Refractivo,680,50,NaN,NaN,NaN,NaN,NaN,NaN,6,360,NaN,NaN,NaN,NaN,NaN,NaN,NaN,NaN,NaN,5.075,0.0795575796080663,5.15455757960807,5.15455757960807,4,29.0030314557262,3.75,6.4,0.400500428519476,0.160400593244284,0.0642405063291139,64.2405063291139
0,2,2,NaN,3,Refractivo,550,33,NaN,NaN,NaN,NaN,NaN,NaN,6,180,NaN,NaN,NaN,NaN,NaN,NaN,NaN,NaN,NaN,2.1885633,0.397890176344187,2.58645347634419,5.17290695268838,52,313.502188691924,1.07811,1.8399744,0.302582639485472,0.0915562537179949,0.0277033329113924,27.7033329113924
0,1,1,NaN,1,Refractivo,670,50,NaN,NaN,NaN,NaN,NaN,NaN,6,360,NaN,NaN,NaN,NaN,NaN,NaN,NaN,NaN,NaN,5.075,0.0983545210225009,5.1733545210225,5.1733545210225,5,35.7960058274739,3.75,6.4,0.400500428519476,0.160400593244284,0.0642405063291139,64.2405063291139
0,1,2,NaN,2,Refractivo,810,44,NaN,NaN,NaN,NaN,NaN,NaN,6,360,NaN,NaN,NaN,NaN,NaN,NaN,NaN,NaN,NaN,5.1877056,0,5.1877056,5.1877056,0,0,2.55552,4.3614208,0.403443519313962,0.162766673276435,0.0656671594936709,65.6671594936709
0,3,1,NaN,3,Refractivo,500,30,NaN,NaN,NaN,NaN,NaN,NaN,6,120,NaN,NaN,NaN,NaN,NaN,NaN,NaN,NaN,NaN,1.0962,0.637442576972377,1.73364257697238,5.20092773091713,157,869.79942241024,0.81,1.3824,0.240300257111686,0.0577442135679422,0.0138759493670886,13.8759493670886
0,1,1,NaN,2,Korsch,650,50,NaN,NaN,NaN,NaN,NaN,NaN,6,360,NaN,NaN,NaN,NaN,NaN,NaN,NaN,NaN,NaN,5.075,0.134579955241532,5.20957995524153,5.20957995524153,7,48.8242492236714,3.75,6.4,0.400500428519476,0.160400593244284,0.0642405063291139,64.2405063291139
0,3,1,NaN,3,Refractivo,530,32,NaN,NaN,NaN,NaN,NaN,NaN,6,120,NaN,NaN,NaN,NaN,NaN,NaN,NaN,NaN,NaN,1.3303808,0.411269940939439,1.74165074093944,5.22495222281832,87,507.616356867375,0.98304,1.6777216,0.256320274252465,0.0657000829928587,0.0168402632911392,16.8402632911392
0,1,1,NaN,2,Korsch,640,50,NaN,NaN,NaN,NaN,NaN,NaN,6,360,NaN,NaN,NaN,NaN,NaN,NaN,NaN,NaN,NaN,5.075,0.151992175078258,5.22699217507826,5.22699217507826,8,55.0570941361584,3.75,6.4,0.400500428519476,0.160400593244284,0.0642405063291139,64.2405063291139
0,1,2,NaN,3,Refractivo,720,44,NaN,NaN,NaN,NaN,NaN,NaN,6,360,NaN,NaN,NaN,NaN,NaN,NaN,NaN,NaN,NaN,5.1877056,0.0425504240812225,5.23025602408122,5.23025602408122,2,15.2261005631844,2.55552,4.3614208,0.403443519313962,0.162766673276435,0.0656671594936709,65.6671594936709
0,1,2,NaN,3,Refractivo,730,44,NaN,NaN,NaN,NaN,NaN,NaN,6,360,NaN,NaN,NaN,NaN,NaN,NaN,NaN,NaN,NaN,5.1877056,0.0430530950047124,5.23075869500471,5.23075869500471,2,15.4053003231802,2.55552,4.3614208,0.403443519313962,0.162766673276435,0.0656671594936709,65.6671594936709
0,2,1,NaN,2,Refractivo,740,40,NaN,NaN,NaN,NaN,NaN,NaN,6,180,NaN,NaN,NaN,NaN,NaN,NaN,NaN,NaN,NaN,2.5984,0.0218150005598617,2.62021500055986,5.24043000111972,2,15.583729704631,1.92,3.2768,0.320400342815581,0.102656379676342,0.0328911392405063,32.8911392405063
0,1,1,NaN,3,Korsch,540,48,NaN,NaN,NaN,NaN,NaN,NaN,6,360,NaN,NaN,NaN,NaN,NaN,NaN,NaN,NaN,NaN,4.4900352,0.752542979924444,5.24257817992444,5.24257817992444,49,290.667641397449,3.31776,5.6623104,0.384480411378697,0.147825186733932,0.0568358886075949,56.8358886075949
1,2,2,3,3,Refractivo,520,32,170,6.55908966064453,240,70,41.1764705882353,97.4778412093475,6,180,0.252567957995258,762.366920035409,0.195,6.09375,0.4988928,0.104,0.011392,0.001304576,0.3530752,1.9955712,0.628875564915519,2.62444676491552,5.24889352983104,90,516.322817208875,0.98304,1.6777216,0.293413468591972,0.0860914635511724,0.0252603949367089,25.2603949367089
0,1,2,NaN,2,Korsch,470,37,NaN,NaN,NaN,NaN,NaN,NaN,6,360,NaN,NaN,NaN,NaN,NaN,NaN,NaN,NaN,NaN,3.0847677,2.16547600967483,5.25024370967483,5.25024370967483,193,1011.63946393859,1.51959,2.5934336,0.339259323059468,0.115096888282769,0.0390476924050633,39.0476924050633
0,1,2,NaN,1,Refractivo,580,43,NaN,NaN,NaN,NaN,NaN,NaN,6,360,NaN,NaN,NaN,NaN,NaN,NaN,NaN,NaN,NaN,4.8419763,0.408916567298029,5.25089286729803,5.25089286729803,24,151.60895366926,2.38521,4.0707584,0.394274348420463,0.155452261822381,0.0612908392405063,61.2908392405063
0,1,2,NaN,2,Korsch,540,42,NaN,NaN,NaN,NaN,NaN,NaN,6,360,NaN,NaN,NaN,NaN,NaN,NaN,NaN,NaN,NaN,4.5119592,0.739688234664341,5.25164743466434,5.25164743466434,48,284.735648715869,2.22264,3.7933056,0.385105177526964,0.148305997758074,0.0571134075949367,57.1134075949367
0,2,1,NaN,2,Refractivo,730,40,NaN,NaN,NaN,NaN,NaN,NaN,6,180,NaN,NaN,NaN,NaN,NaN,NaN,NaN,NaN,NaN,2.5984,0.0324073612370072,2.63080736123701,5.26161472247402,3,23.1079504847703,1.92,3.2768,0.320400342815581,0.102656379676342,0.0328911392405063,32.8911392405063
0,2,2,NaN,3,Refractivo,490,30,NaN,NaN,NaN,NaN,NaN,NaN,6,180,NaN,NaN,NaN,NaN,NaN,NaN,NaN,NaN,NaN,1.6443,0.994164432250022,2.63846443225002,5.27692886450004,165,897.777061359507,0.81,1.3824,0.275075126804974,0.0756663253867726,0.0208139240506329,20.8139240506329
0,2,2,NaN,3,Refractivo,480,29,NaN,NaN,NaN,NaN,NaN,NaN,6,180,NaN,NaN,NaN,NaN,NaN,NaN,NaN,NaN,NaN,1.4852901,1.1537937387568,2.6390838387568,5.2781676775136,205,1095.02480435987,0.73167,1.2487168,0.265905955911475,0.0707059773891953,0.0188011405063291,18.8011405063291
0,3,1,NaN,3,Refractivo,510,31,NaN,NaN,NaN,NaN,NaN,NaN,6,120,NaN,NaN,NaN,NaN,NaN,NaN,NaN,NaN,NaN,1.2095146,0.55641633530854,1.76593093530854,5.29779280592562,127,716.119804734387,0.89373,1.5252992,0.248310265682075,0.0616579880431028,0.0153103113924051,15.3103113924051
0,3,1,NaN,3,Refractivo,550,33,NaN,NaN,NaN,NaN,NaN,NaN,6,120,NaN,NaN,NaN,NaN,NaN,NaN,NaN,NaN,NaN,1.4590422,0.309791868944511,1.76883406894451,5.30650220683353,60,361.733294644528,1.07811,1.8399744,0.264330282822854,0.0698704984172101,0.0184688886075949,18.4688886075949
0,1,2,NaN,1,Refractivo,450,34,NaN,NaN,NaN,NaN,NaN,NaN,6,360,NaN,NaN,NaN,NaN,NaN,NaN,NaN,NaN,NaN,2.3936136,2.92774814885372,5.32136174885372,5.32136174885372,304,1532.30162535534,1.17912,2.0123648,0.311751810378971,0.0971891912745657,0.0302989063291139,30.2989063291139
1,2,2,2,3,Refractivo,540,33,160,5.35329818725586,160,0,0,97.554441391658,6,180,0.251962298079353,757.575814468635,0.2025,6.13636363636364,0.547140825,0.10725,0.012115125,0.0014307418125,0.387221175,2.1885633,0.473178597668511,2.66174189766851,5.32348379533702,62,367.783546257997,1.07811,1.8399744,0.302582639485472,0.0915562537179949,0.0277033329113924,27.7033329113924
0,1,1,NaN,3,Korsch,460,41,NaN,NaN,NaN,NaN,NaN,NaN,6,360,NaN,NaN,NaN,NaN,NaN,NaN,NaN,NaN,NaN,2.7981926,2.52779063310749,5.32598323310749,5.32598323310749,239,1228.76668860953,2.06763,3.5287552,0.32841035138597,0.107853358897457,0.0354201594936709,35.4201594936709
0,2,1,NaN,3,Refractivo,660,40,NaN,NaN,NaN,NaN,NaN,NaN,6,180,NaN,NaN,NaN,NaN,NaN,NaN,NaN,NaN,NaN,2.5984,0.0799421378438787,2.67834213784388,5.35668427568776,8,56.5379746692488,1.92,3.2768,0.320400342815581,0.102656379676342,0.0328911392405063,32.8911392405063
0,1,1,NaN,2,Refractivo,940,51,NaN,NaN,NaN,NaN,NaN,NaN,6,360,NaN,NaN,NaN,NaN,NaN,NaN,NaN,NaN,NaN,5.3856306,0,5.3856306,5.3856306,0,0,3.97953,6.7917312,0.408510437089866,0.166880777211353,0.0681725392405063,68.1725392405063
0,1,1,NaN,3,Refractivo,840,51,NaN,NaN,NaN,NaN,NaN,NaN,6,360,NaN,NaN,NaN,NaN,NaN,NaN,NaN,NaN,NaN,5.3856306,0,5.3856306,5.3856306,0,0,3.97953,6.7917312,0.408510437089866,0.166880777211353,0.0681725392405063,68.1725392405063
0,1,1,NaN,3,Refractivo,850,51,NaN,NaN,NaN,NaN,NaN,NaN,6,360,NaN,NaN,NaN,NaN,NaN,NaN,NaN,NaN,NaN,5.3856306,0,5.3856306,5.3856306,0,0,3.97953,6.7917312,0.408510437089866,0.166880777211353,0.0681725392405063,68.1725392405063
0,1,2,NaN,2,Korsch,460,36,NaN,NaN,NaN,NaN,NaN,NaN,6,360,NaN,NaN,NaN,NaN,NaN,NaN,NaN,NaN,NaN,2.8413504,2.55251706507723,5.39386746507723,5.39386746507723,238,1223.62540539359,1.39968,2.3887872,0.330090152165969,0.108959508556953,0.0359664607594937,35.9664607594937
0,2,2,NaN,2,Refractivo,650,35,NaN,NaN,NaN,NaN,NaN,NaN,6,180,NaN,NaN,NaN,NaN,NaN,NaN,NaN,NaN,NaN,2.6110875,0.0893294926582385,2.70041699265824,5.40083398531648,9,62.7740347161489,1.28625,2.1952,0.32092098127247,0.102990276220885,0.0330517405063291,33.0517405063291
0,3,1,NaN,2,Refractivo,460,25,NaN,NaN,NaN,NaN,NaN,NaN,6,120,NaN,NaN,NaN,NaN,NaN,NaN,NaN,NaN,NaN,0.634375,1.17232883943532,1.80670383943532,5.42011151830596,393,2020.5243038642,0.46875,0.8,0.200250214259738,0.040100148311071,0.00803006329113924,8.03006329113924
0,1,1,NaN,3,Korsch,550,49,NaN,NaN,NaN,NaN,NaN,NaN,6,360,NaN,NaN,NaN,NaN,NaN,NaN,NaN,NaN,NaN,4.7765494,0.65605059828117,5.43259999828117,5.43259999828117,40,241.155529763018,3.52947,6.0236288,0.392490419949087,0.15404872975181,0.0604626506329114,60.4626506329114
0,2,2,NaN,2,Refractivo,640,35,NaN,NaN,NaN,NaN,NaN,NaN,6,180,NaN,NaN,NaN,NaN,NaN,NaN,NaN,NaN,NaN,2.6110875,0.108070797217004,2.719158297217,5.43831659443401,11,75.7035044372178,1.28625,2.1952,0.32092098127247,0.102990276220885,0.0330517405063291,33.0517405063291
0,3,1,NaN,2,Refractivo,650,35,NaN,NaN,NaN,NaN,NaN,NaN,6,120,NaN,NaN,NaN,NaN,NaN,NaN,NaN,NaN,NaN,1.740725,0.0730365246929643,1.81376152469296,5.44128457407889,11,76.7238202086264,1.28625,2.1952,0.280350299963633,0.0785962906896992,0.0220344936708861,22.0344936708861
0,3,1,NaN,2,Refractivo,640,35,NaN,NaN,NaN,NaN,NaN,NaN,6,120,NaN,NaN,NaN,NaN,NaN,NaN,NaN,NaN,NaN,1.740725,0.0787298617912322,1.81945486179123,5.4583645853737,12,82.5856412042376,1.28625,2.1952,0.280350299963633,0.0785962906896992,0.0220344936708861,22.0344936708861
0,1,1,NaN,1,Refractivo,690,51,NaN,NaN,NaN,NaN,NaN,NaN,6,360,NaN,NaN,NaN,NaN,NaN,NaN,NaN,NaN,NaN,5.3856306,0.0854962351070955,5.4711268351071,5.4711268351071,4,29.3676761488241,3.97953,6.7917312,0.408510437089866,0.166880777211353,0.0681725392405063,68.1725392405063
0,3,1,NaN,3,Refractivo,520,32,NaN,NaN,NaN,NaN,NaN,NaN,6,120,NaN,NaN,NaN,NaN,NaN,NaN,NaN,NaN,NaN,1.3303808,0.494490761325159,1.82487156132516,5.47461468397548,104,596.639699885811,0.98304,1.6777216,0.256320274252465,0.0657000829928587,0.0168402632911392,16.8402632911392
0,3,1,NaN,3,Refractivo,540,33,NaN,NaN,NaN,NaN,NaN,NaN,6,120,NaN,NaN,NaN,NaN,NaN,NaN,NaN,NaN,NaN,1.4590422,0.3661323436522,1.8251745436522,5.4755236309566,71,421.171480392222,1.07811,1.8399744,0.264330282822854,0.0698704984172101,0.0184688886075949,18.4688886075949
0,2,2,NaN,3,Refractivo,560,34,NaN,NaN,NaN,NaN,NaN,NaN,6,180,NaN,NaN,NaN,NaN,NaN,NaN,NaN,NaN,NaN,2.3936136,0.352129254915125,2.74574285491513,5.49148570983025,42,257.265109688851,1.17912,2.0123648,0.311751810378971,0.0971891912745657,0.0302989063291139,30.2989063291139
0,1,2,NaN,2,Korsch,550,43,NaN,NaN,NaN,NaN,NaN,NaN,6,360,NaN,NaN,NaN,NaN,NaN,NaN,NaN,NaN,NaN,4.8419763,0.665036867090341,5.50701316709034,5.50701316709034,40,241.155529763018,2.38521,4.0707584,0.394274348420463,0.155452261822381,0.0612908392405063,61.2908392405063
0,1,1,NaN,2,Korsch,660,51,NaN,NaN,NaN,NaN,NaN,NaN,6,360,NaN,NaN,NaN,NaN,NaN,NaN,NaN,NaN,NaN,5.3856306,0.123840885604044,5.50947148560404,5.50947148560404,6,42.4034810019366,3.97953,6.7917312,0.408510437089866,0.166880777211353,0.0681725392405063,68.1725392405063
0,1,2,NaN,1,Refractivo,590,44,NaN,NaN,NaN,NaN,NaN,NaN,6,360,NaN,NaN,NaN,NaN,NaN,NaN,NaN,NaN,NaN,5.1877056,0.349491804280103,5.5371974042801,5.5371974042801,19,121.832801834707,2.55552,4.3614208,0.403443519313962,0.162766673276435,0.0656671594936709,65.6671594936709
0,1,2,NaN,2,Refractivo,820,45,NaN,NaN,NaN,NaN,NaN,NaN,6,360,NaN,NaN,NaN,NaN,NaN,NaN,NaN,NaN,NaN,5.5495125,0,5.5495125,5.5495125,0,0,2.73375,4.6656,0.412612690207461,0.170249232120238,0.0702469936708861,70.2469936708861
0,1,2,NaN,2,Refractivo,830,45,NaN,NaN,NaN,NaN,NaN,NaN,6,360,NaN,NaN,NaN,NaN,NaN,NaN,NaN,NaN,NaN,5.5495125,0,5.5495125,5.5495125,0,0,2.73375,4.6656,0.412612690207461,0.170249232120238,0.0702469936708861,70.2469936708861
0,1,2,NaN,3,Refractivo,750,45,NaN,NaN,NaN,NaN,NaN,NaN,6,360,NaN,NaN,NaN,NaN,NaN,NaN,NaN,NaN,NaN,5.5495125,0.0235169152657622,5.57302941526576,5.57302941526576,1,7.88069638064189,2.73375,4.6656,0.412612690207461,0.170249232120238,0.0702469936708861,70.2469936708861
0,1,2,NaN,3,Refractivo,740,45,NaN,NaN,NaN,NaN,NaN,NaN,6,360,NaN,NaN,NaN,NaN,NaN,NaN,NaN,NaN,NaN,5.5495125,0.0465912170160326,5.59610371701603,5.59610371701603,2,15.583729704631,2.73375,4.6656,0.412612690207461,0.170249232120238,0.0702469936708861,70.2469936708861
0,2,2,NaN,2,Refractivo,450,25,NaN,NaN,NaN,NaN,NaN,NaN,6,180,NaN,NaN,NaN,NaN,NaN,NaN,NaN,NaN,NaN,0.9515625,1.85061872146899,2.80218122146899,5.60436244293798,414,2086.75287137207,0.46875,0.8,0.229229272337479,0.0525460592963699,0.0120450949367089,12.0450949367089
0,3,1,NaN,3,Refractivo,560,34,NaN,NaN,NaN,NaN,NaN,NaN,6,120,NaN,NaN,NaN,NaN,NaN,NaN,NaN,NaN,NaN,1.5957424,0.276823713861324,1.87256611386132,5.61769834158397,49,300.142627970326,1.17912,2.0123648,0.272340291393244,0.0741692343161569,0.020199270886076,20.1992708860759
0,2,1,NaN,2,Refractivo,750,41,NaN,NaN,NaN,NaN,NaN,NaN,6,180,NaN,NaN,NaN,NaN,NaN,NaN,NaN,NaN,NaN,2.7981926,0.0237612265999621,2.82195382659996,5.64390765319992,2,15.7613927612838,2.06763,3.5287552,0.32841035138597,0.107853358897457,0.0354201594936709,35.4201594936709
0,2,1,NaN,2,Refractivo,760,41,NaN,NaN,NaN,NaN,NaN,NaN,6,180,NaN,NaN,NaN,NaN,NaN,NaN,NaN,NaN,NaN,2.7981926,0.0240289531863704,2.82222155318637,5.64444310637274,2,15.9382935204885,2.06763,3.5287552,0.32841035138597,0.107853358897457,0.0354201594936709,35.4201594936709
0,3,1,NaN,3,Refractivo,490,30,NaN,NaN,NaN,NaN,NaN,NaN,6,120,NaN,NaN,NaN,NaN,NaN,NaN,NaN,NaN,NaN,1.0962,0.785704879139303,1.8819048791393,5.64571463741791,189,1028.36281573907,0.81,1.3824,0.240300257111686,0.0577442135679422,0.0138759493670886,13.8759493670886
0,1,1,NaN,3,Korsch,560,50,NaN,NaN,NaN,NaN,NaN,NaN,6,360,NaN,NaN,NaN,NaN,NaN,NaN,NaN,NaN,NaN,5.075,0.578627451943983,5.65362745194398,5.65362745194398,33,202.136871898383,3.75,6.4,0.400500428519476,0.160400593244284,0.0642405063291139,64.2405063291139
0,1,1,NaN,3,Korsch,450,40,NaN,NaN,NaN,NaN,NaN,NaN,6,360,NaN,NaN,NaN,NaN,NaN,NaN,NaN,NaN,NaN,2.5984,3.06063139963572,5.65903139963572,5.65903139963572,296,1491.9778983723,1.92,3.2768,0.320400342815581,0.102656379676342,0.0328911392405063,32.8911392405063
0,1,2,NaN,2,Korsch,570,44,NaN,NaN,NaN,NaN,NaN,NaN,6,360,NaN,NaN,NaN,NaN,NaN,NaN,NaN,NaN,NaN,5.1877056,0.487384658984627,5.67509025898463,5.67509025898463,27,167.978056389937,2.55552,4.3614208,0.403443519313962,0.162766673276435,0.0656671594936709,65.6671594936709
0,1,2,NaN,2,Korsch,450,35,NaN,NaN,NaN,NaN,NaN,NaN,6,360,NaN,NaN,NaN,NaN,NaN,NaN,NaN,NaN,NaN,2.6110875,3.07557588889176,5.68666338889176,5.68666338889176,296,1491.9778983723,1.28625,2.1952,0.32092098127247,0.102990276220885,0.0330517405063291,33.0517405063291
0,1,1,NaN,2,Korsch,430,34,NaN,NaN,NaN,NaN,NaN,NaN,6,360,NaN,NaN,NaN,NaN,NaN,NaN,NaN,NaN,NaN,1.5957424,4.10804039734322,5.70378279734322,5.70378279734322,511,2471.95508272526,1.17912,2.0123648,0.272340291393244,0.0741692343161569,0.020199270886076,20.1992708860759
0,2,1,NaN,3,Refractivo,680,41,NaN,NaN,NaN,NaN,NaN,NaN,6,180,NaN,NaN,NaN,NaN,NaN,NaN,NaN,NaN,NaN,2.7981926,0.0549292114108125,2.85312181141081,5.70624362282163,5,36.2537893196577,2.06763,3.5287552,0.32841035138597,0.107853358897457,0.0354201594936709,35.4201594936709
0,1,1,NaN,2,Refractivo,950,52,NaN,NaN,NaN,NaN,NaN,NaN,6,360,NaN,NaN,NaN,NaN,NaN,NaN,NaN,NaN,NaN,5.7086848,0,5.7086848,5.7086848,0,0,4.21824,7.1991296,0.416520445660255,0.173489281653018,0.0722618329113924,72.2618329113924
0,1,1,NaN,2,Refractivo,960,52,NaN,NaN,NaN,NaN,NaN,NaN,6,360,NaN,NaN,NaN,NaN,NaN,NaN,NaN,NaN,NaN,5.7086848,0,5.7086848,5.7086848,0,0,4.21824,7.1991296,0.416520445660255,0.173489281653018,0.0722618329113924,72.2618329113924
0,1,1,NaN,3,Refractivo,860,52,NaN,NaN,NaN,NaN,NaN,NaN,6,360,NaN,NaN,NaN,NaN,NaN,NaN,NaN,NaN,NaN,5.7086848,0,5.7086848,5.7086848,0,0,4.21824,7.1991296,0.416520445660255,0.173489281653018,0.0722618329113924,72.2618329113924
0,1,1,NaN,3,Refractivo,870,52,NaN,NaN,NaN,NaN,NaN,NaN,6,360,NaN,NaN,NaN,NaN,NaN,NaN,NaN,NaN,NaN,5.7086848,0,5.7086848,5.7086848,0,0,4.21824,7.1991296,0.416520445660255,0.173489281653018,0.0722618329113924,72.2618329113924
0,2,1,NaN,3,Refractivo,670,41,NaN,NaN,NaN,NaN,NaN,NaN,6,180,NaN,NaN,NaN,NaN,NaN,NaN,NaN,NaN,NaN,2.7981926,0.065189560510936,2.86338216051094,5.72676432102187,6,42.9552069929687,2.06763,3.5287552,0.32841035138597,0.107853358897457,0.0354201594936709,35.4201594936709
0,3,1,NaN,3,Refractivo,480,29,NaN,NaN,NaN,NaN,NaN,NaN,6,120,NaN,NaN,NaN,NaN,NaN,NaN,NaN,NaN,NaN,0.9901934,0.920326943071035,1.91052034307103,5.7315610292131,235,1255.27233670522,0.73167,1.2487168,0.232290248541296,0.0539587595673771,0.0125340936708861,12.5340936708861
0,2,2,NaN,3,Refractivo,580,35,NaN,NaN,NaN,NaN,NaN,NaN,6,180,NaN,NaN,NaN,NaN,NaN,NaN,NaN,NaN,NaN,2.6110875,0.268541940755421,2.87962944075542,5.75925888151084,29,183.194152350356,1.28625,2.1952,0.32092098127247,0.102990276220885,0.0330517405063291,33.0517405063291
0,1,1,NaN,1,Refractivo,700,52,NaN,NaN,NaN,NaN,NaN,NaN,6,360,NaN,NaN,NaN,NaN,NaN,NaN,NaN,NaN,NaN,5.7086848,0.068689984999235,5.77737478499924,5.77737478499924,3,22.2980603391516,4.21824,7.1991296,0.416520445660255,0.173489281653018,0.0722618329113924,72.2618329113924
0,1,2,NaN,2,Korsch,560,44,NaN,NaN,NaN,NaN,NaN,NaN,6,360,NaN,NaN,NaN,NaN,NaN,NaN,NaN,NaN,NaN,5.1877056,0.591477610396755,5.77918321039675,5.77918321039675,33,202.136871898383,2.55552,4.3614208,0.403443519313962,0.162766673276435,0.0656671594936709,65.6671594936709
0,1,2,NaN,1,Refractivo,440,33,NaN,NaN,NaN,NaN,NaN,NaN,6,360,NaN,NaN,NaN,NaN,NaN,NaN,NaN,NaN,NaN,2.1885633,3.60783009621616,5.79639339621616,5.79639339621616,380,1876.89629720828,1.07811,1.8399744,0.302582639485472,0.0915562537179949,0.0277033329113924,27.7033329113924
0,1,2,NaN,1,Refractivo,610,45,NaN,NaN,NaN,NaN,NaN,NaN,6,360,NaN,NaN,NaN,NaN,NaN,NaN,NaN,NaN,NaN,5.5495125,0.261027490461837,5.81053999046184,5.81053999046184,13,85.8186667408863,2.73375,4.6656,0.412612690207461,0.170249232120238,0.0702469936708861,70.2469936708861
0,2,2,NaN,2,Refractivo,670,36,NaN,NaN,NaN,NaN,NaN,NaN,6,180,NaN,NaN,NaN,NaN,NaN,NaN,NaN,NaN,NaN,2.8413504,0.066195008818754,2.90754540881875,5.81509081763751,6,42.9552069929687,1.39968,2.3887872,0.330090152165969,0.108959508556953,0.0359664607594937,35.9664607594937
0,1,1,NaN,2,Korsch,670,52,NaN,NaN,NaN,NaN,NaN,NaN,6,360,NaN,NaN,NaN,NaN,NaN,NaN,NaN,NaN,NaN,5.7086848,0.110635459935454,5.81932025993545,5.81932025993545,5,35.7960058274739,4.21824,7.1991296,0.416520445660255,0.173489281653018,0.0722618329113924,72.2618329113924
0,2,2,NaN,3,Refractivo,470,29,NaN,NaN,NaN,NaN,NaN,NaN,6,180,NaN,NaN,NaN,NaN,NaN,NaN,NaN,NaN,NaN,1.4852901,1.43117236468083,2.91646246468084,5.83292492936167,246,1289.44719237769,0.73167,1.2487168,0.265905955911475,0.0707059773891953,0.0188011405063291,18.8011405063291
0,3,1,NaN,3,Refractivo,580,35,NaN,NaN,NaN,NaN,NaN,NaN,6,120,NaN,NaN,NaN,NaN,NaN,NaN,NaN,NaN,NaN,1.740725,0.205001249196627,1.94572624919663,5.83717874758988,33,208.462311295232,1.28625,2.1952,0.280350299963633,0.0785962906896992,0.0220344936708861,22.0344936708861
0,3,1,NaN,2,Refractivo,670,36,NaN,NaN,NaN,NaN,NaN,NaN,6,120,NaN,NaN,NaN,NaN,NaN,NaN,NaN,NaN,NaN,1.8942336,0.0515753446378106,1.94580894463781,5.83742683391343,7,50.1144081584634,1.39968,2.3887872,0.288360308534023,0.0831516675378368,0.0239776405063291,23.9776405063291
0,2,2,NaN,2,Refractivo,660,36,NaN,NaN,NaN,NaN,NaN,NaN,6,180,NaN,NaN,NaN,NaN,NaN,NaN,NaN,NaN,NaN,2.8413504,0.0874167277322813,2.92876712773228,5.85753425546456,8,56.5379746692488,1.39968,2.3887872,0.330090152165969,0.108959508556953,0.0359664607594937,35.9664607594937
0,2,2,NaN,3,Refractivo,570,35,NaN,NaN,NaN,NaN,NaN,NaN,6,180,NaN,NaN,NaN,NaN,NaN,NaN,NaN,NaN,NaN,2.6110875,0.3219422883124,2.9330297883124,5.8660595766248,35,217.749332357325,1.28625,2.1952,0.32092098127247,0.102990276220885,0.0330517405063291,33.0517405063291
0,1,2,NaN,1,Refractivo,600,45,NaN,NaN,NaN,NaN,NaN,NaN,6,360,NaN,NaN,NaN,NaN,NaN,NaN,NaN,NaN,NaN,5.5495125,0.318098652639871,5.86761115263987,5.86761115263987,16,104.112811351632,2.73375,4.6656,0.412612690207461,0.170249232120238,0.0702469936708861,70.2469936708861
0,3,1,NaN,2,Refractivo,660,36,NaN,NaN,NaN,NaN,NaN,NaN,6,120,NaN,NaN,NaN,NaN,NaN,NaN,NaN,NaN,NaN,1.8942336,0.0656762303990223,1.95990983039902,5.87972949119707,9,63.6052215029049,1.39968,2.3887872,0.288360308534023,0.0831516675378368,0.0239776405063291,23.9776405063291
0,1,1,NaN,3,Korsch,570,51,NaN,NaN,NaN,NaN,NaN,NaN,6,360,NaN,NaN,NaN,NaN,NaN,NaN,NaN,NaN,NaN,5.3856306,0.505979701970399,5.8916103019704,5.8916103019704,27,167.978056389937,3.97953,6.7917312,0.408510437089866,0.166880777211353,0.0681725392405063,68.1725392405063
0,1,2,NaN,3,Refractivo,420,26,NaN,NaN,NaN,NaN,NaN,NaN,6,360,NaN,NaN,NaN,NaN,NaN,NaN,NaN,NaN,NaN,1.0703784,4.85263964459466,5.92301804459466,5.92301804459466,707,3347.86947616313,0.52728,0.8998912,0.238398443230978,0.0568338177349537,0.0135490936708861,13.5490936708861
0,1,2,NaN,2,Refractivo,840,46,NaN,NaN,NaN,NaN,NaN,NaN,6,360,NaN,NaN,NaN,NaN,NaN,NaN,NaN,NaN,NaN,5.9277624,0,5.9277624,5.9277624,0,0,2.92008,4.9836032,0.42178186110096,0.17789993835379,0.0750349670886076,75.0349670886076
0,1,2,NaN,2,Refractivo,850,46,NaN,NaN,NaN,NaN,NaN,NaN,6,360,NaN,NaN,NaN,NaN,NaN,NaN,NaN,NaN,NaN,5.9277624,0,5.9277624,5.9277624,0,0,2.92008,4.9836032,0.42178186110096,0.17789993835379,0.0750349670886076,75.0349670886076
0,2,1,NaN,1,Refractivo,490,36,NaN,NaN,NaN,NaN,NaN,NaN,6,180,NaN,NaN,NaN,NaN,NaN,NaN,NaN,NaN,NaN,1.8942336,1.07742533140528,2.97165893140528,5.94331786281056,157,854.248476566318,1.39968,2.3887872,0.288360308534023,0.0831516675378368,0.0239776405063291,23.9776405063291
0,1,2,NaN,3,Refractivo,760,46,NaN,NaN,NaN,NaN,NaN,NaN,6,360,NaN,NaN,NaN,NaN,NaN,NaN,NaN,NaN,NaN,5.9277624,0.0254022926027365,5.95316469260274,5.95316469260274,1,7.96914676024426,2.92008,4.9836032,0.42178186110096,0.17789993835379,0.0750349670886076,75.0349670886076
0,1,1,NaN,2,Cassegrain,490,47,NaN,NaN,NaN,NaN,NaN,NaN,6,360,NaN,NaN,NaN,NaN,NaN,NaN,NaN,NaN,NaN,4.2152138,1.7394888030276,5.9547026030276,5.9547026030276,120,652.928771897823,3.11469,5.3157376,0.376470402808308,0.141729964190649,0.0533571367088608,53.3571367088608
0,3,1,NaN,3,Refractivo,570,35,NaN,NaN,NaN,NaN,NaN,NaN,6,120,NaN,NaN,NaN,NaN,NaN,NaN,NaN,NaN,NaN,1.740725,0.247193424226029,1.98791842422603,5.96375527267809,40,248.856379836943,1.28625,2.1952,0.280350299963633,0.0785962906896992,0.0220344936708861,22.0344936708861
0,2,1,NaN,1,Refractivo,500,37,NaN,NaN,NaN,NaN,NaN,NaN,6,180,NaN,NaN,NaN,NaN,NaN,NaN,NaN,NaN,NaN,2.0565118,0.926518584753955,2.98303038475395,5.96606076950791,127,703.595711121659,1.51959,2.5934336,0.296370317104412,0.0878353648605699,0.0260317949367089,26.0317949367089
0,1,2,NaN,2,Korsch,580,45,NaN,NaN,NaN,NaN,NaN,NaN,6,360,NaN,NaN,NaN,NaN,NaN,NaN,NaN,NaN,NaN,5.5495125,0.428276227184325,5.97778872718433,5.97778872718433,22,138.974874196821,2.73375,4.6656,0.412612690207461,0.170249232120238,0.0702469936708861,70.2469936708861
0,1,1,NaN,2,Cassegrain,500,48,NaN,NaN,NaN,NaN,NaN,NaN,6,360,NaN,NaN,NaN,NaN,NaN,NaN,NaN,NaN,NaN,4.4900352,1.49800032299956,5.98803552299956,5.98803552299956,98,542.932123542698,3.31776,5.6623104,0.384480411378697,0.147825186733932,0.0568358886075949,56.8358886075949
0,1,1,NaN,2,Cassegrain,480,46,NaN,NaN,NaN,NaN,NaN,NaN,6,360,NaN,NaN,NaN,NaN,NaN,NaN,NaN,NaN,NaN,3.9518416,2.04598539615894,5.99782699615894,5.99782699615894,148,790.554492903713,2.92008,4.9836032,0.368460394237918,0.135763062121962,0.0500233113924051,50.023311392405
0,2,1,NaN,1,Refractivo,530,39,NaN,NaN,NaN,NaN,NaN,NaN,6,180,NaN,NaN,NaN,NaN,NaN,NaN,NaN,NaN,NaN,2.4083514,0.593401882647022,3.00175328264702,6.00350656529404,71,414.261624569926,1.77957,3.0371328,0.312390334245191,0.0975877209298224,0.0304854607594937,30.4854607594937
0,2,1,NaN,2,Refractivo,770,42,NaN,NaN,NaN,NaN,NaN,NaN,6,180,NaN,NaN,NaN,NaN,NaN,NaN,NaN,NaN,NaN,3.0079728,0.0130328278051461,3.02100562780515,6.04201125561029,1,8.05721799172443,2.22264,3.7933056,0.33642035995636,0.113178658593167,0.0380756050632911,38.0756050632911
0,2,1,NaN,2,Refractivo,780,42,NaN,NaN,NaN,NaN,NaN,NaN,6,180,NaN,NaN,NaN,NaN,NaN,NaN,NaN,NaN,NaN,3.0079728,0.0131749580229682,3.02114775802297,6.04229551604594,1,8.14491206267576,2.22264,3.7933056,0.33642035995636,0.113178658593167,0.0380756050632911,38.0756050632911
0,1,1,NaN,2,Refractivo,970,53,NaN,NaN,NaN,NaN,NaN,NaN,6,360,NaN,NaN,NaN,NaN,NaN,NaN,NaN,NaN,NaN,6.0444062,0,6.0444062,6.0444062,0,0,4.46631,7.6225024,0.424530454230645,0.180226106569277,0.0765114708860759,76.5114708860759
0,1,1,NaN,2,Refractivo,980,53,NaN,NaN,NaN,NaN,NaN,NaN,6,360,NaN,NaN,NaN,NaN,NaN,NaN,NaN,NaN,NaN,6.0444062,0,6.0444062,6.0444062,0,0,4.46631,7.6225024,0.424530454230645,0.180226106569277,0.0765114708860759,76.5114708860759
0,1,1,NaN,3,Refractivo,880,53,NaN,NaN,NaN,NaN,NaN,NaN,6,360,NaN,NaN,NaN,NaN,NaN,NaN,NaN,NaN,NaN,6.0444062,0,6.0444062,6.0444062,0,0,4.46631,7.6225024,0.424530454230645,0.180226106569277,0.0765114708860759,76.5114708860759
0,2,2,NaN,3,Refractivo,460,28,NaN,NaN,NaN,NaN,NaN,NaN,6,180,NaN,NaN,NaN,NaN,NaN,NaN,NaN,NaN,NaN,1.3368768,1.69784736764896,3.03472416764896,6.06944833529792,306,1573.23266407747,0.65856,1.1239424,0.256736785017976,0.0659137767813664,0.0169224911392405,16.9224911392405
0,1,1,NaN,2,Cassegrain,510,49,NaN,NaN,NaN,NaN,NaN,NaN,6,360,NaN,NaN,NaN,NaN,NaN,NaN,NaN,NaN,NaN,4.7765494,1.2935422195737,6.0700916195737,6.0700916195737,80,451.099089596464,3.52947,6.0236288,0.392490419949087,0.15404872975181,0.0604626506329114,60.4626506329114
0,2,1,NaN,1,Refractivo,510,38,NaN,NaN,NaN,NaN,NaN,NaN,6,180,NaN,NaN,NaN,NaN,NaN,NaN,NaN,NaN,NaN,2.2278032,0.811761440663901,3.0395646406639,6.0791292813278,104,586.428816475403,1.64616,2.8094464,0.304380325674802,0.0926473826578985,0.0282000405063291,28.2000405063291
0,2,2,NaN,3,Refractivo,600,36,NaN,NaN,NaN,NaN,NaN,NaN,6,180,NaN,NaN,NaN,NaN,NaN,NaN,NaN,NaN,NaN,2.8413504,0.2048923145097,3.0462427145097,6.0924854290194,20,130.141014189539,1.39968,2.3887872,0.330090152165969,0.108959508556953,0.0359664607594937,35.9664607594937
0,1,1,NaN,1,Refractivo,710,53,NaN,NaN,NaN,NaN,NaN,NaN,6,360,NaN,NaN,NaN,NaN,NaN,NaN,NaN,NaN,NaN,6.0444062,0.0489890629545216,6.09339526295452,6.09339526295452,2,15.046126344314,4.46631,7.6225024,0.424530454230645,0.180226106569277,0.0765114708860759,76.5114708860759
0,1,1,NaN,1,Refractivo,720,53,NaN,NaN,NaN,NaN,NaN,NaN,6,360,NaN,NaN,NaN,NaN,NaN,NaN,NaN,NaN,NaN,6.0444062,0.049577224877443,6.09398342487744,6.09398342487744,2,15.2261005631844,4.46631,7.6225024,0.424530454230645,0.180226106569277,0.0765114708860759,76.5114708860759
0,1,1,NaN,2,Cassegrain,470,45,NaN,NaN,NaN,NaN,NaN,NaN,6,360,NaN,NaN,NaN,NaN,NaN,NaN,NaN,NaN,NaN,3.699675,2.39564560753073,6.09532060753073,6.09532060753073,181,948.739600895779,2.73375,4.6656,0.360450385667529,0.12992448052787,0.046831329113924,46.831329113924
0,2,1,NaN,3,Refractivo,700,42,NaN,NaN,NaN,NaN,NaN,NaN,6,180,NaN,NaN,NaN,NaN,NaN,NaN,NaN,NaN,NaN,3.0079728,0.0483458424848301,3.05631864248483,6.11263728496966,4,29.7307471188687,2.22264,3.7933056,0.33642035995636,0.113178658593167,0.0380756050632911,38.0756050632911
0,2,1,NaN,3,Refractivo,690,42,NaN,NaN,NaN,NaN,NaN,NaN,6,180,NaN,NaN,NaN,NaN,NaN,NaN,NaN,NaN,NaN,3.0079728,0.0597962967219841,3.06776909672198,6.13553819344397,5,36.7095951860301,2.22264,3.7933056,0.33642035995636,0.113178658593167,0.0380756050632911,38.0756050632911
0,1,1,NaN,2,Korsch,680,53,NaN,NaN,NaN,NaN,NaN,NaN,6,360,NaN,NaN,NaN,NaN,NaN,NaN,NaN,NaN,NaN,6.0444062,0.0947543502344807,6.13916055023448,6.13916055023448,4,29.0030314557262,4.46631,7.6225024,0.424530454230645,0.180226106569277,0.0765114708860759,76.5114708860759
0,1,1,NaN,3,Korsch,580,52,NaN,NaN,NaN,NaN,NaN,NaN,6,360,NaN,NaN,NaN,NaN,NaN,NaN,NaN,NaN,NaN,5.7086848,0.440560137188357,6.14924493718836,6.14924493718836,22,138.974874196821,4.21824,7.1991296,0.416520445660255,0.173489281653018,0.0722618329113924,72.2618329113924
0,1,2,NaN,2,Korsch,440,34,NaN,NaN,NaN,NaN,NaN,NaN,6,360,NaN,NaN,NaN,NaN,NaN,NaN,NaN,NaN,NaN,2.3936136,3.75833069058442,6.15194429058442,6.15194429058442,368,1817.62588782275,1.17912,2.0123648,0.311751810378971,0.0971891912745657,0.0302989063291139,30.2989063291139
0,3,1,NaN,3,Refractivo,600,36,NaN,NaN,NaN,NaN,NaN,NaN,6,120,NaN,NaN,NaN,NaN,NaN,NaN,NaN,NaN,NaN,1.8942336,0.157842509759294,2.05207610975929,6.15622832927788,23,149.66216631797,1.39968,2.3887872,0.288360308534023,0.0831516675378368,0.0239776405063291,23.9776405063291
0,2,1,NaN,3,Refractivo,440,27,NaN,NaN,NaN,NaN,NaN,NaN,6,180,NaN,NaN,NaN,NaN,NaN,NaN,NaN,NaN,NaN,0.7991298,2.28138621682343,3.08051601682343,6.16103203364685,531,2622.71561530946,0.59049,1.0077696,0.216270231400517,0.0467728129900332,0.0101155670886076,10.1155670886076
0,1,2,NaN,1,Refractivo,620,46,NaN,NaN,NaN,NaN,NaN,NaN,6,360,NaN,NaN,NaN,NaN,NaN,NaN,NaN,NaN,NaN,5.9277624,0.238568276806937,6.16633067680694,6.16633067680694,11,73.6495156906794,2.92008,4.9836032,0.42178186110096,0.17789993835379,0.0750349670886076,75.0349670886076
1,2,2,3,3,Refractivo,590,36,180,5.45560646057129,240,60,33.3333333333333,97.7484390384003,6,180,0.25182773213786,757.784180678983,0.22125,6.14583333333333,0.7103376,0.117,0.014418,0.001857492,0.5027184,2.8413504,0.24371315457407,3.08506355457407,6.17012710914814,24,153.894065475419,1.39968,2.3887872,0.330090152165969,0.108959508556953,0.0359664607594937,35.9664607594937
0,1,1,NaN,3,Korsch,440,39,NaN,NaN,NaN,NaN,NaN,NaN,6,360,NaN,NaN,NaN,NaN,NaN,NaN,NaN,NaN,NaN,2.4083514,3.78147123676601,6.18982263676601,6.18982263676601,368,1817.62588782275,1.77957,3.0371328,0.312390334245191,0.0975877209298224,0.0304854607594937,30.4854607594937
0,1,1,NaN,2,Cassegrain,520,50,NaN,NaN,NaN,NaN,NaN,NaN,6,360,NaN,NaN,NaN,NaN,NaN,NaN,NaN,NaN,NaN,5.075,1.13270602618322,6.20770602618323,6.20770602618323,66,378.636732619841,3.75,6.4,0.400500428519476,0.160400593244284,0.0642405063291139,64.2405063291139
0,3,1,NaN,3,Refractivo,590,36,NaN,NaN,NaN,NaN,NaN,NaN,6,120,NaN,NaN,NaN,NaN,NaN,NaN,NaN,NaN,NaN,1.8942336,0.183656118414581,2.07788971841458,6.23366915524374,27,173.130823659846,1.39968,2.3887872,0.288360308534023,0.0831516675378368,0.0239776405063291,23.9776405063291
0,2,1,NaN,1,Refractivo,520,39,NaN,NaN,NaN,NaN,NaN,NaN,6,180,NaN,NaN,NaN,NaN,NaN,NaN,NaN,NaN,NaN,2.4083514,0.711591574420503,3.1199429744205,6.23988594884101,85,487.638216252826,1.77957,3.0371328,0.312390334245191,0.0975877209298224,0.0304854607594937,30.4854607594937
0,2,1,NaN,1,Refractivo,540,40,NaN,NaN,NaN,NaN,NaN,NaN,6,180,NaN,NaN,NaN,NaN,NaN,NaN,NaN,NaN,NaN,2.5984,0.522422256747414,3.12082225674741,6.24164451349483,58,344.055575531675,1.92,3.2768,0.320400342815581,0.102656379676342,0.0328911392405063,32.8911392405063
0,1,1,NaN,1,Refractivo,420,31,NaN,NaN,NaN,NaN,NaN,NaN,6,360,NaN,NaN,NaN,NaN,NaN,NaN,NaN,NaN,NaN,1.2095146,5.05658532329277,6.26609992329277,6.26609992329277,679,3215.28058601805,0.89373,1.5252992,0.248310265682075,0.0616579880431028,0.0153103113924051,15.3103113924051
1,2,2,2,2,Refractivo,680,37,230,4.80006504058838,327.68,97.68,42.4695652173913,98.1067457443514,6,180,0.251308511131319,728.85094640854,0.153,4.13513513513514,0.771191925,0.12025,0.015230125,0.0020166225625,0.545786075,3.0847677,0.0605547513586255,3.14532245135863,6.29064490271725,5,36.2537893196577,1.51959,2.5934336,0.339259323059468,0.115096888282769,0.0390476924050633,39.0476924050633
0,1,2,NaN,2,Korsch,590,46,NaN,NaN,NaN,NaN,NaN,NaN,6,360,NaN,NaN,NaN,NaN,NaN,NaN,NaN,NaN,NaN,5.9277624,0.377733459080941,6.30549585908094,6.30549585908094,18,115.420549106564,2.92008,4.9836032,0.42178186110096,0.17789993835379,0.0750349670886076,75.0349670886076
0,1,1,NaN,2,Cassegrain,460,44,NaN,NaN,NaN,NaN,NaN,NaN,6,360,NaN,NaN,NaN,NaN,NaN,NaN,NaN,NaN,NaN,3.4584704,2.85168988446455,6.31016028446455,6.31016028446455,223,1146.50615715449,2.55552,4.3614208,0.352440377097139,0.124214219408374,0.0437781063291139,43.7781063291139
0,3,1,NaN,2,Refractivo,680,37,NaN,NaN,NaN,NaN,NaN,NaN,6,120,NaN,NaN,NaN,NaN,NaN,NaN,NaN,NaN,NaN,2.0565118,0.0485298442018033,2.1050416442018,6.31512493260541,6,43.5045471835892,1.51959,2.5934336,0.296370317104412,0.0878353648605699,0.0260317949367089,26.0317949367089
0,1,2,NaN,2,Refractivo,860,47,NaN,NaN,NaN,NaN,NaN,NaN,6,360,NaN,NaN,NaN,NaN,NaN,NaN,NaN,NaN,NaN,6.3228207,0,6.3228207,6.3228207,0,0,3.11469,5.3157376,0.430951031994459,0.18571879197709,0.0800357050632911,80.0357050632911
0,1,2,NaN,2,Refractivo,870,47,NaN,NaN,NaN,NaN,NaN,NaN,6,360,NaN,NaN,NaN,NaN,NaN,NaN,NaN,NaN,NaN,6.3228207,0,6.3228207,6.3228207,0,0,3.11469,5.3157376,0.430951031994459,0.18571879197709,0.0800357050632911,80.0357050632911
0,2,2,NaN,2,Refractivo,440,24,NaN,NaN,NaN,NaN,NaN,NaN,6,180,NaN,NaN,NaN,NaN,NaN,NaN,NaN,NaN,NaN,0.8418816,2.33200071912589,3.17388231912589,6.34776463825178,522,2578.26280827032,0.41472,0.7077888,0.220060101443979,0.0484264482475345,0.010656729113924,10.656729113924
0,1,2,NaN,3,Refractivo,770,47,NaN,NaN,NaN,NaN,NaN,NaN,6,360,NaN,NaN,NaN,NaN,NaN,NaN,NaN,NaN,NaN,6.3228207,0.027395272133416,6.35021597213342,6.35021597213342,1,8.05721799172443,3.11469,5.3157376,0.430951031994459,0.18571879197709,0.0800357050632911,80.0357050632911
0,1,2,NaN,3,Refractivo,780,47,NaN,NaN,NaN,NaN,NaN,NaN,6,360,NaN,NaN,NaN,NaN,NaN,NaN,NaN,NaN,NaN,6.3228207,0.0276940327749156,6.35051473277491,6.35051473277491,1,8.14491206267576,3.11469,5.3157376,0.430951031994459,0.18571879197709,0.0800357050632911,80.0357050632911
0,1,1,NaN,3,Korsch,600,53,NaN,NaN,NaN,NaN,NaN,NaN,6,360,NaN,NaN,NaN,NaN,NaN,NaN,NaN,NaN,NaN,6.0444062,0.324292466616299,6.3686986666163,6.3686986666163,15,97.6057606421546,4.46631,7.6225024,0.424530454230645,0.180226106569277,0.0765114708860759,76.5114708860759
0,1,1,NaN,2,Cassegrain,530,51,NaN,NaN,NaN,NaN,NaN,NaN,6,360,NaN,NaN,NaN,NaN,NaN,NaN,NaN,NaN,NaN,5.3856306,0.984420827547235,6.37005142754723,6.37005142754723,54,315.072221503888,3.97953,6.7917312,0.408510437089866,0.166880777211353,0.0681725392405063,68.1725392405063
0,1,1,NaN,2,Refractivo,990,54,NaN,NaN,NaN,NaN,NaN,NaN,6,360,NaN,NaN,NaN,NaN,NaN,NaN,NaN,NaN,NaN,6.3930384,0,6.3930384,6.3930384,0,0,4.72392,8.0621568,0.432540462801034,0.187091251960133,0.0809245367088608,80.9245367088607
0,1,1,NaN,2,Refractivo,1000,54,NaN,NaN,NaN,NaN,NaN,NaN,6,360,NaN,NaN,NaN,NaN,NaN,NaN,NaN,NaN,NaN,6.3930384,0,6.3930384,6.3930384,0,0,4.72392,8.0621568,0.432540462801034,0.187091251960133,0.0809245367088608,80.9245367088607
0,1,1,NaN,3,Refractivo,890,54,NaN,NaN,NaN,NaN,NaN,NaN,6,360,NaN,NaN,NaN,NaN,NaN,NaN,NaN,NaN,NaN,6.3930384,0,6.3930384,6.3930384,0,0,4.72392,8.0621568,0.432540462801034,0.187091251960133,0.0809245367088608,80.9245367088607
0,1,1,NaN,3,Refractivo,900,54,NaN,NaN,NaN,NaN,NaN,NaN,6,360,NaN,NaN,NaN,NaN,NaN,NaN,NaN,NaN,NaN,6.3930384,0,6.3930384,6.3930384,0,0,4.72392,8.0621568,0.432540462801034,0.187091251960133,0.0809245367088608,80.9245367088607
0,3,1,NaN,3,Refractivo,470,29,NaN,NaN,NaN,NaN,NaN,NaN,6,120,NaN,NaN,NaN,NaN,NaN,NaN,NaN,NaN,NaN,0.9901934,1.15116991626782,2.14136331626782,6.42408994880345,282,1478.14678150613,0.73167,1.2487168,0.232290248541296,0.0539587595673771,0.0125340936708861,12.5340936708861
0,1,1,NaN,3,Korsch,590,53,NaN,NaN,NaN,NaN,NaN,NaN,6,360,NaN,NaN,NaN,NaN,NaN,NaN,NaN,NaN,NaN,6.0444062,0.385166325495146,6.42957252549514,6.42957252549514,18,115.420549106564,4.46631,7.6225024,0.424530454230645,0.180226106569277,0.0765114708860759,76.5114708860759
0,2,1,NaN,1,Refractivo,480,36,NaN,NaN,NaN,NaN,NaN,NaN,6,180,NaN,NaN,NaN,NaN,NaN,NaN,NaN,NaN,NaN,1.8942336,1.32627070821972,3.22050430821972,6.44100861643945,189,1009.55945377569,1.39968,2.3887872,0.288360308534023,0.0831516675378368,0.0239776405063291,23.9776405063291
0,1,1,NaN,1,Refractivo,730,54,NaN,NaN,NaN,NaN,NaN,NaN,6,360,NaN,NaN,NaN,NaN,NaN,NaN,NaN,NaN,NaN,6.3930384,0.0530562277096014,6.4460946277096,6.4460946277096,2,15.4053003231802,4.72392,8.0621568,0.432540462801034,0.187091251960133,0.0809245367088608,80.9245367088607
0,1,1,NaN,2,Korsch,690,54,NaN,NaN,NaN,NaN,NaN,NaN,6,360,NaN,NaN,NaN,NaN,NaN,NaN,NaN,NaN,NaN,6.3930384,0.0759800417558035,6.4690184417558,6.4690184417558,3,22.0257571116181,4.72392,8.0621568,0.432540462801034,0.187091251960133,0.0809245367088608,80.9245367088607
0,1,1,NaN,2,Korsch,700,54,NaN,NaN,NaN,NaN,NaN,NaN,6,360,NaN,NaN,NaN,NaN,NaN,NaN,NaN,NaN,NaN,6.3930384,0.0769244978800605,6.46996289788006,6.46996289788006,3,22.2980603391516,4.72392,8.0621568,0.432540462801034,0.187091251960133,0.0809245367088608,80.9245367088607
0,2,1,NaN,2,Refractivo,790,43,NaN,NaN,NaN,NaN,NaN,NaN,6,180,NaN,NaN,NaN,NaN,NaN,NaN,NaN,NaN,NaN,3.2279842,0.0142904906104577,3.24227469061046,6.48454938122091,1,8.23223094783316,2.38521,4.0707584,0.344430368526749,0.118632278763472,0.0408605594936709,40.8605594936709
0,2,1,NaN,2,Refractivo,800,43,NaN,NaN,NaN,NaN,NaN,NaN,6,180,NaN,NaN,NaN,NaN,NaN,NaN,NaN,NaN,NaN,3.2279842,0.0144417278025383,3.24242592780254,6.48485185560508,1,8.31917660912859,2.38521,4.0707584,0.344430368526749,0.118632278763472,0.0408605594936709,40.8605594936709
0,1,2,NaN,1,Refractivo,430,32,NaN,NaN,NaN,NaN,NaN,NaN,6,360,NaN,NaN,NaN,NaN,NaN,NaN,NaN,NaN,NaN,1.9955712,4.5241810022813,6.5197522022813,6.5197522022813,474,2292.96811978821,0.98304,1.6777216,0.293413468591972,0.0860914635511724,0.0252603949367089,25.2603949367089
0,2,2,NaN,3,Refractivo,450,27,NaN,NaN,NaN,NaN,NaN,NaN,6,180,NaN,NaN,NaN,NaN,NaN,NaN,NaN,NaN,NaN,1.1986947,2.06333823668141,3.26203293668141,6.52406587336282,383,1930.49842931281,0.59049,1.0077696,0.247567614124477,0.0612897235632858,0.0151733506329114,15.1733506329114
0,3,1,NaN,2,Refractivo,450,25,NaN,NaN,NaN,NaN,NaN,NaN,6,120,NaN,NaN,NaN,NaN,NaN,NaN,NaN,NaN,NaN,0.634375,1.54085863419754,2.17523363419754,6.52570090259261,474,2389.18082374483,0.46875,0.8,0.200250214259738,0.040100148311071,0.00803006329113924,8.03006329113924
0,2,2,NaN,3,Refractivo,610,37,NaN,NaN,NaN,NaN,NaN,NaN,6,180,NaN,NaN,NaN,NaN,NaN,NaN,NaN,NaN,NaN,3.0847677,0.179450652241885,3.26421835224188,6.52843670448377,16,105.622974450322,1.51959,2.5934336,0.339259323059468,0.115096888282769,0.0390476924050633,39.0476924050633
0,2,1,NaN,1,Refractivo,550,41,NaN,NaN,NaN,NaN,NaN,NaN,6,180,NaN,NaN,NaN,NaN,NaN,NaN,NaN,NaN,NaN,2.7981926,0.466769030123875,3.26496163012387,6.52992326024775,48,289.386635715622,2.06763,3.5287552,0.32841035138597,0.107853358897457,0.0354201594936709,35.4201594936709
0,1,2,NaN,1,Refractivo,630,47,NaN,NaN,NaN,NaN,NaN,NaN,6,360,NaN,NaN,NaN,NaN,NaN,NaN,NaN,NaN,NaN,6.3228207,0.210461629204815,6.53328232920481,6.53328232920481,9,61.1007907104567,3.11469,5.3157376,0.430951031994459,0.18571879197709,0.0800357050632911,80.0357050632911
0,2,1,NaN,3,Refractivo,710,43,NaN,NaN,NaN,NaN,NaN,NaN,6,180,NaN,NaN,NaN,NaN,NaN,NaN,NaN,NaN,NaN,3.2279842,0.0393157361697661,3.26729993616977,6.53459987233953,3,22.5691895164709,2.38521,4.0707584,0.344430368526749,0.118632278763472,0.0408605594936709,40.8605594936709
0,1,1,NaN,2,Cassegrain,540,52,NaN,NaN,NaN,NaN,NaN,NaN,6,360,NaN,NaN,NaN,NaN,NaN,NaN,NaN,NaN,NaN,5.7086848,0.873500555110511,6.58218535511051,6.58218535511051,45,266.939670671127,4.21824,7.1991296,0.416520445660255,0.173489281653018,0.0722618329113924,72.2618329113924
0,3,1,NaN,3,Refractivo,610,37,NaN,NaN,NaN,NaN,NaN,NaN,6,120,NaN,NaN,NaN,NaN,NaN,NaN,NaN,NaN,NaN,2.0565118,0.142759596203824,2.19927139620382,6.59781418861147,19,125.427282159757,1.51959,2.5934336,0.296370317104412,0.0878353648605699,0.0260317949367089,26.0317949367089
0,2,1,NaN,1,Refractivo,470,35,NaN,NaN,NaN,NaN,NaN,NaN,6,180,NaN,NaN,NaN,NaN,NaN,NaN,NaN,NaN,NaN,1.740725,1.55983930684676,3.30056430684676,6.60112861369352,233,1221.30567408131,1.28625,2.1952,0.280350299963633,0.0785962906896992,0.0220344936708861,22.0344936708861
0,1,2,NaN,2,Korsch,610,47,NaN,NaN,NaN,NaN,NaN,NaN,6,360,NaN,NaN,NaN,NaN,NaN,NaN,NaN,NaN,NaN,6.3228207,0.297400901423532,6.62022160142353,6.62022160142353,13,85.8186667408863,3.11469,5.3157376,0.430951031994459,0.18571879197709,0.0800357050632911,80.0357050632911
0,1,1,NaN,2,Refractivo,410,23,NaN,NaN,NaN,NaN,NaN,NaN,6,360,NaN,NaN,NaN,NaN,NaN,NaN,NaN,NaN,NaN,0.4939802,6.13574556615157,6.62972576615157,6.62972576615157,1110,5142.29072929837,0.36501,0.6229504,0.184230197118959,0.0339407655304905,0.00625291392405063,6.25291392405063
0,1,1,NaN,2,Cassegrain,450,43,NaN,NaN,NaN,NaN,NaN,NaN,6,360,NaN,NaN,NaN,NaN,NaN,NaN,NaN,NaN,NaN,3.2279842,3.43211107399459,6.66009527399459,6.66009527399459,275,1386.12811504183,2.38521,4.0707584,0.344430368526749,0.118632278763472,0.0408605594936709,40.8605594936709
0,1,2,NaN,2,Korsch,600,47,NaN,NaN,NaN,NaN,NaN,NaN,6,360,NaN,NaN,NaN,NaN,NaN,NaN,NaN,NaN,NaN,6.3228207,0.339229868564359,6.66205056856436,6.66205056856436,15,97.6057606421546,3.11469,5.3157376,0.430951031994459,0.18571879197709,0.0800357050632911,80.0357050632911
0,2,1,NaN,2,Korsch,520,40,NaN,NaN,NaN,NaN,NaN,NaN,6,180,NaN,NaN,NaN,NaN,NaN,NaN,NaN,NaN,NaN,2.5984,0.747502947041588,3.34590294704159,6.69180589408318,83,476.164375870407,1.92,3.2768,0.320400342815581,0.102656379676342,0.0328911392405063,32.8911392405063
0,1,1,NaN,3,Korsch,610,54,NaN,NaN,NaN,NaN,NaN,NaN,6,360,NaN,NaN,NaN,NaN,NaN,NaN,NaN,NaN,NaN,6.3930384,0.300703669012037,6.69374206901204,6.69374206901204,13,85.8186667408863,4.72392,8.0621568,0.432540462801034,0.187091251960133,0.0809245367088608,80.9245367088607
0,2,1,NaN,2,Refractivo,430,24,NaN,NaN,NaN,NaN,NaN,NaN,6,180,NaN,NaN,NaN,NaN,NaN,NaN,NaN,NaN,NaN,0.5612544,2.79199639694274,3.35325079694274,6.70650159388548,724,3502.33949098452,0.41472,0.7077888,0.192240205689349,0.036956296683483,0.00710448607594937,7.10448607594936
0,2,1,NaN,1,Refractivo,570,42,NaN,NaN,NaN,NaN,NaN,NaN,6,180,NaN,NaN,NaN,NaN,NaN,NaN,NaN,NaN,NaN,3.0079728,0.348606479051626,3.35657927905163,6.71315855810325,33,205.306513365478,2.22264,3.7933056,0.33642035995636,0.113178658593167,0.0380756050632911,38.0756050632911
0,1,2,NaN,2,Refractivo,880,48,NaN,NaN,NaN,NaN,NaN,NaN,6,360,NaN,NaN,NaN,NaN,NaN,NaN,NaN,NaN,NaN,6.7350528,0,6.7350528,6.7350528,0,0,3.31776,5.6623104,0.440120202887959,0.193705792990138,0.0852538329113924,85.2538329113924
0,1,2,NaN,2,Refractivo,890,48,NaN,NaN,NaN,NaN,NaN,NaN,6,360,NaN,NaN,NaN,NaN,NaN,NaN,NaN,NaN,NaN,6.7350528,0,6.7350528,6.7350528,0,0,3.31776,5.6623104,0.440120202887959,0.193705792990138,0.0852538329113924,85.2538329113924
0,1,2,NaN,3,Refractivo,800,48,NaN,NaN,NaN,NaN,NaN,NaN,6,360,NaN,NaN,NaN,NaN,NaN,NaN,NaN,NaN,NaN,6.7350528,0,6.7350528,6.7350528,0,0,3.31776,5.6623104,0.440120202887959,0.193705792990138,0.0852538329113924,85.2538329113924
0,1,1,NaN,3,Refractivo,910,55,NaN,NaN,NaN,NaN,NaN,NaN,6,360,NaN,NaN,NaN,NaN,NaN,NaN,NaN,NaN,NaN,6.754825,0,6.754825,6.754825,0,0,4.99125,8.5184,0.440550471371424,0.194084717825584,0.0855041139240506,85.5041139240506
0,1,1,NaN,3,Refractivo,920,55,NaN,NaN,NaN,NaN,NaN,NaN,6,360,NaN,NaN,NaN,NaN,NaN,NaN,NaN,NaN,NaN,6.754825,0,6.754825,6.754825,0,0,4.99125,8.5184,0.440550471371424,0.194084717825584,0.0855041139240506,85.5041139240506
0,1,2,NaN,3,Refractivo,790,48,NaN,NaN,NaN,NaN,NaN,NaN,6,360,NaN,NaN,NaN,NaN,NaN,NaN,NaN,NaN,NaN,6.7350528,0.0298165055452677,6.76486930554527,6.76486930554527,1,8.23223094783316,3.31776,5.6623104,0.440120202887959,0.193705792990138,0.0852538329113924,85.2538329113924
0,1,1,NaN,1,Refractivo,740,55,NaN,NaN,NaN,NaN,NaN,NaN,6,360,NaN,NaN,NaN,NaN,NaN,NaN,NaN,NaN,NaN,6.754825,0.0283013414136401,6.78312634141364,6.78312634141364,1,7.79186485231548,4.99125,8.5184,0.440550471371424,0.194084717825584,0.0855041139240506,85.5041139240506
1,2,2,2,2,Refractivo,690,38,210,5.44989204406738,327.68,117.68,56.0380952380952,98.1472897950453,6,180,0.252525753867215,737.998946206156,0.15525,4.08552631578947,0.8354262,0.1235,0.0160645,0.0021845915,0.5912458,3.3417048,0.0530491599701082,3.39475395997011,6.78950791994022,4,29.3676761488241,1.64616,2.8094464,0.348428493952967,0.121402415398333,0.0423000607594937,42.3000607594937
1,2,2,2,2,Refractivo,700,38,190,6.65614986419678,327.68,137.68,72.4631578947368,98.1879816336059,6,180,0.251073010381372,727.680432147287,0.1575,4.14473684210526,0.8354262,0.1235,0.0160645,0.0021845915,0.5912458,3.3417048,0.053709772206584,3.39541457220658,6.79082914441317,4,29.7307471188687,1.64616,2.8094464,0.348428493952967,0.121402415398333,0.0423000607594937,42.3000607594937
0,3,1,NaN,2,Refractivo,700,38,NaN,NaN,NaN,NaN,NaN,NaN,6,120,NaN,NaN,NaN,NaN,NaN,NaN,NaN,NaN,NaN,2.2278032,0.0358065148043894,2.26360971480439,6.79082914441317,4,29.7307471188687,1.64616,2.8094464,0.304380325674802,0.0926473826578985,0.0282000405063291,28.2000405063291
0,1,1,NaN,2,Cassegrain,550,53,NaN,NaN,NaN,NaN,NaN,NaN,6,360,NaN,NaN,NaN,NaN,NaN,NaN,NaN,NaN,NaN,6.0444062,0.764479871192645,6.80888607119264,6.80888607119264,37,223.068865030792,4.46631,7.6225024,0.424530454230645,0.180226106569277,0.0765114708860759,76.5114708860759
0,1,1,NaN,2,Korsch,710,55,NaN,NaN,NaN,NaN,NaN,NaN,6,360,NaN,NaN,NaN,NaN,NaN,NaN,NaN,NaN,NaN,6.754825,0.054746907507933,6.80957190750793,6.80957190750793,2,15.046126344314,4.99125,8.5184,0.440550471371424,0.194084717825584,0.0855041139240506,85.5041139240506
0,3,1,NaN,2,Refractivo,690,38,NaN,NaN,NaN,NaN,NaN,NaN,6,120,NaN,NaN,NaN,NaN,NaN,NaN,NaN,NaN,NaN,2.2278032,0.0442870963412255,2.27209029634123,6.81627088902368,5,36.7095951860301,1.64616,2.8094464,0.304380325674802,0.0926473826578985,0.0282000405063291,28.2000405063291
0,3,1,NaN,3,Refractivo,460,28,NaN,NaN,NaN,NaN,NaN,NaN,6,120,NaN,NaN,NaN,NaN,NaN,NaN,NaN,NaN,NaN,0.8912512,1.38431000383613,2.27556120383614,6.82668361150841,351,1804.59040879474,0.65856,1.1239424,0.224280239970907,0.0503016260414075,0.0112816607594937,11.2816607594937
0,2,1,NaN,2,Korsch,490,38,NaN,NaN,NaN,NaN,NaN,NaN,6,180,NaN,NaN,NaN,NaN,NaN,NaN,NaN,NaN,NaN,2.2278032,1.18903336581387,3.41683656581387,6.83367313162774,149,810.71989177313,1.64616,2.8094464,0.304380325674802,0.0926473826578985,0.0282000405063291,28.2000405063291
0,2,1,NaN,1,Refractivo,560,42,NaN,NaN,NaN,NaN,NaN,NaN,6,180,NaN,NaN,NaN,NaN,NaN,NaN,NaN,NaN,NaN,3.0079728,0.409026208150004,3.41699900815,6.83399801630001,39,238.889030425362,2.22264,3.7933056,0.33642035995636,0.113178658593167,0.0380756050632911,38.0756050632911
0,1,1,NaN,2,Korsch,420,33,NaN,NaN,NaN,NaN,NaN,NaN,6,360,NaN,NaN,NaN,NaN,NaN,NaN,NaN,NaN,NaN,1.4590422,5.40344698331855,6.86248918331855,6.86248918331855,638,3021.13256830562,1.07811,1.8399744,0.264330282822854,0.0698704984172101,0.0184688886075949,18.4688886075949
0,2,1,NaN,2,Korsch,500,39,NaN,NaN,NaN,NaN,NaN,NaN,6,180,NaN,NaN,NaN,NaN,NaN,NaN,NaN,NaN,NaN,2.4083514,1.02495859095078,3.43330999095078,6.86661998190155,121,670.354968863943,1.77957,3.0371328,0.312390334245191,0.0975877209298224,0.0304854607594937,30.4854607594937
0,2,1,NaN,2,Korsch,480,37,NaN,NaN,NaN,NaN,NaN,NaN,6,180,NaN,NaN,NaN,NaN,NaN,NaN,NaN,NaN,NaN,2.0565118,1.39196375104836,3.44847555104836,6.89695110209672,184,982.85153171813,1.51959,2.5934336,0.296370317104412,0.0878353648605699,0.0260317949367089,26.0317949367089
0,2,1,NaN,2,Korsch,530,41,NaN,NaN,NaN,NaN,NaN,NaN,6,180,NaN,NaN,NaN,NaN,NaN,NaN,NaN,NaN,NaN,2.7981926,0.657418058054471,3.45561065805447,6.91122131610894,68,396.757612264155,2.06763,3.5287552,0.32841035138597,0.107853358897457,0.0354201594936709,35.4201594936709
0,1,2,NaN,1,Refractivo,650,48,NaN,NaN,NaN,NaN,NaN,NaN,6,360,NaN,NaN,NaN,NaN,NaN,NaN,NaN,NaN,NaN,6.7350528,0.178601596920859,6.91365439692086,6.91365439692086,7,48.8242492236714,3.31776,5.6623104,0.440120202887959,0.193705792990138,0.0852538329113924,85.2538329113924
0,2,1,NaN,1,Refractivo,460,34,NaN,NaN,NaN,NaN,NaN,NaN,6,180,NaN,NaN,NaN,NaN,NaN,NaN,NaN,NaN,NaN,1.5957424,1.86872486073189,3.46446726073189,6.92893452146378,289,1485.8308494065,1.17912,2.0123648,0.272340291393244,0.0741692343161569,0.020199270886076,20.1992708860759
0,1,2,NaN,1,Refractivo,640,48,NaN,NaN,NaN,NaN,NaN,NaN,6,360,NaN,NaN,NaN,NaN,NaN,NaN,NaN,NaN,NaN,6.7350528,0.201709423515056,6.93676222351506,6.93676222351506,8,55.0570941361584,3.31776,5.6623104,0.440120202887959,0.193705792990138,0.0852538329113924,85.2538329113924
0,2,1,NaN,2,Refractivo,810,44,NaN,NaN,NaN,NaN,NaN,NaN,6,180,NaN,NaN,NaN,NaN,NaN,NaN,NaN,NaN,NaN,3.4584704,0.0156342543461544,3.47410465434615,6.94820930869231,1,8.40575099581929,2.55552,4.3614208,0.352440377097139,0.124214219408374,0.0437781063291139,43.7781063291139
0,1,1,NaN,3,Refractivo,410,25,NaN,NaN,NaN,NaN,NaN,NaN,6,360,NaN,NaN,NaN,NaN,NaN,NaN,NaN,NaN,NaN,0.634375,6.31658384317987,6.95095884317987,6.95095884317987,1021,4729.98093208435,0.46875,0.8,0.200250214259738,0.040100148311071,0.00803006329113924,8.03006329113924
0,2,1,NaN,3,Refractivo,730,44,NaN,NaN,NaN,NaN,NaN,NaN,6,180,NaN,NaN,NaN,NaN,NaN,NaN,NaN,NaN,NaN,3.4584704,0.0287020633364749,3.48717246333647,6.97434492667295,2,15.4053003231802,2.55552,4.3614208,0.352440377097139,0.124214219408374,0.0437781063291139,43.7781063291139
1,2,2,3,3,Refractivo,630,38,220,6.00783252716064,240,20,9.09090909090909,97.9062293991012,6,180,0.250815241875911,750.095922475344,0.23625,6.21710526315789,0.8354262,0.1235,0.0160645,0.0021845915,0.5912458,3.3417048,0.149052476788126,3.49075727678813,6.98151455357625,12,81.4677209472757,1.64616,2.8094464,0.348428493952967,0.121402415398333,0.0423000607594937,42.3000607594937
0,1,1,NaN,3,Korsch,430,38,NaN,NaN,NaN,NaN,NaN,NaN,6,360,NaN,NaN,NaN,NaN,NaN,NaN,NaN,NaN,NaN,2.2278032,4.75565614977959,6.98345934977959,6.98345934977959,457,2210.73086654686,1.64616,2.8094464,0.304380325674802,0.0926473826578985,0.0282000405063291,28.2000405063291
0,2,1,NaN,2,Korsch,510,40,NaN,NaN,NaN,NaN,NaN,NaN,6,180,NaN,NaN,NaN,NaN,NaN,NaN,NaN,NaN,NaN,2.5984,0.894815693838735,3.49321569383874,6.98643138767747,99,558.235123375624,1.92,3.2768,0.320400342815581,0.102656379676342,0.0328911392405063,32.8911392405063
0,2,1,NaN,3,Refractivo,720,44,NaN,NaN,NaN,NaN,NaN,NaN,6,180,NaN,NaN,NaN,NaN,NaN,NaN,NaN,NaN,NaN,3.4584704,0.0426296452483532,3.50110004524835,7.00220009049671,3,22.8391508447767,2.55552,4.3614208,0.352440377097139,0.124214219408374,0.0437781063291139,43.7781063291139
0,1,2,NaN,2,Korsch,620,48,NaN,NaN,NaN,NaN,NaN,NaN,6,360,NaN,NaN,NaN,NaN,NaN,NaN,NaN,NaN,NaN,6.7350528,0.27105842513184,7.00611122513184,7.00611122513184,11,73.6495156906794,3.31776,5.6623104,0.440120202887959,0.193705792990138,0.0852538329113924,85.2538329113924
0,3,1,NaN,3,Refractivo,630,38,NaN,NaN,NaN,NaN,NaN,NaN,6,120,NaN,NaN,NaN,NaN,NaN,NaN,NaN,NaN,NaN,2.2278032,0.107828677118629,2.33563187711863,7.00689563135589,13,88.256697692882,1.64616,2.8094464,0.304380325674802,0.0926473826578985,0.0282000405063291,28.2000405063291
0,1,1,NaN,3,Korsch,620,55,NaN,NaN,NaN,NaN,NaN,NaN,6,360,NaN,NaN,NaN,NaN,NaN,NaN,NaN,NaN,NaN,6.754825,0.271854175596245,7.02667917559624,7.02667917559624,11,73.6495156906794,4.99125,8.5184,0.440550471371424,0.194084717825584,0.0855041139240506,85.5041139240506
0,2,2,NaN,3,Refractivo,620,38,NaN,NaN,NaN,NaN,NaN,NaN,6,180,NaN,NaN,NaN,NaN,NaN,NaN,NaN,NaN,NaN,3.3417048,0.172015622325188,3.51372042232519,7.02744084465038,14,93.7357472426829,1.64616,2.8094464,0.348428493952967,0.121402415398333,0.0423000607594937,42.3000607594937
0,1,1,NaN,2,Cassegrain,560,54,NaN,NaN,NaN,NaN,NaN,NaN,6,360,NaN,NaN,NaN,NaN,NaN,NaN,NaN,NaN,NaN,6.3930384,0.659629680294083,7.05266808029408,7.05266808029408,30,183.760792634894,4.72392,8.0621568,0.432540462801034,0.187091251960133,0.0809245367088608,80.9245367088607
0,2,1,NaN,1,Refractivo,580,43,NaN,NaN,NaN,NaN,NaN,NaN,6,180,NaN,NaN,NaN,NaN,NaN,NaN,NaN,NaN,NaN,3.2279842,0.308127226898923,3.53611142689892,7.07222285379785,27,170.560072877917,2.38521,4.0707584,0.344430368526749,0.118632278763472,0.0408605594936709,40.8605594936709
0,3,1,NaN,3,Refractivo,620,38,NaN,NaN,NaN,NaN,NaN,NaN,6,120,NaN,NaN,NaN,NaN,NaN,NaN,NaN,NaN,NaN,2.2278032,0.131491862758673,2.35929506275867,7.07788518827602,16,107.126568277352,1.64616,2.8094464,0.304380325674802,0.0926473826578985,0.0282000405063291,28.2000405063291
0,1,1,NaN,3,Refractivo,930,56,NaN,NaN,NaN,NaN,NaN,NaN,6,360,NaN,NaN,NaN,NaN,NaN,NaN,NaN,NaN,NaN,7.1300096,0,7.1300096,7.1300096,0,0,5.26848,8.9915392,0.448560479941813,0.20120650416563,0.0902532860759494,90.2532860759493
0,1,2,NaN,3,Korsch,480,43,NaN,NaN,NaN,NaN,NaN,NaN,6,360,NaN,NaN,NaN,NaN,NaN,NaN,NaN,NaN,NaN,4.8419763,2.3053299667515,7.1473062667515,7.1473062667515,138,737.138648788597,2.38521,4.0707584,0.394274348420463,0.155452261822381,0.0612908392405063,61.2908392405063
0,1,1,NaN,1,Refractivo,750,56,NaN,NaN,NaN,NaN,NaN,NaN,6,360,NaN,NaN,NaN,NaN,NaN,NaN,NaN,NaN,NaN,7.1300096,0.030214515528575,7.16022411552858,7.16022411552858,1,7.88069638064189,5.26848,8.9915392,0.448560479941813,0.20120650416563,0.0902532860759494,90.2532860759493
0,1,1,NaN,1,Refractivo,760,56,NaN,NaN,NaN,NaN,NaN,NaN,6,360,NaN,NaN,NaN,NaN,NaN,NaN,NaN,NaN,NaN,7.1300096,0.030554293154449,7.16056389315445,7.16056389315445,1,7.96914676024426,5.26848,8.9915392,0.448560479941813,0.20120650416563,0.0902532860759494,90.2532860759493
0,1,2,NaN,3,Korsch,490,44,NaN,NaN,NaN,NaN,NaN,NaN,6,360,NaN,NaN,NaN,NaN,NaN,NaN,NaN,NaN,NaN,5.1877056,1.97590518141282,7.16361078141282,7.16361078141282,112,609.400187104635,2.55552,4.3614208,0.403443519313962,0.162766673276435,0.0656671594936709,65.6671594936709
0,1,2,NaN,2,Refractivo,900,49,NaN,NaN,NaN,NaN,NaN,NaN,6,360,NaN,NaN,NaN,NaN,NaN,NaN,NaN,NaN,NaN,7.1648241,0,7.1648241,7.1648241,0,0,3.52947,6.0236288,0.449289373781458,0.201860941392935,0.0906939759493671,90.6939759493671
0,1,2,NaN,2,Refractivo,910,49,NaN,NaN,NaN,NaN,NaN,NaN,6,360,NaN,NaN,NaN,NaN,NaN,NaN,NaN,NaN,NaN,7.1648241,0,7.1648241,7.1648241,0,0,3.52947,6.0236288,0.449289373781458,0.201860941392935,0.0906939759493671,90.6939759493671
0,1,2,NaN,3,Refractivo,810,49,NaN,NaN,NaN,NaN,NaN,NaN,6,360,NaN,NaN,NaN,NaN,NaN,NaN,NaN,NaN,NaN,7.1648241,0,7.1648241,7.1648241,0,0,3.52947,6.0236288,0.449289373781458,0.201860941392935,0.0906939759493671,90.6939759493671
0,2,1,NaN,2,Korsch,540,42,NaN,NaN,NaN,NaN,NaN,NaN,6,180,NaN,NaN,NaN,NaN,NaN,NaN,NaN,NaN,NaN,3.0079728,0.582181106570314,3.59015390657031,7.18030781314063,56,332.191590168513,2.22264,3.7933056,0.33642035995636,0.113178658593167,0.0380756050632911,38.0756050632911
0,1,2,NaN,3,Korsch,520,46,NaN,NaN,NaN,NaN,NaN,NaN,6,360,NaN,NaN,NaN,NaN,NaN,NaN,NaN,NaN,NaN,5.9277624,1.25744878716032,7.18521118716032,7.18521118716032,63,361.425972046212,2.92008,4.9836032,0.42178186110096,0.17789993835379,0.0750349670886076,75.0349670886076
0,1,1,NaN,2,Korsch,720,56,NaN,NaN,NaN,NaN,NaN,NaN,6,360,NaN,NaN,NaN,NaN,NaN,NaN,NaN,NaN,NaN,7.1300096,0.0584815245073251,7.18849112450733,7.18849112450733,2,15.2261005631844,5.26848,8.9915392,0.448560479941813,0.20120650416563,0.0902532860759494,90.2532860759493
0,1,2,NaN,3,Korsch,470,42,NaN,NaN,NaN,NaN,NaN,NaN,6,360,NaN,NaN,NaN,NaN,NaN,NaN,NaN,NaN,NaN,4.5119592,2.70290251874059,7.21486171874058,7.21486171874058,170,891.081393106533,2.22264,3.7933056,0.385105177526964,0.148305997758074,0.0571134075949367,57.1134075949367
0,1,1,NaN,2,Cassegrain,440,42,NaN,NaN,NaN,NaN,NaN,NaN,6,360,NaN,NaN,NaN,NaN,NaN,NaN,NaN,NaN,NaN,3.0079728,4.21701279135338,7.22498559135338,7.22498559135338,341,1684.26746670532,2.22264,3.7933056,0.33642035995636,0.113178658593167,0.0380756050632911,38.0756050632911
0,1,2,NaN,2,Refractivo,410,23,NaN,NaN,NaN,NaN,NaN,NaN,6,360,NaN,NaN,NaN,NaN,NaN,NaN,NaN,NaN,NaN,0.7409703,6.48591919389209,7.22688949389209,7.22688949389209,970,4493.71352019767,0.36501,0.6229504,0.21089093055048,0.0444749845884475,0.00937937088607595,9.37937088607595
0,1,2,NaN,3,Korsch,500,45,NaN,NaN,NaN,NaN,NaN,NaN,6,360,NaN,NaN,NaN,NaN,NaN,NaN,NaN,NaN,NaN,5.5495125,1.70235009257054,7.25186259257054,7.25186259257054,91,504.151257575362,2.73375,4.6656,0.412612690207461,0.170249232120238,0.0702469936708861,70.2469936708861
0,1,2,NaN,1,Refractivo,660,49,NaN,NaN,NaN,NaN,NaN,NaN,6,360,NaN,NaN,NaN,NaN,NaN,NaN,NaN,NaN,NaN,7.1648241,0.137056821518005,7.30188092151801,7.30188092151801,5,35.3362341682805,3.52947,6.0236288,0.449289373781458,0.201860941392935,0.0906939759493671,90.6939759493671
0,1,2,NaN,2,Korsch,430,34,NaN,NaN,NaN,NaN,NaN,NaN,6,360,NaN,NaN,NaN,NaN,NaN,NaN,NaN,NaN,NaN,2.3936136,4.91117965887463,7.30479325887463,7.30479325887463,446,2157.51852621422,1.17912,2.0123648,0.311751810378971,0.0971891912745657,0.0302989063291139,30.2989063291139
0,2,2,NaN,2,Refractivo,710,39,NaN,NaN,NaN,NaN,NaN,NaN,6,180,NaN,NaN,NaN,NaN,NaN,NaN,NaN,NaN,NaN,3.6125271,0.0439993362946851,3.65652643629469,7.31305287258937,3,22.5691895164709,1.77957,3.0371328,0.357597664846466,0.127876089903646,0.0457281911392405,45.7281911392405
0,2,2,NaN,2,Refractivo,720,39,NaN,NaN,NaN,NaN,NaN,NaN,6,180,NaN,NaN,NaN,NaN,NaN,NaN,NaN,NaN,NaN,3.6125271,0.0445285721465368,3.65705567214654,7.31411134429307,3,22.8391508447767,1.77957,3.0371328,0.357597664846466,0.127876089903646,0.0457281911392405,45.7281911392405
0,3,1,NaN,2,Refractivo,720,39,NaN,NaN,NaN,NaN,NaN,NaN,6,120,NaN,NaN,NaN,NaN,NaN,NaN,NaN,NaN,NaN,2.4083514,0.0296857147643579,2.43803711476436,7.31411134429307,3,22.8391508447767,1.77957,3.0371328,0.312390334245191,0.0975877209298224,0.0304854607594937,30.4854607594937
0,1,1,NaN,2,Cassegrain,570,55,NaN,NaN,NaN,NaN,NaN,NaN,6,360,NaN,NaN,NaN,NaN,NaN,NaN,NaN,NaN,NaN,6.754825,0.585802561017493,7.34062756101749,7.34062756101749,25,155.53523739809,4.99125,8.5184,0.440550471371424,0.194084717825584,0.0855041139240506,85.5041139240506
0,3,1,NaN,2,Refractivo,710,39,NaN,NaN,NaN,NaN,NaN,NaN,6,120,NaN,NaN,NaN,NaN,NaN,NaN,NaN,NaN,NaN,2.4083514,0.0391825190257561,2.44753391902576,7.34260175707727,4,30.0922526886279,1.77957,3.0371328,0.312390334245191,0.0975877209298224,0.0304854607594937,30.4854607594937
0,1,1,NaN,3,Korsch,630,56,NaN,NaN,NaN,NaN,NaN,NaN,6,360,NaN,NaN,NaN,NaN,NaN,NaN,NaN,NaN,NaN,7.1300096,0.237329746937466,7.36733934693747,7.36733934693747,9,61.1007907104567,5.26848,8.9915392,0.448560479941813,0.20120650416563,0.0902532860759494,90.2532860759493
0,1,2,NaN,3,Korsch,460,41,NaN,NaN,NaN,NaN,NaN,NaN,6,360,NaN,NaN,NaN,NaN,NaN,NaN,NaN,NaN,NaN,4.1972889,3.18212619179497,7.37941509179498,7.37941509179498,209,1074.52819213134,2.06763,3.5287552,0.375936006633465,0.141327881083516,0.0531302392405063,53.1302392405063
0,2,1,NaN,2,Refractivo,820,45,NaN,NaN,NaN,NaN,NaN,NaN,6,180,NaN,NaN,NaN,NaN,NaN,NaN,NaN,NaN,NaN,3.699675,0,3.699675,7.39935,0,0,2.73375,4.6656,0.360450385667529,0.12992448052787,0.046831329113924,46.831329113924
0,2,1,NaN,2,Refractivo,830,45,NaN,NaN,NaN,NaN,NaN,NaN,6,180,NaN,NaN,NaN,NaN,NaN,NaN,NaN,NaN,NaN,3.699675,0,3.699675,7.39935,0,0,2.73375,4.6656,0.360450385667529,0.12992448052787,0.046831329113924,46.831329113924
0,1,2,NaN,2,Korsch,630,49,NaN,NaN,NaN,NaN,NaN,NaN,6,360,NaN,NaN,NaN,NaN,NaN,NaN,NaN,NaN,NaN,7.1648241,0.238488583592434,7.40331268359243,7.40331268359243,9,61.1007907104567,3.52947,6.0236288,0.449289373781458,0.201860941392935,0.0906939759493671,90.6939759493671
0,1,2,NaN,3,Korsch,510,46,NaN,NaN,NaN,NaN,NaN,NaN,6,360,NaN,NaN,NaN,NaN,NaN,NaN,NaN,NaN,NaN,5.9277624,1.49429142571376,7.42205382571376,7.42205382571376,75,422.905396496685,2.92008,4.9836032,0.42178186110096,0.17789993835379,0.0750349670886076,75.0349670886076
0,1,2,NaN,3,Korsch,530,47,NaN,NaN,NaN,NaN,NaN,NaN,6,360,NaN,NaN,NaN,NaN,NaN,NaN,NaN,NaN,NaN,6.3228207,1.10967876829234,7.43249946829234,7.43249946829234,52,303.402879966707,3.11469,5.3157376,0.430951031994459,0.18571879197709,0.0800357050632911,80.0357050632911
0,2,2,NaN,3,Refractivo,650,39,NaN,NaN,NaN,NaN,NaN,NaN,6,180,NaN,NaN,NaN,NaN,NaN,NaN,NaN,NaN,NaN,3.6125271,0.109670419268599,3.7221975192686,7.4443950385372,8,55.7991419699101,1.77957,3.0371328,0.357597664846466,0.127876089903646,0.0457281911392405,45.7281911392405
0,2,1,NaN,3,Refractivo,430,26,NaN,NaN,NaN,NaN,NaN,NaN,6,180,NaN,NaN,NaN,NaN,NaN,NaN,NaN,NaN,NaN,0.7135856,3.01309562189162,3.72668122189162,7.45336244378324,668,3231.44030383655,0.52728,0.8998912,0.208260222830128,0.0433723204132544,0.00903272911392405,9.03272911392405
0,2,1,NaN,1,Refractivo,590,44,NaN,NaN,NaN,NaN,NaN,NaN,6,180,NaN,NaN,NaN,NaN,NaN,NaN,NaN,NaN,NaN,3.4584704,0.271065765366627,3.72953616536663,7.45907233073325,22,141.069560019134,2.55552,4.3614208,0.352440377097139,0.124214219408374,0.0437781063291139,43.7781063291139
0,2,1,NaN,3,Refractivo,740,45,NaN,NaN,NaN,NaN,NaN,NaN,6,180,NaN,NaN,NaN,NaN,NaN,NaN,NaN,NaN,NaN,3.699675,0.0310608113440218,3.73073581134402,7.46147162268804,2,15.583729704631,2.73375,4.6656,0.360450385667529,0.12992448052787,0.046831329113924,46.831329113924
0,2,1,NaN,3,Refractivo,750,45,NaN,NaN,NaN,NaN,NaN,NaN,6,180,NaN,NaN,NaN,NaN,NaN,NaN,NaN,NaN,NaN,3.699675,0.0314162849337871,3.73109128493379,7.46218256986757,2,15.7613927612838,2.73375,4.6656,0.360450385667529,0.12992448052787,0.046831329113924,46.831329113924
0,3,1,NaN,3,Refractivo,650,39,NaN,NaN,NaN,NaN,NaN,NaN,6,120,NaN,NaN,NaN,NaN,NaN,NaN,NaN,NaN,NaN,2.4083514,0.0823935654032116,2.49074496540321,7.47223489620963,9,62.7740347161489,1.77957,3.0371328,0.312390334245191,0.0975877209298224,0.0304854607594937,30.4854607594937
0,2,1,NaN,2,Korsch,550,43,NaN,NaN,NaN,NaN,NaN,NaN,6,180,NaN,NaN,NaN,NaN,NaN,NaN,NaN,NaN,NaN,3.2279842,0.514476469700671,3.74246066970067,7.48492133940134,46,277.328859227471,2.38521,4.0707584,0.344430368526749,0.118632278763472,0.0408605594936709,40.8605594936709
0,2,2,NaN,3,Refractivo,640,39,NaN,NaN,NaN,NaN,NaN,NaN,6,180,NaN,NaN,NaN,NaN,NaN,NaN,NaN,NaN,NaN,3.6125271,0.135697527329933,3.74822462732993,7.49644925465987,10,68.821367670198,1.77957,3.0371328,0.357597664846466,0.127876089903646,0.0457281911392405,45.7281911392405
0,1,1,NaN,3,Refractivo,940,57,NaN,NaN,NaN,NaN,NaN,NaN,6,360,NaN,NaN,NaN,NaN,NaN,NaN,NaN,NaN,NaN,7.5188358,0,7.5188358,7.5188358,0,0,5.55579,9.4818816,0.456570488512203,0.208456610980271,0.0951751367088608,95.1751367088607
0,1,1,NaN,3,Refractivo,950,57,NaN,NaN,NaN,NaN,NaN,NaN,6,360,NaN,NaN,NaN,NaN,NaN,NaN,NaN,NaN,NaN,7.5188358,0,7.5188358,7.5188358,0,0,5.55579,9.4818816,0.456570488512203,0.208456610980271,0.0951751367088608,95.1751367088607
0,3,1,NaN,3,Refractivo,450,27,NaN,NaN,NaN,NaN,NaN,NaN,6,120,NaN,NaN,NaN,NaN,NaN,NaN,NaN,NaN,NaN,0.7991298,1.70845581105275,2.50758561105275,7.52275683315825,439,2212.76451819405,0.59049,1.0077696,0.216270231400517,0.0467728129900332,0.0101155670886076,10.1155670886076
0,3,1,NaN,3,Refractivo,640,39,NaN,NaN,NaN,NaN,NaN,NaN,6,120,NaN,NaN,NaN,NaN,NaN,NaN,NaN,NaN,NaN,2.4083514,0.0996797142097638,2.50803111420976,7.52409334262929,11,75.7035044372178,1.77957,3.0371328,0.312390334245191,0.0975877209298224,0.0304854607594937,30.4854607594937
0,1,1,NaN,2,Korsch,740,57,NaN,NaN,NaN,NaN,NaN,NaN,6,360,NaN,NaN,NaN,NaN,NaN,NaN,NaN,NaN,NaN,7.5188358,0.0315023911069346,7.55033819110693,7.55033819110693,1,7.79186485231548,5.55579,9.4818816,0.456570488512203,0.208456610980271,0.0951751367088608,95.1751367088607
0,2,1,NaN,2,Korsch,470,37,NaN,NaN,NaN,NaN,NaN,NaN,6,180,NaN,NaN,NaN,NaN,NaN,NaN,NaN,NaN,NaN,2.0565118,1.71874731681547,3.77525911681547,7.55051823363095,221,1158.40581103849,1.51959,2.5934336,0.296370317104412,0.0878353648605699,0.0260317949367089,26.0317949367089
0,1,1,NaN,1,Refractivo,770,57,NaN,NaN,NaN,NaN,NaN,NaN,6,360,NaN,NaN,NaN,NaN,NaN,NaN,NaN,NaN,NaN,7.5188358,0.0325773199400499,7.55141311994005,7.55141311994005,1,8.05721799172443,5.55579,9.4818816,0.456570488512203,0.208456610980271,0.0951751367088608,95.1751367088607
0,1,1,NaN,2,Korsch,730,57,NaN,NaN,NaN,NaN,NaN,NaN,6,360,NaN,NaN,NaN,NaN,NaN,NaN,NaN,NaN,NaN,7.5188358,0.0623992911282847,7.58123509112828,7.58123509112828,2,15.4053003231802,5.55579,9.4818816,0.456570488512203,0.208456610980271,0.0951751367088608,95.1751367088607
0,1,2,NaN,2,Refractivo,920,50,NaN,NaN,NaN,NaN,NaN,NaN,6,360,NaN,NaN,NaN,NaN,NaN,NaN,NaN,NaN,NaN,7.6125,0,7.6125,7.6125,0,0,3.75,6.4,0.458458544674957,0.210184237185479,0.0963607594936709,96.3607594936709
0,1,2,NaN,2,Refractivo,930,50,NaN,NaN,NaN,NaN,NaN,NaN,6,360,NaN,NaN,NaN,NaN,NaN,NaN,NaN,NaN,NaN,7.6125,0,7.6125,7.6125,0,0,3.75,6.4,0.458458544674957,0.210184237185479,0.0963607594936709,96.3607594936709
0,1,2,NaN,3,Refractivo,820,50,NaN,NaN,NaN,NaN,NaN,NaN,6,360,NaN,NaN,NaN,NaN,NaN,NaN,NaN,NaN,NaN,7.6125,0,7.6125,7.6125,0,0,3.75,6.4,0.458458544674957,0.210184237185479,0.0963607594936709,96.3607594936709
0,1,2,NaN,3,Refractivo,830,50,NaN,NaN,NaN,NaN,NaN,NaN,6,360,NaN,NaN,NaN,NaN,NaN,NaN,NaN,NaN,NaN,7.6125,0,7.6125,7.6125,0,0,3.75,6.4,0.458458544674957,0.210184237185479,0.0963607594936709,96.3607594936709
0,1,1,NaN,2,Cassegrain,580,56,NaN,NaN,NaN,NaN,NaN,NaN,6,360,NaN,NaN,NaN,NaN,NaN,NaN,NaN,NaN,NaN,7.1300096,0.524419947068802,7.6544295470688,7.6544295470688,21,132.657834460602,5.26848,8.9915392,0.448560479941813,0.20120650416563,0.0902532860759494,90.2532860759493
0,3,1,NaN,2,Refractivo,440,24,NaN,NaN,NaN,NaN,NaN,NaN,6,120,NaN,NaN,NaN,NaN,NaN,NaN,NaN,NaN,NaN,0.5612544,1.99123276606248,2.55248716606248,7.65746149818745,598,2953.64206771197,0.41472,0.7077888,0.192240205689349,0.036956296683483,0.00710448607594937,7.10448607594936
0,2,1,NaN,2,Korsch,570,44,NaN,NaN,NaN,NaN,NaN,NaN,6,180,NaN,NaN,NaN,NaN,NaN,NaN,NaN,NaN,NaN,3.4584704,0.375364980683302,3.8338353806833,7.6676707613666,31,192.863694373631,2.55552,4.3614208,0.352440377097139,0.124214219408374,0.0437781063291139,43.7781063291139
0,1,2,NaN,1,Refractivo,420,31,NaN,NaN,NaN,NaN,NaN,NaN,6,360,NaN,NaN,NaN,NaN,NaN,NaN,NaN,NaN,NaN,1.8142719,5.85847978219519,7.67275168219518,7.67275168219518,593,2808.04328057247,0.89373,1.5252992,0.284244297698473,0.0807948207740983,0.0229654670886076,22.9654670886076
0,1,2,NaN,3,Korsch,540,48,NaN,NaN,NaN,NaN,NaN,NaN,6,360,NaN,NaN,NaN,NaN,NaN,NaN,NaN,NaN,NaN,6.7350528,0.95759071329432,7.69264351329432,7.69264351329432,42,249.143692626385,3.31776,5.6623104,0.440120202887959,0.193705792990138,0.0852538329113924,85.2538329113924
0,1,1,NaN,3,Korsch,640,57,NaN,NaN,NaN,NaN,NaN,NaN,6,360,NaN,NaN,NaN,NaN,NaN,NaN,NaN,NaN,NaN,7.5188358,0.196703296009141,7.71553909600914,7.71553909600914,7,48.1749573691386,5.55579,9.4818816,0.456570488512203,0.208456610980271,0.0951751367088608,95.1751367088607
0,1,2,NaN,3,Korsch,450,40,NaN,NaN,NaN,NaN,NaN,NaN,6,360,NaN,NaN,NaN,NaN,NaN,NaN,NaN,NaN,NaN,3.8976,3.818752685716,7.716352685716,7.716352685716,259,1305.48066107576,1.92,3.2768,0.366766835739966,0.134517911798707,0.0493367088607595,49.3367088607595
0,1,2,NaN,1,Refractivo,670,50,NaN,NaN,NaN,NaN,NaN,NaN,6,360,NaN,NaN,NaN,NaN,NaN,NaN,NaN,NaN,NaN,7.6125,0.117818935121884,7.73031893512189,7.73031893512189,4,28.6368046619791,3.75,6.4,0.458458544674957,0.210184237185479,0.0963607594936709,96.3607594936709
0,1,2,NaN,1,Refractivo,680,50,NaN,NaN,NaN,NaN,NaN,NaN,6,360,NaN,NaN,NaN,NaN,NaN,NaN,NaN,NaN,NaN,7.6125,0.119336369412099,7.7318363694121,7.7318363694121,4,29.0030314557262,3.75,6.4,0.458458544674957,0.210184237185479,0.0963607594936709,96.3607594936709
0,1,2,NaN,3,Refractivo,410,25,NaN,NaN,NaN,NaN,NaN,NaN,6,360,NaN,NaN,NaN,NaN,NaN,NaN,NaN,NaN,NaN,0.9515625,6.81378474323801,7.76534724323801,7.76534724323801,892,4132.36336084157,0.46875,0.8,0.229229272337479,0.0525460592963699,0.0120450949367089,12.0450949367089
0,1,2,NaN,2,Korsch,650,50,NaN,NaN,NaN,NaN,NaN,NaN,6,360,NaN,NaN,NaN,NaN,NaN,NaN,NaN,NaN,NaN,7.6125,0.172736119077918,7.78523611907792,7.78523611907792,6,41.8493564774326,3.75,6.4,0.458458544674957,0.210184237185479,0.0963607594936709,96.3607594936709
0,2,1,NaN,1,Refractivo,610,45,NaN,NaN,NaN,NaN,NaN,NaN,6,180,NaN,NaN,NaN,NaN,NaN,NaN,NaN,NaN,NaN,3.699675,0.201443012856765,3.90111801285676,7.80223602571353,15,99.0215385471765,2.73375,4.6656,0.360450385667529,0.12992448052787,0.046831329113924,46.831329113924
0,2,1,NaN,2,Korsch,560,44,NaN,NaN,NaN,NaN,NaN,NaN,6,180,NaN,NaN,NaN,NaN,NaN,NaN,NaN,NaN,NaN,3.4584704,0.444811418224357,3.90328181822436,7.80656363644871,37,226.638310916369,2.55552,4.3614208,0.352440377097139,0.124214219408374,0.0437781063291139,43.7781063291139
0,1,2,NaN,2,Korsch,640,50,NaN,NaN,NaN,NaN,NaN,NaN,6,360,NaN,NaN,NaN,NaN,NaN,NaN,NaN,NaN,NaN,7.6125,0.199153682923836,7.81165368292384,7.81165368292384,7,48.1749573691386,3.75,6.4,0.458458544674957,0.210184237185479,0.0963607594936709,96.3607594936709
0,2,2,NaN,3,Refractivo,440,27,NaN,NaN,NaN,NaN,NaN,NaN,6,180,NaN,NaN,NaN,NaN,NaN,NaN,NaN,NaN,NaN,1.1986947,2.7152527063266,3.9139474063266,7.8278948126532,464,2291.78916290695,0.59049,1.0077696,0.247567614124477,0.0612897235632858,0.0151733506329114,15.1733506329114
0,2,2,NaN,2,Refractivo,730,40,NaN,NaN,NaN,NaN,NaN,NaN,6,180,NaN,NaN,NaN,NaN,NaN,NaN,NaN,NaN,NaN,3.8976,0.0323464275016622,3.92994642750166,7.85989285500333,2,15.4053003231802,1.92,3.2768,0.366766835739966,0.134517911798707,0.0493367088607595,49.3367088607595
1,2,2,2,2,Refractivo,740,40,250,6.54225254058838,327.68,77.68,31.072,98.3522342969868,6,180,0.25063741542458,725.603847405991,0.1665,4.1625,0.9744,0.13,0.0178,0.002548,0.6896,3.8976,0.0327225008397925,3.93032250083979,7.86064500167959,2,15.583729704631,1.92,3.2768,0.366766835739966,0.134517911798707,0.0493367088607595,49.3367088607595
0,3,1,NaN,2,Refractivo,740,40,NaN,NaN,NaN,NaN,NaN,NaN,6,120,NaN,NaN,NaN,NaN,NaN,NaN,NaN,NaN,NaN,2.5984,0.0218150005598617,2.62021500055986,7.86064500167959,2,15.583729704631,1.92,3.2768,0.320400342815581,0.102656379676342,0.0328911392405063,32.8911392405063
0,2,1,NaN,1,Refractivo,600,45,NaN,NaN,NaN,NaN,NaN,NaN,6,180,NaN,NaN,NaN,NaN,NaN,NaN,NaN,NaN,NaN,3.699675,0.239339453985908,3.93901445398591,7.87802890797182,18,117.126912770585,2.73375,4.6656,0.360450385667529,0.12992448052787,0.046831329113924,46.831329113924
0,2,1,NaN,2,Korsch,460,36,NaN,NaN,NaN,NaN,NaN,NaN,6,180,NaN,NaN,NaN,NaN,NaN,NaN,NaN,NaN,NaN,1.8942336,2.04903897508087,3.94327257508087,7.88654515016174,273,1403.57031795147,1.39968,2.3887872,0.288360308534023,0.0831516675378368,0.0239776405063291,23.9776405063291
0,3,1,NaN,2,Refractivo,730,40,NaN,NaN,NaN,NaN,NaN,NaN,6,120,NaN,NaN,NaN,NaN,NaN,NaN,NaN,NaN,NaN,2.5984,0.0324073612370072,2.63080736123701,7.89242208371102,3,23.1079504847703,1.92,3.2768,0.320400342815581,0.102656379676342,0.0328911392405063,32.8911392405063
0,2,1,NaN,2,Refractivo,840,46,NaN,NaN,NaN,NaN,NaN,NaN,6,180,NaN,NaN,NaN,NaN,NaN,NaN,NaN,NaN,NaN,3.9518416,0,3.9518416,7.9036832,0,0,2.92008,4.9836032,0.368460394237918,0.135763062121962,0.0500233113924051,50.023311392405
0,2,1,NaN,2,Refractivo,850,46,NaN,NaN,NaN,NaN,NaN,NaN,6,180,NaN,NaN,NaN,NaN,NaN,NaN,NaN,NaN,NaN,3.9518416,0,3.9518416,7.9036832,0,0,2.92008,4.9836032,0.368460394237918,0.135763062121962,0.0500233113924051,50.023311392405
0,1,1,NaN,3,Refractivo,960,58,NaN,NaN,NaN,NaN,NaN,NaN,6,360,NaN,NaN,NaN,NaN,NaN,NaN,NaN,NaN,NaN,7.9215472,0,7.9215472,7.9215472,0,0,5.85336,9.9897344,0.464580497082592,0.215835038269509,0.100272749367089,100.272749367089
0,1,1,NaN,3,Refractivo,970,58,NaN,NaN,NaN,NaN,NaN,NaN,6,360,NaN,NaN,NaN,NaN,NaN,NaN,NaN,NaN,NaN,7.9215472,0,7.9215472,7.9215472,0,0,5.85336,9.9897344,0.464580497082592,0.215835038269509,0.100272749367089,100.272749367089
0,2,1,NaN,3,Refractivo,760,46,NaN,NaN,NaN,NaN,NaN,NaN,6,180,NaN,NaN,NaN,NaN,NaN,NaN,NaN,NaN,NaN,3.9518416,0.0169348617351577,3.96877646173516,7.93755292347031,1,7.96914676024426,2.92008,4.9836032,0.368460394237918,0.135763062121962,0.0500233113924051,50.023311392405
0,2,1,NaN,1,Refractivo,450,34,NaN,NaN,NaN,NaN,NaN,NaN,6,180,NaN,NaN,NaN,NaN,NaN,NaN,NaN,NaN,NaN,1.5957424,2.37548010815334,3.97122250815334,7.94244501630667,348,1754.08212376203,1.17912,2.0123648,0.272340291393244,0.0741692343161569,0.020199270886076,20.1992708860759
0,1,1,NaN,2,Korsch,750,58,NaN,NaN,NaN,NaN,NaN,NaN,6,360,NaN,NaN,NaN,NaN,NaN,NaN,NaN,NaN,NaN,7.9215472,0.0335687782082005,7.9551159782082,7.9551159782082,1,7.88069638064189,5.85336,9.9897344,0.464580497082592,0.215835038269509,0.100272749367089,100.272749367089
0,1,1,NaN,1,Refractivo,780,58,NaN,NaN,NaN,NaN,NaN,NaN,6,360,NaN,NaN,NaN,NaN,NaN,NaN,NaN,NaN,NaN,7.9215472,0.0346964745947708,7.95624367459477,7.95624367459477,1,8.14491206267576,5.85336,9.9897344,0.464580497082592,0.215835038269509,0.100272749367089,100.272749367089
0,1,1,NaN,2,Cassegrain,590,57,NaN,NaN,NaN,NaN,NaN,NaN,6,360,NaN,NaN,NaN,NaN,NaN,NaN,NaN,NaN,NaN,7.5188358,0.451789495753021,7.97062529575302,7.97062529575302,17,109.008296378422,5.55579,9.4818816,0.456570488512203,0.208456610980271,0.0951751367088608,95.1751367088607
0,2,2,NaN,3,Refractivo,660,40,NaN,NaN,NaN,NaN,NaN,NaN,6,180,NaN,NaN,NaN,NaN,NaN,NaN,NaN,NaN,NaN,3.8976,0.104742537679754,4.00234253767976,8.00468507535951,7,49.4707278355927,1.92,3.2768,0.366766835739966,0.134517911798707,0.0493367088607595,49.3367088607595
0,1,2,NaN,3,Korsch,550,49,NaN,NaN,NaN,NaN,NaN,NaN,6,360,NaN,NaN,NaN,NaN,NaN,NaN,NaN,NaN,NaN,7.1648241,0.854642020252852,8.01946612025285,8.01946612025285,35,211.011088542641,3.52947,6.0236288,0.449289373781458,0.201860941392935,0.0906939759493671,90.6939759493671
0,3,1,NaN,3,Refractivo,660,40,NaN,NaN,NaN,NaN,NaN,NaN,6,120,NaN,NaN,NaN,NaN,NaN,NaN,NaN,NaN,NaN,2.5984,0.0799421378438787,2.67834213784388,8.03502641353164,8,56.5379746692488,1.92,3.2768,0.320400342815581,0.102656379676342,0.0328911392405063,32.8911392405063
0,2,2,NaN,2,Refractivo,430,24,NaN,NaN,NaN,NaN,NaN,NaN,6,180,NaN,NaN,NaN,NaN,NaN,NaN,NaN,NaN,NaN,0.8418816,3.18981618500496,4.03169778500496,8.06339557000992,632,3057.29082638428,0.41472,0.7077888,0.220060101443979,0.0484264482475345,0.010656729113924,10.656729113924
0,2,1,NaN,2,Korsch,580,45,NaN,NaN,NaN,NaN,NaN,NaN,6,180,NaN,NaN,NaN,NaN,NaN,NaN,NaN,NaN,NaN,3.699675,0.339541962819342,4.03921696281934,8.07843392563868,26,164.243033141698,2.73375,4.6656,0.360450385667529,0.12992448052787,0.046831329113924,46.831329113924
0,1,2,NaN,2,Refractivo,940,51,NaN,NaN,NaN,NaN,NaN,NaN,6,360,NaN,NaN,NaN,NaN,NaN,NaN,NaN,NaN,NaN,8.0784459,0,8.0784459,8.0784459,0,0,3.97953,6.7917312,0.467627715568456,0.218675680367773,0.102258808860759,102.258808860759
0,1,2,NaN,3,Refractivo,840,51,NaN,NaN,NaN,NaN,NaN,NaN,6,360,NaN,NaN,NaN,NaN,NaN,NaN,NaN,NaN,NaN,8.0784459,0,8.0784459,8.0784459,0,0,3.97953,6.7917312,0.467627715568456,0.218675680367773,0.102258808860759,102.258808860759
0,1,2,NaN,3,Refractivo,850,51,NaN,NaN,NaN,NaN,NaN,NaN,6,360,NaN,NaN,NaN,NaN,NaN,NaN,NaN,NaN,NaN,8.0784459,0,8.0784459,8.0784459,0,0,3.97953,6.7917312,0.467627715568456,0.218675680367773,0.102258808860759,102.258808860759
0,1,1,NaN,2,Cassegrain,430,41,NaN,NaN,NaN,NaN,NaN,NaN,6,360,NaN,NaN,NaN,NaN,NaN,NaN,NaN,NaN,NaN,2.7981926,5.29503376056578,8.09322636056578,8.09322636056578,424,2051.09384554894,2.06763,3.5287552,0.32841035138597,0.107853358897457,0.0354201594936709,35.4201594936709
0,1,1,NaN,3,Korsch,650,58,NaN,NaN,NaN,NaN,NaN,NaN,6,360,NaN,NaN,NaN,NaN,NaN,NaN,NaN,NaN,NaN,7.9215472,0.179748744882831,8.10129594488283,8.10129594488283,6,41.8493564774326,5.85336,9.9897344,0.464580497082592,0.215835038269509,0.100272749367089,100.272749367089
0,1,2,NaN,1,Refractivo,690,51,NaN,NaN,NaN,NaN,NaN,NaN,6,360,NaN,NaN,NaN,NaN,NaN,NaN,NaN,NaN,NaN,8.0784459,0.0960107883606642,8.17445668836066,8.17445668836066,3,22.0257571116181,3.97953,6.7917312,0.467627715568456,0.218675680367773,0.102258808860759,102.258808860759
0,1,2,NaN,2,Korsch,660,51,NaN,NaN,NaN,NaN,NaN,NaN,6,360,NaN,NaN,NaN,NaN,NaN,NaN,NaN,NaN,NaN,8.0784459,0.154533607860541,8.23297950786054,8.23297950786054,5,35.3362341682805,3.97953,6.7917312,0.467627715568456,0.218675680367773,0.102258808860759,102.258808860759
0,1,2,NaN,3,Korsch,440,39,NaN,NaN,NaN,NaN,NaN,NaN,6,360,NaN,NaN,NaN,NaN,NaN,NaN,NaN,NaN,NaN,3.6125271,4.63927510235625,8.25180220235625,8.25180220235625,321,1585.48345106278,1.77957,3.0371328,0.357597664846466,0.127876089903646,0.0457281911392405,45.7281911392405
0,2,1,NaN,1,Refractivo,620,46,NaN,NaN,NaN,NaN,NaN,NaN,6,180,NaN,NaN,NaN,NaN,NaN,NaN,NaN,NaN,NaN,3.9518416,0.188581933236554,4.14042353323655,8.28084706647311,13,87.0403367253484,2.92008,4.9836032,0.368460394237918,0.135763062121962,0.0500233113924051,50.023311392405
0,1,1,NaN,2,Cassegrain,600,58,NaN,NaN,NaN,NaN,NaN,NaN,6,360,NaN,NaN,NaN,NaN,NaN,NaN,NaN,NaN,NaN,7.9215472,0.396036595906664,8.31758379590666,8.31758379590666,14,91.0987099326776,5.85336,9.9897344,0.464580497082592,0.215835038269509,0.100272749367089,100.272749367089
0,1,1,NaN,1,Refractivo,790,59,NaN,NaN,NaN,NaN,NaN,NaN,6,360,NaN,NaN,NaN,NaN,NaN,NaN,NaN,NaN,NaN,8.3383874,0,8.3383874,8.3383874,0,0,6.16137,10.5154048,0.472590505652982,0.223341786033341,0.105549207594937,105.549207594937
0,1,1,NaN,1,Refractivo,800,59,NaN,NaN,NaN,NaN,NaN,NaN,6,360,NaN,NaN,NaN,NaN,NaN,NaN,NaN,NaN,NaN,8.3383874,0,8.3383874,8.3383874,0,0,6.16137,10.5154048,0.472590505652982,0.223341786033341,0.105549207594937,105.549207594937
0,1,1,NaN,3,Refractivo,980,59,NaN,NaN,NaN,NaN,NaN,NaN,6,360,NaN,NaN,NaN,NaN,NaN,NaN,NaN,NaN,NaN,8.3383874,0,8.3383874,8.3383874,0,0,6.16137,10.5154048,0.472590505652982,0.223341786033341,0.105549207594937,105.549207594937
0,1,2,NaN,3,Korsch,560,50,NaN,NaN,NaN,NaN,NaN,NaN,6,360,NaN,NaN,NaN,NaN,NaN,NaN,NaN,NaN,NaN,7.6125,0.758120828243249,8.37062082824325,8.37062082824325,29,177.635432880397,3.75,6.4,0.458458544674957,0.210184237185479,0.0963607594936709,96.3607594936709
0,1,1,NaN,2,Korsch,760,59,NaN,NaN,NaN,NaN,NaN,NaN,6,360,NaN,NaN,NaN,NaN,NaN,NaN,NaN,NaN,NaN,8.3383874,0.0357325652205242,8.37411996522052,8.37411996522052,1,7.96914676024426,6.16137,10.5154048,0.472590505652982,0.223341786033341,0.105549207594937,105.549207594937
0,2,2,NaN,1,Refractivo,490,36,NaN,NaN,NaN,NaN,NaN,NaN,6,180,NaN,NaN,NaN,NaN,NaN,NaN,NaN,NaN,NaN,2.8413504,1.37095158806781,4.21230198806781,8.42460397613561,137,745.427014583348,1.39968,2.3887872,0.330090152165969,0.108959508556953,0.0359664607594937,35.9664607594937
0,1,1,NaN,1,Refractivo,410,31,NaN,NaN,NaN,NaN,NaN,NaN,6,360,NaN,NaN,NaN,NaN,NaN,NaN,NaN,NaN,NaN,1.2095146,7.21805914056696,8.42757374056696,8.42757374056696,823,3812.70745064194,0.89373,1.5252992,0.248310265682075,0.0616579880431028,0.0153103113924051,15.3103113924051
0,2,1,NaN,2,Refractivo,860,47,NaN,NaN,NaN,NaN,NaN,NaN,6,180,NaN,NaN,NaN,NaN,NaN,NaN,NaN,NaN,NaN,4.2152138,0,4.2152138,8.4304276,0,0,3.11469,5.3157376,0.376470402808308,0.141729964190649,0.0533571367088608,53.3571367088608
0,2,1,NaN,2,Refractivo,870,47,NaN,NaN,NaN,NaN,NaN,NaN,6,180,NaN,NaN,NaN,NaN,NaN,NaN,NaN,NaN,NaN,4.2152138,0,4.2152138,8.4304276,0,0,3.11469,5.3157376,0.376470402808308,0.141729964190649,0.0533571367088608,53.3571367088608
1,2,2,2,2,Refractivo,760,41,250,4.14941835403442,327.68,77.68,31.072,98.4352570432563,6,180,0.250435590302341,724.683737990717,0.171,4.17073170731707,1.049322225,0.13325,0.018701125,0.0027439173125,0.742623775,4.1972889,0.0179866792191296,4.21527557921913,8.43055115843826,1,7.96914676024426,2.06763,3.5287552,0.375936006633465,0.141327881083516,0.0531302392405063,53.1302392405063
0,2,1,NaN,2,Korsch,450,35,NaN,NaN,NaN,NaN,NaN,NaN,6,180,NaN,NaN,NaN,NaN,NaN,NaN,NaN,NaN,NaN,1.740725,2.48184137735186,4.22256637735186,8.44513275470372,338,1703.67746503324,1.28625,2.1952,0.280350299963633,0.0785962906896992,0.0220344936708861,22.0344936708861
1,2,2,2,2,Refractivo,750,41,180,5.3484525680542,327.68,147.68,82.0444444444445,98.3936706563978,6,180,0.251781520197249,734.122486198497,0.16875,4.11585365853659,1.049322225,0.13325,0.018701125,0.0027439173125,0.742623775,4.1972889,0.0356418398999431,4.23293073989994,8.46586147979989,2,15.7613927612838,2.06763,3.5287552,0.375936006633465,0.141327881083516,0.0531302392405063,53.1302392405063
0,3,1,NaN,2,Refractivo,750,41,NaN,NaN,NaN,NaN,NaN,NaN,6,120,NaN,NaN,NaN,NaN,NaN,NaN,NaN,NaN,NaN,2.7981926,0.0237612265999621,2.82195382659996,8.46586147979989,2,15.7613927612838,2.06763,3.5287552,0.32841035138597,0.107853358897457,0.0354201594936709,35.4201594936709
1,3,1,1,2,Refractivo,760,41,120,5.34586668014526,163.84,43.84,36.5333333333333,98.4352570432563,6,120,0.250435590302341,724.683737990717,0.171,4.17073170731707,0.69954815,0.13325,0.018701125,0.0027439173125,0.742623775,2.7981926,0.0240289531863704,2.82222155318637,8.46666465955911,2,15.9382935204885,2.06763,3.5287552,0.32841035138597,0.107853358897457,0.0354201594936709,35.4201594936709
0,2,1,NaN,3,Refractivo,770,47,NaN,NaN,NaN,NaN,NaN,NaN,6,180,NaN,NaN,NaN,NaN,NaN,NaN,NaN,NaN,NaN,4.2152138,0.0182635147556106,4.23347731475561,8.46695462951122,1,8.05721799172443,3.11469,5.3157376,0.376470402808308,0.141729964190649,0.0533571367088608,53.3571367088608
0,2,1,NaN,3,Refractivo,780,47,NaN,NaN,NaN,NaN,NaN,NaN,6,180,NaN,NaN,NaN,NaN,NaN,NaN,NaN,NaN,NaN,4.2152138,0.0184626885166104,4.23367648851661,8.46735297703322,1,8.14491206267576,3.11469,5.3157376,0.376470402808308,0.141729964190649,0.0533571367088608,53.3571367088608
0,2,1,NaN,2,Korsch,590,46,NaN,NaN,NaN,NaN,NaN,NaN,6,180,NaN,NaN,NaN,NaN,NaN,NaN,NaN,NaN,NaN,3.9518416,0.295188733944333,4.24703033394433,8.49406066788867,21,134.657307290991,2.92008,4.9836032,0.368460394237918,0.135763062121962,0.0500233113924051,50.023311392405
0,1,1,NaN,3,Korsch,660,59,NaN,NaN,NaN,NaN,NaN,NaN,6,360,NaN,NaN,NaN,NaN,NaN,NaN,NaN,NaN,NaN,8.3383874,0.159506061513747,8.49789346151375,8.49789346151375,5,35.3362341682805,6.16137,10.5154048,0.472590505652982,0.223341786033341,0.105549207594937,105.549207594937
0,1,2,NaN,2,Korsch,420,33,NaN,NaN,NaN,NaN,NaN,NaN,6,360,NaN,NaN,NaN,NaN,NaN,NaN,NaN,NaN,NaN,2.1885633,6.31095971325577,8.49952301325576,8.49952301325576,557,2637.57185038594,1.07811,1.8399744,0.302582639485472,0.0915562537179949,0.0277033329113924,27.7033329113924
0,1,2,NaN,2,Cassegrain,480,46,NaN,NaN,NaN,NaN,NaN,NaN,6,360,NaN,NaN,NaN,NaN,NaN,NaN,NaN,NaN,NaN,5.9277624,2.60569624481557,8.53345864481557,8.53345864481557,129,689.064389084993,2.92008,4.9836032,0.42178186110096,0.17789993835379,0.0750349670886076,75.0349670886076
0,2,2,NaN,1,Refractivo,500,37,NaN,NaN,NaN,NaN,NaN,NaN,6,180,NaN,NaN,NaN,NaN,NaN,NaN,NaN,NaN,NaN,3.0847677,1.18732804718089,4.27209574718089,8.54419149436177,111,614.95373176775,1.51959,2.5934336,0.339259323059468,0.115096888282769,0.0390476924050633,39.0476924050633
0,1,2,NaN,2,Cassegrain,490,47,NaN,NaN,NaN,NaN,NaN,NaN,6,360,NaN,NaN,NaN,NaN,NaN,NaN,NaN,NaN,NaN,6.3228207,2.23585804552638,8.55867874552638,8.55867874552638,105,571.312675410595,3.11469,5.3157376,0.430951031994459,0.18571879197709,0.0800357050632911,80.0357050632911
1,2,2,3,3,Refractivo,680,41,230,4.80006504058838,240,10,4.34782608695652,98.1067457443514,6,180,0.250781058108451,751.161115043794,0.255,6.21951219512195,1.049322225,0.13325,0.018701125,0.0027439173125,0.742623775,4.1972889,0.0823938171162187,4.27968271711622,8.55936543423244,5,36.2537893196577,2.06763,3.5287552,0.375936006633465,0.141327881083516,0.0531302392405063,53.1302392405063
0,3,1,NaN,3,Refractivo,680,41,NaN,NaN,NaN,NaN,NaN,NaN,6,120,NaN,NaN,NaN,NaN,NaN,NaN,NaN,NaN,NaN,2.7981926,0.0549292114108125,2.85312181141081,8.55936543423244,5,36.2537893196577,2.06763,3.5287552,0.32841035138597,0.107853358897457,0.0354201594936709,35.4201594936709
0,1,2,NaN,2,Refractivo,950,52,NaN,NaN,NaN,NaN,NaN,NaN,6,360,NaN,NaN,NaN,NaN,NaN,NaN,NaN,NaN,NaN,8.5630272,0,8.5630272,8.5630272,0,0,4.21824,7.1991296,0.476796886461955,0.227335270939815,0.108392749367089,108.392749367089
0,1,2,NaN,2,Refractivo,960,52,NaN,NaN,NaN,NaN,NaN,NaN,6,360,NaN,NaN,NaN,NaN,NaN,NaN,NaN,NaN,NaN,8.5630272,0,8.5630272,8.5630272,0,0,4.21824,7.1991296,0.476796886461955,0.227335270939815,0.108392749367089,108.392749367089
0,1,2,NaN,3,Refractivo,860,52,NaN,NaN,NaN,NaN,NaN,NaN,6,360,NaN,NaN,NaN,NaN,NaN,NaN,NaN,NaN,NaN,8.5630272,0,8.5630272,8.5630272,0,0,4.21824,7.1991296,0.476796886461955,0.227335270939815,0.108392749367089,108.392749367089
0,1,2,NaN,3,Refractivo,870,52,NaN,NaN,NaN,NaN,NaN,NaN,6,360,NaN,NaN,NaN,NaN,NaN,NaN,NaN,NaN,NaN,8.5630272,0,8.5630272,8.5630272,0,0,4.21824,7.1991296,0.476796886461955,0.227335270939815,0.108392749367089,108.392749367089
0,1,2,NaN,2,Cassegrain,470,45,NaN,NaN,NaN,NaN,NaN,NaN,6,360,NaN,NaN,NaN,NaN,NaN,NaN,NaN,NaN,NaN,5.5495125,3.03948297339277,8.58899547339277,8.58899547339277,158,828.181530063719,2.73375,4.6656,0.412612690207461,0.170249232120238,0.0702469936708861,70.2469936708861
0,2,2,NaN,3,Refractivo,670,41,NaN,NaN,NaN,NaN,NaN,NaN,6,180,NaN,NaN,NaN,NaN,NaN,NaN,NaN,NaN,NaN,4.1972889,0.0977843407664041,4.2950732407664,8.59014648153281,6,42.9552069929687,2.06763,3.5287552,0.375936006633465,0.141327881083516,0.0531302392405063,53.1302392405063
0,3,1,NaN,3,Refractivo,670,41,NaN,NaN,NaN,NaN,NaN,NaN,6,120,NaN,NaN,NaN,NaN,NaN,NaN,NaN,NaN,NaN,2.7981926,0.065189560510936,2.86338216051094,8.59014648153281,6,42.9552069929687,2.06763,3.5287552,0.32841035138597,0.107853358897457,0.0354201594936709,35.4201594936709
0,1,1,NaN,3,Korsch,420,38,NaN,NaN,NaN,NaN,NaN,NaN,6,360,NaN,NaN,NaN,NaN,NaN,NaN,NaN,NaN,NaN,2.2278032,6.36281332426777,8.59061652426777,8.59061652426777,554,2623.3658978704,1.64616,2.8094464,0.304380325674802,0.0926473826578985,0.0282000405063291,28.2000405063291
0,1,1,NaN,2,Cassegrain,620,59,NaN,NaN,NaN,NaN,NaN,NaN,6,360,NaN,NaN,NaN,NaN,NaN,NaN,NaN,NaN,NaN,8.3383874,0.30457754210273,8.64296494210273,8.64296494210273,10,66.9541051733449,6.16137,10.5154048,0.472590505652982,0.223341786033341,0.105549207594937,105.549207594937
0,1,2,NaN,1,Refractivo,700,52,NaN,NaN,NaN,NaN,NaN,NaN,6,360,NaN,NaN,NaN,NaN,NaN,NaN,NaN,NaN,NaN,8.5630272,0.103034977498853,8.66606217749885,8.66606217749885,3,22.2980603391516,4.21824,7.1991296,0.476796886461955,0.227335270939815,0.108392749367089,108.392749367089
0,1,2,NaN,2,Cassegrain,500,48,NaN,NaN,NaN,NaN,NaN,NaN,6,360,NaN,NaN,NaN,NaN,NaN,NaN,NaN,NaN,NaN,6.7350528,1.9388330837447,8.6738858837447,8.6738858837447,86,476.450639027265,3.31776,5.6623104,0.440120202887959,0.193705792990138,0.0852538329113924,85.2538329113924
0,1,2,NaN,2,Korsch,670,52,NaN,NaN,NaN,NaN,NaN,NaN,6,360,NaN,NaN,NaN,NaN,NaN,NaN,NaN,NaN,NaN,8.5630272,0.132530278636943,8.69555747863694,8.69555747863694,4,28.6368046619791,4.21824,7.1991296,0.476796886461955,0.227335270939815,0.108392749367089,108.392749367089
0,1,1,NaN,2,Cassegrain,610,59,NaN,NaN,NaN,NaN,NaN,NaN,6,360,NaN,NaN,NaN,NaN,NaN,NaN,NaN,NaN,NaN,8.3383874,0.361449212762244,8.69983661276224,8.69983661276224,12,79.2172308377412,6.16137,10.5154048,0.472590505652982,0.223341786033341,0.105549207594937,105.549207594937
0,1,2,NaN,3,Korsch,570,51,NaN,NaN,NaN,NaN,NaN,NaN,6,360,NaN,NaN,NaN,NaN,NaN,NaN,NaN,NaN,NaN,8.0784459,0.671535399541145,8.74998129954114,8.74998129954114,24,149.313827902166,3.97953,6.7917312,0.467627715568456,0.218675680367773,0.102258808860759,102.258808860759
0,1,1,NaN,2,Korsch,410,32,NaN,NaN,NaN,NaN,NaN,NaN,6,360,NaN,NaN,NaN,NaN,NaN,NaN,NaN,NaN,NaN,1.3303808,7.42276141093623,8.75314221093623,8.75314221093623,798,3696.89009187396,0.98304,1.6777216,0.256320274252465,0.0657000829928587,0.0168402632911392,16.8402632911392
0,2,2,NaN,1,Refractivo,530,39,NaN,NaN,NaN,NaN,NaN,NaN,6,180,NaN,NaN,NaN,NaN,NaN,NaN,NaN,NaN,NaN,3.6125271,0.767069320191378,4.37959642019138,8.75919284038276,62,361.749587652612,1.77957,3.0371328,0.357597664846466,0.127876089903646,0.0457281911392405,45.7281911392405
0,1,1,NaN,1,Refractivo,810,60,NaN,NaN,NaN,NaN,NaN,NaN,6,360,NaN,NaN,NaN,NaN,NaN,NaN,NaN,NaN,NaN,8.7696,0,8.7696,8.7696,0,0,6.48,11.0592,0.480600514223371,0.230976854271769,0.111007594936709,111.007594936709
0,1,1,NaN,3,Refractivo,990,60,NaN,NaN,NaN,NaN,NaN,NaN,6,360,NaN,NaN,NaN,NaN,NaN,NaN,NaN,NaN,NaN,8.7696,0,8.7696,8.7696,0,0,6.48,11.0592,0.480600514223371,0.230976854271769,0.111007594936709,111.007594936709
0,1,1,NaN,3,Refractivo,1000,60,NaN,NaN,NaN,NaN,NaN,NaN,6,360,NaN,NaN,NaN,NaN,NaN,NaN,NaN,NaN,NaN,8.7696,0,8.7696,8.7696,0,0,6.48,11.0592,0.480600514223371,0.230976854271769,0.111007594936709,111.007594936709
0,2,1,NaN,1,Refractivo,630,47,NaN,NaN,NaN,NaN,NaN,NaN,6,180,NaN,NaN,NaN,NaN,NaN,NaN,NaN,NaN,NaN,4.2152138,0.172059368739653,4.38727316873965,8.77454633747931,11,74.6787442016694,3.11469,5.3157376,0.376470402808308,0.141729964190649,0.0533571367088608,53.3571367088608
0,2,2,NaN,1,Refractivo,510,38,NaN,NaN,NaN,NaN,NaN,NaN,6,180,NaN,NaN,NaN,NaN,NaN,NaN,NaN,NaN,NaN,3.3417048,1.0457182160171,4.3874230160171,8.77484603203421,91,513.125214415978,1.64616,2.8094464,0.348428493952967,0.121402415398333,0.0423000607594937,42.3000607594937
0,1,2,NaN,2,Cassegrain,460,44,NaN,NaN,NaN,NaN,NaN,NaN,6,360,NaN,NaN,NaN,NaN,NaN,NaN,NaN,NaN,NaN,5.1877056,3.60035305366742,8.78805865366742,8.78805865366742,195,1002.55022710819,2.55552,4.3614208,0.403443519313962,0.162766673276435,0.0656671594936709,65.6671594936709
0,1,1,NaN,2,Korsch,770,60,NaN,NaN,NaN,NaN,NaN,NaN,6,360,NaN,NaN,NaN,NaN,NaN,NaN,NaN,NaN,NaN,8.7696,0.0379965825222918,8.80759658252229,8.80759658252229,1,8.05721799172443,6.48,11.0592,0.480600514223371,0.230976854271769,0.111007594936709,111.007594936709
0,1,1,NaN,2,Korsch,780,60,NaN,NaN,NaN,NaN,NaN,NaN,6,360,NaN,NaN,NaN,NaN,NaN,NaN,NaN,NaN,NaN,8.7696,0.0384109563351843,8.80801095633518,8.80801095633518,1,8.14491206267576,6.48,11.0592,0.480600514223371,0.230976854271769,0.111007594936709,111.007594936709
0,1,2,NaN,2,Cassegrain,510,49,NaN,NaN,NaN,NaN,NaN,NaN,6,360,NaN,NaN,NaN,NaN,NaN,NaN,NaN,NaN,NaN,7.1648241,1.67378844607151,8.83861254607151,8.83861254607151,70,394.711703396906,3.52947,6.0236288,0.449289373781458,0.201860941392935,0.0906939759493671,90.6939759493671
0,2,1,NaN,1,Refractivo,440,33,NaN,NaN,NaN,NaN,NaN,NaN,6,180,NaN,NaN,NaN,NaN,NaN,NaN,NaN,NaN,NaN,1.4590422,2.97356724729805,4.43260944729805,8.8652188945961,435,2148.55234022526,1.07811,1.8399744,0.264330282822854,0.0698704984172101,0.0184688886075949,18.4688886075949
0,2,1,NaN,2,Korsch,610,47,NaN,NaN,NaN,NaN,NaN,NaN,6,180,NaN,NaN,NaN,NaN,NaN,NaN,NaN,NaN,NaN,4.2152138,0.229513502593447,4.44472730259345,8.8894546051869,15,99.0215385471765,3.11469,5.3157376,0.376470402808308,0.141729964190649,0.0533571367088608,53.3571367088608
0,2,1,NaN,2,Refractivo,420,23,NaN,NaN,NaN,NaN,NaN,NaN,6,180,NaN,NaN,NaN,NaN,NaN,NaN,NaN,NaN,NaN,0.4939802,3.95646175130905,4.45044195130905,8.9008839026181,915,4332.81551724082,0.36501,0.6229504,0.184230197118959,0.0339407655304905,0.00625291392405063,6.25291392405063
0,1,1,NaN,3,Korsch,670,60,NaN,NaN,NaN,NaN,NaN,NaN,6,360,NaN,NaN,NaN,NaN,NaN,NaN,NaN,NaN,NaN,8.7696,0.135727413260411,8.90532741326041,8.90532741326041,4,28.6368046619791,6.48,11.0592,0.480600514223371,0.230976854271769,0.111007594936709,111.007594936709
0,3,1,NaN,1,Refractivo,490,36,NaN,NaN,NaN,NaN,NaN,NaN,6,120,NaN,NaN,NaN,NaN,NaN,NaN,NaN,NaN,NaN,1.8942336,1.07742533140528,2.97165893140528,8.91497679421585,157,854.248476566318,1.39968,2.3887872,0.288360308534023,0.0831516675378368,0.0239776405063291,23.9776405063291
0,2,1,NaN,2,Korsch,600,47,NaN,NaN,NaN,NaN,NaN,NaN,6,180,NaN,NaN,NaN,NaN,NaN,NaN,NaN,NaN,NaN,4.2152138,0.257128940810265,4.47234274081026,8.94468548162053,17,110.619862061109,3.11469,5.3157376,0.376470402808308,0.141729964190649,0.0533571367088608,53.3571367088608
0,3,1,NaN,1,Refractivo,500,37,NaN,NaN,NaN,NaN,NaN,NaN,6,120,NaN,NaN,NaN,NaN,NaN,NaN,NaN,NaN,NaN,2.0565118,0.926518584753955,2.98303038475395,8.94909115426186,127,703.595711121659,1.51959,2.5934336,0.296370317104412,0.0878353648605699,0.0260317949367089,26.0317949367089
0,2,1,NaN,2,Refractivo,880,48,NaN,NaN,NaN,NaN,NaN,NaN,6,180,NaN,NaN,NaN,NaN,NaN,NaN,NaN,NaN,NaN,4.4900352,0,4.4900352,8.9800704,0,0,3.31776,5.6623104,0.384480411378697,0.147825186733932,0.0568358886075949,56.8358886075949
0,2,1,NaN,2,Refractivo,890,48,NaN,NaN,NaN,NaN,NaN,NaN,6,180,NaN,NaN,NaN,NaN,NaN,NaN,NaN,NaN,NaN,4.4900352,0,4.4900352,8.9800704,0,0,3.31776,5.6623104,0.384480411378697,0.147825186733932,0.0568358886075949,56.8358886075949
0,3,1,NaN,1,Refractivo,530,39,NaN,NaN,NaN,NaN,NaN,NaN,6,120,NaN,NaN,NaN,NaN,NaN,NaN,NaN,NaN,NaN,2.4083514,0.593401882647022,3.00175328264702,9.00525984794106,71,414.261624569926,1.77957,3.0371328,0.312390334245191,0.0975877209298224,0.0304854607594937,30.4854607594937
0,2,1,NaN,3,Refractivo,790,48,NaN,NaN,NaN,NaN,NaN,NaN,6,180,NaN,NaN,NaN,NaN,NaN,NaN,NaN,NaN,NaN,4.4900352,0.0198776703635118,4.50991287036351,9.01982574072702,1,8.23223094783316,3.31776,5.6623104,0.384480411378697,0.147825186733932,0.0568358886075949,56.8358886075949
0,2,1,NaN,3,Refractivo,800,48,NaN,NaN,NaN,NaN,NaN,NaN,6,180,NaN,NaN,NaN,NaN,NaN,NaN,NaN,NaN,NaN,4.4900352,0.0200880370425033,4.5101232370425,9.02024647408501,1,8.31917660912859,3.31776,5.6623104,0.384480411378697,0.147825186733932,0.0568358886075949,56.8358886075949
0,1,1,NaN,2,Cassegrain,630,60,NaN,NaN,NaN,NaN,NaN,NaN,6,360,NaN,NaN,NaN,NaN,NaN,NaN,NaN,NaN,NaN,8.7696,0.259039909183308,9.02863990918331,9.02863990918331,8,54.3118139648504,6.48,11.0592,0.480600514223371,0.230976854271769,0.111007594936709,111.007594936709
0,2,2,NaN,1,Refractivo,480,36,NaN,NaN,NaN,NaN,NaN,NaN,6,180,NaN,NaN,NaN,NaN,NaN,NaN,NaN,NaN,NaN,2.8413504,1.67927916164682,4.52062956164682,9.04125912329365,165,881.36142789941,1.39968,2.3887872,0.330090152165969,0.108959508556953,0.0359664607594937,35.9664607594937
1,2,2,2,1,Refractivo,520,39,170,6.55908966064453,192,22,12.9411764705882,97.4778412093475,6,180,0.251411725869241,948.312015990796,0.0975,2.5,0.903131775,0.12675,0.016921125,0.0023616376875,0.639162225,3.6125271,0.914536848314961,4.52706394831496,9.05412789662992,74,424.532094149519,1.77957,3.0371328,0.357597664846466,0.127876089903646,0.0457281911392405,45.7281911392405
1,2,2,1,2,Refractivo,770,42,160,6.54184055328369,163.84,3.84,2.4,98.4769938343495,6,180,0.251557128660106,733.01206896604,0.17325,4.125,1.1279898,0.1365,0.0196245,0.0029496285,0.7982982,4.5119592,0.0195492417077191,4.53150844170772,9.06301688341544,1,8.05721799172443,2.22264,3.7933056,0.385105177526964,0.148305997758074,0.0571134075949367,57.1134075949367
0,3,1,NaN,2,Refractivo,770,42,NaN,NaN,NaN,NaN,NaN,NaN,6,120,NaN,NaN,NaN,NaN,NaN,NaN,NaN,NaN,NaN,3.0079728,0.0130328278051461,3.02100562780515,9.06301688341544,1,8.05721799172443,2.22264,3.7933056,0.33642035995636,0.113178658593167,0.0380756050632911,38.0756050632911
1,2,2,2,2,Refractivo,780,42,220,3.60335659980774,327.68,107.68,48.9454545454545,98.5188814074924,6,180,0.250243397131858,723.834256048707,0.1755,4.17857142857143,1.1279898,0.1365,0.0196245,0.0029496285,0.7982982,4.5119592,0.0197624370344523,4.53172163703445,9.0634432740689,1,8.14491206267576,2.22264,3.7933056,0.385105177526964,0.148305997758074,0.0571134075949367,57.1134075949367
0,3,1,NaN,2,Refractivo,780,42,NaN,NaN,NaN,NaN,NaN,NaN,6,120,NaN,NaN,NaN,NaN,NaN,NaN,NaN,NaN,NaN,3.0079728,0.0131749580229682,3.02114775802297,9.06344327406891,1,8.14491206267576,2.22264,3.7933056,0.33642035995636,0.113178658593167,0.0380756050632911,38.0756050632911
0,1,2,NaN,2,Refractivo,970,53,NaN,NaN,NaN,NaN,NaN,NaN,6,360,NaN,NaN,NaN,NaN,NaN,NaN,NaN,NaN,NaN,9.0666093,0,9.0666093,9.0666093,0,0,4.46631,7.6225024,0.485966057355454,0.236163008901605,0.114767206329114,114.767206329114
0,1,2,NaN,2,Refractivo,980,53,NaN,NaN,NaN,NaN,NaN,NaN,6,360,NaN,NaN,NaN,NaN,NaN,NaN,NaN,NaN,NaN,9.0666093,0,9.0666093,9.0666093,0,0,4.46631,7.6225024,0.485966057355454,0.236163008901605,0.114767206329114,114.767206329114
0,1,2,NaN,3,Refractivo,880,53,NaN,NaN,NaN,NaN,NaN,NaN,6,360,NaN,NaN,NaN,NaN,NaN,NaN,NaN,NaN,NaN,9.0666093,0,9.0666093,9.0666093,0,0,4.46631,7.6225024,0.485966057355454,0.236163008901605,0.114767206329114,114.767206329114
0,1,2,NaN,2,Cassegrain,520,50,NaN,NaN,NaN,NaN,NaN,NaN,6,360,NaN,NaN,NaN,NaN,NaN,NaN,NaN,NaN,NaN,7.6125,1.47601067303164,9.08851067303164,9.08851067303164,58,332.741371090164,3.75,6.4,0.458458544674957,0.210184237185479,0.0963607594936709,96.3607594936709
0,1,2,NaN,3,Korsch,430,38,NaN,NaN,NaN,NaN,NaN,NaN,6,360,NaN,NaN,NaN,NaN,NaN,NaN,NaN,NaN,NaN,3.3417048,5.75057453535522,9.09227933535522,9.09227933535522,399,1930.15670842931,1.64616,2.8094464,0.348428493952967,0.121402415398333,0.0423000607594937,42.3000607594937
0,3,1,NaN,1,Refractivo,510,38,NaN,NaN,NaN,NaN,NaN,NaN,6,120,NaN,NaN,NaN,NaN,NaN,NaN,NaN,NaN,NaN,2.2278032,0.811761440663901,3.0395646406639,9.1186939219917,104,586.428816475403,1.64616,2.8094464,0.304380325674802,0.0926473826578985,0.0282000405063291,28.2000405063291
0,1,2,NaN,2,Cassegrain,450,43,NaN,NaN,NaN,NaN,NaN,NaN,6,360,NaN,NaN,NaN,NaN,NaN,NaN,NaN,NaN,NaN,4.8419763,4.28430975180061,9.12628605180061,9.12628605180061,240,1209.71180949105,2.38521,4.0707584,0.394274348420463,0.155452261822381,0.0612908392405063,61.2908392405063
0,2,2,NaN,3,Refractivo,430,26,NaN,NaN,NaN,NaN,NaN,NaN,6,180,NaN,NaN,NaN,NaN,NaN,NaN,NaN,NaN,NaN,1.0703784,3.49507138199724,4.56544978199724,9.13089956399448,584,2825.09152311458,0.52728,0.8998912,0.238398443230978,0.0568338177349537,0.0135490936708861,13.5490936708861
0,1,2,NaN,3,Korsch,580,52,NaN,NaN,NaN,NaN,NaN,NaN,6,360,NaN,NaN,NaN,NaN,NaN,NaN,NaN,NaN,NaN,8.5630272,0.568065517769454,9.13109271776946,9.13109271776946,19,120.023754988164,4.21824,7.1991296,0.476796886461955,0.227335270939815,0.108392749367089,108.392749367089
1,2,2,3,3,Refractivo,700,42,190,6.65614986419678,240,50,26.3157894736842,98.1879816336059,6,180,0.250348115765543,747.995008679212,0.2625,6.25,1.1279898,0.1365,0.0196245,0.0029496285,0.7982982,4.5119592,0.0542903349235818,4.56624953492358,9.13249906984716,3,22.2980603391516,2.22264,3.7933056,0.385105177526964,0.148305997758074,0.0571134075949367,57.1134075949367
0,1,2,NaN,1,Refractivo,710,53,NaN,NaN,NaN,NaN,NaN,NaN,6,360,NaN,NaN,NaN,NaN,NaN,NaN,NaN,NaN,NaN,9.0666093,0.0734835944317824,9.14009289443178,9.14009289443178,2,15.046126344314,4.46631,7.6225024,0.485966057355454,0.236163008901605,0.114767206329114,114.767206329114
0,1,2,NaN,1,Refractivo,720,53,NaN,NaN,NaN,NaN,NaN,NaN,6,360,NaN,NaN,NaN,NaN,NaN,NaN,NaN,NaN,NaN,9.0666093,0.0743658373161645,9.14097513731616,9.14097513731616,2,15.2261005631844,4.46631,7.6225024,0.485966057355454,0.236163008901605,0.114767206329114,114.767206329114
0,2,2,NaN,1,Refractivo,470,35,NaN,NaN,NaN,NaN,NaN,NaN,6,180,NaN,NaN,NaN,NaN,NaN,NaN,NaN,NaN,NaN,2.6110875,1.96720005294991,4.57828755294991,9.15657510589983,204,1069.29767172784,1.28625,2.1952,0.32092098127247,0.102990276220885,0.0330517405063291,33.0517405063291
1,2,2,2,1,Refractivo,540,40,160,5.35329818725586,192,32,20,97.554441391658,6,180,0.250573071861651,937.74799178227,0.10125,2.53125,0.9744,0.13,0.0178,0.002548,0.6896,3.8976,0.681930603383326,4.57953060338333,9.15906120676665,51,302.53162676061,1.92,3.2768,0.366766835739966,0.134517911798707,0.0493367088607595,49.3367088607595
1,2,2,3,3,Refractivo,690,42,210,5.44989204406738,240,30,14.2857142857143,98.1472897950453,6,180,0.2516162899212,758.681507495095,0.25875,6.16071428571428,1.1279898,0.1365,0.0196245,0.0029496285,0.7982982,4.5119592,0.0716268071851832,4.58358600718518,9.16717201437037,4,29.3676761488241,2.22264,3.7933056,0.385105177526964,0.148305997758074,0.0571134075949367,57.1134075949367
0,3,1,NaN,3,Refractivo,700,42,NaN,NaN,NaN,NaN,NaN,NaN,6,120,NaN,NaN,NaN,NaN,NaN,NaN,NaN,NaN,NaN,3.0079728,0.0483458424848301,3.05631864248483,9.16895592745449,4,29.7307471188687,2.22264,3.7933056,0.33642035995636,0.113178658593167,0.0380756050632911,38.0756050632911
0,3,1,NaN,3,Refractivo,690,42,NaN,NaN,NaN,NaN,NaN,NaN,6,120,NaN,NaN,NaN,NaN,NaN,NaN,NaN,NaN,NaN,3.0079728,0.0597962967219841,3.06776909672198,9.20330729016595,5,36.7095951860301,2.22264,3.7933056,0.33642035995636,0.113178658593167,0.0380756050632911,38.0756050632911
0,1,2,NaN,2,Korsch,680,53,NaN,NaN,NaN,NaN,NaN,NaN,6,360,NaN,NaN,NaN,NaN,NaN,NaN,NaN,NaN,NaN,9.0666093,0.142131525351721,9.20874082535172,9.20874082535172,4,29.0030314557262,4.46631,7.6225024,0.485966057355454,0.236163008901605,0.114767206329114,114.767206329114
0,1,1,NaN,1,Refractivo,820,61,NaN,NaN,NaN,NaN,NaN,NaN,6,360,NaN,NaN,NaN,NaN,NaN,NaN,NaN,NaN,NaN,9.2154286,0,9.2154286,9.2154286,0,0,6.80943,11.6214272,0.488610522793761,0.238740242984792,0.116650994936709,116.650994936709
0,1,1,NaN,1,Refractivo,830,61,NaN,NaN,NaN,NaN,NaN,NaN,6,360,NaN,NaN,NaN,NaN,NaN,NaN,NaN,NaN,NaN,9.2154286,0,9.2154286,9.2154286,0,0,6.80943,11.6214272,0.488610522793761,0.238740242984792,0.116650994936709,116.650994936709
0,1,1,NaN,2,Korsch,790,61,NaN,NaN,NaN,NaN,NaN,NaN,6,360,NaN,NaN,NaN,NaN,NaN,NaN,NaN,NaN,NaN,9.2154286,0,9.2154286,9.2154286,0,0,6.80943,11.6214272,0.488610522793761,0.238740242984792,0.116650994936709,116.650994936709
0,3,1,NaN,3,Refractivo,440,27,NaN,NaN,NaN,NaN,NaN,NaN,6,120,NaN,NaN,NaN,NaN,NaN,NaN,NaN,NaN,NaN,0.7991298,2.28138621682343,3.08051601682343,9.24154805047028,531,2622.71561530946,0.59049,1.0077696,0.216270231400517,0.0467728129900332,0.0101155670886076,10.1155670886076
0,2,1,NaN,1,Refractivo,650,48,NaN,NaN,NaN,NaN,NaN,NaN,6,180,NaN,NaN,NaN,NaN,NaN,NaN,NaN,NaN,NaN,4.4900352,0.136310131186217,4.62634533118622,9.25269066237243,8,55.7991419699101,3.31776,5.6623104,0.384480411378697,0.147825186733932,0.0568358886075949,56.8358886075949
0,2,1,NaN,1,Refractivo,640,48,NaN,NaN,NaN,NaN,NaN,NaN,6,180,NaN,NaN,NaN,NaN,NaN,NaN,NaN,NaN,NaN,4.4900352,0.151537479530499,4.6415726795305,9.283145359061,9,61.9392309031782,3.31776,5.6623104,0.384480411378697,0.147825186733932,0.0568358886075949,56.8358886075949
0,1,1,NaN,3,Korsch,690,61,NaN,NaN,NaN,NaN,NaN,NaN,6,360,NaN,NaN,NaN,NaN,NaN,NaN,NaN,NaN,NaN,9.2154286,0.109523610842948,9.32495221084295,9.32495221084295,3,22.0257571116181,6.80943,11.6214272,0.488610522793761,0.238740242984792,0.116650994936709,116.650994936709
0,1,2,NaN,2,Cassegrain,530,51,NaN,NaN,NaN,NaN,NaN,NaN,6,360,NaN,NaN,NaN,NaN,NaN,NaN,NaN,NaN,NaN,8.0784459,1.27217061384362,9.35061651384362,9.35061651384362,47,274.229526123754,3.97953,6.7917312,0.467627715568456,0.218675680367773,0.102258808860759,102.258808860759
0,3,1,NaN,1,Refractivo,520,39,NaN,NaN,NaN,NaN,NaN,NaN,6,120,NaN,NaN,NaN,NaN,NaN,NaN,NaN,NaN,NaN,2.4083514,0.711591574420503,3.1199429744205,9.35982892326151,85,487.638216252826,1.77957,3.0371328,0.312390334245191,0.0975877209298224,0.0304854607594937,30.4854607594937
0,1,1,NaN,3,Korsch,680,61,NaN,NaN,NaN,NaN,NaN,NaN,6,360,NaN,NaN,NaN,NaN,NaN,NaN,NaN,NaN,NaN,9.2154286,0.144464471816148,9.35989307181615,9.35989307181615,4,29.0030314557262,6.80943,11.6214272,0.488610522793761,0.238740242984792,0.116650994936709,116.650994936709
0,3,1,NaN,1,Refractivo,540,40,NaN,NaN,NaN,NaN,NaN,NaN,6,120,NaN,NaN,NaN,NaN,NaN,NaN,NaN,NaN,NaN,2.5984,0.522422256747414,3.12082225674741,9.36246677024224,58,344.055575531675,1.92,3.2768,0.320400342815581,0.102656379676342,0.0328911392405063,32.8911392405063
0,2,1,NaN,2,Korsch,620,48,NaN,NaN,NaN,NaN,NaN,NaN,6,180,NaN,NaN,NaN,NaN,NaN,NaN,NaN,NaN,NaN,4.4900352,0.197457671066964,4.68749287106696,9.37498574213393,12,80.3449262080139,3.31776,5.6623104,0.384480411378697,0.147825186733932,0.0568358886075949,56.8358886075949
0,1,1,NaN,2,Cassegrain,420,40,NaN,NaN,NaN,NaN,NaN,NaN,6,360,NaN,NaN,NaN,NaN,NaN,NaN,NaN,NaN,NaN,2.5984,6.77733873023847,9.37573873023847,9.37573873023847,526,2490.77700772533,1.92,3.2768,0.320400342815581,0.102656379676342,0.0328911392405063,32.8911392405063
0,2,1,NaN,2,Korsch,440,34,NaN,NaN,NaN,NaN,NaN,NaN,6,180,NaN,NaN,NaN,NaN,NaN,NaN,NaN,NaN,NaN,1.5957424,3.09772319715712,4.69346559715712,9.38693119431424,422,2084.34273005761,1.17912,2.0123648,0.272340291393244,0.0741692343161569,0.020199270886076,20.1992708860759
0,2,2,NaN,1,Refractivo,460,34,NaN,NaN,NaN,NaN,NaN,NaN,6,180,NaN,NaN,NaN,NaN,NaN,NaN,NaN,NaN,NaN,2.3936136,2.3212586529604,4.7148722529604,9.4297445059208,252,1295.60337041674,1.17912,2.0123648,0.311751810378971,0.0971891912745657,0.0302989063291139,30.2989063291139
0,1,1,NaN,2,Cassegrain,640,61,NaN,NaN,NaN,NaN,NaN,NaN,6,360,NaN,NaN,NaN,NaN,NaN,NaN,NaN,NaN,NaN,9.2154286,0.241088544553254,9.45651714455325,9.45651714455325,7,48.1749573691386,6.80943,11.6214272,0.488610522793761,0.238740242984792,0.116650994936709,116.650994936709
0,1,2,NaN,3,Korsch,600,53,NaN,NaN,NaN,NaN,NaN,NaN,6,360,NaN,NaN,NaN,NaN,NaN,NaN,NaN,NaN,NaN,9.0666093,0.420234010407716,9.48684331040772,9.48684331040772,13,84.5916592232006,4.46631,7.6225024,0.485966057355454,0.236163008901605,0.114767206329114,114.767206329114
0,1,1,NaN,3,Cassegrain,490,56,NaN,NaN,NaN,NaN,NaN,NaN,6,360,NaN,NaN,NaN,NaN,NaN,NaN,NaN,NaN,NaN,7.1300096,2.41181916648323,9.54182876648323,9.54182876648323,101,549.548383014001,5.26848,8.9915392,0.448560479941813,0.20120650416563,0.0902532860759494,90.2532860759493
0,2,1,NaN,2,Refractivo,900,49,NaN,NaN,NaN,NaN,NaN,NaN,6,180,NaN,NaN,NaN,NaN,NaN,NaN,NaN,NaN,NaN,4.7765494,0,4.7765494,9.5530988,0,0,3.52947,6.0236288,0.392490419949087,0.15404872975181,0.0604626506329114,60.4626506329114
0,2,1,NaN,2,Refractivo,910,49,NaN,NaN,NaN,NaN,NaN,NaN,6,180,NaN,NaN,NaN,NaN,NaN,NaN,NaN,NaN,NaN,4.7765494,0,4.7765494,9.5530988,0,0,3.52947,6.0236288,0.392490419949087,0.15404872975181,0.0604626506329114,60.4626506329114
0,2,1,NaN,3,Refractivo,810,49,NaN,NaN,NaN,NaN,NaN,NaN,6,180,NaN,NaN,NaN,NaN,NaN,NaN,NaN,NaN,NaN,4.7765494,0,4.7765494,9.5530988,0,0,3.52947,6.0236288,0.392490419949087,0.15404872975181,0.0604626506329114,60.4626506329114
0,1,1,NaN,3,Cassegrain,480,55,NaN,NaN,NaN,NaN,NaN,NaN,6,360,NaN,NaN,NaN,NaN,NaN,NaN,NaN,NaN,NaN,6.754825,2.80789886019057,9.56272386019057,9.56272386019057,123,657.014882615924,4.99125,8.5184,0.440550471371424,0.194084717825584,0.0855041139240506,85.5041139240506
0,1,2,NaN,3,Korsch,590,53,NaN,NaN,NaN,NaN,NaN,NaN,6,360,NaN,NaN,NaN,NaN,NaN,NaN,NaN,NaN,NaN,9.0666093,0.511936729746482,9.57854602974648,9.57854602974648,16,102.596043650279,4.46631,7.6225024,0.485966057355454,0.236163008901605,0.114767206329114,114.767206329114
0,1,2,NaN,2,Refractivo,990,54,NaN,NaN,NaN,NaN,NaN,NaN,6,360,NaN,NaN,NaN,NaN,NaN,NaN,NaN,NaN,NaN,9.5895576,0,9.5895576,9.5895576,0,0,4.72392,8.0621568,0.495135228248953,0.245158894253143,0.121386805063291,121.386805063291
0,1,2,NaN,2,Refractivo,1000,54,NaN,NaN,NaN,NaN,NaN,NaN,6,360,NaN,NaN,NaN,NaN,NaN,NaN,NaN,NaN,NaN,9.5895576,0,9.5895576,9.5895576,0,0,4.72392,8.0621568,0.495135228248953,0.245158894253143,0.121386805063291,121.386805063291
0,1,2,NaN,3,Refractivo,890,54,NaN,NaN,NaN,NaN,NaN,NaN,6,360,NaN,NaN,NaN,NaN,NaN,NaN,NaN,NaN,NaN,9.5895576,0,9.5895576,9.5895576,0,0,4.72392,8.0621568,0.495135228248953,0.245158894253143,0.121386805063291,121.386805063291
0,1,2,NaN,3,Refractivo,900,54,NaN,NaN,NaN,NaN,NaN,NaN,6,360,NaN,NaN,NaN,NaN,NaN,NaN,NaN,NaN,NaN,9.5895576,0,9.5895576,9.5895576,0,0,4.72392,8.0621568,0.495135228248953,0.245158894253143,0.121386805063291,121.386805063291
0,1,1,NaN,3,Cassegrain,500,57,NaN,NaN,NaN,NaN,NaN,NaN,6,360,NaN,NaN,NaN,NaN,NaN,NaN,NaN,NaN,NaN,7.5188358,2.08018428563777,9.59902008563776,9.59902008563776,83,459.830267898407,5.55579,9.4818816,0.456570488512203,0.208456610980271,0.0951751367088608,95.1751367088607
0,2,2,NaN,1,Refractivo,550,41,NaN,NaN,NaN,NaN,NaN,NaN,6,180,NaN,NaN,NaN,NaN,NaN,NaN,NaN,NaN,NaN,4.1972889,0.607133752034535,4.80442265203453,9.60884530406907,42,253.213306251169,2.06763,3.5287552,0.375936006633465,0.141327881083516,0.0531302392405063,53.1302392405063
0,1,2,NaN,1,Refractivo,730,54,NaN,NaN,NaN,NaN,NaN,NaN,6,360,NaN,NaN,NaN,NaN,NaN,NaN,NaN,NaN,NaN,9.5895576,0.0397173985515614,9.62927499855156,9.62927499855156,1,7.7026501615901,4.72392,8.0621568,0.495135228248953,0.245158894253143,0.121386805063291,121.386805063291
0,3,1,NaN,1,Refractivo,480,36,NaN,NaN,NaN,NaN,NaN,NaN,6,120,NaN,NaN,NaN,NaN,NaN,NaN,NaN,NaN,NaN,1.8942336,1.32627070821972,3.22050430821972,9.66151292465917,189,1009.55945377569,1.39968,2.3887872,0.288360308534023,0.0831516675378368,0.0239776405063291,23.9776405063291
0,1,2,NaN,2,Korsch,700,54,NaN,NaN,NaN,NaN,NaN,NaN,6,360,NaN,NaN,NaN,NaN,NaN,NaN,NaN,NaN,NaN,9.5895576,0.0767849333677337,9.66634253336773,9.66634253336773,2,14.8653735594344,4.72392,8.0621568,0.495135228248953,0.245158894253143,0.121386805063291,121.386805063291
0,1,1,NaN,1,Refractivo,840,62,NaN,NaN,NaN,NaN,NaN,NaN,6,360,NaN,NaN,NaN,NaN,NaN,NaN,NaN,NaN,NaN,9.6761168,0,9.6761168,9.6761168,0,0,7.14984,12.2023936,0.49662053136415,0.246631952172411,0.12248249113924,122.48249113924
0,1,1,NaN,2,Korsch,800,62,NaN,NaN,NaN,NaN,NaN,NaN,6,360,NaN,NaN,NaN,NaN,NaN,NaN,NaN,NaN,NaN,9.6761168,0,9.6761168,9.6761168,0,0,7.14984,12.2023936,0.49662053136415,0.246631952172411,0.12248249113924,122.48249113924
0,2,2,NaN,2,Korsch,480,37,NaN,NaN,NaN,NaN,NaN,NaN,6,180,NaN,NaN,NaN,NaN,NaN,NaN,NaN,NaN,NaN,3.0847677,1.7556092522958,4.8403769522958,9.68075390459161,160,854.653505841852,1.51959,2.5934336,0.339259323059468,0.115096888282769,0.0390476924050633,39.0476924050633
0,1,2,NaN,2,Cassegrain,540,52,NaN,NaN,NaN,NaN,NaN,NaN,6,360,NaN,NaN,NaN,NaN,NaN,NaN,NaN,NaN,NaN,8.5630272,1.12553579399569,9.68856299399569,9.68856299399569,39,231.347714581643,4.21824,7.1991296,0.476796886461955,0.227335270939815,0.108392749367089,108.392749367089
0,1,2,NaN,2,Korsch,690,54,NaN,NaN,NaN,NaN,NaN,NaN,6,360,NaN,NaN,NaN,NaN,NaN,NaN,NaN,NaN,NaN,9.5895576,0.113970062633705,9.7035276626337,9.7035276626337,3,22.0257571116181,4.72392,8.0621568,0.495135228248953,0.245158894253143,0.121386805063291,121.386805063291
0,1,1,NaN,3,Cassegrain,470,54,NaN,NaN,NaN,NaN,NaN,NaN,6,360,NaN,NaN,NaN,NaN,NaN,NaN,NaN,NaN,NaN,6.3930384,3.3145866041366,9.7076250041366,9.7076250041366,151,791.489943288744,4.72392,8.0621568,0.432540462801034,0.187091251960133,0.0809245367088608,80.9245367088607
0,2,2,NaN,2,Korsch,520,40,NaN,NaN,NaN,NaN,NaN,NaN,6,180,NaN,NaN,NaN,NaN,NaN,NaN,NaN,NaN,NaN,3.8976,0.957262737215223,4.85486273721522,9.70972547443045,72,413.0582537671,1.92,3.2768,0.366766835739966,0.134517911798707,0.0493367088607595,49.3367088607595
0,2,2,NaN,2,Korsch,490,38,NaN,NaN,NaN,NaN,NaN,NaN,6,180,NaN,NaN,NaN,NaN,NaN,NaN,NaN,NaN,NaN,3.3417048,1.51500858113383,4.85671338113383,9.71342676226765,130,707.339502889308,1.64616,2.8094464,0.348428493952967,0.121402415398333,0.0423000607594937,42.3000607594937
0,1,2,NaN,2,Cassegrain,440,42,NaN,NaN,NaN,NaN,NaN,NaN,6,360,NaN,NaN,NaN,NaN,NaN,NaN,NaN,NaN,NaN,4.5119592,5.21431503560167,9.72627423560167,9.72627423560167,298,1471.88183307386,2.22264,3.7933056,0.385105177526964,0.148305997758074,0.0571134075949367,57.1134075949367
0,3,1,NaN,2,Refractivo,790,43,NaN,NaN,NaN,NaN,NaN,NaN,6,120,NaN,NaN,NaN,NaN,NaN,NaN,NaN,NaN,NaN,3.2279842,0.0142904906104577,3.24227469061046,9.72682407183137,1,8.23223094783316,2.38521,4.0707584,0.344430368526749,0.118632278763472,0.0408605594936709,40.8605594936709
1,2,2,2,2,Refractivo,790,43,210,6.00418567657471,327.68,117.68,56.0380952380952,98.5609201415361,6,180,0.251343199891708,731.98092579695,0.17775,4.13372093023256,1.210494075,0.13975,0.020570125,0.0031653724375,0.856687925,4.8419763,0.0214357359156865,4.86341203591569,9.72682407183137,1,8.23223094783316,2.38521,4.0707584,0.394274348420463,0.155452261822381,0.0612908392405063,61.2908392405063
0,2,2,NaN,2,Refractivo,800,43,NaN,NaN,NaN,NaN,NaN,NaN,6,180,NaN,NaN,NaN,NaN,NaN,NaN,NaN,NaN,NaN,4.8419763,0.0216625917038074,4.86363889170381,9.72727778340761,1,8.31917660912859,2.38521,4.0707584,0.394274348420463,0.155452261822381,0.0612908392405063,61.2908392405063
0,3,1,NaN,2,Refractivo,800,43,NaN,NaN,NaN,NaN,NaN,NaN,6,120,NaN,NaN,NaN,NaN,NaN,NaN,NaN,NaN,NaN,3.2279842,0.0144417278025383,3.24242592780254,9.72727778340761,1,8.31917660912859,2.38521,4.0707584,0.344430368526749,0.118632278763472,0.0408605594936709,40.8605594936709
0,1,1,NaN,3,Korsch,700,62,NaN,NaN,NaN,NaN,NaN,NaN,6,360,NaN,NaN,NaN,NaN,NaN,NaN,NaN,NaN,NaN,9.6761168,0.0774780250286424,9.75359482502864,9.75359482502864,2,14.8653735594344,7.14984,12.2023936,0.49662053136415,0.246631952172411,0.12248249113924,122.48249113924
0,2,1,NaN,1,Refractivo,660,49,NaN,NaN,NaN,NaN,NaN,NaN,6,180,NaN,NaN,NaN,NaN,NaN,NaN,NaN,NaN,NaN,4.7765494,0.109835254543352,4.88638465454335,9.7727693090867,6,42.4034810019366,3.52947,6.0236288,0.392490419949087,0.15404872975181,0.0604626506329114,60.4626506329114
0,3,1,NaN,1,Refractivo,550,41,NaN,NaN,NaN,NaN,NaN,NaN,6,120,NaN,NaN,NaN,NaN,NaN,NaN,NaN,NaN,NaN,2.7981926,0.466769030123875,3.26496163012387,9.79488489037163,48,289.386635715622,2.06763,3.5287552,0.32841035138597,0.107853358897457,0.0354201594936709,35.4201594936709
0,2,2,NaN,3,Refractivo,710,43,NaN,NaN,NaN,NaN,NaN,NaN,6,180,NaN,NaN,NaN,NaN,NaN,NaN,NaN,NaN,NaN,4.8419763,0.0589736042546491,4.90094990425465,9.8018998085093,3,22.5691895164709,2.38521,4.0707584,0.394274348420463,0.155452261822381,0.0612908392405063,61.2908392405063
0,3,1,NaN,3,Refractivo,710,43,NaN,NaN,NaN,NaN,NaN,NaN,6,120,NaN,NaN,NaN,NaN,NaN,NaN,NaN,NaN,NaN,3.2279842,0.0393157361697661,3.26729993616977,9.8018998085093,3,22.5691895164709,2.38521,4.0707584,0.344430368526749,0.118632278763472,0.0408605594936709,40.8605594936709
0,2,1,NaN,3,Korsch,520,46,NaN,NaN,NaN,NaN,NaN,NaN,6,180,NaN,NaN,NaN,NaN,NaN,NaN,NaN,NaN,NaN,3.9518416,0.970584643641468,4.92242624364147,9.84485248728294,72,413.0582537671,2.92008,4.9836032,0.368460394237918,0.135763062121962,0.0500233113924051,50.023311392405
0,2,2,NaN,2,Korsch,500,39,NaN,NaN,NaN,NaN,NaN,NaN,6,180,NaN,NaN,NaN,NaN,NaN,NaN,NaN,NaN,NaN,3.6125271,1.31845170623499,4.93097880623499,9.86195761246998,106,587.253113219653,1.77957,3.0371328,0.357597664846466,0.127876089903646,0.0457281911392405,45.7281911392405
0,1,1,NaN,2,Cassegrain,650,62,NaN,NaN,NaN,NaN,NaN,NaN,6,360,NaN,NaN,NaN,NaN,NaN,NaN,NaN,NaN,NaN,9.6761168,0.219561886867211,9.89567868686721,9.89567868686721,6,41.8493564774326,7.14984,12.2023936,0.49662053136415,0.246631952172411,0.12248249113924,122.48249113924
0,3,1,NaN,1,Refractivo,470,35,NaN,NaN,NaN,NaN,NaN,NaN,6,120,NaN,NaN,NaN,NaN,NaN,NaN,NaN,NaN,NaN,1.740725,1.55983930684676,3.30056430684676,9.90169292054027,233,1221.30567408131,1.28625,2.1952,0.280350299963633,0.0785962906896992,0.0220344936708861,22.0344936708861
0,2,1,NaN,2,Korsch,630,49,NaN,NaN,NaN,NaN,NaN,NaN,6,180,NaN,NaN,NaN,NaN,NaN,NaN,NaN,NaN,NaN,4.7765494,0.176952567129424,4.95350196712942,9.90700393425885,10,67.8897674560631,3.52947,6.0236288,0.392490419949087,0.15404872975181,0.0604626506329114,60.4626506329114
0,2,2,NaN,1,Refractivo,570,42,NaN,NaN,NaN,NaN,NaN,NaN,6,180,NaN,NaN,NaN,NaN,NaN,NaN,NaN,NaN,NaN,4.5119592,0.456701962270685,4.96866116227068,9.93732232454137,29,180.420875381784,2.22264,3.7933056,0.385105177526964,0.148305997758074,0.0571134075949367,57.1134075949367
0,1,2,NaN,1,Refractivo,410,31,NaN,NaN,NaN,NaN,NaN,NaN,6,360,NaN,NaN,NaN,NaN,NaN,NaN,NaN,NaN,NaN,1.8142719,8.14089810627356,9.95517000627356,9.95517000627356,719,3330.90723816714,0.89373,1.5252992,0.284244297698473,0.0807948207740983,0.0229654670886076,22.9654670886076
0,1,2,NaN,3,Korsch,610,54,NaN,NaN,NaN,NaN,NaN,NaN,6,360,NaN,NaN,NaN,NaN,NaN,NaN,NaN,NaN,NaN,9.5895576,0.380427153883373,9.96998475388337,9.96998475388337,11,72.6157949345961,4.72392,8.0621568,0.495135228248953,0.245158894253143,0.121386805063291,121.386805063291
0,1,1,NaN,3,Cassegrain,460,53,NaN,NaN,NaN,NaN,NaN,NaN,6,360,NaN,NaN,NaN,NaN,NaN,NaN,NaN,NaN,NaN,6.0444062,3.92629077792693,9.97069697792693,9.97069697792693,185,951.137394948796,4.46631,7.6225024,0.424530454230645,0.180226106569277,0.0765114708860759,76.5114708860759
0,1,1,NaN,1,Korsch,490,57,NaN,NaN,NaN,NaN,NaN,NaN,6,360,NaN,NaN,NaN,NaN,NaN,NaN,NaN,NaN,NaN,7.5188358,2.4860804019405,10.0049162019405,10.0049162019405,99,538.666236815704,5.55579,9.4818816,0.456570488512203,0.208456610980271,0.0951751367088608,95.1751367088607
0,2,1,NaN,3,Korsch,490,44,NaN,NaN,NaN,NaN,NaN,NaN,6,180,NaN,NaN,NaN,NaN,NaN,NaN,NaN,NaN,NaN,3.4584704,1.55370299375433,5.01217339375433,10.0243467875087,129,701.89842979016,2.55552,4.3614208,0.352440377097139,0.124214219408374,0.0437781063291139,43.7781063291139
0,1,1,NaN,1,Korsch,480,56,NaN,NaN,NaN,NaN,NaN,NaN,6,360,NaN,NaN,NaN,NaN,NaN,NaN,NaN,NaN,NaN,7.1300096,2.90767597143941,10.0376855714394,10.0376855714394,121,646.331713792901,5.26848,8.9915392,0.448560479941813,0.20120650416563,0.0902532860759494,90.2532860759493
0,3,1,NaN,2,Korsch,520,40,NaN,NaN,NaN,NaN,NaN,NaN,6,120,NaN,NaN,NaN,NaN,NaN,NaN,NaN,NaN,NaN,2.5984,0.747502947041588,3.34590294704159,10.0377088411248,83,476.164375870407,1.92,3.2768,0.320400342815581,0.102656379676342,0.0328911392405063,32.8911392405063
0,1,2,NaN,2,Cassegrain,550,53,NaN,NaN,NaN,NaN,NaN,NaN,6,360,NaN,NaN,NaN,NaN,NaN,NaN,NaN,NaN,NaN,9.0666093,0.984368837773094,10.0509781377731,10.0509781377731,32,192.924423810415,4.46631,7.6225024,0.485966057355454,0.236163008901605,0.114767206329114,114.767206329114
0,1,1,NaN,1,Korsch,500,58,NaN,NaN,NaN,NaN,NaN,NaN,6,360,NaN,NaN,NaN,NaN,NaN,NaN,NaN,NaN,NaN,7.9215472,2.13280379688318,10.0543509968832,10.0543509968832,81,448.750020479169,5.85336,9.9897344,0.464580497082592,0.215835038269509,0.100272749367089,100.272749367089
0,2,1,NaN,3,Refractivo,420,26,NaN,NaN,NaN,NaN,NaN,NaN,6,180,NaN,NaN,NaN,NaN,NaN,NaN,NaN,NaN,NaN,0.7135856,4.31515311050846,5.02873871050846,10.0574774210169,810,3835.6071791968,0.52728,0.8998912,0.208260222830128,0.0433723204132544,0.00903272911392405,9.03272911392405
0,3,1,NaN,2,Refractivo,430,24,NaN,NaN,NaN,NaN,NaN,NaN,6,120,NaN,NaN,NaN,NaN,NaN,NaN,NaN,NaN,NaN,0.5612544,2.79199639694274,3.35325079694274,10.0597523908282,724,3502.33949098452,0.41472,0.7077888,0.192240205689349,0.036956296683483,0.00710448607594937,7.10448607594936
0,3,1,NaN,1,Refractivo,570,42,NaN,NaN,NaN,NaN,NaN,NaN,6,120,NaN,NaN,NaN,NaN,NaN,NaN,NaN,NaN,NaN,3.0079728,0.348606479051626,3.35657927905163,10.0697378371549,33,205.306513365478,2.22264,3.7933056,0.33642035995636,0.113178658593167,0.0380756050632911,38.0756050632911
0,2,1,NaN,3,Korsch,500,45,NaN,NaN,NaN,NaN,NaN,NaN,6,180,NaN,NaN,NaN,NaN,NaN,NaN,NaN,NaN,NaN,3.699675,1.33562735236553,5.03530235236553,10.0706047047311,105,581.712989510033,2.73375,4.6656,0.360450385667529,0.12992448052787,0.046831329113924,46.831329113924
0,2,1,NaN,3,Korsch,480,43,NaN,NaN,NaN,NaN,NaN,NaN,6,180,NaN,NaN,NaN,NaN,NaN,NaN,NaN,NaN,NaN,3.2279842,1.80910639135238,5.03709059135238,10.0741811827048,158,843.970337018829,2.38521,4.0707584,0.344430368526749,0.118632278763472,0.0408605594936709,40.8605594936709
0,2,2,NaN,2,Korsch,530,41,NaN,NaN,NaN,NaN,NaN,NaN,6,180,NaN,NaN,NaN,NaN,NaN,NaN,NaN,NaN,NaN,4.1972889,0.844393702810709,5.04168260281071,10.0833652056214,59,344.24557534684,2.06763,3.5287552,0.375936006633465,0.141327881083516,0.0531302392405063,53.1302392405063
0,2,2,NaN,2,Korsch,510,40,NaN,NaN,NaN,NaN,NaN,NaN,6,180,NaN,NaN,NaN,NaN,NaN,NaN,NaN,NaN,NaN,3.8976,1.14443938598914,5.04203938598914,10.0840787719783,86,484.931521316199,1.92,3.2768,0.366766835739966,0.134517911798707,0.0493367088607595,49.3367088607595
0,2,2,NaN,1,Refractivo,560,42,NaN,NaN,NaN,NaN,NaN,NaN,6,180,NaN,NaN,NaN,NaN,NaN,NaN,NaN,NaN,NaN,4.5119592,0.530826892750254,5.04278609275025,10.0855721855005,34,208.26223165288,2.22264,3.7933056,0.385105177526964,0.148305997758074,0.0571134075949367,57.1134075949367
0,2,1,NaN,3,Korsch,530,47,NaN,NaN,NaN,NaN,NaN,NaN,6,180,NaN,NaN,NaN,NaN,NaN,NaN,NaN,NaN,NaN,4.2152138,0.847999762113301,5.0632135621133,10.1264271242266,59,344.24557534684,3.11469,5.3157376,0.376470402808308,0.141729964190649,0.0533571367088608,53.3571367088608
0,1,2,NaN,3,Refractivo,910,55,NaN,NaN,NaN,NaN,NaN,NaN,6,360,NaN,NaN,NaN,NaN,NaN,NaN,NaN,NaN,NaN,10.1322375,0,10.1322375,10.1322375,0,0,4.99125,8.5184,0.504304399142453,0.25432292699443,0.128256170886076,128.256170886076
0,1,2,NaN,3,Refractivo,920,55,NaN,NaN,NaN,NaN,NaN,NaN,6,360,NaN,NaN,NaN,NaN,NaN,NaN,NaN,NaN,NaN,10.1322375,0,10.1322375,10.1322375,0,0,4.99125,8.5184,0.504304399142453,0.25432292699443,0.128256170886076,128.256170886076
0,2,1,NaN,2,Refractivo,920,50,NaN,NaN,NaN,NaN,NaN,NaN,6,180,NaN,NaN,NaN,NaN,NaN,NaN,NaN,NaN,NaN,5.075,0,5.075,10.15,0,0,3.75,6.4,0.400500428519476,0.160400593244284,0.0642405063291139,64.2405063291139
0,2,1,NaN,2,Refractivo,930,50,NaN,NaN,NaN,NaN,NaN,NaN,6,180,NaN,NaN,NaN,NaN,NaN,NaN,NaN,NaN,NaN,5.075,0,5.075,10.15,0,0,3.75,6.4,0.400500428519476,0.160400593244284,0.0642405063291139,64.2405063291139
0,2,1,NaN,3,Refractivo,820,50,NaN,NaN,NaN,NaN,NaN,NaN,6,180,NaN,NaN,NaN,NaN,NaN,NaN,NaN,NaN,NaN,5.075,0,5.075,10.15,0,0,3.75,6.4,0.400500428519476,0.160400593244284,0.0642405063291139,64.2405063291139
0,2,1,NaN,3,Refractivo,830,50,NaN,NaN,NaN,NaN,NaN,NaN,6,180,NaN,NaN,NaN,NaN,NaN,NaN,NaN,NaN,NaN,5.075,0,5.075,10.15,0,0,3.75,6.4,0.400500428519476,0.160400593244284,0.0642405063291139,64.2405063291139
0,1,1,NaN,1,Refractivo,850,63,NaN,NaN,NaN,NaN,NaN,NaN,6,360,NaN,NaN,NaN,NaN,NaN,NaN,NaN,NaN,NaN,10.1519082,0,10.1519082,10.1519082,0,0,7.50141,12.8024064,0.50463053993454,0.254651981834625,0.128505167088608,128.505167088608
0,1,1,NaN,2,Korsch,810,63,NaN,NaN,NaN,NaN,NaN,NaN,6,360,NaN,NaN,NaN,NaN,NaN,NaN,NaN,NaN,NaN,10.1519082,0,10.1519082,10.1519082,0,0,7.50141,12.8024064,0.50463053993454,0.254651981834625,0.128505167088608,128.505167088608
0,1,1,NaN,1,Korsch,470,55,NaN,NaN,NaN,NaN,NaN,NaN,6,360,NaN,NaN,NaN,NaN,NaN,NaN,NaN,NaN,NaN,6.754825,3.41860572777612,10.1734307277761,10.1734307277761,148,775.764977528041,4.99125,8.5184,0.440550471371424,0.194084717825584,0.0855041139240506,85.5041139240506
0,1,2,NaN,1,Refractivo,740,55,NaN,NaN,NaN,NaN,NaN,NaN,6,360,NaN,NaN,NaN,NaN,NaN,NaN,NaN,NaN,NaN,10.1322375,0.0424520121204601,10.1746895121205,10.1746895121205,1,7.79186485231548,4.99125,8.5184,0.504304399142453,0.25432292699443,0.128256170886076,128.256170886076
0,1,1,NaN,3,Cassegrain,510,59,NaN,NaN,NaN,NaN,NaN,NaN,6,360,NaN,NaN,NaN,NaN,NaN,NaN,NaN,NaN,NaN,8.3383874,1.85654460835846,10.1949320083585,10.1949320083585,67,377.795487537039,6.16137,10.5154048,0.472590505652982,0.223341786033341,0.105549207594937,105.549207594937
0,2,2,NaN,2,Refractivo,420,23,NaN,NaN,NaN,NaN,NaN,NaN,6,180,NaN,NaN,NaN,NaN,NaN,NaN,NaN,NaN,NaN,0.7409703,4.35980165441633,5.10077195441633,10.2015439088327,800,3788.25400414498,0.36501,0.6229504,0.21089093055048,0.0444749845884475,0.00937937088607595,9.37937088607595
0,1,2,NaN,2,Korsch,710,55,NaN,NaN,NaN,NaN,NaN,NaN,6,360,NaN,NaN,NaN,NaN,NaN,NaN,NaN,NaN,NaN,10.1322375,0.0821203612618995,10.2143578612619,10.2143578612619,2,15.046126344314,4.99125,8.5184,0.504304399142453,0.25432292699443,0.128256170886076,128.256170886076
0,2,1,NaN,3,Korsch,510,46,NaN,NaN,NaN,NaN,NaN,NaN,6,180,NaN,NaN,NaN,NaN,NaN,NaN,NaN,NaN,NaN,3.9518416,1.16036616744415,5.11220776744415,10.2244155348883,86,484.931521316199,2.92008,4.9836032,0.368460394237918,0.135763062121962,0.0500233113924051,50.023311392405
0,1,1,NaN,3,Korsch,710,63,NaN,NaN,NaN,NaN,NaN,NaN,6,360,NaN,NaN,NaN,NaN,NaN,NaN,NaN,NaN,NaN,10.1519082,0.0822797895214793,10.2341879895215,10.2341879895215,2,15.046126344314,7.50141,12.8024064,0.50463053993454,0.254651981834625,0.128505167088608,128.505167088608
0,3,1,NaN,2,Korsch,490,38,NaN,NaN,NaN,NaN,NaN,NaN,6,120,NaN,NaN,NaN,NaN,NaN,NaN,NaN,NaN,NaN,2.2278032,1.18903336581387,3.41683656581387,10.2505096974416,149,810.71989177313,1.64616,2.8094464,0.304380325674802,0.0926473826578985,0.0282000405063291,28.2000405063291
0,3,1,NaN,1,Refractivo,560,42,NaN,NaN,NaN,NaN,NaN,NaN,6,120,NaN,NaN,NaN,NaN,NaN,NaN,NaN,NaN,NaN,3.0079728,0.409026208150004,3.41699900815,10.25099702445,39,238.889030425362,2.22264,3.7933056,0.33642035995636,0.113178658593167,0.0380756050632911,38.0756050632911
0,2,1,NaN,3,Korsch,470,42,NaN,NaN,NaN,NaN,NaN,NaN,6,180,NaN,NaN,NaN,NaN,NaN,NaN,NaN,NaN,NaN,3.0079728,2.12544655997183,5.13341935997183,10.2668387199437,194,1016.88111919216,2.22264,3.7933056,0.33642035995636,0.113178658593167,0.0380756050632911,38.0756050632911
0,2,1,NaN,1,Refractivo,430,32,NaN,NaN,NaN,NaN,NaN,NaN,6,180,NaN,NaN,NaN,NaN,NaN,NaN,NaN,NaN,NaN,1.3303808,3.80840044987486,5.13878124987486,10.2775624997497,543,2626.75461823839,0.98304,1.6777216,0.256320274252465,0.0657000829928587,0.0168402632911392,16.8402632911392
0,3,1,NaN,2,Korsch,500,39,NaN,NaN,NaN,NaN,NaN,NaN,6,120,NaN,NaN,NaN,NaN,NaN,NaN,NaN,NaN,NaN,2.4083514,1.02495859095078,3.43330999095078,10.2999299728523,121,670.354968863943,1.77957,3.0371328,0.312390334245191,0.0975877209298224,0.0304854607594937,30.4854607594937
0,2,1,NaN,1,Refractivo,680,50,NaN,NaN,NaN,NaN,NaN,NaN,6,180,NaN,NaN,NaN,NaN,NaN,NaN,NaN,NaN,NaN,5.075,0.0795575796080663,5.15455757960807,10.3091151592161,4,29.0030314557262,3.75,6.4,0.400500428519476,0.160400593244284,0.0642405063291139,64.2405063291139
0,3,1,NaN,2,Korsch,480,37,NaN,NaN,NaN,NaN,NaN,NaN,6,120,NaN,NaN,NaN,NaN,NaN,NaN,NaN,NaN,NaN,2.0565118,1.39196375104836,3.44847555104836,10.3454266531451,184,982.85153171813,1.51959,2.5934336,0.296370317104412,0.0878353648605699,0.0260317949367089,26.0317949367089
0,1,1,NaN,2,Cassegrain,660,63,NaN,NaN,NaN,NaN,NaN,NaN,6,360,NaN,NaN,NaN,NaN,NaN,NaN,NaN,NaN,NaN,10.1519082,0.194197129031342,10.3461053290313,10.3461053290313,5,35.3362341682805,7.50141,12.8024064,0.50463053993454,0.254651981834625,0.128505167088608,128.505167088608
0,2,1,NaN,1,Refractivo,670,50,NaN,NaN,NaN,NaN,NaN,NaN,6,180,NaN,NaN,NaN,NaN,NaN,NaN,NaN,NaN,NaN,5.075,0.0983545210225009,5.1733545210225,10.346709042045,5,35.7960058274739,3.75,6.4,0.400500428519476,0.160400593244284,0.0642405063291139,64.2405063291139
0,3,1,NaN,2,Korsch,530,41,NaN,NaN,NaN,NaN,NaN,NaN,6,120,NaN,NaN,NaN,NaN,NaN,NaN,NaN,NaN,NaN,2.7981926,0.657418058054471,3.45561065805447,10.3668319741634,68,396.757612264155,2.06763,3.5287552,0.32841035138597,0.107853358897457,0.0354201594936709,35.4201594936709
0,1,1,NaN,3,Cassegrain,520,60,NaN,NaN,NaN,NaN,NaN,NaN,6,360,NaN,NaN,NaN,NaN,NaN,NaN,NaN,NaN,NaN,8.7696,1.605481141539,10.375081141539,10.375081141539,55,315.530610516535,6.48,11.0592,0.480600514223371,0.230976854271769,0.111007594936709,111.007594936709
0,2,2,NaN,2,Refractivo,810,44,NaN,NaN,NaN,NaN,NaN,NaN,6,180,NaN,NaN,NaN,NaN,NaN,NaN,NaN,NaN,NaN,5.1877056,0,5.1877056,10.3754112,0,0,2.55552,4.3614208,0.403443519313962,0.162766673276435,0.0656671594936709,65.6671594936709
0,3,1,NaN,1,Refractivo,460,34,NaN,NaN,NaN,NaN,NaN,NaN,6,120,NaN,NaN,NaN,NaN,NaN,NaN,NaN,NaN,NaN,1.5957424,1.86872486073189,3.46446726073189,10.3934017821957,289,1485.8308494065,1.17912,2.0123648,0.272340291393244,0.0741692343161569,0.020199270886076,20.1992708860759
0,1,2,NaN,2,Korsch,410,32,NaN,NaN,NaN,NaN,NaN,NaN,6,360,NaN,NaN,NaN,NaN,NaN,NaN,NaN,NaN,NaN,1.9955712,8.4135437423564,10.4091149423564,10.4091149423564,697,3228.98796245132,0.98304,1.6777216,0.293413468591972,0.0860914635511724,0.0252603949367089,25.2603949367089
0,2,1,NaN,2,Korsch,650,50,NaN,NaN,NaN,NaN,NaN,NaN,6,180,NaN,NaN,NaN,NaN,NaN,NaN,NaN,NaN,NaN,5.075,0.134579955241532,5.20957995524153,10.4191599104831,7,48.8242492236714,3.75,6.4,0.400500428519476,0.160400593244284,0.0642405063291139,64.2405063291139
1,3,1,1,2,Refractivo,810,44,140,5.34564685821533,163.84,23.84,17.0285714285714,98.64545261296,6,120,0.251139018844983,731.023129065568,0.18225,4.14204545454546,0.8646176,0.143,0.021538,0.003391388,0.9178576,3.4584704,0.0156342543461544,3.47410465434615,10.4223139630385,1,8.40575099581929,2.55552,4.3614208,0.352440377097139,0.124214219408374,0.0437781063291139,43.7781063291139
0,1,1,NaN,3,Cassegrain,450,52,NaN,NaN,NaN,NaN,NaN,NaN,6,360,NaN,NaN,NaN,NaN,NaN,NaN,NaN,NaN,NaN,5.7086848,4.72169980254265,10.4303846025426,10.4303846025426,228,1149.2262190165,4.21824,7.1991296,0.416520445660255,0.173489281653018,0.0722618329113924,72.2618329113924
0,1,2,NaN,2,Cassegrain,560,54,NaN,NaN,NaN,NaN,NaN,NaN,6,360,NaN,NaN,NaN,NaN,NaN,NaN,NaN,NaN,NaN,9.5895576,0.852337302233369,10.4418949022334,10.4418949022334,26,159.259353616908,4.72392,8.0621568,0.495135228248953,0.245158894253143,0.121386805063291,121.386805063291
0,2,1,NaN,2,Korsch,640,50,NaN,NaN,NaN,NaN,NaN,NaN,6,180,NaN,NaN,NaN,NaN,NaN,NaN,NaN,NaN,NaN,5.075,0.151992175078258,5.22699217507826,10.4539843501565,8,55.0570941361584,3.75,6.4,0.400500428519476,0.160400593244284,0.0642405063291139,64.2405063291139
0,2,2,NaN,3,Refractivo,720,44,NaN,NaN,NaN,NaN,NaN,NaN,6,180,NaN,NaN,NaN,NaN,NaN,NaN,NaN,NaN,NaN,5.1877056,0.0425504240812225,5.23025602408122,10.4605120481624,2,15.2261005631844,2.55552,4.3614208,0.403443519313962,0.162766673276435,0.0656671594936709,65.6671594936709
0,2,2,NaN,3,Refractivo,730,44,NaN,NaN,NaN,NaN,NaN,NaN,6,180,NaN,NaN,NaN,NaN,NaN,NaN,NaN,NaN,NaN,5.1877056,0.0430530950047124,5.23075869500471,10.4615173900094,2,15.4053003231802,2.55552,4.3614208,0.403443519313962,0.162766673276435,0.0656671594936709,65.6671594936709
0,3,1,NaN,3,Refractivo,730,44,NaN,NaN,NaN,NaN,NaN,NaN,6,120,NaN,NaN,NaN,NaN,NaN,NaN,NaN,NaN,NaN,3.4584704,0.0287020633364749,3.48717246333647,10.4615173900094,2,15.4053003231802,2.55552,4.3614208,0.352440377097139,0.124214219408374,0.0437781063291139,43.7781063291139
0,1,1,NaN,1,Korsch,460,54,NaN,NaN,NaN,NaN,NaN,NaN,6,360,NaN,NaN,NaN,NaN,NaN,NaN,NaN,NaN,NaN,6.3930384,4.06889761572451,10.4619360157245,10.4619360157245,182,935.713545300978,4.72392,8.0621568,0.432540462801034,0.187091251960133,0.0809245367088608,80.9245367088607
0,1,2,NaN,3,Korsch,620,55,NaN,NaN,NaN,NaN,NaN,NaN,6,360,NaN,NaN,NaN,NaN,NaN,NaN,NaN,NaN,NaN,10.1322375,0.332545177566203,10.4647826775662,10.4647826775662,9,60.2586946560104,4.99125,8.5184,0.504304399142453,0.25432292699443,0.128256170886076,128.256170886076
0,3,1,NaN,2,Korsch,510,40,NaN,NaN,NaN,NaN,NaN,NaN,6,120,NaN,NaN,NaN,NaN,NaN,NaN,NaN,NaN,NaN,2.5984,0.894815693838735,3.49321569383874,10.4796470815162,99,558.235123375624,1.92,3.2768,0.320400342815581,0.102656379676342,0.0328911392405063,32.8911392405063
0,2,1,NaN,3,Korsch,540,48,NaN,NaN,NaN,NaN,NaN,NaN,6,180,NaN,NaN,NaN,NaN,NaN,NaN,NaN,NaN,NaN,4.4900352,0.752542979924444,5.24257817992444,10.4851563598489,49,290.667641397449,3.31776,5.6623104,0.384480411378697,0.147825186733932,0.0568358886075949,56.8358886075949
0,2,2,NaN,2,Korsch,470,37,NaN,NaN,NaN,NaN,NaN,NaN,6,180,NaN,NaN,NaN,NaN,NaN,NaN,NaN,NaN,NaN,3.0847677,2.16547600967483,5.25024370967483,10.5004874193497,193,1011.63946393859,1.51959,2.5934336,0.339259323059468,0.115096888282769,0.0390476924050633,39.0476924050633
0,2,2,NaN,1,Refractivo,580,43,NaN,NaN,NaN,NaN,NaN,NaN,6,180,NaN,NaN,NaN,NaN,NaN,NaN,NaN,NaN,NaN,4.8419763,0.408916567298029,5.25089286729803,10.5017857345961,24,151.60895366926,2.38521,4.0707584,0.394274348420463,0.155452261822381,0.0612908392405063,61.2908392405063
0,2,2,NaN,2,Korsch,540,42,NaN,NaN,NaN,NaN,NaN,NaN,6,180,NaN,NaN,NaN,NaN,NaN,NaN,NaN,NaN,NaN,4.5119592,0.739688234664341,5.25164743466434,10.5032948693287,48,284.735648715869,2.22264,3.7933056,0.385105177526964,0.148305997758074,0.0571134075949367,57.1134075949367
0,3,1,NaN,3,Refractivo,720,44,NaN,NaN,NaN,NaN,NaN,NaN,6,120,NaN,NaN,NaN,NaN,NaN,NaN,NaN,NaN,NaN,3.4584704,0.0426296452483532,3.50110004524835,10.5033001357451,3,22.8391508447767,2.55552,4.3614208,0.352440377097139,0.124214219408374,0.0437781063291139,43.7781063291139
0,1,1,NaN,3,Korsch,410,37,NaN,NaN,NaN,NaN,NaN,NaN,6,360,NaN,NaN,NaN,NaN,NaN,NaN,NaN,NaN,NaN,2.0565118,8.4988595969965,10.5553713969965,10.5553713969965,690,3196.55910199628,1.51959,2.5934336,0.296370317104412,0.0878353648605699,0.0260317949367089,26.0317949367089
0,1,1,NaN,3,Cassegrain,530,61,NaN,NaN,NaN,NaN,NaN,NaN,6,360,NaN,NaN,NaN,NaN,NaN,NaN,NaN,NaN,NaN,9.2154286,1.38542949653119,10.6008580965312,10.6008580965312,45,262.560184586573,6.80943,11.6214272,0.488610522793761,0.238740242984792,0.116650994936709,116.650994936709
0,3,1,NaN,1,Refractivo,580,43,NaN,NaN,NaN,NaN,NaN,NaN,6,120,NaN,NaN,NaN,NaN,NaN,NaN,NaN,NaN,NaN,3.2279842,0.308127226898923,3.53611142689892,10.6083342806968,27,170.560072877917,2.38521,4.0707584,0.344430368526749,0.118632278763472,0.0408605594936709,40.8605594936709
0,1,2,NaN,2,Cassegrain,430,41,NaN,NaN,NaN,NaN,NaN,NaN,6,360,NaN,NaN,NaN,NaN,NaN,NaN,NaN,NaN,NaN,4.1972889,6.43961890126875,10.6369078012688,10.6369078012688,370,1789.86962937054,2.06763,3.5287552,0.375936006633465,0.141327881083516,0.0531302392405063,53.1302392405063
0,2,2,NaN,1,Refractivo,450,34,NaN,NaN,NaN,NaN,NaN,NaN,6,180,NaN,NaN,NaN,NaN,NaN,NaN,NaN,NaN,NaN,2.3936136,2.92774814885372,5.32136174885372,10.6427234977074,304,1532.30162535534,1.17912,2.0123648,0.311751810378971,0.0971891912745657,0.0302989063291139,30.2989063291139
0,1,1,NaN,1,Refractivo,860,64,NaN,NaN,NaN,NaN,NaN,NaN,6,360,NaN,NaN,NaN,NaN,NaN,NaN,NaN,NaN,NaN,10.6430464,0,10.6430464,10.6430464,0,0,7.86432,13.4217728,0.512640548504929,0.262800331971435,0.134722106329114,134.722106329114
0,1,1,NaN,1,Refractivo,870,64,NaN,NaN,NaN,NaN,NaN,NaN,6,360,NaN,NaN,NaN,NaN,NaN,NaN,NaN,NaN,NaN,10.6430464,0,10.6430464,10.6430464,0,0,7.86432,13.4217728,0.512640548504929,0.262800331971435,0.134722106329114,134.722106329114
0,1,1,NaN,2,Korsch,820,64,NaN,NaN,NaN,NaN,NaN,NaN,6,360,NaN,NaN,NaN,NaN,NaN,NaN,NaN,NaN,NaN,10.6430464,0,10.6430464,10.6430464,0,0,7.86432,13.4217728,0.512640548504929,0.262800331971435,0.134722106329114,134.722106329114
0,1,1,NaN,2,Korsch,830,64,NaN,NaN,NaN,NaN,NaN,NaN,6,360,NaN,NaN,NaN,NaN,NaN,NaN,NaN,NaN,NaN,10.6430464,0,10.6430464,10.6430464,0,0,7.86432,13.4217728,0.512640548504929,0.262800331971435,0.134722106329114,134.722106329114
0,2,1,NaN,3,Korsch,460,41,NaN,NaN,NaN,NaN,NaN,NaN,6,180,NaN,NaN,NaN,NaN,NaN,NaN,NaN,NaN,NaN,2.7981926,2.52779063310749,5.32598323310749,10.651966466215,239,1228.76668860953,2.06763,3.5287552,0.32841035138597,0.107853358897457,0.0354201594936709,35.4201594936709
0,1,1,NaN,1,Korsch,510,60,NaN,NaN,NaN,NaN,NaN,NaN,6,360,NaN,NaN,NaN,NaN,NaN,NaN,NaN,NaN,NaN,8.7696,1.92068712984343,10.6902871298434,10.6902871298434,66,372.156748917083,6.48,11.0592,0.480600514223371,0.230976854271769,0.111007594936709,111.007594936709
0,1,2,NaN,3,Refractivo,930,56,NaN,NaN,NaN,NaN,NaN,NaN,6,360,NaN,NaN,NaN,NaN,NaN,NaN,NaN,NaN,NaN,10.6950144,0,10.6950144,10.6950144,0,0,5.26848,8.9915392,0.513473570035952,0.263655107125466,0.135379929113924,135.379929113924
0,1,1,NaN,3,Korsch,720,64,NaN,NaN,NaN,NaN,NaN,NaN,6,360,NaN,NaN,NaN,NaN,NaN,NaN,NaN,NaN,NaN,10.6430464,0.0872960365823628,10.7303424365824,10.7303424365824,2,15.2261005631844,7.86432,13.4217728,0.512640548504929,0.262800331971435,0.134722106329114,134.722106329114
0,1,2,NaN,1,Refractivo,750,56,NaN,NaN,NaN,NaN,NaN,NaN,6,360,NaN,NaN,NaN,NaN,NaN,NaN,NaN,NaN,NaN,10.6950144,0.0453217732928626,10.7403361732929,10.7403361732929,1,7.88069638064189,5.26848,8.9915392,0.513473570035952,0.263655107125466,0.135379929113924,135.379929113924
0,1,2,NaN,1,Refractivo,760,56,NaN,NaN,NaN,NaN,NaN,NaN,6,360,NaN,NaN,NaN,NaN,NaN,NaN,NaN,NaN,NaN,10.6950144,0.0458314397316735,10.7408458397317,10.7408458397317,1,7.96914676024426,5.26848,8.9915392,0.513473570035952,0.263655107125466,0.135379929113924,135.379929113924
0,3,1,NaN,2,Korsch,540,42,NaN,NaN,NaN,NaN,NaN,NaN,6,120,NaN,NaN,NaN,NaN,NaN,NaN,NaN,NaN,NaN,3.0079728,0.582181106570314,3.59015390657031,10.7704617197109,56,332.191590168513,2.22264,3.7933056,0.33642035995636,0.113178658593167,0.0380756050632911,38.0756050632911
0,2,1,NaN,2,Refractivo,940,51,NaN,NaN,NaN,NaN,NaN,NaN,6,180,NaN,NaN,NaN,NaN,NaN,NaN,NaN,NaN,NaN,5.3856306,0,5.3856306,10.7712612,0,0,3.97953,6.7917312,0.408510437089866,0.166880777211353,0.0681725392405063,68.1725392405063
0,2,1,NaN,3,Refractivo,840,51,NaN,NaN,NaN,NaN,NaN,NaN,6,180,NaN,NaN,NaN,NaN,NaN,NaN,NaN,NaN,NaN,5.3856306,0,5.3856306,10.7712612,0,0,3.97953,6.7917312,0.408510437089866,0.166880777211353,0.0681725392405063,68.1725392405063
0,2,1,NaN,3,Refractivo,850,51,NaN,NaN,NaN,NaN,NaN,NaN,6,180,NaN,NaN,NaN,NaN,NaN,NaN,NaN,NaN,NaN,5.3856306,0,5.3856306,10.7712612,0,0,3.97953,6.7917312,0.408510437089866,0.166880777211353,0.0681725392405063,68.1725392405063
0,1,2,NaN,2,Korsch,720,56,NaN,NaN,NaN,NaN,NaN,NaN,6,360,NaN,NaN,NaN,NaN,NaN,NaN,NaN,NaN,NaN,10.6950144,0.0877222867609876,10.782736686761,10.782736686761,2,15.2261005631844,5.26848,8.9915392,0.513473570035952,0.263655107125466,0.135379929113924,135.379929113924
0,2,2,NaN,2,Korsch,460,36,NaN,NaN,NaN,NaN,NaN,NaN,6,180,NaN,NaN,NaN,NaN,NaN,NaN,NaN,NaN,NaN,2.8413504,2.55251706507723,5.39386746507723,10.7877349301545,238,1223.62540539359,1.39968,2.3887872,0.330090152165969,0.108959508556953,0.0359664607594937,35.9664607594937
0,1,1,NaN,2,Cassegrain,670,64,NaN,NaN,NaN,NaN,NaN,NaN,6,360,NaN,NaN,NaN,NaN,NaN,NaN,NaN,NaN,NaN,10.6430464,0.16472281028582,10.8077692102858,10.8077692102858,4,28.6368046619791,7.86432,13.4217728,0.512640548504929,0.262800331971435,0.134722106329114,134.722106329114
0,1,1,NaN,3,Refractivo,400,24,NaN,NaN,NaN,NaN,NaN,NaN,6,360,NaN,NaN,NaN,NaN,NaN,NaN,NaN,NaN,NaN,0.5612544,10.2801028776792,10.8413572776792,10.8413572776792,1299,5883.96795176395,0.41472,0.7077888,0.192240205689349,0.036956296683483,0.00710448607594937,7.10448607594936
0,1,1,NaN,2,Refractivo,400,22,NaN,NaN,NaN,NaN,NaN,NaN,6,360,NaN,NaN,NaN,NaN,NaN,NaN,NaN,NaN,NaN,0.4323088,10.4191865108303,10.8514953108303,10.8514953108303,1417,6418.46234615052,0.31944,0.5451776,0.176220188548569,0.0310535548520934,0.00547226329113924,5.47226329113924
0,2,1,NaN,3,Korsch,550,49,NaN,NaN,NaN,NaN,NaN,NaN,6,180,NaN,NaN,NaN,NaN,NaN,NaN,NaN,NaN,NaN,4.7765494,0.65605059828117,5.43259999828117,10.8651999965623,40,241.155529763018,3.52947,6.0236288,0.392490419949087,0.15404872975181,0.0604626506329114,60.4626506329114
0,1,1,NaN,1,Korsch,520,61,NaN,NaN,NaN,NaN,NaN,NaN,6,360,NaN,NaN,NaN,NaN,NaN,NaN,NaN,NaN,NaN,9.2154286,1.6540505489254,10.8694791489254,10.8694791489254,54,309.793690325325,6.80943,11.6214272,0.488610522793761,0.238740242984792,0.116650994936709,116.650994936709
0,1,1,NaN,3,Cassegrain,540,62,NaN,NaN,NaN,NaN,NaN,NaN,6,360,NaN,NaN,NaN,NaN,NaN,NaN,NaN,NaN,NaN,9.6761168,1.2030681270347,10.8791849270347,10.8791849270347,37,219.483729218482,7.14984,12.2023936,0.49662053136415,0.246631952172411,0.12248249113924,122.48249113924
0,1,1,NaN,1,Korsch,450,53,NaN,NaN,NaN,NaN,NaN,NaN,6,360,NaN,NaN,NaN,NaN,NaN,NaN,NaN,NaN,NaN,6.0444062,4.85702488902684,10.9014310890268,10.9014310890268,223,1124.02388965211,4.46631,7.6225024,0.424530454230645,0.180226106569277,0.0765114708860759,76.5114708860759
0,1,2,NaN,2,Cassegrain,570,55,NaN,NaN,NaN,NaN,NaN,NaN,6,360,NaN,NaN,NaN,NaN,NaN,NaN,NaN,NaN,NaN,10.1322375,0.769704945632181,10.9019424456322,10.9019424456322,22,136.871008910319,4.99125,8.5184,0.504304399142453,0.25432292699443,0.128256170886076,128.256170886076
0,1,2,NaN,3,Korsch,420,38,NaN,NaN,NaN,NaN,NaN,NaN,6,360,NaN,NaN,NaN,NaN,NaN,NaN,NaN,NaN,NaN,3.3417048,7.57011803124492,10.9118228312449,10.9118228312449,484,2291.89367250771,1.64616,2.8094464,0.348428493952967,0.121402415398333,0.0423000607594937,42.3000607594937
0,1,2,NaN,2,Refractivo,400,22,NaN,NaN,NaN,NaN,NaN,NaN,6,360,NaN,NaN,NaN,NaN,NaN,NaN,NaN,NaN,NaN,0.6484632,10.2895170733254,10.9379802733254,10.9379802733254,1238,5607.66152754717,0.31944,0.5451776,0.201721759656981,0.0406916683191088,0.00820839493670886,8.20839493670886
0,2,1,NaN,1,Refractivo,690,51,NaN,NaN,NaN,NaN,NaN,NaN,6,180,NaN,NaN,NaN,NaN,NaN,NaN,NaN,NaN,NaN,5.3856306,0.0854962351070955,5.4711268351071,10.9422536702142,4,29.3676761488241,3.97953,6.7917312,0.408510437089866,0.166880777211353,0.0681725392405063,68.1725392405063
0,1,2,NaN,3,Korsch,630,56,NaN,NaN,NaN,NaN,NaN,NaN,6,360,NaN,NaN,NaN,NaN,NaN,NaN,NaN,NaN,NaN,10.6950144,0.31591356035511,11.0109279603551,11.0109279603551,8,54.3118139648504,5.26848,8.9915392,0.513473570035952,0.263655107125466,0.135379929113924,135.379929113924
0,2,2,NaN,2,Korsch,550,43,NaN,NaN,NaN,NaN,NaN,NaN,6,180,NaN,NaN,NaN,NaN,NaN,NaN,NaN,NaN,NaN,4.8419763,0.665036867090341,5.50701316709034,11.0140263341807,40,241.155529763018,2.38521,4.0707584,0.394274348420463,0.155452261822381,0.0612908392405063,61.2908392405063
0,2,1,NaN,2,Korsch,660,51,NaN,NaN,NaN,NaN,NaN,NaN,6,180,NaN,NaN,NaN,NaN,NaN,NaN,NaN,NaN,NaN,5.3856306,0.123840885604044,5.50947148560404,11.0189429712081,6,42.4034810019366,3.97953,6.7917312,0.408510437089866,0.166880777211353,0.0681725392405063,68.1725392405063
1,2,2,2,1,Refractivo,590,44,180,5.45560646057129,192,12,6.66666666666667,97.7484390384003,6,180,0.251030481747856,945.579094466722,0.110625,2.51420454545455,1.2969264,0.143,0.021538,0.003391388,0.9178576,5.1877056,0.349491804280103,5.5371974042801,11.0743948085602,19,121.832801834707,2.55552,4.3614208,0.403443519313962,0.162766673276435,0.0656671594936709,65.6671594936709
1,2,2,2,2,Refractivo,820,45,210,5.34282684326172,327.68,117.68,56.0380952380952,98.6879471132967,6,180,0.252170531352536,738.808261605953,0.1845,4.1,1.387378125,0.14625,0.022528125,0.0036279140625,0.981871875,5.5495125,0,5.5495125,11.099025,0,0,2.73375,4.6656,0.412612690207461,0.170249232120238,0.0702469936708861,70.2469936708861
0,2,2,NaN,2,Refractivo,830,45,NaN,NaN,NaN,NaN,NaN,NaN,6,180,NaN,NaN,NaN,NaN,NaN,NaN,NaN,NaN,NaN,5.5495125,0,5.5495125,11.099025,0,0,2.73375,4.6656,0.412612690207461,0.170249232120238,0.0702469936708861,70.2469936708861
0,3,1,NaN,2,Refractivo,820,45,NaN,NaN,NaN,NaN,NaN,NaN,6,120,NaN,NaN,NaN,NaN,NaN,NaN,NaN,NaN,NaN,3.699675,0,3.699675,11.099025,0,0,2.73375,4.6656,0.360450385667529,0.12992448052787,0.046831329113924,46.831329113924
0,3,1,NaN,2,Refractivo,830,45,NaN,NaN,NaN,NaN,NaN,NaN,6,120,NaN,NaN,NaN,NaN,NaN,NaN,NaN,NaN,NaN,3.699675,0,3.699675,11.099025,0,0,2.73375,4.6656,0.360450385667529,0.12992448052787,0.046831329113924,46.831329113924
0,1,1,NaN,3,Cassegrain,440,51,NaN,NaN,NaN,NaN,NaN,NaN,6,360,NaN,NaN,NaN,NaN,NaN,NaN,NaN,NaN,NaN,5.3856306,5.73636371079979,11.1219943107998,11.1219943107998,281,1387.9154197777,3.97953,6.7917312,0.408510437089866,0.166880777211353,0.0681725392405063,68.1725392405063
0,1,1,NaN,1,Korsch,530,62,NaN,NaN,NaN,NaN,NaN,NaN,6,360,NaN,NaN,NaN,NaN,NaN,NaN,NaN,NaN,NaN,9.6761168,1.45468845872247,11.1308052587225,11.1308052587225,45,262.560184586573,7.14984,12.2023936,0.49662053136415,0.246631952172411,0.12248249113924,122.48249113924
1,2,2,3,3,Refractivo,750,45,180,5.3484525680542,240,60,33.3333333333333,98.3936706563978,6,180,0.250348115765543,749.337155674859,0.28125,6.25,1.387378125,0.14625,0.022528125,0.0036279140625,0.981871875,5.5495125,0.0235169152657622,5.57302941526576,11.1460588305315,1,7.88069638064189,2.73375,4.6656,0.412612690207461,0.170249232120238,0.0702469936708861,70.2469936708861
0,1,1,NaN,1,Refractivo,880,65,NaN,NaN,NaN,NaN,NaN,NaN,6,360,NaN,NaN,NaN,NaN,NaN,NaN,NaN,NaN,NaN,11.149775,0,11.149775,11.149775,0,0,8.23875,14.0608,0.520650557075319,0.27107700258284,0.141136392405063,141.136392405063
0,1,1,NaN,2,Korsch,840,65,NaN,NaN,NaN,NaN,NaN,NaN,6,360,NaN,NaN,NaN,NaN,NaN,NaN,NaN,NaN,NaN,11.149775,0,11.149775,11.149775,0,0,8.23875,14.0608,0.520650557075319,0.27107700258284,0.141136392405063,141.136392405063
0,3,1,NaN,3,Refractivo,430,26,NaN,NaN,NaN,NaN,NaN,NaN,6,120,NaN,NaN,NaN,NaN,NaN,NaN,NaN,NaN,NaN,0.7135856,3.01309562189162,3.72668122189162,11.1800436656749,668,3231.44030383655,0.52728,0.8998912,0.208260222830128,0.0433723204132544,0.00903272911392405,9.03272911392405
0,3,1,NaN,1,Refractivo,590,44,NaN,NaN,NaN,NaN,NaN,NaN,6,120,NaN,NaN,NaN,NaN,NaN,NaN,NaN,NaN,NaN,3.4584704,0.271065765366627,3.72953616536663,11.1886084960999,22,141.069560019134,2.55552,4.3614208,0.352440377097139,0.124214219408374,0.0437781063291139,43.7781063291139
0,3,1,NaN,3,Refractivo,740,45,NaN,NaN,NaN,NaN,NaN,NaN,6,120,NaN,NaN,NaN,NaN,NaN,NaN,NaN,NaN,NaN,3.699675,0.0310608113440218,3.73073581134402,11.1922074340321,2,15.583729704631,2.73375,4.6656,0.360450385667529,0.12992448052787,0.046831329113924,46.831329113924
0,2,2,NaN,3,Refractivo,740,45,NaN,NaN,NaN,NaN,NaN,NaN,6,180,NaN,NaN,NaN,NaN,NaN,NaN,NaN,NaN,NaN,5.5495125,0.0465912170160326,5.59610371701603,11.1922074340321,2,15.583729704631,2.73375,4.6656,0.412612690207461,0.170249232120238,0.0702469936708861,70.2469936708861
0,3,1,NaN,3,Refractivo,750,45,NaN,NaN,NaN,NaN,NaN,NaN,6,120,NaN,NaN,NaN,NaN,NaN,NaN,NaN,NaN,NaN,3.699675,0.0314162849337871,3.73109128493379,11.1932738548014,2,15.7613927612838,2.73375,4.6656,0.360450385667529,0.12992448052787,0.046831329113924,46.831329113924
0,1,1,NaN,3,Korsch,730,65,NaN,NaN,NaN,NaN,NaN,NaN,6,360,NaN,NaN,NaN,NaN,NaN,NaN,NaN,NaN,NaN,11.149775,0.0461794042965272,11.1959544042965,11.1959544042965,1,7.7026501615901,8.23875,14.0608,0.520650557075319,0.27107700258284,0.141136392405063,141.136392405063
0,1,1,NaN,3,Cassegrain,550,63,NaN,NaN,NaN,NaN,NaN,NaN,6,360,NaN,NaN,NaN,NaN,NaN,NaN,NaN,NaN,NaN,10.1519082,1.06616335037656,11.2180715503766,11.2180715503766,31,186.895535566339,7.50141,12.8024064,0.50463053993454,0.254651981834625,0.128505167088608,128.505167088608
0,3,1,NaN,2,Korsch,550,43,NaN,NaN,NaN,NaN,NaN,NaN,6,120,NaN,NaN,NaN,NaN,NaN,NaN,NaN,NaN,NaN,3.2279842,0.514476469700671,3.74246066970067,11.227382009102,46,277.328859227471,2.38521,4.0707584,0.344430368526749,0.118632278763472,0.0408605594936709,40.8605594936709
0,1,2,NaN,3,Refractivo,940,57,NaN,NaN,NaN,NaN,NaN,NaN,6,360,NaN,NaN,NaN,NaN,NaN,NaN,NaN,NaN,NaN,11.2782537,0,11.2782537,11.2782537,0,0,5.55579,9.4818816,0.522642740929451,0.273155434646249,0.142762705063291,142.762705063291
0,1,2,NaN,3,Refractivo,950,57,NaN,NaN,NaN,NaN,NaN,NaN,6,360,NaN,NaN,NaN,NaN,NaN,NaN,NaN,NaN,NaN,11.2782537,0,11.2782537,11.2782537,0,0,5.55579,9.4818816,0.522642740929451,0.273155434646249,0.142762705063291,142.762705063291
0,1,1,NaN,2,Cassegrain,680,65,NaN,NaN,NaN,NaN,NaN,NaN,6,360,NaN,NaN,NaN,NaN,NaN,NaN,NaN,NaN,NaN,11.149775,0.130858851207526,11.2806338512075,11.2806338512075,3,21.7522735917946,8.23875,14.0608,0.520650557075319,0.27107700258284,0.141136392405063,141.136392405063
0,1,2,NaN,3,Refractivo,400,24,NaN,NaN,NaN,NaN,NaN,NaN,6,360,NaN,NaN,NaN,NaN,NaN,NaN,NaN,NaN,NaN,0.8418816,10.4504928938026,11.2923744938026,11.2923744938026,1135,5141.11133583686,0.41472,0.7077888,0.220060101443979,0.0484264482475345,0.010656729113924,10.656729113924
0,2,1,NaN,3,Korsch,560,50,NaN,NaN,NaN,NaN,NaN,NaN,6,180,NaN,NaN,NaN,NaN,NaN,NaN,NaN,NaN,NaN,5.075,0.578627451943983,5.65362745194398,11.307254903888,33,202.136871898383,3.75,6.4,0.400500428519476,0.160400593244284,0.0642405063291139,64.2405063291139
0,2,1,NaN,3,Korsch,450,40,NaN,NaN,NaN,NaN,NaN,NaN,6,180,NaN,NaN,NaN,NaN,NaN,NaN,NaN,NaN,NaN,2.5984,3.06063139963572,5.65903139963572,11.3180627992714,296,1491.9778983723,1.92,3.2768,0.320400342815581,0.102656379676342,0.0328911392405063,32.8911392405063
0,1,2,NaN,2,Korsch,730,57,NaN,NaN,NaN,NaN,NaN,NaN,6,360,NaN,NaN,NaN,NaN,NaN,NaN,NaN,NaN,NaN,11.2782537,0.0467115289206378,11.3249652289206,11.3249652289206,1,7.7026501615901,5.55579,9.4818816,0.522642740929451,0.273155434646249,0.142762705063291,142.762705063291
0,1,2,NaN,2,Korsch,740,57,NaN,NaN,NaN,NaN,NaN,NaN,6,360,NaN,NaN,NaN,NaN,NaN,NaN,NaN,NaN,NaN,11.2782537,0.0472535866604019,11.3255072866604,11.3255072866604,1,7.79186485231548,5.55579,9.4818816,0.522642740929451,0.273155434646249,0.142762705063291,142.762705063291
0,3,1,NaN,2,Korsch,470,37,NaN,NaN,NaN,NaN,NaN,NaN,6,120,NaN,NaN,NaN,NaN,NaN,NaN,NaN,NaN,NaN,2.0565118,1.71874731681547,3.77525911681547,11.3257773504464,221,1158.40581103849,1.51959,2.5934336,0.296370317104412,0.0878353648605699,0.0260317949367089,26.0317949367089
0,1,2,NaN,1,Refractivo,770,57,NaN,NaN,NaN,NaN,NaN,NaN,6,360,NaN,NaN,NaN,NaN,NaN,NaN,NaN,NaN,NaN,11.2782537,0.0488659799100749,11.3271196799101,11.3271196799101,1,8.05721799172443,5.55579,9.4818816,0.522642740929451,0.273155434646249,0.142762705063291,142.762705063291
0,2,2,NaN,2,Korsch,570,44,NaN,NaN,NaN,NaN,NaN,NaN,6,180,NaN,NaN,NaN,NaN,NaN,NaN,NaN,NaN,NaN,5.1877056,0.487384658984627,5.67509025898463,11.3501805179693,27,167.978056389937,2.55552,4.3614208,0.403443519313962,0.162766673276435,0.0656671594936709,65.6671594936709
0,1,2,NaN,2,Cassegrain,580,56,NaN,NaN,NaN,NaN,NaN,NaN,6,360,NaN,NaN,NaN,NaN,NaN,NaN,NaN,NaN,NaN,10.6950144,0.671113156737448,11.3661275567374,11.3661275567374,18,113.706715251945,5.26848,8.9915392,0.513473570035952,0.263655107125466,0.135379929113924,135.379929113924
0,2,2,NaN,2,Korsch,450,35,NaN,NaN,NaN,NaN,NaN,NaN,6,180,NaN,NaN,NaN,NaN,NaN,NaN,NaN,NaN,NaN,2.6110875,3.07557588889176,5.68666338889176,11.3733267777835,296,1491.9778983723,1.28625,2.1952,0.32092098127247,0.102990276220885,0.0330517405063291,33.0517405063291
0,2,1,NaN,2,Korsch,430,34,NaN,NaN,NaN,NaN,NaN,NaN,6,180,NaN,NaN,NaN,NaN,NaN,NaN,NaN,NaN,NaN,1.5957424,4.10804039734322,5.70378279734322,11.4075655946864,511,2471.95508272526,1.17912,2.0123648,0.272340291393244,0.0741692343161569,0.020199270886076,20.1992708860759
0,1,1,NaN,1,Korsch,540,63,NaN,NaN,NaN,NaN,NaN,NaN,6,360,NaN,NaN,NaN,NaN,NaN,NaN,NaN,NaN,NaN,10.1519082,1.26222506780843,11.4141332678084,11.4141332678084,37,219.483729218482,7.50141,12.8024064,0.50463053993454,0.254651981834625,0.128505167088608,128.505167088608
0,2,1,NaN,2,Refractivo,950,52,NaN,NaN,NaN,NaN,NaN,NaN,6,180,NaN,NaN,NaN,NaN,NaN,NaN,NaN,NaN,NaN,5.7086848,0,5.7086848,11.4173696,0,0,4.21824,7.1991296,0.416520445660255,0.173489281653018,0.0722618329113924,72.2618329113924
0,2,1,NaN,2,Refractivo,960,52,NaN,NaN,NaN,NaN,NaN,NaN,6,180,NaN,NaN,NaN,NaN,NaN,NaN,NaN,NaN,NaN,5.7086848,0,5.7086848,11.4173696,0,0,4.21824,7.1991296,0.416520445660255,0.173489281653018,0.0722618329113924,72.2618329113924
0,2,1,NaN,3,Refractivo,860,52,NaN,NaN,NaN,NaN,NaN,NaN,6,180,NaN,NaN,NaN,NaN,NaN,NaN,NaN,NaN,NaN,5.7086848,0,5.7086848,11.4173696,0,0,4.21824,7.1991296,0.416520445660255,0.173489281653018,0.0722618329113924,72.2618329113924
0,2,1,NaN,3,Refractivo,870,52,NaN,NaN,NaN,NaN,NaN,NaN,6,180,NaN,NaN,NaN,NaN,NaN,NaN,NaN,NaN,NaN,5.7086848,0,5.7086848,11.4173696,0,0,4.21824,7.1991296,0.416520445660255,0.173489281653018,0.0722618329113924,72.2618329113924
0,3,1,NaN,2,Korsch,570,44,NaN,NaN,NaN,NaN,NaN,NaN,6,120,NaN,NaN,NaN,NaN,NaN,NaN,NaN,NaN,NaN,3.4584704,0.375364980683302,3.8338353806833,11.5015061420499,31,192.863694373631,2.55552,4.3614208,0.352440377097139,0.124214219408374,0.0437781063291139,43.7781063291139
0,1,2,NaN,3,Korsch,640,57,NaN,NaN,NaN,NaN,NaN,NaN,6,360,NaN,NaN,NaN,NaN,NaN,NaN,NaN,NaN,NaN,11.2782537,0.252478449618716,11.5307321496187,11.5307321496187,6,41.2928206021188,5.55579,9.4818816,0.522642740929451,0.273155434646249,0.142762705063291,142.762705063291
0,2,1,NaN,1,Refractivo,700,52,NaN,NaN,NaN,NaN,NaN,NaN,6,180,NaN,NaN,NaN,NaN,NaN,NaN,NaN,NaN,NaN,5.7086848,0.068689984999235,5.77737478499924,11.5547495699985,3,22.2980603391516,4.21824,7.1991296,0.416520445660255,0.173489281653018,0.0722618329113924,72.2618329113924
0,2,2,NaN,2,Korsch,560,44,NaN,NaN,NaN,NaN,NaN,NaN,6,180,NaN,NaN,NaN,NaN,NaN,NaN,NaN,NaN,NaN,5.1877056,0.591477610396755,5.77918321039675,11.5583664207935,33,202.136871898383,2.55552,4.3614208,0.403443519313962,0.162766673276435,0.0656671594936709,65.6671594936709
0,1,1,NaN,3,Cassegrain,560,64,NaN,NaN,NaN,NaN,NaN,NaN,6,360,NaN,NaN,NaN,NaN,NaN,NaN,NaN,NaN,NaN,10.6430464,0.945973300803842,11.5890197008038,11.5890197008038,26,159.259353616908,7.86432,13.4217728,0.512640548504929,0.262800331971435,0.134722106329114,134.722106329114
0,2,2,NaN,1,Refractivo,440,33,NaN,NaN,NaN,NaN,NaN,NaN,6,180,NaN,NaN,NaN,NaN,NaN,NaN,NaN,NaN,NaN,2.1885633,3.60783009621616,5.79639339621616,11.5927867924323,380,1876.89629720828,1.07811,1.8399744,0.302582639485472,0.0915562537179949,0.0277033329113924,27.7033329113924
0,2,2,NaN,1,Refractivo,610,45,NaN,NaN,NaN,NaN,NaN,NaN,6,180,NaN,NaN,NaN,NaN,NaN,NaN,NaN,NaN,NaN,5.5495125,0.261027490461837,5.81053999046184,11.6210799809237,13,85.8186667408863,2.73375,4.6656,0.412612690207461,0.170249232120238,0.0702469936708861,70.2469936708861
0,1,1,NaN,3,Cassegrain,430,49,NaN,NaN,NaN,NaN,NaN,NaN,6,360,NaN,NaN,NaN,NaN,NaN,NaN,NaN,NaN,NaN,4.7765494,6.86203806021304,11.638587460213,11.638587460213,354,1712.46986161398,3.52947,6.0236288,0.392490419949087,0.15404872975181,0.0604626506329114,60.4626506329114
0,2,1,NaN,2,Korsch,670,52,NaN,NaN,NaN,NaN,NaN,NaN,6,180,NaN,NaN,NaN,NaN,NaN,NaN,NaN,NaN,NaN,5.7086848,0.110635459935454,5.81932025993545,11.6386405198709,5,35.7960058274739,4.21824,7.1991296,0.416520445660255,0.173489281653018,0.0722618329113924,72.2618329113924
0,1,1,NaN,1,Korsch,440,52,NaN,NaN,NaN,NaN,NaN,NaN,6,360,NaN,NaN,NaN,NaN,NaN,NaN,NaN,NaN,NaN,5.7086848,5.93242134993799,11.641106149938,11.641106149938,276,1363.21941586706,4.21824,7.1991296,0.416520445660255,0.173489281653018,0.0722618329113924,72.2618329113924
0,1,1,NaN,1,Refractivo,890,66,NaN,NaN,NaN,NaN,NaN,NaN,6,360,NaN,NaN,NaN,NaN,NaN,NaN,NaN,NaN,NaN,11.6723376,0,11.6723376,11.6723376,0,0,8.62488,14.7197952,0.528660565645709,0.27948199366884,0.14775110886076,147.751108860759
0,1,1,NaN,2,Korsch,850,66,NaN,NaN,NaN,NaN,NaN,NaN,6,360,NaN,NaN,NaN,NaN,NaN,NaN,NaN,NaN,NaN,11.6723376,0,11.6723376,11.6723376,0,0,8.62488,14.7197952,0.528660565645709,0.27948199366884,0.14775110886076,147.751108860759
0,3,1,NaN,1,Refractivo,610,45,NaN,NaN,NaN,NaN,NaN,NaN,6,120,NaN,NaN,NaN,NaN,NaN,NaN,NaN,NaN,NaN,3.699675,0.201443012856765,3.90111801285676,11.7033540385703,15,99.0215385471765,2.73375,4.6656,0.360450385667529,0.12992448052787,0.046831329113924,46.831329113924
0,3,1,NaN,2,Korsch,560,44,NaN,NaN,NaN,NaN,NaN,NaN,6,120,NaN,NaN,NaN,NaN,NaN,NaN,NaN,NaN,NaN,3.4584704,0.444811418224357,3.90328181822436,11.7098454546731,37,226.638310916369,2.55552,4.3614208,0.352440377097139,0.124214219408374,0.0437781063291139,43.7781063291139
0,1,1,NaN,3,Korsch,740,66,NaN,NaN,NaN,NaN,NaN,NaN,6,360,NaN,NaN,NaN,NaN,NaN,NaN,NaN,NaN,NaN,11.6723376,0.0489047179627701,11.7212423179628,11.7212423179628,1,7.79186485231548,8.62488,14.7197952,0.528660565645709,0.27948199366884,0.14775110886076,147.751108860759
0,1,1,NaN,1,Korsch,550,64,NaN,NaN,NaN,NaN,NaN,NaN,6,360,NaN,NaN,NaN,NaN,NaN,NaN,NaN,NaN,NaN,10.6430464,1.08007345775624,11.7231198577562,11.7231198577562,30,180.866647322264,7.86432,13.4217728,0.512640548504929,0.262800331971435,0.134722106329114,134.722106329114
0,2,2,NaN,1,Refractivo,600,45,NaN,NaN,NaN,NaN,NaN,NaN,6,180,NaN,NaN,NaN,NaN,NaN,NaN,NaN,NaN,NaN,5.5495125,0.318098652639871,5.86761115263987,11.7352223052797,16,104.112811351632,2.73375,4.6656,0.412612690207461,0.170249232120238,0.0702469936708861,70.2469936708861
0,2,1,NaN,3,Korsch,570,51,NaN,NaN,NaN,NaN,NaN,NaN,6,180,NaN,NaN,NaN,NaN,NaN,NaN,NaN,NaN,NaN,5.3856306,0.505979701970399,5.8916103019704,11.7832206039408,27,167.978056389937,3.97953,6.7917312,0.408510437089866,0.166880777211353,0.0681725392405063,68.1725392405063
0,1,1,NaN,2,Cassegrain,690,66,NaN,NaN,NaN,NaN,NaN,NaN,6,360,NaN,NaN,NaN,NaN,NaN,NaN,NaN,NaN,NaN,11.6723376,0.138723505592558,11.8110611055926,11.8110611055926,3,22.0257571116181,8.62488,14.7197952,0.528660565645709,0.27948199366884,0.14775110886076,147.751108860759
0,3,1,NaN,1,Refractivo,600,45,NaN,NaN,NaN,NaN,NaN,NaN,6,120,NaN,NaN,NaN,NaN,NaN,NaN,NaN,NaN,NaN,3.699675,0.239339453985908,3.93901445398591,11.8170433619577,18,117.126912770585,2.73375,4.6656,0.360450385667529,0.12992448052787,0.046831329113924,46.831329113924
0,1,1,NaN,2,Cassegrain,410,40,NaN,NaN,NaN,NaN,NaN,NaN,6,360,NaN,NaN,NaN,NaN,NaN,NaN,NaN,NaN,NaN,2.5984,9.2305605179915,11.8289605179915,11.8289605179915,638,2955.65899575888,1.92,3.2768,0.320400342815581,0.102656379676342,0.0328911392405063,32.8911392405063
0,3,1,NaN,2,Korsch,460,36,NaN,NaN,NaN,NaN,NaN,NaN,6,120,NaN,NaN,NaN,NaN,NaN,NaN,NaN,NaN,NaN,1.8942336,2.04903897508087,3.94327257508087,11.8298177252426,273,1403.57031795147,1.39968,2.3887872,0.288360308534023,0.0831516675378368,0.0239776405063291,23.9776405063291
0,2,2,NaN,3,Refractivo,420,26,NaN,NaN,NaN,NaN,NaN,NaN,6,180,NaN,NaN,NaN,NaN,NaN,NaN,NaN,NaN,NaN,1.0703784,4.85263964459466,5.92301804459466,11.8460360891893,707,3347.86947616313,0.52728,0.8998912,0.238398443230978,0.0568338177349537,0.0135490936708861,13.5490936708861
1,2,2,2,2,Refractivo,850,46,260,5.33378267288208,327.68,67.68,26.0307692307692,98.8163482730019,6,180,0.250757351294557,729.306649591797,0.19125,4.15760869565217,1.4819406,0.1495,0.0235405,0.0038751895,1.0487954,5.9277624,0,5.9277624,11.8555248,0,0,2.92008,4.9836032,0.42178186110096,0.17789993835379,0.0750349670886076,75.0349670886076
0,2,2,NaN,2,Refractivo,840,46,NaN,NaN,NaN,NaN,NaN,NaN,6,180,NaN,NaN,NaN,NaN,NaN,NaN,NaN,NaN,NaN,5.9277624,0,5.9277624,11.8555248,0,0,2.92008,4.9836032,0.42178186110096,0.17789993835379,0.0750349670886076,75.0349670886076
0,3,1,NaN,2,Refractivo,840,46,NaN,NaN,NaN,NaN,NaN,NaN,6,120,NaN,NaN,NaN,NaN,NaN,NaN,NaN,NaN,NaN,3.9518416,0,3.9518416,11.8555248,0,0,2.92008,4.9836032,0.368460394237918,0.135763062121962,0.0500233113924051,50.023311392405
0,3,1,NaN,2,Refractivo,850,46,NaN,NaN,NaN,NaN,NaN,NaN,6,120,NaN,NaN,NaN,NaN,NaN,NaN,NaN,NaN,NaN,3.9518416,0,3.9518416,11.8555248,0,0,2.92008,4.9836032,0.368460394237918,0.135763062121962,0.0500233113924051,50.023311392405
0,1,1,NaN,1,Refractivo,400,30,NaN,NaN,NaN,NaN,NaN,NaN,6,360,NaN,NaN,NaN,NaN,NaN,NaN,NaN,NaN,NaN,1.0962,10.7756338683125,11.8718338683125,11.8718338683125,1039,4706.26843870881,0.81,1.3824,0.240300257111686,0.0577442135679422,0.0138759493670886,13.8759493670886
0,1,2,NaN,2,Cassegrain,590,57,NaN,NaN,NaN,NaN,NaN,NaN,6,360,NaN,NaN,NaN,NaN,NaN,NaN,NaN,NaN,NaN,11.2782537,0.596073311399636,11.8743270113996,11.8743270113996,15,96.1837909221367,5.55579,9.4818816,0.522642740929451,0.273155434646249,0.142762705063291,142.762705063291
0,1,2,NaN,1,Refractivo,780,58,NaN,NaN,NaN,NaN,NaN,NaN,6,360,NaN,NaN,NaN,NaN,NaN,NaN,NaN,NaN,NaN,11.8823208,0,11.8823208,11.8823208,0,0,5.85336,9.9897344,0.53181191182295,0.282823909556781,0.150409124050633,150.409124050633
0,1,2,NaN,3,Refractivo,960,58,NaN,NaN,NaN,NaN,NaN,NaN,6,360,NaN,NaN,NaN,NaN,NaN,NaN,NaN,NaN,NaN,11.8823208,0,11.8823208,11.8823208,0,0,5.85336,9.9897344,0.53181191182295,0.282823909556781,0.150409124050633,150.409124050633
0,1,2,NaN,3,Refractivo,970,58,NaN,NaN,NaN,NaN,NaN,NaN,6,360,NaN,NaN,NaN,NaN,NaN,NaN,NaN,NaN,NaN,11.8823208,0,11.8823208,11.8823208,0,0,5.85336,9.9897344,0.53181191182295,0.282823909556781,0.150409124050633,150.409124050633
1,3,1,2,3,Refractivo,760,46,120,5.34586668014526,160,40,33.3333333333333,98.4352570432563,6,120,0.25111994976435,756.252642291095,0.285,6.19565217391304,0.9879604,0.1495,0.0235405,0.0038751895,1.0487954,3.9518416,0.0169348617351577,3.96877646173516,11.9063293852055,1,7.96914676024426,2.92008,4.9836032,0.368460394237918,0.135763062121962,0.0500233113924051,50.023311392405
0,2,2,NaN,3,Refractivo,760,46,NaN,NaN,NaN,NaN,NaN,NaN,6,180,NaN,NaN,NaN,NaN,NaN,NaN,NaN,NaN,NaN,5.9277624,0.0254022926027365,5.95316469260274,11.9063293852055,1,7.96914676024426,2.92008,4.9836032,0.42178186110096,0.17789993835379,0.0750349670886076,75.0349670886076
0,2,1,NaN,2,Cassegrain,490,47,NaN,NaN,NaN,NaN,NaN,NaN,6,180,NaN,NaN,NaN,NaN,NaN,NaN,NaN,NaN,NaN,4.2152138,1.7394888030276,5.9547026030276,11.9094052060552,120,652.928771897823,3.11469,5.3157376,0.376470402808308,0.141729964190649,0.0533571367088608,53.3571367088608
0,3,1,NaN,1,Refractivo,450,34,NaN,NaN,NaN,NaN,NaN,NaN,6,120,NaN,NaN,NaN,NaN,NaN,NaN,NaN,NaN,NaN,1.5957424,2.37548010815334,3.97122250815334,11.91366752446,348,1754.08212376203,1.17912,2.0123648,0.272340291393244,0.0741692343161569,0.020199270886076,20.1992708860759
0,1,2,NaN,2,Korsch,750,58,NaN,NaN,NaN,NaN,NaN,NaN,6,360,NaN,NaN,NaN,NaN,NaN,NaN,NaN,NaN,NaN,11.8823208,0.0503531673123007,11.9326739673123,11.9326739673123,1,7.88069638064189,5.85336,9.9897344,0.53181191182295,0.282823909556781,0.150409124050633,150.409124050633
0,2,2,NaN,2,Korsch,580,45,NaN,NaN,NaN,NaN,NaN,NaN,6,180,NaN,NaN,NaN,NaN,NaN,NaN,NaN,NaN,NaN,5.5495125,0.428276227184325,5.97778872718433,11.9555774543687,22,138.974874196821,2.73375,4.6656,0.412612690207461,0.170249232120238,0.0702469936708861,70.2469936708861
0,1,1,NaN,3,Cassegrain,570,65,NaN,NaN,NaN,NaN,NaN,NaN,6,360,NaN,NaN,NaN,NaN,NaN,NaN,NaN,NaN,NaN,11.149775,0.807263519010684,11.9570385190107,11.9570385190107,21,130.649599414395,8.23875,14.0608,0.520650557075319,0.27107700258284,0.141136392405063,141.136392405063
0,2,1,NaN,2,Cassegrain,500,48,NaN,NaN,NaN,NaN,NaN,NaN,6,180,NaN,NaN,NaN,NaN,NaN,NaN,NaN,NaN,NaN,4.4900352,1.49800032299956,5.98803552299956,11.9760710459991,98,542.932123542698,3.31776,5.6623104,0.384480411378697,0.147825186733932,0.0568358886075949,56.8358886075949
0,2,1,NaN,2,Cassegrain,480,46,NaN,NaN,NaN,NaN,NaN,NaN,6,180,NaN,NaN,NaN,NaN,NaN,NaN,NaN,NaN,NaN,3.9518416,2.04598539615894,5.99782699615894,11.9956539923179,148,790.554492903713,2.92008,4.9836032,0.368460394237918,0.135763062121962,0.0500233113924051,50.023311392405
0,1,2,NaN,2,Cassegrain,420,40,NaN,NaN,NaN,NaN,NaN,NaN,6,360,NaN,NaN,NaN,NaN,NaN,NaN,NaN,NaN,NaN,3.8976,8.12189842195886,12.0194984219589,12.0194984219589,460,2178.24605238337,1.92,3.2768,0.366766835739966,0.134517911798707,0.0493367088607595,49.3367088607595
0,2,1,NaN,2,Refractivo,970,53,NaN,NaN,NaN,NaN,NaN,NaN,6,180,NaN,NaN,NaN,NaN,NaN,NaN,NaN,NaN,NaN,6.0444062,0,6.0444062,12.0888124,0,0,4.46631,7.6225024,0.424530454230645,0.180226106569277,0.0765114708860759,76.5114708860759
0,2,1,NaN,2,Refractivo,980,53,NaN,NaN,NaN,NaN,NaN,NaN,6,180,NaN,NaN,NaN,NaN,NaN,NaN,NaN,NaN,NaN,6.0444062,0,6.0444062,12.0888124,0,0,4.46631,7.6225024,0.424530454230645,0.180226106569277,0.0765114708860759,76.5114708860759
0,2,1,NaN,3,Refractivo,880,53,NaN,NaN,NaN,NaN,NaN,NaN,6,180,NaN,NaN,NaN,NaN,NaN,NaN,NaN,NaN,NaN,6.0444062,0,6.0444062,12.0888124,0,0,4.46631,7.6225024,0.424530454230645,0.180226106569277,0.0765114708860759,76.5114708860759
0,1,1,NaN,1,Korsch,560,65,NaN,NaN,NaN,NaN,NaN,NaN,6,360,NaN,NaN,NaN,NaN,NaN,NaN,NaN,NaN,NaN,11.149775,0.951455507145819,12.1012305071458,12.1012305071458,25,153.133993862411,8.23875,14.0608,0.520650557075319,0.27107700258284,0.141136392405063,141.136392405063
0,1,2,NaN,3,Korsch,650,58,NaN,NaN,NaN,NaN,NaN,NaN,6,360,NaN,NaN,NaN,NaN,NaN,NaN,NaN,NaN,NaN,11.8823208,0.224302754901518,12.1066235549015,12.1066235549015,5,34.8744637311938,5.85336,9.9897344,0.53181191182295,0.282823909556781,0.150409124050633,150.409124050633
0,3,1,NaN,2,Korsch,580,45,NaN,NaN,NaN,NaN,NaN,NaN,6,120,NaN,NaN,NaN,NaN,NaN,NaN,NaN,NaN,NaN,3.699675,0.339541962819342,4.03921696281934,12.117650888458,26,164.243033141698,2.73375,4.6656,0.360450385667529,0.12992448052787,0.046831329113924,46.831329113924
0,2,1,NaN,2,Cassegrain,510,49,NaN,NaN,NaN,NaN,NaN,NaN,6,180,NaN,NaN,NaN,NaN,NaN,NaN,NaN,NaN,NaN,4.7765494,1.2935422195737,6.0700916195737,12.1401832391474,80,451.099089596464,3.52947,6.0236288,0.392490419949087,0.15404872975181,0.0604626506329114,60.4626506329114
0,1,1,NaN,1,Korsch,430,50,NaN,NaN,NaN,NaN,NaN,NaN,6,360,NaN,NaN,NaN,NaN,NaN,NaN,NaN,NaN,NaN,5.075,7.07985569043325,12.1548556904332,12.1548556904332,347,1678.60746322048,3.75,6.4,0.400500428519476,0.160400593244284,0.0642405063291139,64.2405063291139
0,1,1,NaN,2,Korsch,400,31,NaN,NaN,NaN,NaN,NaN,NaN,6,360,NaN,NaN,NaN,NaN,NaN,NaN,NaN,NaN,NaN,1.2095146,10.9596957643444,12.1692103643444,12.1692103643444,1006,4556.79119282104,0.89373,1.5252992,0.248310265682075,0.0616579880431028,0.0153103113924051,15.3103113924051
0,2,1,NaN,1,Refractivo,710,53,NaN,NaN,NaN,NaN,NaN,NaN,6,180,NaN,NaN,NaN,NaN,NaN,NaN,NaN,NaN,NaN,6.0444062,0.0489890629545216,6.09339526295452,12.186790525909,2,15.046126344314,4.46631,7.6225024,0.424530454230645,0.180226106569277,0.0765114708860759,76.5114708860759
0,2,1,NaN,1,Refractivo,720,53,NaN,NaN,NaN,NaN,NaN,NaN,6,180,NaN,NaN,NaN,NaN,NaN,NaN,NaN,NaN,NaN,6.0444062,0.049577224877443,6.09398342487744,12.1879668497549,2,15.2261005631844,4.46631,7.6225024,0.424530454230645,0.180226106569277,0.0765114708860759,76.5114708860759
0,2,1,NaN,2,Cassegrain,470,45,NaN,NaN,NaN,NaN,NaN,NaN,6,180,NaN,NaN,NaN,NaN,NaN,NaN,NaN,NaN,NaN,3.699675,2.39564560753073,6.09532060753073,12.1906412150615,181,948.739600895779,2.73375,4.6656,0.360450385667529,0.12992448052787,0.046831329113924,46.831329113924
0,1,1,NaN,1,Refractivo,900,67,NaN,NaN,NaN,NaN,NaN,NaN,6,360,NaN,NaN,NaN,NaN,NaN,NaN,NaN,NaN,NaN,12.2109778,0,12.2109778,12.2109778,0,0,9.02289,15.3990656,0.536670574216098,0.288015305229436,0.154569339240506,154.569339240506
0,1,1,NaN,1,Refractivo,910,67,NaN,NaN,NaN,NaN,NaN,NaN,6,360,NaN,NaN,NaN,NaN,NaN,NaN,NaN,NaN,NaN,12.2109778,0,12.2109778,12.2109778,0,0,9.02289,15.3990656,0.536670574216098,0.288015305229436,0.154569339240506,154.569339240506
0,1,1,NaN,2,Korsch,860,67,NaN,NaN,NaN,NaN,NaN,NaN,6,360,NaN,NaN,NaN,NaN,NaN,NaN,NaN,NaN,NaN,12.2109778,0,12.2109778,12.2109778,0,0,9.02289,15.3990656,0.536670574216098,0.288015305229436,0.154569339240506,154.569339240506
0,1,1,NaN,2,Korsch,870,67,NaN,NaN,NaN,NaN,NaN,NaN,6,360,NaN,NaN,NaN,NaN,NaN,NaN,NaN,NaN,NaN,12.2109778,0,12.2109778,12.2109778,0,0,9.02289,15.3990656,0.536670574216098,0.288015305229436,0.154569339240506,154.569339240506
0,1,1,NaN,3,Korsch,750,67,NaN,NaN,NaN,NaN,NaN,NaN,6,360,NaN,NaN,NaN,NaN,NaN,NaN,NaN,NaN,NaN,12.2109778,0.0517459020471985,12.2627237020472,12.2627237020472,1,7.88069638064189,9.02289,15.3990656,0.536670574216098,0.288015305229436,0.154569339240506,154.569339240506
0,2,1,NaN,2,Korsch,680,53,NaN,NaN,NaN,NaN,NaN,NaN,6,180,NaN,NaN,NaN,NaN,NaN,NaN,NaN,NaN,NaN,6.0444062,0.0947543502344807,6.13916055023448,12.278321100469,4,29.0030314557262,4.46631,7.6225024,0.424530454230645,0.180226106569277,0.0765114708860759,76.5114708860759
0,2,1,NaN,3,Korsch,580,52,NaN,NaN,NaN,NaN,NaN,NaN,6,180,NaN,NaN,NaN,NaN,NaN,NaN,NaN,NaN,NaN,5.7086848,0.440560137188357,6.14924493718836,12.2984898743767,22,138.974874196821,4.21824,7.1991296,0.416520445660255,0.173489281653018,0.0722618329113924,72.2618329113924
0,2,2,NaN,2,Korsch,440,34,NaN,NaN,NaN,NaN,NaN,NaN,6,180,NaN,NaN,NaN,NaN,NaN,NaN,NaN,NaN,NaN,2.3936136,3.75833069058442,6.15194429058442,12.3038885811688,368,1817.62588782275,1.17912,2.0123648,0.311751810378971,0.0971891912745657,0.0302989063291139,30.2989063291139
0,1,1,NaN,2,Cassegrain,700,67,NaN,NaN,NaN,NaN,NaN,NaN,6,360,NaN,NaN,NaN,NaN,NaN,NaN,NaN,NaN,NaN,12.2109778,0.0977750127626196,12.3087528127626,12.3087528127626,2,14.8653735594344,9.02289,15.3990656,0.536670574216098,0.288015305229436,0.154569339240506,154.569339240506
0,2,2,NaN,1,Refractivo,620,46,NaN,NaN,NaN,NaN,NaN,NaN,6,180,NaN,NaN,NaN,NaN,NaN,NaN,NaN,NaN,NaN,5.9277624,0.238568276806937,6.16633067680694,12.3326613536139,11,73.6495156906794,2.92008,4.9836032,0.42178186110096,0.17789993835379,0.0750349670886076,75.0349670886076
0,1,1,NaN,3,Cassegrain,580,66,NaN,NaN,NaN,NaN,NaN,NaN,6,360,NaN,NaN,NaN,NaN,NaN,NaN,NaN,NaN,NaN,11.6723376,0.690674386064467,12.3630119860645,12.3630119860645,17,107.389675515726,8.62488,14.7197952,0.528660565645709,0.27948199366884,0.14775110886076,147.751108860759
0,2,1,NaN,3,Korsch,440,39,NaN,NaN,NaN,NaN,NaN,NaN,6,180,NaN,NaN,NaN,NaN,NaN,NaN,NaN,NaN,NaN,2.4083514,3.78147123676601,6.18982263676601,12.379645273532,368,1817.62588782275,1.77957,3.0371328,0.312390334245191,0.0975877209298224,0.0304854607594937,30.4854607594937
0,1,2,NaN,2,Cassegrain,600,58,NaN,NaN,NaN,NaN,NaN,NaN,6,360,NaN,NaN,NaN,NaN,NaN,NaN,NaN,NaN,NaN,11.8823208,0.507564808801493,12.3898856088015,12.3898856088015,12,78.0846085137237,5.85336,9.9897344,0.53181191182295,0.282823909556781,0.150409124050633,150.409124050633
0,2,1,NaN,2,Cassegrain,520,50,NaN,NaN,NaN,NaN,NaN,NaN,6,180,NaN,NaN,NaN,NaN,NaN,NaN,NaN,NaN,NaN,5.075,1.13270602618322,6.20770602618323,12.4154120523665,66,378.636732619841,3.75,6.4,0.400500428519476,0.160400593244284,0.0642405063291139,64.2405063291139
0,3,1,NaN,1,Refractivo,620,46,NaN,NaN,NaN,NaN,NaN,NaN,6,120,NaN,NaN,NaN,NaN,NaN,NaN,NaN,NaN,NaN,3.9518416,0.188581933236554,4.14042353323655,12.4212705997097,13,87.0403367253484,2.92008,4.9836032,0.368460394237918,0.135763062121962,0.0500233113924051,50.023311392405
0,1,2,NaN,1,Refractivo,790,59,NaN,NaN,NaN,NaN,NaN,NaN,6,360,NaN,NaN,NaN,NaN,NaN,NaN,NaN,NaN,NaN,12.5075811,0,12.5075811,12.5075811,0,0,6.16137,10.5154048,0.540981082716449,0.292660531857062,0.158323811392405,158.323811392405
0,1,2,NaN,1,Refractivo,800,59,NaN,NaN,NaN,NaN,NaN,NaN,6,360,NaN,NaN,NaN,NaN,NaN,NaN,NaN,NaN,NaN,12.5075811,0,12.5075811,12.5075811,0,0,6.16137,10.5154048,0.540981082716449,0.292660531857062,0.158323811392405,158.323811392405
0,1,2,NaN,3,Refractivo,980,59,NaN,NaN,NaN,NaN,NaN,NaN,6,360,NaN,NaN,NaN,NaN,NaN,NaN,NaN,NaN,NaN,12.5075811,0,12.5075811,12.5075811,0,0,6.16137,10.5154048,0.540981082716449,0.292660531857062,0.158323811392405,158.323811392405
0,2,1,NaN,1,Refractivo,420,31,NaN,NaN,NaN,NaN,NaN,NaN,6,180,NaN,NaN,NaN,NaN,NaN,NaN,NaN,NaN,NaN,1.2095146,5.05658532329277,6.26609992329277,12.5321998465855,679,3215.28058601805,0.89373,1.5252992,0.248310265682075,0.0616579880431028,0.0153103113924051,15.3103113924051
0,1,2,NaN,2,Korsch,760,59,NaN,NaN,NaN,NaN,NaN,NaN,6,360,NaN,NaN,NaN,NaN,NaN,NaN,NaN,NaN,NaN,12.5075811,0.0535988478307863,12.5611799478308,12.5611799478308,1,7.96914676024426,6.16137,10.5154048,0.540981082716449,0.292660531857062,0.158323811392405,158.323811392405
0,2,2,NaN,2,Korsch,590,46,NaN,NaN,NaN,NaN,NaN,NaN,6,180,NaN,NaN,NaN,NaN,NaN,NaN,NaN,NaN,NaN,5.9277624,0.377733459080941,6.30549585908094,12.6109917181619,18,115.420549106564,2.92008,4.9836032,0.42178186110096,0.17789993835379,0.0750349670886076,75.0349670886076
0,2,1,NaN,2,Cassegrain,460,44,NaN,NaN,NaN,NaN,NaN,NaN,6,180,NaN,NaN,NaN,NaN,NaN,NaN,NaN,NaN,NaN,3.4584704,2.85168988446455,6.31016028446455,12.6203205689291,223,1146.50615715449,2.55552,4.3614208,0.352440377097139,0.124214219408374,0.0437781063291139,43.7781063291139
1,2,2,2,2,Refractivo,860,47,200,6.53767251968384,327.68,127.68,63.84,98.859455829952,6,180,0.251752872919635,736.78320519828,0.1935,4.11702127659574,1.580705175,0.15275,0.024575125,0.0041334531875,1.118692825,6.3228207,0,6.3228207,12.6456414,0,0,3.11469,5.3157376,0.430951031994459,0.18571879197709,0.0800357050632911,80.0357050632911
1,3,1,1,2,Refractivo,860,47,140,5.34461784362793,163.84,23.84,17.0285714285714,98.859455829952,6,120,0.251752872919635,736.78320519828,0.1935,4.11702127659574,1.05380345,0.15275,0.024575125,0.0041334531875,1.118692825,4.2152138,0,4.2152138,12.6456414,0,0,3.11469,5.3157376,0.376470402808308,0.141729964190649,0.0533571367088608,53.3571367088608
1,3,1,1,2,Refractivo,870,47,140,5.45957946777344,163.84,23.84,17.0285714285714,98.9027176169101,6,120,0.250578726334829,728.53870511591,0.19575,4.16489361702128,1.05380345,0.15275,0.024575125,0.0041334531875,1.118692825,4.2152138,0,4.2152138,12.6456414,0,0,3.11469,5.3157376,0.376470402808308,0.141729964190649,0.0533571367088608,53.3571367088608
0,2,2,NaN,2,Refractivo,870,47,NaN,NaN,NaN,NaN,NaN,NaN,6,180,NaN,NaN,NaN,NaN,NaN,NaN,NaN,NaN,NaN,6.3228207,0,6.3228207,12.6456414,0,0,3.11469,5.3157376,0.430951031994459,0.18571879197709,0.0800357050632911,80.0357050632911
0,3,1,NaN,2,Korsch,450,35,NaN,NaN,NaN,NaN,NaN,NaN,6,120,NaN,NaN,NaN,NaN,NaN,NaN,NaN,NaN,NaN,1.740725,2.48184137735186,4.22256637735186,12.6676991320556,338,1703.67746503324,1.28625,2.1952,0.280350299963633,0.0785962906896992,0.0220344936708861,22.0344936708861
0,1,2,NaN,3,Korsch,660,59,NaN,NaN,NaN,NaN,NaN,NaN,6,360,NaN,NaN,NaN,NaN,NaN,NaN,NaN,NaN,NaN,12.5075811,0.191076707861728,12.6986578078617,12.6986578078617,4,28.2689873346244,6.16137,10.5154048,0.540981082716449,0.292660531857062,0.158323811392405,158.323811392405
1,2,2,2,3,Refractivo,770,47,160,6.54184055328369,160,0,0,98.4769938343495,6,180,0.251859225472289,762.997725317652,0.28875,6.14361702127659,1.580705175,0.15275,0.024575125,0.0041334531875,1.118692825,6.3228207,0.027395272133416,6.35021597213342,12.7004319442668,1,8.05721799172443,3.11469,5.3157376,0.430951031994459,0.18571879197709,0.0800357050632911,80.0357050632911
0,3,1,NaN,3,Refractivo,770,47,NaN,NaN,NaN,NaN,NaN,NaN,6,120,NaN,NaN,NaN,NaN,NaN,NaN,NaN,NaN,NaN,4.2152138,0.0182635147556106,4.23347731475561,12.7004319442668,1,8.05721799172443,3.11469,5.3157376,0.376470402808308,0.141729964190649,0.0533571367088608,53.3571367088608
1,2,2,3,3,Refractivo,780,47,220,3.60335659980774,240,20,9.09090909090909,98.5188814074924,6,180,0.250725783499521,753.380250309259,0.2925,6.22340425531915,1.580705175,0.15275,0.024575125,0.0041334531875,1.118692825,6.3228207,0.0276940327749156,6.35051473277491,12.7010294655498,1,8.14491206267576,3.11469,5.3157376,0.430951031994459,0.18571879197709,0.0800357050632911,80.0357050632911
0,3,1,NaN,3,Refractivo,780,47,NaN,NaN,NaN,NaN,NaN,NaN,6,120,NaN,NaN,NaN,NaN,NaN,NaN,NaN,NaN,NaN,4.2152138,0.0184626885166104,4.23367648851661,12.7010294655498,1,8.14491206267576,3.11469,5.3157376,0.376470402808308,0.141729964190649,0.0533571367088608,53.3571367088608
0,2,1,NaN,3,Korsch,600,53,NaN,NaN,NaN,NaN,NaN,NaN,6,180,NaN,NaN,NaN,NaN,NaN,NaN,NaN,NaN,NaN,6.0444062,0.324292466616299,6.3686986666163,12.7373973332326,15,97.6057606421546,4.46631,7.6225024,0.424530454230645,0.180226106569277,0.0765114708860759,76.5114708860759
0,2,1,NaN,2,Cassegrain,530,51,NaN,NaN,NaN,NaN,NaN,NaN,6,180,NaN,NaN,NaN,NaN,NaN,NaN,NaN,NaN,NaN,5.3856306,0.984420827547235,6.37005142754723,12.7401028550945,54,315.072221503888,3.97953,6.7917312,0.408510437089866,0.166880777211353,0.0681725392405063,68.1725392405063
0,3,1,NaN,2,Korsch,590,46,NaN,NaN,NaN,NaN,NaN,NaN,6,120,NaN,NaN,NaN,NaN,NaN,NaN,NaN,NaN,NaN,3.9518416,0.295188733944333,4.24703033394433,12.741091001833,21,134.657307290991,2.92008,4.9836032,0.368460394237918,0.135763062121962,0.0500233113924051,50.023311392405
0,1,1,NaN,1,Refractivo,920,68,NaN,NaN,NaN,NaN,NaN,NaN,6,360,NaN,NaN,NaN,NaN,NaN,NaN,NaN,NaN,NaN,12.7659392,0,12.7659392,12.7659392,0,0,9.43296,16.0989184,0.544680582786488,0.296676937264628,0.161594167088608,161.594167088608
0,1,1,NaN,2,Korsch,880,68,NaN,NaN,NaN,NaN,NaN,NaN,6,360,NaN,NaN,NaN,NaN,NaN,NaN,NaN,NaN,NaN,12.7659392,0,12.7659392,12.7659392,0,0,9.43296,16.0989184,0.544680582786488,0.296676937264628,0.161594167088608,161.594167088608
0,2,1,NaN,2,Refractivo,990,54,NaN,NaN,NaN,NaN,NaN,NaN,6,180,NaN,NaN,NaN,NaN,NaN,NaN,NaN,NaN,NaN,6.3930384,0,6.3930384,12.7860768,0,0,4.72392,8.0621568,0.432540462801034,0.187091251960133,0.0809245367088608,80.9245367088607
0,2,1,NaN,2,Refractivo,1000,54,NaN,NaN,NaN,NaN,NaN,NaN,6,180,NaN,NaN,NaN,NaN,NaN,NaN,NaN,NaN,NaN,6.3930384,0,6.3930384,12.7860768,0,0,4.72392,8.0621568,0.432540462801034,0.187091251960133,0.0809245367088608,80.9245367088607
0,2,1,NaN,3,Refractivo,890,54,NaN,NaN,NaN,NaN,NaN,NaN,6,180,NaN,NaN,NaN,NaN,NaN,NaN,NaN,NaN,NaN,6.3930384,0,6.3930384,12.7860768,0,0,4.72392,8.0621568,0.432540462801034,0.187091251960133,0.0809245367088608,80.9245367088607
0,2,1,NaN,3,Refractivo,900,54,NaN,NaN,NaN,NaN,NaN,NaN,6,180,NaN,NaN,NaN,NaN,NaN,NaN,NaN,NaN,NaN,6.3930384,0,6.3930384,12.7860768,0,0,4.72392,8.0621568,0.432540462801034,0.187091251960133,0.0809245367088608,80.9245367088607
0,1,1,NaN,3,Korsch,760,68,NaN,NaN,NaN,NaN,NaN,NaN,6,360,NaN,NaN,NaN,NaN,NaN,NaN,NaN,NaN,NaN,12.7659392,0.0547059920801049,12.8206451920801,12.8206451920801,1,7.96914676024426,9.43296,16.0989184,0.544680582786488,0.296676937264628,0.161594167088608,161.594167088608
0,1,1,NaN,3,Korsch,770,68,NaN,NaN,NaN,NaN,NaN,NaN,6,360,NaN,NaN,NaN,NaN,NaN,NaN,NaN,NaN,NaN,12.7659392,0.0553117659057836,12.8212509659058,12.8212509659058,1,8.05721799172443,9.43296,16.0989184,0.544680582786488,0.296676937264628,0.161594167088608,161.594167088608
0,2,1,NaN,3,Korsch,590,53,NaN,NaN,NaN,NaN,NaN,NaN,6,180,NaN,NaN,NaN,NaN,NaN,NaN,NaN,NaN,NaN,6.0444062,0.385166325495146,6.42957252549514,12.8591450509903,18,115.420549106564,4.46631,7.6225024,0.424530454230645,0.180226106569277,0.0765114708860759,76.5114708860759
0,1,1,NaN,2,Cassegrain,710,68,NaN,NaN,NaN,NaN,NaN,NaN,6,360,NaN,NaN,NaN,NaN,NaN,NaN,NaN,NaN,NaN,12.7659392,0.103466143480297,12.8694053434803,12.8694053434803,2,15.046126344314,9.43296,16.0989184,0.544680582786488,0.296676937264628,0.161594167088608,161.594167088608
0,2,1,NaN,1,Refractivo,730,54,NaN,NaN,NaN,NaN,NaN,NaN,6,180,NaN,NaN,NaN,NaN,NaN,NaN,NaN,NaN,NaN,6.3930384,0.0530562277096014,6.4460946277096,12.8921892554192,2,15.4053003231802,4.72392,8.0621568,0.432540462801034,0.187091251960133,0.0809245367088608,80.9245367088607
0,1,2,NaN,2,Cassegrain,620,59,NaN,NaN,NaN,NaN,NaN,NaN,6,360,NaN,NaN,NaN,NaN,NaN,NaN,NaN,NaN,NaN,12.5075811,0.410505160170514,12.9180862601705,12.9180862601705,9,60.2586946560104,6.16137,10.5154048,0.540981082716449,0.292660531857062,0.158323811392405,158.323811392405
0,2,1,NaN,2,Korsch,690,54,NaN,NaN,NaN,NaN,NaN,NaN,6,180,NaN,NaN,NaN,NaN,NaN,NaN,NaN,NaN,NaN,6.3930384,0.0759800417558035,6.4690184417558,12.9380368835116,3,22.0257571116181,4.72392,8.0621568,0.432540462801034,0.187091251960133,0.0809245367088608,80.9245367088607
0,2,1,NaN,2,Korsch,700,54,NaN,NaN,NaN,NaN,NaN,NaN,6,180,NaN,NaN,NaN,NaN,NaN,NaN,NaN,NaN,NaN,6.3930384,0.0769244978800605,6.46996289788006,12.9399257957601,3,22.2980603391516,4.72392,8.0621568,0.432540462801034,0.187091251960133,0.0809245367088608,80.9245367088607
0,1,2,NaN,3,Korsch,410,37,NaN,NaN,NaN,NaN,NaN,NaN,6,360,NaN,NaN,NaN,NaN,NaN,NaN,NaN,NaN,NaN,3.0847677,9.86672021070405,12.9514879107041,12.9514879107041,603,2793.51469348371,1.51959,2.5934336,0.339259323059468,0.115096888282769,0.0390476924050633,39.0476924050633
0,1,2,NaN,2,Cassegrain,610,59,NaN,NaN,NaN,NaN,NaN,NaN,6,360,NaN,NaN,NaN,NaN,NaN,NaN,NaN,NaN,NaN,12.5075811,0.450350071621079,12.9579311716211,12.9579311716211,10,66.014359031451,6.16137,10.5154048,0.540981082716449,0.292660531857062,0.158323811392405,158.323811392405
0,2,2,NaN,1,Refractivo,430,32,NaN,NaN,NaN,NaN,NaN,NaN,6,180,NaN,NaN,NaN,NaN,NaN,NaN,NaN,NaN,NaN,1.9955712,4.5241810022813,6.5197522022813,13.0395044045626,474,2292.96811978821,0.98304,1.6777216,0.293413468591972,0.0860914635511724,0.0252603949367089,25.2603949367089
0,1,1,NaN,1,Korsch,570,67,NaN,NaN,NaN,NaN,NaN,NaN,6,360,NaN,NaN,NaN,NaN,NaN,NaN,NaN,NaN,NaN,12.2109778,0.840706475651119,13.0516842756511,13.0516842756511,20,124.428189918472,9.02289,15.3990656,0.536670574216098,0.288015305229436,0.154569339240506,154.569339240506
1,2,2,3,1,Refractivo,630,47,220,6.00783252716064,288,68,30.9090909090909,97.9062293991012,6,180,0.251054814603588,947.277938677282,0.118125,2.51329787234043,1.580705175,0.15275,0.024575125,0.0041334531875,1.118692825,6.3228207,0.210461629204815,6.53328232920481,13.0665646584096,9,61.1007907104567,3.11469,5.3157376,0.430951031994459,0.18571879197709,0.0800357050632911,80.0357050632911
0,1,1,NaN,3,Cassegrain,420,48,NaN,NaN,NaN,NaN,NaN,NaN,6,360,NaN,NaN,NaN,NaN,NaN,NaN,NaN,NaN,NaN,4.4900352,8.64797132204927,13.1380065220493,13.1380065220493,438,2074.06906726938,3.31776,5.6623104,0.384480411378697,0.147825186733932,0.0568358886075949,56.8358886075949
0,1,2,NaN,1,Refractivo,810,60,NaN,NaN,NaN,NaN,NaN,NaN,6,360,NaN,NaN,NaN,NaN,NaN,NaN,NaN,NaN,NaN,13.1544,0,13.1544,13.1544,0,0,6.48,11.0592,0.550150253609948,0.30266530154709,0.166511392405063,166.511392405063
0,1,2,NaN,2,Korsch,780,60,NaN,NaN,NaN,NaN,NaN,NaN,6,360,NaN,NaN,NaN,NaN,NaN,NaN,NaN,NaN,NaN,13.1544,0,13.1544,13.1544,0,0,6.48,11.0592,0.550150253609948,0.30266530154709,0.166511392405063,166.511392405063
0,1,2,NaN,3,Refractivo,990,60,NaN,NaN,NaN,NaN,NaN,NaN,6,360,NaN,NaN,NaN,NaN,NaN,NaN,NaN,NaN,NaN,13.1544,0,13.1544,13.1544,0,0,6.48,11.0592,0.550150253609948,0.30266530154709,0.166511392405063,166.511392405063
0,1,2,NaN,3,Refractivo,1000,60,NaN,NaN,NaN,NaN,NaN,NaN,6,360,NaN,NaN,NaN,NaN,NaN,NaN,NaN,NaN,NaN,13.1544,0,13.1544,13.1544,0,0,6.48,11.0592,0.550150253609948,0.30266530154709,0.166511392405063,166.511392405063
0,3,1,NaN,1,Refractivo,630,47,NaN,NaN,NaN,NaN,NaN,NaN,6,120,NaN,NaN,NaN,NaN,NaN,NaN,NaN,NaN,NaN,4.2152138,0.172059368739653,4.38727316873965,13.161819506219,11,74.6787442016694,3.11469,5.3157376,0.376470402808308,0.141729964190649,0.0533571367088608,53.3571367088608
0,2,1,NaN,2,Cassegrain,540,52,NaN,NaN,NaN,NaN,NaN,NaN,6,180,NaN,NaN,NaN,NaN,NaN,NaN,NaN,NaN,NaN,5.7086848,0.873500555110511,6.58218535511051,13.164370710221,45,266.939670671127,4.21824,7.1991296,0.416520445660255,0.173489281653018,0.0722618329113924,72.2618329113924
0,1,2,NaN,2,Korsch,770,60,NaN,NaN,NaN,NaN,NaN,NaN,6,360,NaN,NaN,NaN,NaN,NaN,NaN,NaN,NaN,NaN,13.1544,0.0569948737834376,13.2113948737834,13.2113948737834,1,8.05721799172443,6.48,11.0592,0.550150253609948,0.30266530154709,0.166511392405063,166.511392405063
0,2,2,NaN,2,Korsch,610,47,NaN,NaN,NaN,NaN,NaN,NaN,6,180,NaN,NaN,NaN,NaN,NaN,NaN,NaN,NaN,NaN,6.3228207,0.297400901423532,6.62022160142353,13.2404432028471,13,85.8186667408863,3.11469,5.3157376,0.430951031994459,0.18571879197709,0.0800357050632911,80.0357050632911
0,2,1,NaN,2,Refractivo,410,23,NaN,NaN,NaN,NaN,NaN,NaN,6,180,NaN,NaN,NaN,NaN,NaN,NaN,NaN,NaN,NaN,0.4939802,6.13574556615157,6.62972576615157,13.2594515323031,1110,5142.29072929837,0.36501,0.6229504,0.184230197118959,0.0339407655304905,0.00625291392405063,6.25291392405063
0,1,2,NaN,1,Refractivo,400,30,NaN,NaN,NaN,NaN,NaN,NaN,6,360,NaN,NaN,NaN,NaN,NaN,NaN,NaN,NaN,NaN,1.6443,11.6457720737304,13.2900720737304,13.2900720737304,908,4112.88906866949,0.81,1.3824,0.275075126804974,0.0756663253867726,0.0208139240506329,20.8139240506329
0,3,1,NaN,1,Refractivo,440,33,NaN,NaN,NaN,NaN,NaN,NaN,6,120,NaN,NaN,NaN,NaN,NaN,NaN,NaN,NaN,NaN,1.4590422,2.97356724729805,4.43260944729805,13.2978283418942,435,2148.55234022526,1.07811,1.8399744,0.264330282822854,0.0698704984172101,0.0184688886075949,18.4688886075949
0,2,1,NaN,2,Cassegrain,450,43,NaN,NaN,NaN,NaN,NaN,NaN,6,180,NaN,NaN,NaN,NaN,NaN,NaN,NaN,NaN,NaN,3.2279842,3.43211107399459,6.66009527399459,13.3201905479892,275,1386.12811504183,2.38521,4.0707584,0.344430368526749,0.118632278763472,0.0408605594936709,40.8605594936709
0,2,2,NaN,2,Korsch,600,47,NaN,NaN,NaN,NaN,NaN,NaN,6,180,NaN,NaN,NaN,NaN,NaN,NaN,NaN,NaN,NaN,6.3228207,0.339229868564359,6.66205056856436,13.3241011371287,15,97.6057606421546,3.11469,5.3157376,0.430951031994459,0.18571879197709,0.0800357050632911,80.0357050632911
0,3,1,NaN,2,Korsch,610,47,NaN,NaN,NaN,NaN,NaN,NaN,6,120,NaN,NaN,NaN,NaN,NaN,NaN,NaN,NaN,NaN,4.2152138,0.229513502593447,4.44472730259345,13.3341819077803,15,99.0215385471765,3.11469,5.3157376,0.376470402808308,0.141729964190649,0.0533571367088608,53.3571367088608
0,1,1,NaN,1,Refractivo,930,69,NaN,NaN,NaN,NaN,NaN,NaN,6,360,NaN,NaN,NaN,NaN,NaN,NaN,NaN,NaN,NaN,13.3374654,0,13.3374654,13.3374654,0,0,9.85527,16.8196608,0.552690591356877,0.305466889774414,0.168828675949367,168.828675949367
0,1,1,NaN,2,Korsch,890,69,NaN,NaN,NaN,NaN,NaN,NaN,6,360,NaN,NaN,NaN,NaN,NaN,NaN,NaN,NaN,NaN,13.3374654,0,13.3374654,13.3374654,0,0,9.85527,16.8196608,0.552690591356877,0.305466889774414,0.168828675949367,168.828675949367
0,1,1,NaN,3,Korsch,780,69,NaN,NaN,NaN,NaN,NaN,NaN,6,360,NaN,NaN,NaN,NaN,NaN,NaN,NaN,NaN,NaN,13.3374654,0,13.3374654,13.3374654,0,0,9.85527,16.8196608,0.552690591356877,0.305466889774414,0.168828675949367,168.828675949367
0,3,1,NaN,2,Refractivo,420,23,NaN,NaN,NaN,NaN,NaN,NaN,6,120,NaN,NaN,NaN,NaN,NaN,NaN,NaN,NaN,NaN,0.4939802,3.95646175130905,4.45044195130905,13.3513258539272,915,4332.81551724082,0.36501,0.6229504,0.184230197118959,0.0339407655304905,0.00625291392405063,6.25291392405063
0,1,2,NaN,3,Korsch,670,60,NaN,NaN,NaN,NaN,NaN,NaN,6,360,NaN,NaN,NaN,NaN,NaN,NaN,NaN,NaN,NaN,13.1544,0.203591119890616,13.3579911198906,13.3579911198906,4,28.6368046619791,6.48,11.0592,0.550150253609948,0.30266530154709,0.166511392405063,166.511392405063
0,2,1,NaN,3,Korsch,610,54,NaN,NaN,NaN,NaN,NaN,NaN,6,180,NaN,NaN,NaN,NaN,NaN,NaN,NaN,NaN,NaN,6.3930384,0.300703669012037,6.69374206901204,13.3874841380241,13,85.8186667408863,4.72392,8.0621568,0.432540462801034,0.187091251960133,0.0809245367088608,80.9245367088607
0,1,1,NaN,3,Cassegrain,590,68,NaN,NaN,NaN,NaN,NaN,NaN,6,360,NaN,NaN,NaN,NaN,NaN,NaN,NaN,NaN,NaN,12.7659392,0.628728102647489,13.3946673026475,13.3946673026475,14,89.7715381939943,9.43296,16.0989184,0.544680582786488,0.296676937264628,0.161594167088608,161.594167088608
0,3,1,NaN,2,Korsch,600,47,NaN,NaN,NaN,NaN,NaN,NaN,6,120,NaN,NaN,NaN,NaN,NaN,NaN,NaN,NaN,NaN,4.2152138,0.257128940810265,4.47234274081026,13.4170282224308,17,110.619862061109,3.11469,5.3157376,0.376470402808308,0.141729964190649,0.0533571367088608,53.3571367088608
0,1,1,NaN,2,Cassegrain,720,69,NaN,NaN,NaN,NaN,NaN,NaN,6,360,NaN,NaN,NaN,NaN,NaN,NaN,NaN,NaN,NaN,13.3374654,0.109396109320203,13.4468615093202,13.4468615093202,2,15.2261005631844,9.85527,16.8196608,0.552690591356877,0.305466889774414,0.168828675949367,168.828675949367
0,2,2,NaN,2,Refractivo,880,48,NaN,NaN,NaN,NaN,NaN,NaN,6,180,NaN,NaN,NaN,NaN,NaN,NaN,NaN,NaN,NaN,6.7350528,0,6.7350528,13.4701056,0,0,3.31776,5.6623104,0.440120202887959,0.193705792990138,0.0852538329113924,85.2538329113924
0,2,2,NaN,2,Refractivo,890,48,NaN,NaN,NaN,NaN,NaN,NaN,6,180,NaN,NaN,NaN,NaN,NaN,NaN,NaN,NaN,NaN,6.7350528,0,6.7350528,13.4701056,0,0,3.31776,5.6623104,0.440120202887959,0.193705792990138,0.0852538329113924,85.2538329113924
0,2,2,NaN,3,Refractivo,800,48,NaN,NaN,NaN,NaN,NaN,NaN,6,180,NaN,NaN,NaN,NaN,NaN,NaN,NaN,NaN,NaN,6.7350528,0,6.7350528,13.4701056,0,0,3.31776,5.6623104,0.440120202887959,0.193705792990138,0.0852538329113924,85.2538329113924
0,3,1,NaN,2,Refractivo,880,48,NaN,NaN,NaN,NaN,NaN,NaN,6,120,NaN,NaN,NaN,NaN,NaN,NaN,NaN,NaN,NaN,4.4900352,0,4.4900352,13.4701056,0,0,3.31776,5.6623104,0.384480411378697,0.147825186733932,0.0568358886075949,56.8358886075949
0,3,1,NaN,2,Refractivo,890,48,NaN,NaN,NaN,NaN,NaN,NaN,6,120,NaN,NaN,NaN,NaN,NaN,NaN,NaN,NaN,NaN,4.4900352,0,4.4900352,13.4701056,0,0,3.31776,5.6623104,0.384480411378697,0.147825186733932,0.0568358886075949,56.8358886075949
0,1,2,NaN,2,Cassegrain,630,60,NaN,NaN,NaN,NaN,NaN,NaN,6,360,NaN,NaN,NaN,NaN,NaN,NaN,NaN,NaN,NaN,13.1544,0.339424935081284,13.4938249350813,13.4938249350813,7,47.5228372192441,6.48,11.0592,0.550150253609948,0.30266530154709,0.166511392405063,166.511392405063
0,2,1,NaN,3,Refractivo,910,55,NaN,NaN,NaN,NaN,NaN,NaN,6,180,NaN,NaN,NaN,NaN,NaN,NaN,NaN,NaN,NaN,6.754825,0,6.754825,13.50965,0,0,4.99125,8.5184,0.440550471371424,0.194084717825584,0.0855041139240506,85.5041139240506
0,2,1,NaN,3,Refractivo,920,55,NaN,NaN,NaN,NaN,NaN,NaN,6,180,NaN,NaN,NaN,NaN,NaN,NaN,NaN,NaN,NaN,6.754825,0,6.754825,13.50965,0,0,4.99125,8.5184,0.440550471371424,0.194084717825584,0.0855041139240506,85.5041139240506
0,1,1,NaN,1,Korsch,580,68,NaN,NaN,NaN,NaN,NaN,NaN,6,360,NaN,NaN,NaN,NaN,NaN,NaN,NaN,NaN,NaN,12.7659392,0.755384869907833,13.5213240699078,13.5213240699078,17,107.389675515726,9.43296,16.0989184,0.544680582786488,0.296676937264628,0.161594167088608,161.594167088608
0,3,1,NaN,3,Refractivo,790,48,NaN,NaN,NaN,NaN,NaN,NaN,6,120,NaN,NaN,NaN,NaN,NaN,NaN,NaN,NaN,NaN,4.4900352,0.0198776703635118,4.50991287036351,13.5297386110905,1,8.23223094783316,3.31776,5.6623104,0.384480411378697,0.147825186733932,0.0568358886075949,56.8358886075949
1,2,2,3,3,Refractivo,790,48,210,6.00418567657471,240,30,14.2857142857143,98.5609201415361,6,180,0.251457723166102,760.008206595986,0.29625,6.171875,1.6837632,0.156,0.025632,0.004402944,1.1916288,6.7350528,0.0298165055452677,6.76486930554527,13.5297386110905,1,8.23223094783316,3.31776,5.6623104,0.440120202887959,0.193705792990138,0.0852538329113924,85.2538329113924
0,3,1,NaN,3,Refractivo,800,48,NaN,NaN,NaN,NaN,NaN,NaN,6,120,NaN,NaN,NaN,NaN,NaN,NaN,NaN,NaN,NaN,4.4900352,0.0200880370425033,4.5101232370425,13.5303697111275,1,8.31917660912859,3.31776,5.6623104,0.384480411378697,0.147825186733932,0.0568358886075949,56.8358886075949
0,2,1,NaN,1,Refractivo,740,55,NaN,NaN,NaN,NaN,NaN,NaN,6,180,NaN,NaN,NaN,NaN,NaN,NaN,NaN,NaN,NaN,6.754825,0.0283013414136401,6.78312634141364,13.5662526828273,1,7.79186485231548,4.99125,8.5184,0.440550471371424,0.194084717825584,0.0855041139240506,85.5041139240506
0,2,1,NaN,2,Cassegrain,550,53,NaN,NaN,NaN,NaN,NaN,NaN,6,180,NaN,NaN,NaN,NaN,NaN,NaN,NaN,NaN,NaN,6.0444062,0.764479871192645,6.80888607119264,13.6177721423853,37,223.068865030792,4.46631,7.6225024,0.424530454230645,0.180226106569277,0.0765114708860759,76.5114708860759
0,2,1,NaN,2,Korsch,710,55,NaN,NaN,NaN,NaN,NaN,NaN,6,180,NaN,NaN,NaN,NaN,NaN,NaN,NaN,NaN,NaN,6.754825,0.054746907507933,6.80957190750793,13.6191438150159,2,15.046126344314,4.99125,8.5184,0.440550471371424,0.194084717825584,0.0855041139240506,85.5041139240506
0,1,1,NaN,1,Korsch,420,49,NaN,NaN,NaN,NaN,NaN,NaN,6,360,NaN,NaN,NaN,NaN,NaN,NaN,NaN,NaN,NaN,4.7765494,8.9023637865444,13.6789131865444,13.6789131865444,429,2031.45120972275,3.52947,6.0236288,0.392490419949087,0.15404872975181,0.0604626506329114,60.4626506329114
0,1,2,NaN,2,Korsch,400,31,NaN,NaN,NaN,NaN,NaN,NaN,6,360,NaN,NaN,NaN,NaN,NaN,NaN,NaN,NaN,NaN,1.8142719,11.897270860893,13.711542760893,13.711542760893,878,3977.00066331697,0.89373,1.5252992,0.284244297698473,0.0807948207740983,0.0229654670886076,22.9654670886076
0,2,1,NaN,2,Korsch,420,33,NaN,NaN,NaN,NaN,NaN,NaN,6,180,NaN,NaN,NaN,NaN,NaN,NaN,NaN,NaN,NaN,1.4590422,5.40344698331855,6.86248918331855,13.7249783666371,638,3021.13256830562,1.07811,1.8399744,0.264330282822854,0.0698704984172101,0.0184688886075949,18.4688886075949
0,1,2,NaN,3,Cassegrain,480,55,NaN,NaN,NaN,NaN,NaN,NaN,6,360,NaN,NaN,NaN,NaN,NaN,NaN,NaN,NaN,NaN,10.1322375,3.62307467737274,13.7553121773727,13.7553121773727,108,576.89111644325,4.99125,8.5184,0.504304399142453,0.25432292699443,0.128256170886076,128.256170886076
0,1,2,NaN,3,Cassegrain,490,56,NaN,NaN,NaN,NaN,NaN,NaN,6,360,NaN,NaN,NaN,NaN,NaN,NaN,NaN,NaN,NaN,10.6950144,3.09592380673858,13.7909382067386,13.7909382067386,88,478.81443272507,5.26848,8.9915392,0.513473570035952,0.263655107125466,0.135379929113924,135.379929113924
0,1,2,NaN,1,Refractivo,820,61,NaN,NaN,NaN,NaN,NaN,NaN,6,360,NaN,NaN,NaN,NaN,NaN,NaN,NaN,NaN,NaN,13.8231429,0,13.8231429,13.8231429,0,0,6.80943,11.6214272,0.559319424503447,0.312838218626868,0.174976492405063,174.976492405063
0,1,2,NaN,1,Refractivo,830,61,NaN,NaN,NaN,NaN,NaN,NaN,6,360,NaN,NaN,NaN,NaN,NaN,NaN,NaN,NaN,NaN,13.8231429,0,13.8231429,13.8231429,0,0,6.80943,11.6214272,0.559319424503447,0.312838218626868,0.174976492405063,174.976492405063
0,1,2,NaN,2,Korsch,790,61,NaN,NaN,NaN,NaN,NaN,NaN,6,360,NaN,NaN,NaN,NaN,NaN,NaN,NaN,NaN,NaN,13.8231429,0,13.8231429,13.8231429,0,0,6.80943,11.6214272,0.559319424503447,0.312838218626868,0.174976492405063,174.976492405063
0,1,2,NaN,3,Cassegrain,470,54,NaN,NaN,NaN,NaN,NaN,NaN,6,360,NaN,NaN,NaN,NaN,NaN,NaN,NaN,NaN,NaN,9.5895576,4.23575899454204,13.825316594542,13.825316594542,132,691.898493470955,4.72392,8.0621568,0.495135228248953,0.245158894253143,0.121386805063291,121.386805063291
0,2,2,NaN,1,Refractivo,650,48,NaN,NaN,NaN,NaN,NaN,NaN,6,180,NaN,NaN,NaN,NaN,NaN,NaN,NaN,NaN,NaN,6.7350528,0.178601596920859,6.91365439692086,13.8273087938417,7,48.8242492236714,3.31776,5.6623104,0.440120202887959,0.193705792990138,0.0852538329113924,85.2538329113924
0,2,2,NaN,1,Refractivo,640,48,NaN,NaN,NaN,NaN,NaN,NaN,6,180,NaN,NaN,NaN,NaN,NaN,NaN,NaN,NaN,NaN,6.7350528,0.201709423515056,6.93676222351506,13.8735244470301,8,55.0570941361584,3.31776,5.6623104,0.440120202887959,0.193705792990138,0.0852538329113924,85.2538329113924
0,3,1,NaN,1,Refractivo,650,48,NaN,NaN,NaN,NaN,NaN,NaN,6,120,NaN,NaN,NaN,NaN,NaN,NaN,NaN,NaN,NaN,4.4900352,0.136310131186217,4.62634533118622,13.8790359935587,8,55.7991419699101,3.31776,5.6623104,0.384480411378697,0.147825186733932,0.0568358886075949,56.8358886075949
0,2,1,NaN,3,Refractivo,410,25,NaN,NaN,NaN,NaN,NaN,NaN,6,180,NaN,NaN,NaN,NaN,NaN,NaN,NaN,NaN,NaN,0.634375,6.31658384317987,6.95095884317987,13.9019176863597,1021,4729.98093208435,0.46875,0.8,0.200250214259738,0.040100148311071,0.00803006329113924,8.03006329113924
0,1,1,NaN,3,Cassegrain,600,69,NaN,NaN,NaN,NaN,NaN,NaN,6,360,NaN,NaN,NaN,NaN,NaN,NaN,NaN,NaN,NaN,13.3374654,0.569722715754949,13.907188115755,13.907188115755,12,78.0846085137237,9.85527,16.8196608,0.552690591356877,0.305466889774414,0.168828675949367,168.828675949367
0,3,1,NaN,1,Refractivo,640,48,NaN,NaN,NaN,NaN,NaN,NaN,6,120,NaN,NaN,NaN,NaN,NaN,NaN,NaN,NaN,NaN,4.4900352,0.151537479530499,4.6415726795305,13.9247180385915,9,61.9392309031782,3.31776,5.6623104,0.384480411378697,0.147825186733932,0.0568358886075949,56.8358886075949
0,1,1,NaN,1,Refractivo,940,70,NaN,NaN,NaN,NaN,NaN,NaN,6,360,NaN,NaN,NaN,NaN,NaN,NaN,NaN,NaN,NaN,13.9258,0,13.9258,13.9258,0,0,10.29,17.5616,0.560700599927267,0.314385162758797,0.176275949367089,176.275949367089
0,1,1,NaN,1,Refractivo,950,70,NaN,NaN,NaN,NaN,NaN,NaN,6,360,NaN,NaN,NaN,NaN,NaN,NaN,NaN,NaN,NaN,13.9258,0,13.9258,13.9258,0,0,10.29,17.5616,0.560700599927267,0.314385162758797,0.176275949367089,176.275949367089
0,1,1,NaN,2,Korsch,900,70,NaN,NaN,NaN,NaN,NaN,NaN,6,360,NaN,NaN,NaN,NaN,NaN,NaN,NaN,NaN,NaN,13.9258,0,13.9258,13.9258,0,0,10.29,17.5616,0.560700599927267,0.314385162758797,0.176275949367089,176.275949367089
0,1,1,NaN,2,Korsch,910,70,NaN,NaN,NaN,NaN,NaN,NaN,6,360,NaN,NaN,NaN,NaN,NaN,NaN,NaN,NaN,NaN,13.9258,0,13.9258,13.9258,0,0,10.29,17.5616,0.560700599927267,0.314385162758797,0.176275949367089,176.275949367089
0,1,1,NaN,3,Korsch,790,70,NaN,NaN,NaN,NaN,NaN,NaN,6,360,NaN,NaN,NaN,NaN,NaN,NaN,NaN,NaN,NaN,13.9258,0,13.9258,13.9258,0,0,10.29,17.5616,0.560700599927267,0.314385162758797,0.176275949367089,176.275949367089
0,1,1,NaN,3,Korsch,400,36,NaN,NaN,NaN,NaN,NaN,NaN,6,360,NaN,NaN,NaN,NaN,NaN,NaN,NaN,NaN,NaN,1.8942336,12.0420020329065,13.9362356329065,13.9362356329065,866,3922.64530117597,1.39968,2.3887872,0.288360308534023,0.0831516675378368,0.0239776405063291,23.9776405063291
0,1,2,NaN,3,Cassegrain,500,57,NaN,NaN,NaN,NaN,NaN,NaN,6,360,NaN,NaN,NaN,NaN,NaN,NaN,NaN,NaN,NaN,11.2782537,2.66542016997055,13.9436738699705,13.9436738699705,72,398.888907092594,5.55579,9.4818816,0.522642740929451,0.273155434646249,0.142762705063291,142.762705063291
0,2,1,NaN,3,Korsch,430,38,NaN,NaN,NaN,NaN,NaN,NaN,6,180,NaN,NaN,NaN,NaN,NaN,NaN,NaN,NaN,NaN,2.2278032,4.75565614977959,6.98345934977959,13.9669186995592,457,2210.73086654686,1.64616,2.8094464,0.304380325674802,0.0926473826578985,0.0282000405063291,28.2000405063291
0,1,1,NaN,2,Cassegrain,730,70,NaN,NaN,NaN,NaN,NaN,NaN,6,360,NaN,NaN,NaN,NaN,NaN,NaN,NaN,NaN,NaN,13.9258,0.0576769619434095,13.9834769619434,13.9834769619434,1,7.7026501615901,10.29,17.5616,0.560700599927267,0.314385162758797,0.176275949367089,176.275949367089
0,1,2,NaN,3,Korsch,680,61,NaN,NaN,NaN,NaN,NaN,NaN,6,360,NaN,NaN,NaN,NaN,NaN,NaN,NaN,NaN,NaN,13.8231429,0.162234717738382,13.9853776177384,13.9853776177384,3,21.7522735917946,6.80943,11.6214272,0.559319424503447,0.312838218626868,0.174976492405063,174.976492405063
0,1,2,NaN,3,Korsch,690,61,NaN,NaN,NaN,NaN,NaN,NaN,6,360,NaN,NaN,NaN,NaN,NaN,NaN,NaN,NaN,NaN,13.8231429,0.164285416264423,13.9874283162644,13.9874283162644,3,22.0257571116181,6.80943,11.6214272,0.559319424503447,0.312838218626868,0.174976492405063,174.976492405063
0,1,1,NaN,1,Korsch,590,69,NaN,NaN,NaN,NaN,NaN,NaN,6,360,NaN,NaN,NaN,NaN,NaN,NaN,NaN,NaN,NaN,13.3374654,0.656876018575158,13.9943414185752,13.9943414185752,14,89.7715381939943,9.85527,16.8196608,0.552690591356877,0.305466889774414,0.168828675949367,168.828675949367
0,2,2,NaN,2,Korsch,620,48,NaN,NaN,NaN,NaN,NaN,NaN,6,180,NaN,NaN,NaN,NaN,NaN,NaN,NaN,NaN,NaN,6.7350528,0.27105842513184,7.00611122513184,14.0122224502637,11,73.6495156906794,3.31776,5.6623104,0.440120202887959,0.193705792990138,0.0852538329113924,85.2538329113924
0,2,1,NaN,3,Korsch,620,55,NaN,NaN,NaN,NaN,NaN,NaN,6,180,NaN,NaN,NaN,NaN,NaN,NaN,NaN,NaN,NaN,6.754825,0.271854175596245,7.02667917559624,14.0533583511925,11,73.6495156906794,4.99125,8.5184,0.440550471371424,0.194084717825584,0.0855041139240506,85.5041139240506
0,3,1,NaN,2,Korsch,620,48,NaN,NaN,NaN,NaN,NaN,NaN,6,120,NaN,NaN,NaN,NaN,NaN,NaN,NaN,NaN,NaN,4.4900352,0.197457671066964,4.68749287106696,14.0624786132009,12,80.3449262080139,3.31776,5.6623104,0.384480411378697,0.147825186733932,0.0568358886075949,56.8358886075949
0,1,2,NaN,3,Cassegrain,460,53,NaN,NaN,NaN,NaN,NaN,NaN,6,360,NaN,NaN,NaN,NaN,NaN,NaN,NaN,NaN,NaN,9.0666093,5.00014950825257,14.0667588082526,14.0667588082526,162,832.887880982189,4.46631,7.6225024,0.485966057355454,0.236163008901605,0.114767206329114,114.767206329114
0,3,1,NaN,2,Korsch,440,34,NaN,NaN,NaN,NaN,NaN,NaN,6,120,NaN,NaN,NaN,NaN,NaN,NaN,NaN,NaN,NaN,1.5957424,3.09772319715712,4.69346559715712,14.0803967914714,422,2084.34273005761,1.17912,2.0123648,0.272340291393244,0.0741692343161569,0.020199270886076,20.1992708860759
0,2,1,NaN,2,Cassegrain,560,54,NaN,NaN,NaN,NaN,NaN,NaN,6,180,NaN,NaN,NaN,NaN,NaN,NaN,NaN,NaN,NaN,6.3930384,0.659629680294083,7.05266808029408,14.1053361605882,30,183.760792634894,4.72392,8.0621568,0.432540462801034,0.187091251960133,0.0809245367088608,80.9245367088607
0,1,2,NaN,2,Cassegrain,640,61,NaN,NaN,NaN,NaN,NaN,NaN,6,360,NaN,NaN,NaN,NaN,NaN,NaN,NaN,NaN,NaN,13.8231429,0.309449120500807,14.1325920205008,14.1325920205008,6,41.2928206021188,6.80943,11.6214272,0.559319424503447,0.312838218626868,0.174976492405063,174.976492405063
0,2,1,NaN,3,Refractivo,930,56,NaN,NaN,NaN,NaN,NaN,NaN,6,180,NaN,NaN,NaN,NaN,NaN,NaN,NaN,NaN,NaN,7.1300096,0,7.1300096,14.2600192,0,0,5.26848,8.9915392,0.448560479941813,0.20120650416563,0.0902532860759494,90.2532860759493
0,2,2,NaN,3,Korsch,480,43,NaN,NaN,NaN,NaN,NaN,NaN,6,180,NaN,NaN,NaN,NaN,NaN,NaN,NaN,NaN,NaN,4.8419763,2.3053299667515,7.1473062667515,14.294612533503,138,737.138648788597,2.38521,4.0707584,0.394274348420463,0.155452261822381,0.0612908392405063,61.2908392405063
0,2,1,NaN,1,Refractivo,750,56,NaN,NaN,NaN,NaN,NaN,NaN,6,180,NaN,NaN,NaN,NaN,NaN,NaN,NaN,NaN,NaN,7.1300096,0.030214515528575,7.16022411552858,14.3204482310572,1,7.88069638064189,5.26848,8.9915392,0.448560479941813,0.20120650416563,0.0902532860759494,90.2532860759493
0,2,1,NaN,1,Refractivo,760,56,NaN,NaN,NaN,NaN,NaN,NaN,6,180,NaN,NaN,NaN,NaN,NaN,NaN,NaN,NaN,NaN,7.1300096,0.030554293154449,7.16056389315445,14.3211277863089,1,7.96914676024426,5.26848,8.9915392,0.448560479941813,0.20120650416563,0.0902532860759494,90.2532860759493
0,2,2,NaN,3,Korsch,490,44,NaN,NaN,NaN,NaN,NaN,NaN,6,180,NaN,NaN,NaN,NaN,NaN,NaN,NaN,NaN,NaN,5.1877056,1.97590518141282,7.16361078141282,14.3272215628256,112,609.400187104635,2.55552,4.3614208,0.403443519313962,0.162766673276435,0.0656671594936709,65.6671594936709
1,3,1,1,2,Refractivo,910,49,120,5.34264230728149,163.84,43.84,36.5333333333333,99.077314852791,6,120,0.250243397131858,727.163302017174,0.20475,4.17857142857143,1.19413735,0.15925,0.026711125,0.0046839008125,1.267667975,4.7765494,0,4.7765494,14.3296482,0,0,3.52947,6.0236288,0.392490419949087,0.15404872975181,0.0604626506329114,60.4626506329114
1,3,1,2,3,Refractivo,810,49,140,5.34564685821533,160,20,14.2857142857143,98.64545261296,6,120,0.251072685832233,757.186716621826,0.30375,6.19897959183673,1.19413735,0.15925,0.026711125,0.0046839008125,1.267667975,4.7765494,0,4.7765494,14.3296482,0,0,3.52947,6.0236288,0.392490419949087,0.15404872975181,0.0604626506329114,60.4626506329114
0,2,2,NaN,2,Refractivo,900,49,NaN,NaN,NaN,NaN,NaN,NaN,6,180,NaN,NaN,NaN,NaN,NaN,NaN,NaN,NaN,NaN,7.1648241,0,7.1648241,14.3296482,0,0,3.52947,6.0236288,0.449289373781458,0.201860941392935,0.0906939759493671,90.6939759493671
0,2,2,NaN,2,Refractivo,910,49,NaN,NaN,NaN,NaN,NaN,NaN,6,180,NaN,NaN,NaN,NaN,NaN,NaN,NaN,NaN,NaN,7.1648241,0,7.1648241,14.3296482,0,0,3.52947,6.0236288,0.449289373781458,0.201860941392935,0.0906939759493671,90.6939759493671
0,2,2,NaN,3,Refractivo,810,49,NaN,NaN,NaN,NaN,NaN,NaN,6,180,NaN,NaN,NaN,NaN,NaN,NaN,NaN,NaN,NaN,7.1648241,0,7.1648241,14.3296482,0,0,3.52947,6.0236288,0.449289373781458,0.201860941392935,0.0906939759493671,90.6939759493671
0,3,1,NaN,2,Refractivo,900,49,NaN,NaN,NaN,NaN,NaN,NaN,6,120,NaN,NaN,NaN,NaN,NaN,NaN,NaN,NaN,NaN,4.7765494,0,4.7765494,14.3296482,0,0,3.52947,6.0236288,0.392490419949087,0.15404872975181,0.0604626506329114,60.4626506329114
0,2,2,NaN,3,Korsch,520,46,NaN,NaN,NaN,NaN,NaN,NaN,6,180,NaN,NaN,NaN,NaN,NaN,NaN,NaN,NaN,NaN,5.9277624,1.25744878716032,7.18521118716032,14.3704223743206,63,361.425972046212,2.92008,4.9836032,0.42178186110096,0.17789993835379,0.0750349670886076,75.0349670886076
0,2,1,NaN,2,Korsch,720,56,NaN,NaN,NaN,NaN,NaN,NaN,6,180,NaN,NaN,NaN,NaN,NaN,NaN,NaN,NaN,NaN,7.1300096,0.0584815245073251,7.18849112450733,14.3769822490147,2,15.2261005631844,5.26848,8.9915392,0.448560479941813,0.20120650416563,0.0902532860759494,90.2532860759493
0,1,1,NaN,3,Cassegrain,610,70,NaN,NaN,NaN,NaN,NaN,NaN,6,360,NaN,NaN,NaN,NaN,NaN,NaN,NaN,NaN,NaN,13.9258,0.501414700191776,14.4272147001918,14.4272147001918,10,66.014359031451,10.29,17.5616,0.560700599927267,0.314385162758797,0.176275949367089,176.275949367089
0,2,2,NaN,3,Korsch,470,42,NaN,NaN,NaN,NaN,NaN,NaN,6,180,NaN,NaN,NaN,NaN,NaN,NaN,NaN,NaN,NaN,4.5119592,2.70290251874059,7.21486171874058,14.4297234374812,170,891.081393106533,2.22264,3.7933056,0.385105177526964,0.148305997758074,0.0571134075949367,57.1134075949367
0,1,2,NaN,1,Korsch,480,56,NaN,NaN,NaN,NaN,NaN,NaN,6,360,NaN,NaN,NaN,NaN,NaN,NaN,NaN,NaN,NaN,10.6950144,3.74326889276737,14.4382832927674,14.4382832927674,106,566.207947620227,5.26848,8.9915392,0.513473570035952,0.263655107125466,0.135379929113924,135.379929113924
0,2,1,NaN,2,Cassegrain,440,42,NaN,NaN,NaN,NaN,NaN,NaN,6,180,NaN,NaN,NaN,NaN,NaN,NaN,NaN,NaN,NaN,3.0079728,4.21701279135338,7.22498559135338,14.4499711827068,341,1684.26746670532,2.22264,3.7933056,0.33642035995636,0.113178658593167,0.0380756050632911,38.0756050632911
0,2,2,NaN,2,Refractivo,410,23,NaN,NaN,NaN,NaN,NaN,NaN,6,180,NaN,NaN,NaN,NaN,NaN,NaN,NaN,NaN,NaN,0.7409703,6.48591919389209,7.22688949389209,14.4537789877842,970,4493.71352019767,0.36501,0.6229504,0.21089093055048,0.0444749845884475,0.00937937088607595,9.37937088607595
0,1,1,NaN,1,Korsch,600,70,NaN,NaN,NaN,NaN,NaN,NaN,6,360,NaN,NaN,NaN,NaN,NaN,NaN,NaN,NaN,NaN,13.9258,0.544412674393402,14.4702126743934,14.4702126743934,11,71.5775578042467,10.29,17.5616,0.560700599927267,0.314385162758797,0.176275949367089,176.275949367089
0,1,2,NaN,1,Korsch,490,57,NaN,NaN,NaN,NaN,NaN,NaN,6,360,NaN,NaN,NaN,NaN,NaN,NaN,NaN,NaN,NaN,11.2782537,3.22320975770546,14.5014634577055,14.5014634577055,87,473.373359625922,5.55579,9.4818816,0.522642740929451,0.273155434646249,0.142762705063291,142.762705063291
0,2,2,NaN,3,Korsch,500,45,NaN,NaN,NaN,NaN,NaN,NaN,6,180,NaN,NaN,NaN,NaN,NaN,NaN,NaN,NaN,NaN,5.5495125,1.70235009257054,7.25186259257054,14.5037251851411,91,504.151257575362,2.73375,4.6656,0.412612690207461,0.170249232120238,0.0702469936708861,70.2469936708861
0,1,2,NaN,3,Cassegrain,450,52,NaN,NaN,NaN,NaN,NaN,NaN,6,360,NaN,NaN,NaN,NaN,NaN,NaN,NaN,NaN,NaN,8.5630272,5.94664847992079,14.5096756799208,14.5096756799208,199,1003.052708703,4.21824,7.1991296,0.476796886461955,0.227335270939815,0.108392749367089,108.392749367089
0,1,2,NaN,1,Refractivo,840,62,NaN,NaN,NaN,NaN,NaN,NaN,6,360,NaN,NaN,NaN,NaN,NaN,NaN,NaN,NaN,NaN,14.5141752,0,14.5141752,14.5141752,0,0,7.14984,12.2023936,0.568488595396947,0.323179283096393,0.183723736708861,183.723736708861
0,1,2,NaN,2,Korsch,800,62,NaN,NaN,NaN,NaN,NaN,NaN,6,360,NaN,NaN,NaN,NaN,NaN,NaN,NaN,NaN,NaN,14.5141752,0,14.5141752,14.5141752,0,0,7.14984,12.2023936,0.568488595396947,0.323179283096393,0.183723736708861,183.723736708861
0,1,2,NaN,1,Korsch,470,55,NaN,NaN,NaN,NaN,NaN,NaN,6,360,NaN,NaN,NaN,NaN,NaN,NaN,NaN,NaN,NaN,10.1322375,4.39576917354953,14.5280066735495,14.5280066735495,130,681.415182963819,4.99125,8.5184,0.504304399142453,0.25432292699443,0.128256170886076,128.256170886076
0,1,1,NaN,1,Refractivo,960,71,NaN,NaN,NaN,NaN,NaN,NaN,6,360,NaN,NaN,NaN,NaN,NaN,NaN,NaN,NaN,NaN,14.5311866,0,14.5311866,14.5311866,0,0,10.73733,18.3250432,0.568710608497656,0.323431756217774,0.183939070886076,183.939070886076
0,1,1,NaN,2,Korsch,920,71,NaN,NaN,NaN,NaN,NaN,NaN,6,360,NaN,NaN,NaN,NaN,NaN,NaN,NaN,NaN,NaN,14.5311866,0,14.5311866,14.5311866,0,0,10.73733,18.3250432,0.568710608497656,0.323431756217774,0.183939070886076,183.939070886076
0,1,1,NaN,3,Korsch,800,71,NaN,NaN,NaN,NaN,NaN,NaN,6,360,NaN,NaN,NaN,NaN,NaN,NaN,NaN,NaN,NaN,14.5311866,0,14.5311866,14.5311866,0,0,10.73733,18.3250432,0.568710608497656,0.323431756217774,0.183939070886076,183.939070886076
0,1,1,NaN,2,Cassegrain,740,71,NaN,NaN,NaN,NaN,NaN,NaN,6,360,NaN,NaN,NaN,NaN,NaN,NaN,NaN,NaN,NaN,14.5311866,0.0608827131882635,14.5920693131883,14.5920693131883,1,7.79186485231548,10.73733,18.3250432,0.568710608497656,0.323431756217774,0.183939070886076,183.939070886076
0,2,2,NaN,1,Refractivo,660,49,NaN,NaN,NaN,NaN,NaN,NaN,6,180,NaN,NaN,NaN,NaN,NaN,NaN,NaN,NaN,NaN,7.1648241,0.137056821518005,7.30188092151801,14.603761843036,5,35.3362341682805,3.52947,6.0236288,0.449289373781458,0.201860941392935,0.0906939759493671,90.6939759493671
0,2,2,NaN,2,Korsch,430,34,NaN,NaN,NaN,NaN,NaN,NaN,6,180,NaN,NaN,NaN,NaN,NaN,NaN,NaN,NaN,NaN,2.3936136,4.91117965887463,7.30479325887463,14.6095865177493,446,2157.51852621422,1.17912,2.0123648,0.311751810378971,0.0971891912745657,0.0302989063291139,30.2989063291139
0,1,2,NaN,3,Korsch,700,62,NaN,NaN,NaN,NaN,NaN,NaN,6,360,NaN,NaN,NaN,NaN,NaN,NaN,NaN,NaN,NaN,14.5141752,0.116217037542964,14.630392237543,14.630392237543,2,14.8653735594344,7.14984,12.2023936,0.568488595396947,0.323179283096393,0.183723736708861,183.723736708861
0,1,2,NaN,1,Korsch,500,58,NaN,NaN,NaN,NaN,NaN,NaN,6,360,NaN,NaN,NaN,NaN,NaN,NaN,NaN,NaN,NaN,11.8823208,2.76531808045489,14.6476388804549,14.6476388804549,71,393.348783382975,5.85336,9.9897344,0.53181191182295,0.282823909556781,0.150409124050633,150.409124050633
0,3,1,NaN,1,Refractivo,660,49,NaN,NaN,NaN,NaN,NaN,NaN,6,120,NaN,NaN,NaN,NaN,NaN,NaN,NaN,NaN,NaN,4.7765494,0.109835254543352,4.88638465454335,14.6591539636301,6,42.4034810019366,3.52947,6.0236288,0.392490419949087,0.15404872975181,0.0604626506329114,60.4626506329114
0,2,1,NaN,2,Cassegrain,570,55,NaN,NaN,NaN,NaN,NaN,NaN,6,180,NaN,NaN,NaN,NaN,NaN,NaN,NaN,NaN,NaN,6.754825,0.585802561017493,7.34062756101749,14.681255122035,25,155.53523739809,4.99125,8.5184,0.440550471371424,0.194084717825584,0.0855041139240506,85.5041139240506
0,1,2,NaN,2,Cassegrain,410,40,NaN,NaN,NaN,NaN,NaN,NaN,6,360,NaN,NaN,NaN,NaN,NaN,NaN,NaN,NaN,NaN,3.8976,10.8121154022021,14.7097154022021,14.7097154022021,557,2580.41075335062,1.92,3.2768,0.366766835739966,0.134517911798707,0.0493367088607595,49.3367088607595
0,2,1,NaN,3,Korsch,630,56,NaN,NaN,NaN,NaN,NaN,NaN,6,180,NaN,NaN,NaN,NaN,NaN,NaN,NaN,NaN,NaN,7.1300096,0.237329746937466,7.36733934693747,14.7346786938749,9,61.1007907104567,5.26848,8.9915392,0.448560479941813,0.20120650416563,0.0902532860759494,90.2532860759493
0,2,2,NaN,3,Korsch,460,41,NaN,NaN,NaN,NaN,NaN,NaN,6,180,NaN,NaN,NaN,NaN,NaN,NaN,NaN,NaN,NaN,4.1972889,3.18212619179497,7.37941509179498,14.75883018359,209,1074.52819213134,2.06763,3.5287552,0.375936006633465,0.141327881083516,0.0531302392405063,53.1302392405063
0,1,2,NaN,1,Korsch,460,54,NaN,NaN,NaN,NaN,NaN,NaN,6,360,NaN,NaN,NaN,NaN,NaN,NaN,NaN,NaN,NaN,9.5895576,5.16981866504775,14.7593762650477,14.7593762650477,159,817.464031334371,4.72392,8.0621568,0.495135228248953,0.245158894253143,0.121386805063291,121.386805063291
0,3,1,NaN,3,Korsch,520,46,NaN,NaN,NaN,NaN,NaN,NaN,6,120,NaN,NaN,NaN,NaN,NaN,NaN,NaN,NaN,NaN,3.9518416,0.970584643641468,4.92242624364147,14.7672787309244,72,413.0582537671,2.92008,4.9836032,0.368460394237918,0.135763062121962,0.0500233113924051,50.023311392405
0,1,2,NaN,2,Cassegrain,650,62,NaN,NaN,NaN,NaN,NaN,NaN,6,360,NaN,NaN,NaN,NaN,NaN,NaN,NaN,NaN,NaN,14.5141752,0.273984311421998,14.788159511422,14.788159511422,5,34.8744637311938,7.14984,12.2023936,0.568488595396947,0.323179283096393,0.183723736708861,183.723736708861
0,2,2,NaN,2,Korsch,630,49,NaN,NaN,NaN,NaN,NaN,NaN,6,180,NaN,NaN,NaN,NaN,NaN,NaN,NaN,NaN,NaN,7.1648241,0.238488583592434,7.40331268359243,14.8066253671849,9,61.1007907104567,3.52947,6.0236288,0.449289373781458,0.201860941392935,0.0906939759493671,90.6939759493671
0,2,2,NaN,3,Korsch,510,46,NaN,NaN,NaN,NaN,NaN,NaN,6,180,NaN,NaN,NaN,NaN,NaN,NaN,NaN,NaN,NaN,5.9277624,1.49429142571376,7.42205382571376,14.8441076514275,75,422.905396496685,2.92008,4.9836032,0.42178186110096,0.17789993835379,0.0750349670886076,75.0349670886076
0,3,1,NaN,2,Korsch,630,49,NaN,NaN,NaN,NaN,NaN,NaN,6,120,NaN,NaN,NaN,NaN,NaN,NaN,NaN,NaN,NaN,4.7765494,0.176952567129424,4.95350196712942,14.8605059013883,10,67.8897674560631,3.52947,6.0236288,0.392490419949087,0.15404872975181,0.0604626506329114,60.4626506329114
0,2,2,NaN,3,Korsch,530,47,NaN,NaN,NaN,NaN,NaN,NaN,6,180,NaN,NaN,NaN,NaN,NaN,NaN,NaN,NaN,NaN,6.3228207,1.10967876829234,7.43249946829234,14.8649989365847,52,303.402879966707,3.11469,5.3157376,0.430951031994459,0.18571879197709,0.0800357050632911,80.0357050632911
0,1,2,NaN,3,Cassegrain,510,59,NaN,NaN,NaN,NaN,NaN,NaN,6,360,NaN,NaN,NaN,NaN,NaN,NaN,NaN,NaN,NaN,12.5075811,2.38023140422938,14.8878125042294,14.8878125042294,58,327.046839957437,6.16137,10.5154048,0.540981082716449,0.292660531857062,0.158323811392405,158.323811392405
0,1,1,NaN,3,Cassegrain,620,71,NaN,NaN,NaN,NaN,NaN,NaN,6,360,NaN,NaN,NaN,NaN,NaN,NaN,NaN,NaN,NaN,14.5311866,0.423234645341399,14.9544212453414,14.9544212453414,8,53.563284138676,10.73733,18.3250432,0.568710608497656,0.323431756217774,0.183939070886076,183.939070886076
0,3,1,NaN,3,Korsch,490,44,NaN,NaN,NaN,NaN,NaN,NaN,6,120,NaN,NaN,NaN,NaN,NaN,NaN,NaN,NaN,NaN,3.4584704,1.55370299375433,5.01217339375433,15.036520181263,129,701.89842979016,2.55552,4.3614208,0.352440377097139,0.124214219408374,0.0437781063291139,43.7781063291139
0,2,1,NaN,3,Refractivo,940,57,NaN,NaN,NaN,NaN,NaN,NaN,6,180,NaN,NaN,NaN,NaN,NaN,NaN,NaN,NaN,NaN,7.5188358,0,7.5188358,15.0376716,0,0,5.55579,9.4818816,0.456570488512203,0.208456610980271,0.0951751367088608,95.1751367088607
0,2,1,NaN,3,Refractivo,950,57,NaN,NaN,NaN,NaN,NaN,NaN,6,180,NaN,NaN,NaN,NaN,NaN,NaN,NaN,NaN,NaN,7.5188358,0,7.5188358,15.0376716,0,0,5.55579,9.4818816,0.456570488512203,0.208456610980271,0.0951751367088608,95.1751367088607
0,1,1,NaN,1,Korsch,610,71,NaN,NaN,NaN,NaN,NaN,NaN,6,360,NaN,NaN,NaN,NaN,NaN,NaN,NaN,NaN,NaN,14.5311866,0.523212352070958,15.054398952071,15.054398952071,10,66.014359031451,10.73733,18.3250432,0.568710608497656,0.323431756217774,0.183939070886076,183.939070886076
0,3,1,NaN,3,Refractivo,420,26,NaN,NaN,NaN,NaN,NaN,NaN,6,120,NaN,NaN,NaN,NaN,NaN,NaN,NaN,NaN,NaN,0.7135856,4.31515311050846,5.02873871050846,15.0862161315254,810,3835.6071791968,0.52728,0.8998912,0.208260222830128,0.0433723204132544,0.00903272911392405,9.03272911392405
0,2,1,NaN,2,Korsch,740,57,NaN,NaN,NaN,NaN,NaN,NaN,6,180,NaN,NaN,NaN,NaN,NaN,NaN,NaN,NaN,NaN,7.5188358,0.0315023911069346,7.55033819110693,15.1006763822139,1,7.79186485231548,5.55579,9.4818816,0.456570488512203,0.208456610980271,0.0951751367088608,95.1751367088607
0,2,1,NaN,1,Refractivo,770,57,NaN,NaN,NaN,NaN,NaN,NaN,6,180,NaN,NaN,NaN,NaN,NaN,NaN,NaN,NaN,NaN,7.5188358,0.0325773199400499,7.55141311994005,15.1028262398801,1,8.05721799172443,5.55579,9.4818816,0.456570488512203,0.208456610980271,0.0951751367088608,95.1751367088607
0,3,1,NaN,3,Korsch,500,45,NaN,NaN,NaN,NaN,NaN,NaN,6,120,NaN,NaN,NaN,NaN,NaN,NaN,NaN,NaN,NaN,3.699675,1.33562735236553,5.03530235236553,15.1059070570966,105,581.712989510033,2.73375,4.6656,0.360450385667529,0.12992448052787,0.046831329113924,46.831329113924
0,3,1,NaN,3,Korsch,480,43,NaN,NaN,NaN,NaN,NaN,NaN,6,120,NaN,NaN,NaN,NaN,NaN,NaN,NaN,NaN,NaN,3.2279842,1.80910639135238,5.03709059135238,15.1112717740571,158,843.970337018829,2.38521,4.0707584,0.344430368526749,0.118632278763472,0.0408605594936709,40.8605594936709
0,1,1,NaN,1,Refractivo,970,72,NaN,NaN,NaN,NaN,NaN,NaN,6,360,NaN,NaN,NaN,NaN,NaN,NaN,NaN,NaN,NaN,15.1538688,0,15.1538688,15.1538688,0,0,11.19744,19.1102976,0.576720617068046,0.332606670151347,0.191821124050633,191.821124050633
0,1,1,NaN,1,Refractivo,980,72,NaN,NaN,NaN,NaN,NaN,NaN,6,360,NaN,NaN,NaN,NaN,NaN,NaN,NaN,NaN,NaN,15.1538688,0,15.1538688,15.1538688,0,0,11.19744,19.1102976,0.576720617068046,0.332606670151347,0.191821124050633,191.821124050633
0,1,1,NaN,2,Korsch,930,72,NaN,NaN,NaN,NaN,NaN,NaN,6,360,NaN,NaN,NaN,NaN,NaN,NaN,NaN,NaN,NaN,15.1538688,0,15.1538688,15.1538688,0,0,11.19744,19.1102976,0.576720617068046,0.332606670151347,0.191821124050633,191.821124050633
0,1,1,NaN,3,Korsch,810,72,NaN,NaN,NaN,NaN,NaN,NaN,6,360,NaN,NaN,NaN,NaN,NaN,NaN,NaN,NaN,NaN,15.1538688,0,15.1538688,15.1538688,0,0,11.19744,19.1102976,0.576720617068046,0.332606670151347,0.191821124050633,191.821124050633
0,2,1,NaN,2,Korsch,730,57,NaN,NaN,NaN,NaN,NaN,NaN,6,180,NaN,NaN,NaN,NaN,NaN,NaN,NaN,NaN,NaN,7.5188358,0.0623992911282847,7.58123509112828,15.1624701822566,2,15.4053003231802,5.55579,9.4818816,0.456570488512203,0.208456610980271,0.0951751367088608,95.1751367088607
0,3,1,NaN,3,Korsch,530,47,NaN,NaN,NaN,NaN,NaN,NaN,6,120,NaN,NaN,NaN,NaN,NaN,NaN,NaN,NaN,NaN,4.2152138,0.847999762113301,5.0632135621133,15.1896406863399,59,344.24557534684,3.11469,5.3157376,0.376470402808308,0.141729964190649,0.0533571367088608,53.3571367088608
0,1,2,NaN,1,Korsch,450,53,NaN,NaN,NaN,NaN,NaN,NaN,6,360,NaN,NaN,NaN,NaN,NaN,NaN,NaN,NaN,NaN,9.0666093,6.13710408980245,15.2037133898025,15.2037133898025,195,982.890845211482,4.46631,7.6225024,0.485966057355454,0.236163008901605,0.114767206329114,114.767206329114
0,1,1,NaN,2,Cassegrain,750,72,NaN,NaN,NaN,NaN,NaN,NaN,6,360,NaN,NaN,NaN,NaN,NaN,NaN,NaN,NaN,NaN,15.1538688,0.0642168566190414,15.218085656619,15.218085656619,1,7.88069638064189,11.19744,19.1102976,0.576720617068046,0.332606670151347,0.191821124050633,191.821124050633
1,2,2,2,2,Refractivo,920,50,210,6.66610956192017,327.68,117.68,56.0380952380952,99.121353640676,6,180,0.251189186898307,734.222069121994,0.207,4.14,1.903125,0.1625,0.0278125,0.0049765625,1.346875,7.6125,0,7.6125,15.225,0,0,3.75,6.4,0.458458544674957,0.210184237185479,0.0963607594936709,96.3607594936709
1,2,2,2,2,Refractivo,930,50,240,5.46926307678223,327.68,87.68,36.5333333333333,99.1655490069039,6,180,0.250085814218096,726.548838128535,0.20925,4.185,1.903125,0.1625,0.0278125,0.0049765625,1.346875,7.6125,0,7.6125,15.225,0,0,3.75,6.4,0.458458544674957,0.210184237185479,0.0963607594936709,96.3607594936709
1,2,2,3,3,Refractivo,820,50,210,5.34282684326172,240,30,14.2857142857143,98.6879471132967,6,180,0.25176852603025,763.55102552782,0.3075,6.15,1.903125,0.1625,0.0278125,0.0049765625,1.346875,7.6125,0,7.6125,15.225,0,0,3.75,6.4,0.458458544674957,0.210184237185479,0.0963607594936709,96.3607594936709
0,2,2,NaN,3,Refractivo,830,50,NaN,NaN,NaN,NaN,NaN,NaN,6,180,NaN,NaN,NaN,NaN,NaN,NaN,NaN,NaN,NaN,7.6125,0,7.6125,15.225,0,0,3.75,6.4,0.458458544674957,0.210184237185479,0.0963607594936709,96.3607594936709
0,3,1,NaN,2,Refractivo,920,50,NaN,NaN,NaN,NaN,NaN,NaN,6,120,NaN,NaN,NaN,NaN,NaN,NaN,NaN,NaN,NaN,5.075,0,5.075,15.225,0,0,3.75,6.4,0.400500428519476,0.160400593244284,0.0642405063291139,64.2405063291139
0,3,1,NaN,2,Refractivo,930,50,NaN,NaN,NaN,NaN,NaN,NaN,6,120,NaN,NaN,NaN,NaN,NaN,NaN,NaN,NaN,NaN,5.075,0,5.075,15.225,0,0,3.75,6.4,0.400500428519476,0.160400593244284,0.0642405063291139,64.2405063291139
0,3,1,NaN,3,Refractivo,820,50,NaN,NaN,NaN,NaN,NaN,NaN,6,120,NaN,NaN,NaN,NaN,NaN,NaN,NaN,NaN,NaN,5.075,0,5.075,15.225,0,0,3.75,6.4,0.400500428519476,0.160400593244284,0.0642405063291139,64.2405063291139
0,3,1,NaN,3,Refractivo,830,50,NaN,NaN,NaN,NaN,NaN,NaN,6,120,NaN,NaN,NaN,NaN,NaN,NaN,NaN,NaN,NaN,5.075,0,5.075,15.225,0,0,3.75,6.4,0.400500428519476,0.160400593244284,0.0642405063291139,64.2405063291139
0,1,2,NaN,1,Refractivo,850,63,NaN,NaN,NaN,NaN,NaN,NaN,6,360,NaN,NaN,NaN,NaN,NaN,NaN,NaN,NaN,NaN,15.2278623,0,15.2278623,15.2278623,0,0,7.50141,12.8024064,0.577657766290446,0.333688494955667,0.192757750632911,192.757750632911
0,1,2,NaN,2,Korsch,810,63,NaN,NaN,NaN,NaN,NaN,NaN,6,360,NaN,NaN,NaN,NaN,NaN,NaN,NaN,NaN,NaN,15.2278623,0,15.2278623,15.2278623,0,0,7.50141,12.8024064,0.577657766290446,0.333688494955667,0.192757750632911,192.757750632911
0,1,2,NaN,3,Cassegrain,440,51,NaN,NaN,NaN,NaN,NaN,NaN,6,360,NaN,NaN,NaN,NaN,NaN,NaN,NaN,NaN,NaN,8.0784459,7.15109433195618,15.2295402319562,15.2295402319562,245,1210.10419162113,3.97953,6.7917312,0.467627715568456,0.218675680367773,0.102258808860759,102.258808860759
0,1,2,NaN,3,Cassegrain,520,60,NaN,NaN,NaN,NaN,NaN,NaN,6,360,NaN,NaN,NaN,NaN,NaN,NaN,NaN,NaN,NaN,13.1544,2.08074173589764,15.2351417358976,15.2351417358976,48,275.372169178067,6.48,11.0592,0.550150253609948,0.30266530154709,0.166511392405063,166.511392405063
0,1,1,NaN,2,Cassegrain,400,39,NaN,NaN,NaN,NaN,NaN,NaN,6,360,NaN,NaN,NaN,NaN,NaN,NaN,NaN,NaN,NaN,2.4083514,12.8385791416745,15.2469305416745,15.2469305416745,799,3619.16119588868,1.77957,3.0371328,0.312390334245191,0.0975877209298224,0.0304854607594937,30.4854607594937
0,2,1,NaN,2,Cassegrain,580,56,NaN,NaN,NaN,NaN,NaN,NaN,6,180,NaN,NaN,NaN,NaN,NaN,NaN,NaN,NaN,NaN,7.1300096,0.524419947068802,7.6544295470688,15.3088590941376,21,132.657834460602,5.26848,8.9915392,0.448560479941813,0.20120650416563,0.0902532860759494,90.2532860759493
0,3,1,NaN,3,Korsch,510,46,NaN,NaN,NaN,NaN,NaN,NaN,6,120,NaN,NaN,NaN,NaN,NaN,NaN,NaN,NaN,NaN,3.9518416,1.16036616744415,5.11220776744415,15.3366233023325,86,484.931521316199,2.92008,4.9836032,0.368460394237918,0.135763062121962,0.0500233113924051,50.023311392405
0,2,2,NaN,1,Refractivo,420,31,NaN,NaN,NaN,NaN,NaN,NaN,6,180,NaN,NaN,NaN,NaN,NaN,NaN,NaN,NaN,NaN,1.8142719,5.85847978219519,7.67275168219518,15.3455033643904,593,2808.04328057247,0.89373,1.5252992,0.284244297698473,0.0807948207740983,0.0229654670886076,22.9654670886076
0,1,2,NaN,3,Korsch,710,63,NaN,NaN,NaN,NaN,NaN,NaN,6,360,NaN,NaN,NaN,NaN,NaN,NaN,NaN,NaN,NaN,15.2278623,0.123419684282219,15.3512819842822,15.3512819842822,2,15.046126344314,7.50141,12.8024064,0.577657766290446,0.333688494955667,0.192757750632911,192.757750632911
0,2,2,NaN,3,Korsch,540,48,NaN,NaN,NaN,NaN,NaN,NaN,6,180,NaN,NaN,NaN,NaN,NaN,NaN,NaN,NaN,NaN,6.7350528,0.95759071329432,7.69264351329432,15.3852870265886,42,249.143692626385,3.31776,5.6623104,0.440120202887959,0.193705792990138,0.0852538329113924,85.2538329113924
0,1,1,NaN,3,Cassegrain,410,47,NaN,NaN,NaN,NaN,NaN,NaN,6,360,NaN,NaN,NaN,NaN,NaN,NaN,NaN,NaN,NaN,4.2152138,11.1845325302189,15.3997463302189,15.3997463302189,543,2515.55303244055,3.11469,5.3157376,0.376470402808308,0.141729964190649,0.0533571367088608,53.3571367088608
0,3,1,NaN,3,Korsch,470,42,NaN,NaN,NaN,NaN,NaN,NaN,6,120,NaN,NaN,NaN,NaN,NaN,NaN,NaN,NaN,NaN,3.0079728,2.12544655997183,5.13341935997183,15.4002580799155,194,1016.88111919216,2.22264,3.7933056,0.33642035995636,0.113178658593167,0.0380756050632911,38.0756050632911
0,3,1,NaN,1,Refractivo,430,32,NaN,NaN,NaN,NaN,NaN,NaN,6,120,NaN,NaN,NaN,NaN,NaN,NaN,NaN,NaN,NaN,1.3303808,3.80840044987486,5.13878124987486,15.4163437496246,543,2626.75461823839,0.98304,1.6777216,0.256320274252465,0.0657000829928587,0.0168402632911392,16.8402632911392
0,2,1,NaN,3,Korsch,640,57,NaN,NaN,NaN,NaN,NaN,NaN,6,180,NaN,NaN,NaN,NaN,NaN,NaN,NaN,NaN,NaN,7.5188358,0.196703296009141,7.71553909600914,15.4310781920183,7,48.1749573691386,5.55579,9.4818816,0.456570488512203,0.208456610980271,0.0951751367088608,95.1751367088607
0,2,2,NaN,3,Korsch,450,40,NaN,NaN,NaN,NaN,NaN,NaN,6,180,NaN,NaN,NaN,NaN,NaN,NaN,NaN,NaN,NaN,3.8976,3.818752685716,7.716352685716,15.432705371432,259,1305.48066107576,1.92,3.2768,0.366766835739966,0.134517911798707,0.0493367088607595,49.3367088607595
0,1,2,NaN,2,Cassegrain,660,63,NaN,NaN,NaN,NaN,NaN,NaN,6,360,NaN,NaN,NaN,NaN,NaN,NaN,NaN,NaN,NaN,15.2278623,0.232634093898117,15.4604963938981,15.4604963938981,4,28.2689873346244,7.50141,12.8024064,0.577657766290446,0.333688494955667,0.192757750632911,192.757750632911
0,2,2,NaN,1,Refractivo,670,50,NaN,NaN,NaN,NaN,NaN,NaN,6,180,NaN,NaN,NaN,NaN,NaN,NaN,NaN,NaN,NaN,7.6125,0.117818935121884,7.73031893512189,15.4606378702438,4,28.6368046619791,3.75,6.4,0.458458544674957,0.210184237185479,0.0963607594936709,96.3607594936709
1,2,2,3,1,Refractivo,680,50,230,4.80006504058838,288,58,25.2173913043478,98.1067457443514,6,180,0.250070026355723,935.848764934662,0.1275,2.55,1.903125,0.1625,0.0278125,0.0049765625,1.346875,7.6125,0.119336369412099,7.7318363694121,15.4636727388242,4,29.0030314557262,3.75,6.4,0.458458544674957,0.210184237185479,0.0963607594936709,96.3607594936709
0,3,1,NaN,1,Refractivo,680,50,NaN,NaN,NaN,NaN,NaN,NaN,6,120,NaN,NaN,NaN,NaN,NaN,NaN,NaN,NaN,NaN,5.075,0.0795575796080663,5.15455757960807,15.4636727388242,4,29.0030314557262,3.75,6.4,0.400500428519476,0.160400593244284,0.0642405063291139,64.2405063291139
0,3,1,NaN,1,Refractivo,670,50,NaN,NaN,NaN,NaN,NaN,NaN,6,120,NaN,NaN,NaN,NaN,NaN,NaN,NaN,NaN,NaN,5.075,0.0983545210225009,5.1733545210225,15.5200635630675,5,35.7960058274739,3.75,6.4,0.400500428519476,0.160400593244284,0.0642405063291139,64.2405063291139
0,2,2,NaN,3,Refractivo,410,25,NaN,NaN,NaN,NaN,NaN,NaN,6,180,NaN,NaN,NaN,NaN,NaN,NaN,NaN,NaN,NaN,0.9515625,6.81378474323801,7.76534724323801,15.530694486476,892,4132.36336084157,0.46875,0.8,0.229229272337479,0.0525460592963699,0.0120450949367089,12.0450949367089
0,1,1,NaN,3,Cassegrain,630,72,NaN,NaN,NaN,NaN,NaN,NaN,6,360,NaN,NaN,NaN,NaN,NaN,NaN,NaN,NaN,NaN,15.1538688,0.391017525213639,15.5448863252136,15.5448863252136,7,47.5228372192441,11.19744,19.1102976,0.576720617068046,0.332606670151347,0.191821124050633,191.821124050633
0,2,2,NaN,2,Korsch,650,50,NaN,NaN,NaN,NaN,NaN,NaN,6,180,NaN,NaN,NaN,NaN,NaN,NaN,NaN,NaN,NaN,7.6125,0.172736119077918,7.78523611907792,15.5704722381558,6,41.8493564774326,3.75,6.4,0.458458544674957,0.210184237185479,0.0963607594936709,96.3607594936709
0,1,1,NaN,1,Korsch,620,72,NaN,NaN,NaN,NaN,NaN,NaN,6,360,NaN,NaN,NaN,NaN,NaN,NaN,NaN,NaN,NaN,15.1538688,0.441370857292418,15.5952396572924,15.5952396572924,8,53.563284138676,11.19744,19.1102976,0.576720617068046,0.332606670151347,0.191821124050633,191.821124050633
0,1,2,NaN,1,Korsch,510,60,NaN,NaN,NaN,NaN,NaN,NaN,6,360,NaN,NaN,NaN,NaN,NaN,NaN,NaN,NaN,NaN,13.1544,2.45669142191807,15.6110914219181,15.6110914219181,57,321.408101337481,6.48,11.0592,0.550150253609948,0.30266530154709,0.166511392405063,166.511392405063
0,2,2,NaN,2,Korsch,640,50,NaN,NaN,NaN,NaN,NaN,NaN,6,180,NaN,NaN,NaN,NaN,NaN,NaN,NaN,NaN,NaN,7.6125,0.199153682923836,7.81165368292384,15.6233073658477,7,48.1749573691386,3.75,6.4,0.458458544674957,0.210184237185479,0.0963607594936709,96.3607594936709
0,1,2,NaN,3,Cassegrain,430,49,NaN,NaN,NaN,NaN,NaN,NaN,6,360,NaN,NaN,NaN,NaN,NaN,NaN,NaN,NaN,NaN,7.1648241,8.4617324036508,15.6265565036508,15.6265565036508,309,1494.78301479864,3.52947,6.0236288,0.449289373781458,0.201860941392935,0.0906939759493671,90.6939759493671
0,3,1,NaN,2,Korsch,650,50,NaN,NaN,NaN,NaN,NaN,NaN,6,120,NaN,NaN,NaN,NaN,NaN,NaN,NaN,NaN,NaN,5.075,0.134579955241532,5.20957995524153,15.6287398657246,7,48.8242492236714,3.75,6.4,0.400500428519476,0.160400593244284,0.0642405063291139,64.2405063291139
0,1,2,NaN,3,Cassegrain,530,61,NaN,NaN,NaN,NaN,NaN,NaN,6,360,NaN,NaN,NaN,NaN,NaN,NaN,NaN,NaN,NaN,13.8231429,1.83387629524057,15.6570191952406,15.6570191952406,40,233.386830743621,6.80943,11.6214272,0.559319424503447,0.312838218626868,0.174976492405063,174.976492405063
0,3,1,NaN,2,Korsch,640,50,NaN,NaN,NaN,NaN,NaN,NaN,6,120,NaN,NaN,NaN,NaN,NaN,NaN,NaN,NaN,NaN,5.075,0.151992175078258,5.22699217507826,15.6809765252348,8,55.0570941361584,3.75,6.4,0.400500428519476,0.160400593244284,0.0642405063291139,64.2405063291139
0,3,1,NaN,3,Korsch,540,48,NaN,NaN,NaN,NaN,NaN,NaN,6,120,NaN,NaN,NaN,NaN,NaN,NaN,NaN,NaN,NaN,4.4900352,0.752542979924444,5.24257817992444,15.7277345397733,49,290.667641397449,3.31776,5.6623104,0.384480411378697,0.147825186733932,0.0568358886075949,56.8358886075949
0,1,1,NaN,1,Refractivo,990,73,NaN,NaN,NaN,NaN,NaN,NaN,6,360,NaN,NaN,NaN,NaN,NaN,NaN,NaN,NaN,NaN,15.7940902,0,15.7940902,15.7940902,0,0,11.67051,19.9176704,0.584730625638435,0.341909904559516,0.199925192405063,199.925192405063
0,1,1,NaN,2,Korsch,940,73,NaN,NaN,NaN,NaN,NaN,NaN,6,360,NaN,NaN,NaN,NaN,NaN,NaN,NaN,NaN,NaN,15.7940902,0,15.7940902,15.7940902,0,0,11.67051,19.9176704,0.584730625638435,0.341909904559516,0.199925192405063,199.925192405063
0,1,1,NaN,3,Korsch,820,73,NaN,NaN,NaN,NaN,NaN,NaN,6,360,NaN,NaN,NaN,NaN,NaN,NaN,NaN,NaN,NaN,15.7940902,0,15.7940902,15.7940902,0,0,11.67051,19.9176704,0.584730625638435,0.341909904559516,0.199925192405063,199.925192405063
0,2,1,NaN,3,Refractivo,960,58,NaN,NaN,NaN,NaN,NaN,NaN,6,180,NaN,NaN,NaN,NaN,NaN,NaN,NaN,NaN,NaN,7.9215472,0,7.9215472,15.8430944,0,0,5.85336,9.9897344,0.464580497082592,0.215835038269509,0.100272749367089,100.272749367089
0,2,1,NaN,3,Refractivo,970,58,NaN,NaN,NaN,NaN,NaN,NaN,6,180,NaN,NaN,NaN,NaN,NaN,NaN,NaN,NaN,NaN,7.9215472,0,7.9215472,15.8430944,0,0,5.85336,9.9897344,0.464580497082592,0.215835038269509,0.100272749367089,100.272749367089
0,1,1,NaN,2,Cassegrain,760,73,NaN,NaN,NaN,NaN,NaN,NaN,6,360,NaN,NaN,NaN,NaN,NaN,NaN,NaN,NaN,NaN,15.7940902,0.0676825543234345,15.8617727543234,15.8617727543234,1,7.96914676024426,11.67051,19.9176704,0.584730625638435,0.341909904559516,0.199925192405063,199.925192405063
0,2,1,NaN,2,Korsch,750,58,NaN,NaN,NaN,NaN,NaN,NaN,6,180,NaN,NaN,NaN,NaN,NaN,NaN,NaN,NaN,NaN,7.9215472,0.0335687782082005,7.9551159782082,15.9102319564164,1,7.88069638064189,5.85336,9.9897344,0.464580497082592,0.215835038269509,0.100272749367089,100.272749367089
0,2,1,NaN,1,Refractivo,780,58,NaN,NaN,NaN,NaN,NaN,NaN,6,180,NaN,NaN,NaN,NaN,NaN,NaN,NaN,NaN,NaN,7.9215472,0.0346964745947708,7.95624367459477,15.9124873491895,1,8.14491206267576,5.85336,9.9897344,0.464580497082592,0.215835038269509,0.100272749367089,100.272749367089
0,2,1,NaN,2,Cassegrain,590,57,NaN,NaN,NaN,NaN,NaN,NaN,6,180,NaN,NaN,NaN,NaN,NaN,NaN,NaN,NaN,NaN,7.5188358,0.451789495753021,7.97062529575302,15.941250591506,17,109.008296378422,5.55579,9.4818816,0.456570488512203,0.208456610980271,0.0951751367088608,95.1751367088607
0,1,2,NaN,1,Korsch,520,61,NaN,NaN,NaN,NaN,NaN,NaN,6,360,NaN,NaN,NaN,NaN,NaN,NaN,NaN,NaN,NaN,13.8231429,2.13790932046021,15.9610522204602,15.9610522204602,47,269.635248986857,6.80943,11.6214272,0.559319424503447,0.312838218626868,0.174976492405063,174.976492405063
0,1,2,NaN,1,Refractivo,860,64,NaN,NaN,NaN,NaN,NaN,NaN,6,360,NaN,NaN,NaN,NaN,NaN,NaN,NaN,NaN,NaN,15.9645696,0,15.9645696,15.9645696,0,0,7.86432,13.4217728,0.586826937183945,0.34436585420469,0.202083159493671,202.083159493671
0,1,2,NaN,1,Refractivo,870,64,NaN,NaN,NaN,NaN,NaN,NaN,6,360,NaN,NaN,NaN,NaN,NaN,NaN,NaN,NaN,NaN,15.9645696,0,15.9645696,15.9645696,0,0,7.86432,13.4217728,0.586826937183945,0.34436585420469,0.202083159493671,202.083159493671
0,1,2,NaN,2,Korsch,820,64,NaN,NaN,NaN,NaN,NaN,NaN,6,360,NaN,NaN,NaN,NaN,NaN,NaN,NaN,NaN,NaN,15.9645696,0,15.9645696,15.9645696,0,0,7.86432,13.4217728,0.586826937183945,0.34436585420469,0.202083159493671,202.083159493671
0,1,2,NaN,2,Korsch,830,64,NaN,NaN,NaN,NaN,NaN,NaN,6,360,NaN,NaN,NaN,NaN,NaN,NaN,NaN,NaN,NaN,15.9645696,0,15.9645696,15.9645696,0,0,7.86432,13.4217728,0.586826937183945,0.34436585420469,0.202083159493671,202.083159493671
0,3,1,NaN,3,Korsch,460,41,NaN,NaN,NaN,NaN,NaN,NaN,6,120,NaN,NaN,NaN,NaN,NaN,NaN,NaN,NaN,NaN,2.7981926,2.52779063310749,5.32598323310749,15.9779496993225,239,1228.76668860953,2.06763,3.5287552,0.32841035138597,0.107853358897457,0.0354201594936709,35.4201594936709
0,1,2,NaN,1,Korsch,440,52,NaN,NaN,NaN,NaN,NaN,NaN,6,360,NaN,NaN,NaN,NaN,NaN,NaN,NaN,NaN,NaN,8.5630272,7.41697247846851,15.9799996784685,15.9799996784685,241,1190.34738849262,4.21824,7.1991296,0.476796886461955,0.227335270939815,0.108392749367089,108.392749367089
0,1,1,NaN,1,Korsch,410,48,NaN,NaN,NaN,NaN,NaN,NaN,6,360,NaN,NaN,NaN,NaN,NaN,NaN,NaN,NaN,NaN,4.4900352,11.499886074502,15.989921274502,15.989921274502,532,2464.59339458264,3.31776,5.6623104,0.384480411378697,0.147825186733932,0.0568358886075949,56.8358886075949
0,1,2,NaN,3,Korsch,720,64,NaN,NaN,NaN,NaN,NaN,NaN,6,360,NaN,NaN,NaN,NaN,NaN,NaN,NaN,NaN,NaN,15.9645696,0.0653504320688428,16.0299200320688,16.0299200320688,1,7.61305028159222,7.86432,13.4217728,0.586826937183945,0.34436585420469,0.202083159493671,202.083159493671
0,2,2,NaN,3,Korsch,550,49,NaN,NaN,NaN,NaN,NaN,NaN,6,180,NaN,NaN,NaN,NaN,NaN,NaN,NaN,NaN,NaN,7.1648241,0.854642020252852,8.01946612025285,16.0389322405057,35,211.011088542641,3.52947,6.0236288,0.449289373781458,0.201860941392935,0.0906939759493671,90.6939759493671
0,1,2,NaN,3,Cassegrain,540,62,NaN,NaN,NaN,NaN,NaN,NaN,6,360,NaN,NaN,NaN,NaN,NaN,NaN,NaN,NaN,NaN,14.5141752,1.6000640266387,16.1142392266387,16.1142392266387,33,195.75575849216,7.14984,12.2023936,0.568488595396947,0.323179283096393,0.183723736708861,183.723736708861
0,1,1,NaN,3,Cassegrain,640,73,NaN,NaN,NaN,NaN,NaN,NaN,6,360,NaN,NaN,NaN,NaN,NaN,NaN,NaN,NaN,NaN,15.7940902,0.35357135181612,16.1476615518161,16.1476615518161,6,41.2928206021188,11.67051,19.9176704,0.584730625638435,0.341909904559516,0.199925192405063,199.925192405063
0,1,2,NaN,2,Cassegrain,670,64,NaN,NaN,NaN,NaN,NaN,NaN,6,360,NaN,NaN,NaN,NaN,NaN,NaN,NaN,NaN,NaN,15.9645696,0.18498913702134,16.1495587370213,16.1495587370213,3,21.4776034964843,7.86432,13.4217728,0.586826937183945,0.34436585420469,0.202083159493671,202.083159493671
1,2,2,2,2,Refractivo,940,51,230,4.26791048049927,327.68,97.68,42.4695652173913,99.2099013468971,6,180,0.251016063851675,733.478997131618,0.2115,4.14705882352941,2.019611475,0.16575,0.028936125,0.0052811679375,1.429314525,8.0784459,0,8.0784459,16.1568918,0,0,3.97953,6.7917312,0.467627715568456,0.218675680367773,0.102258808860759,102.258808860759
1,3,1,1,2,Refractivo,940,51,130,6.66467332839966,163.84,33.84,26.0307692307692,99.2099013468971,6,120,0.251016063851675,733.478997131618,0.2115,4.14705882352941,1.34640765,0.16575,0.028936125,0.0052811679375,1.429314525,5.3856306,0,5.3856306,16.1568918,0,0,3.97953,6.7917312,0.408510437089866,0.166880777211353,0.0681725392405063,68.1725392405063
0,2,2,NaN,3,Refractivo,840,51,NaN,NaN,NaN,NaN,NaN,NaN,6,180,NaN,NaN,NaN,NaN,NaN,NaN,NaN,NaN,NaN,8.0784459,0,8.0784459,16.1568918,0,0,3.97953,6.7917312,0.467627715568456,0.218675680367773,0.102258808860759,102.258808860759
0,2,2,NaN,3,Refractivo,850,51,NaN,NaN,NaN,NaN,NaN,NaN,6,180,NaN,NaN,NaN,NaN,NaN,NaN,NaN,NaN,NaN,8.0784459,0,8.0784459,16.1568918,0,0,3.97953,6.7917312,0.467627715568456,0.218675680367773,0.102258808860759,102.258808860759
0,3,1,NaN,3,Refractivo,840,51,NaN,NaN,NaN,NaN,NaN,NaN,6,120,NaN,NaN,NaN,NaN,NaN,NaN,NaN,NaN,NaN,5.3856306,0,5.3856306,16.1568918,0,0,3.97953,6.7917312,0.408510437089866,0.166880777211353,0.0681725392405063,68.1725392405063
0,3,1,NaN,3,Refractivo,850,51,NaN,NaN,NaN,NaN,NaN,NaN,6,120,NaN,NaN,NaN,NaN,NaN,NaN,NaN,NaN,NaN,5.3856306,0,5.3856306,16.1568918,0,0,3.97953,6.7917312,0.408510437089866,0.166880777211353,0.0681725392405063,68.1725392405063
0,2,1,NaN,2,Cassegrain,430,41,NaN,NaN,NaN,NaN,NaN,NaN,6,180,NaN,NaN,NaN,NaN,NaN,NaN,NaN,NaN,NaN,2.7981926,5.29503376056578,8.09322636056578,16.1864527211316,424,2051.09384554894,2.06763,3.5287552,0.32841035138597,0.107853358897457,0.0354201594936709,35.4201594936709
0,2,1,NaN,3,Korsch,650,58,NaN,NaN,NaN,NaN,NaN,NaN,6,180,NaN,NaN,NaN,NaN,NaN,NaN,NaN,NaN,NaN,7.9215472,0.179748744882831,8.10129594488283,16.2025918897657,6,41.8493564774326,5.85336,9.9897344,0.464580497082592,0.215835038269509,0.100272749367089,100.272749367089
0,3,1,NaN,3,Korsch,550,49,NaN,NaN,NaN,NaN,NaN,NaN,6,120,NaN,NaN,NaN,NaN,NaN,NaN,NaN,NaN,NaN,4.7765494,0.65605059828117,5.43259999828117,16.2977999948435,40,241.155529763018,3.52947,6.0236288,0.392490419949087,0.15404872975181,0.0604626506329114,60.4626506329114
0,1,2,NaN,3,Korsch,400,36,NaN,NaN,NaN,NaN,NaN,NaN,6,360,NaN,NaN,NaN,NaN,NaN,NaN,NaN,NaN,NaN,2.8413504,13.4903630477588,16.3317134477588,16.3317134477588,756,3424.38781488341,1.39968,2.3887872,0.330090152165969,0.108959508556953,0.0359664607594937,35.9664607594937
1,2,2,3,1,Refractivo,690,51,210,5.44989204406738,288,78,37.1428571428571,98.1472897950453,6,180,0.250425105807236,940.882104290864,0.129375,2.53676470588235,2.019611475,0.16575,0.028936125,0.0052811679375,1.429314525,8.0784459,0.0960107883606642,8.17445668836066,16.3489133767213,3,22.0257571116181,3.97953,6.7917312,0.467627715568456,0.218675680367773,0.102258808860759,102.258808860759
0,1,2,NaN,1,Korsch,430,50,NaN,NaN,NaN,NaN,NaN,NaN,6,360,NaN,NaN,NaN,NaN,NaN,NaN,NaN,NaN,NaN,7.6125,8.74627526918625,16.3587752691863,16.3587752691863,303,1465.75810188993,3.75,6.4,0.458458544674957,0.210184237185479,0.0963607594936709,96.3607594936709
0,1,2,NaN,1,Korsch,530,62,NaN,NaN,NaN,NaN,NaN,NaN,6,360,NaN,NaN,NaN,NaN,NaN,NaN,NaN,NaN,NaN,14.5141752,1.8746943450825,16.3888695450825,16.3888695450825,39,227.55215997503,7.14984,12.2023936,0.568488595396947,0.323179283096393,0.183723736708861,183.723736708861
0,3,1,NaN,1,Refractivo,690,51,NaN,NaN,NaN,NaN,NaN,NaN,6,120,NaN,NaN,NaN,NaN,NaN,NaN,NaN,NaN,NaN,5.3856306,0.0854962351070955,5.4711268351071,16.4133805053213,4,29.3676761488241,3.97953,6.7917312,0.408510437089866,0.166880777211353,0.0681725392405063,68.1725392405063
0,1,1,NaN,1,Refractivo,1000,74,NaN,NaN,NaN,NaN,NaN,NaN,6,360,NaN,NaN,NaN,NaN,NaN,NaN,NaN,NaN,NaN,16.4520944,0,16.4520944,16.4520944,0,0,12.15672,20.7474688,0.592740634208825,0.35134145944228,0.208254359493671,208.254359493671
0,1,1,NaN,2,Korsch,950,74,NaN,NaN,NaN,NaN,NaN,NaN,6,360,NaN,NaN,NaN,NaN,NaN,NaN,NaN,NaN,NaN,16.4520944,0,16.4520944,16.4520944,0,0,12.15672,20.7474688,0.592740634208825,0.35134145944228,0.208254359493671,208.254359493671
0,1,1,NaN,2,Korsch,960,74,NaN,NaN,NaN,NaN,NaN,NaN,6,360,NaN,NaN,NaN,NaN,NaN,NaN,NaN,NaN,NaN,16.4520944,0,16.4520944,16.4520944,0,0,12.15672,20.7474688,0.592740634208825,0.35134145944228,0.208254359493671,208.254359493671
0,1,1,NaN,3,Korsch,830,74,NaN,NaN,NaN,NaN,NaN,NaN,6,360,NaN,NaN,NaN,NaN,NaN,NaN,NaN,NaN,NaN,16.4520944,0,16.4520944,16.4520944,0,0,12.15672,20.7474688,0.592740634208825,0.35134145944228,0.208254359493671,208.254359493671
0,2,2,NaN,2,Korsch,660,51,NaN,NaN,NaN,NaN,NaN,NaN,6,180,NaN,NaN,NaN,NaN,NaN,NaN,NaN,NaN,NaN,8.0784459,0.154533607860541,8.23297950786054,16.4659590157211,5,35.3362341682805,3.97953,6.7917312,0.467627715568456,0.218675680367773,0.102258808860759,102.258808860759
0,2,2,NaN,3,Korsch,440,39,NaN,NaN,NaN,NaN,NaN,NaN,6,180,NaN,NaN,NaN,NaN,NaN,NaN,NaN,NaN,NaN,3.6125271,4.63927510235625,8.25180220235625,16.5036044047125,321,1585.48345106278,1.77957,3.0371328,0.357597664846466,0.127876089903646,0.0457281911392405,45.7281911392405
0,1,1,NaN,2,Cassegrain,770,74,NaN,NaN,NaN,NaN,NaN,NaN,6,360,NaN,NaN,NaN,NaN,NaN,NaN,NaN,NaN,NaN,16.4520944,0.0712829960926535,16.5233773960927,16.5233773960927,1,8.05721799172443,12.15672,20.7474688,0.592740634208825,0.35134145944228,0.208254359493671,208.254359493671
0,3,1,NaN,2,Korsch,660,51,NaN,NaN,NaN,NaN,NaN,NaN,6,120,NaN,NaN,NaN,NaN,NaN,NaN,NaN,NaN,NaN,5.3856306,0.123840885604044,5.50947148560404,16.5284144568121,6,42.4034810019366,3.97953,6.7917312,0.408510437089866,0.166880777211353,0.0681725392405063,68.1725392405063
0,1,2,NaN,3,Cassegrain,550,63,NaN,NaN,NaN,NaN,NaN,NaN,6,360,NaN,NaN,NaN,NaN,NaN,NaN,NaN,NaN,NaN,15.2278623,1.38460468197598,16.612466981976,16.612466981976,27,162.779982590037,7.50141,12.8024064,0.577657766290446,0.333688494955667,0.192757750632911,192.757750632911
0,2,1,NaN,2,Cassegrain,600,58,NaN,NaN,NaN,NaN,NaN,NaN,6,180,NaN,NaN,NaN,NaN,NaN,NaN,NaN,NaN,NaN,7.9215472,0.396036595906664,8.31758379590666,16.6351675918133,14,91.0987099326776,5.85336,9.9897344,0.464580497082592,0.215835038269509,0.100272749367089,100.272749367089
0,2,1,NaN,1,Refractivo,790,59,NaN,NaN,NaN,NaN,NaN,NaN,6,180,NaN,NaN,NaN,NaN,NaN,NaN,NaN,NaN,NaN,8.3383874,0,8.3383874,16.6767748,0,0,6.16137,10.5154048,0.472590505652982,0.223341786033341,0.105549207594937,105.549207594937
0,2,1,NaN,1,Refractivo,800,59,NaN,NaN,NaN,NaN,NaN,NaN,6,180,NaN,NaN,NaN,NaN,NaN,NaN,NaN,NaN,NaN,8.3383874,0,8.3383874,16.6767748,0,0,6.16137,10.5154048,0.472590505652982,0.223341786033341,0.105549207594937,105.549207594937
0,2,1,NaN,3,Refractivo,980,59,NaN,NaN,NaN,NaN,NaN,NaN,6,180,NaN,NaN,NaN,NaN,NaN,NaN,NaN,NaN,NaN,8.3383874,0,8.3383874,16.6767748,0,0,6.16137,10.5154048,0.472590505652982,0.223341786033341,0.105549207594937,105.549207594937
0,1,2,NaN,1,Refractivo,880,65,NaN,NaN,NaN,NaN,NaN,NaN,6,360,NaN,NaN,NaN,NaN,NaN,NaN,NaN,NaN,NaN,16.7246625,0,16.7246625,16.7246625,0,0,8.23875,14.0608,0.595996108077444,0.35521136084346,0.211704588607595,211.704588607595
0,1,2,NaN,2,Korsch,840,65,NaN,NaN,NaN,NaN,NaN,NaN,6,360,NaN,NaN,NaN,NaN,NaN,NaN,NaN,NaN,NaN,16.7246625,0,16.7246625,16.7246625,0,0,8.23875,14.0608,0.595996108077444,0.35521136084346,0.211704588607595,211.704588607595
0,2,2,NaN,3,Korsch,560,50,NaN,NaN,NaN,NaN,NaN,NaN,6,180,NaN,NaN,NaN,NaN,NaN,NaN,NaN,NaN,NaN,7.6125,0.758120828243249,8.37062082824325,16.7412416564865,29,177.635432880397,3.75,6.4,0.458458544674957,0.210184237185479,0.0963607594936709,96.3607594936709
0,2,1,NaN,2,Korsch,760,59,NaN,NaN,NaN,NaN,NaN,NaN,6,180,NaN,NaN,NaN,NaN,NaN,NaN,NaN,NaN,NaN,8.3383874,0.0357325652205242,8.37411996522052,16.748239930441,1,7.96914676024426,6.16137,10.5154048,0.472590505652982,0.223341786033341,0.105549207594937,105.549207594937
0,1,1,NaN,3,Cassegrain,650,74,NaN,NaN,NaN,NaN,NaN,NaN,6,360,NaN,NaN,NaN,NaN,NaN,NaN,NaN,NaN,NaN,16.4520944,0.31056644235862,16.7626608423586,16.7626608423586,5,34.8744637311938,12.15672,20.7474688,0.592740634208825,0.35134145944228,0.208254359493671,208.254359493671
0,1,2,NaN,3,Korsch,730,65,NaN,NaN,NaN,NaN,NaN,NaN,6,360,NaN,NaN,NaN,NaN,NaN,NaN,NaN,NaN,NaN,16.7246625,0.0692691064447908,16.7939316064448,16.7939316064448,1,7.7026501615901,8.23875,14.0608,0.595996108077444,0.35521136084346,0.211704588607595,211.704588607595
0,1,2,NaN,1,Korsch,540,63,NaN,NaN,NaN,NaN,NaN,NaN,6,360,NaN,NaN,NaN,NaN,NaN,NaN,NaN,NaN,NaN,15.2278623,1.62548008683413,16.8533423868341,16.8533423868341,32,189.823765810579,7.50141,12.8024064,0.577657766290446,0.333688494955667,0.192757750632911,192.757750632911
0,2,1,NaN,1,Refractivo,410,31,NaN,NaN,NaN,NaN,NaN,NaN,6,180,NaN,NaN,NaN,NaN,NaN,NaN,NaN,NaN,NaN,1.2095146,7.21805914056696,8.42757374056696,16.8551474811339,823,3812.70745064194,0.89373,1.5252992,0.248310265682075,0.0616579880431028,0.0153103113924051,15.3103113924051
0,1,1,NaN,1,Korsch,630,74,NaN,NaN,NaN,NaN,NaN,NaN,6,360,NaN,NaN,NaN,NaN,NaN,NaN,NaN,NaN,NaN,16.4520944,0.424515833004253,16.8766102330043,16.8766102330043,7,47.5228372192441,12.15672,20.7474688,0.592740634208825,0.35134145944228,0.208254359493671,208.254359493671
0,1,2,NaN,2,Cassegrain,680,65,NaN,NaN,NaN,NaN,NaN,NaN,6,360,NaN,NaN,NaN,NaN,NaN,NaN,NaN,NaN,NaN,16.7246625,0.196288276811289,16.9209507768113,16.9209507768113,3,21.7522735917946,8.23875,14.0608,0.595996108077444,0.35521136084346,0.211704588607595,211.704588607595
0,3,1,NaN,3,Korsch,560,50,NaN,NaN,NaN,NaN,NaN,NaN,6,120,NaN,NaN,NaN,NaN,NaN,NaN,NaN,NaN,NaN,5.075,0.578627451943983,5.65362745194398,16.960882355832,33,202.136871898383,3.75,6.4,0.400500428519476,0.160400593244284,0.0642405063291139,64.2405063291139
0,3,1,NaN,3,Korsch,450,40,NaN,NaN,NaN,NaN,NaN,NaN,6,120,NaN,NaN,NaN,NaN,NaN,NaN,NaN,NaN,NaN,2.5984,3.06063139963572,5.65903139963572,16.9770941989072,296,1491.9778983723,1.92,3.2768,0.320400342815581,0.102656379676342,0.0328911392405063,32.8911392405063
0,2,1,NaN,3,Korsch,660,59,NaN,NaN,NaN,NaN,NaN,NaN,6,180,NaN,NaN,NaN,NaN,NaN,NaN,NaN,NaN,NaN,8.3383874,0.159506061513747,8.49789346151375,16.9957869230275,5,35.3362341682805,6.16137,10.5154048,0.472590505652982,0.223341786033341,0.105549207594937,105.549207594937
0,2,2,NaN,2,Korsch,420,33,NaN,NaN,NaN,NaN,NaN,NaN,6,180,NaN,NaN,NaN,NaN,NaN,NaN,NaN,NaN,NaN,2.1885633,6.31095971325577,8.49952301325576,16.9990460265115,557,2637.57185038594,1.07811,1.8399744,0.302582639485472,0.0915562537179949,0.0277033329113924,27.7033329113924
0,2,2,NaN,2,Cassegrain,480,46,NaN,NaN,NaN,NaN,NaN,NaN,6,180,NaN,NaN,NaN,NaN,NaN,NaN,NaN,NaN,NaN,5.9277624,2.60569624481557,8.53345864481557,17.0669172896311,129,689.064389084993,2.92008,4.9836032,0.42178186110096,0.17789993835379,0.0750349670886076,75.0349670886076
0,3,1,NaN,2,Korsch,430,34,NaN,NaN,NaN,NaN,NaN,NaN,6,120,NaN,NaN,NaN,NaN,NaN,NaN,NaN,NaN,NaN,1.5957424,4.10804039734322,5.70378279734322,17.1113483920297,511,2471.95508272526,1.17912,2.0123648,0.272340291393244,0.0741692343161569,0.020199270886076,20.1992708860759
0,2,2,NaN,2,Cassegrain,490,47,NaN,NaN,NaN,NaN,NaN,NaN,6,180,NaN,NaN,NaN,NaN,NaN,NaN,NaN,NaN,NaN,6.3228207,2.23585804552638,8.55867874552638,17.1173574910528,105,571.312675410595,3.11469,5.3157376,0.430951031994459,0.18571879197709,0.0800357050632911,80.0357050632911
1,2,2,2,2,Refractivo,950,52,250,3.60205173492432,327.68,77.68,31.072,99.2544110572556,6,180,0.251910989504511,740.269261379977,0.21375,4.11057692307692,2.1407568,0.169,0.030082,0.005597956,1.5150512,8.5630272,0,8.5630272,17.1260544,0,0,4.21824,7.1991296,0.476796886461955,0.227335270939815,0.108392749367089,108.392749367089
1,2,2,2,2,Refractivo,960,52,250,5.45978546142578,327.68,77.68,31.072,99.2990785357663,6,180,0.250849615125333,732.785402481132,0.216,4.15384615384615,2.1407568,0.169,0.030082,0.005597956,1.5150512,8.5630272,0,8.5630272,17.1260544,0,0,4.21824,7.1991296,0.476796886461955,0.227335270939815,0.108392749367089,108.392749367089
1,2,2,3,3,Refractivo,860,52,200,6.53767251968384,240,40,20,98.859455829952,6,180,0.251030876383814,758.160210397464,0.3225,6.20192307692308,2.1407568,0.169,0.030082,0.005597956,1.5150512,8.5630272,0,8.5630272,17.1260544,0,0,4.21824,7.1991296,0.476796886461955,0.227335270939815,0.108392749367089,108.392749367089
1,3,1,1,2,Refractivo,960,52,130,5.33960437774658,163.84,33.84,26.0307692307692,99.2990785357663,6,120,0.250849615125333,732.785402481132,0.216,4.15384615384615,1.4271712,0.169,0.030082,0.005597956,1.5150512,5.7086848,0,5.7086848,17.1260544,0,0,4.21824,7.1991296,0.416520445660255,0.173489281653018,0.0722618329113924,72.2618329113924
1,3,1,2,3,Refractivo,860,52,140,5.34461784362793,160,20,14.2857142857143,98.859455829952,6,120,0.251030876383814,758.160210397464,0.3225,6.20192307692308,1.4271712,0.169,0.030082,0.005597956,1.5150512,5.7086848,0,5.7086848,17.1260544,0,0,4.21824,7.1991296,0.416520445660255,0.173489281653018,0.0722618329113924,72.2618329113924
1,3,1,2,3,Refractivo,870,52,140,5.45957946777344,160,20,14.2857142857143,98.9027176169101,6,120,0.250006825616771,749.614269519624,0.32625,6.27403846153846,1.4271712,0.169,0.030082,0.005597956,1.5150512,5.7086848,0,5.7086848,17.1260544,0,0,4.21824,7.1991296,0.416520445660255,0.173489281653018,0.0722618329113924,72.2618329113924
0,2,2,NaN,3,Refractivo,870,52,NaN,NaN,NaN,NaN,NaN,NaN,6,180,NaN,NaN,NaN,NaN,NaN,NaN,NaN,NaN,NaN,8.5630272,0,8.5630272,17.1260544,0,0,4.21824,7.1991296,0.476796886461955,0.227335270939815,0.108392749367089,108.392749367089
0,3,1,NaN,2,Refractivo,950,52,NaN,NaN,NaN,NaN,NaN,NaN,6,120,NaN,NaN,NaN,NaN,NaN,NaN,NaN,NaN,NaN,5.7086848,0,5.7086848,17.1260544,0,0,4.21824,7.1991296,0.416520445660255,0.173489281653018,0.0722618329113924,72.2618329113924
0,1,1,NaN,2,Korsch,970,75,NaN,NaN,NaN,NaN,NaN,NaN,6,360,NaN,NaN,NaN,NaN,NaN,NaN,NaN,NaN,NaN,17.128125,0,17.128125,17.128125,0,0,12.65625,21.6,0.600750642779214,0.360901334799639,0.216811708860759,216.811708860759
0,1,1,NaN,2,Cassegrain,780,75,NaN,NaN,NaN,NaN,NaN,NaN,6,360,NaN,NaN,NaN,NaN,NaN,NaN,NaN,NaN,NaN,17.128125,0,17.128125,17.128125,0,0,12.65625,21.6,0.600750642779214,0.360901334799639,0.216811708860759,216.811708860759
0,1,1,NaN,3,Korsch,840,75,NaN,NaN,NaN,NaN,NaN,NaN,6,360,NaN,NaN,NaN,NaN,NaN,NaN,NaN,NaN,NaN,17.128125,0,17.128125,17.128125,0,0,12.65625,21.6,0.600750642779214,0.360901334799639,0.216811708860759,216.811708860759
0,1,2,NaN,3,Cassegrain,560,64,NaN,NaN,NaN,NaN,NaN,NaN,6,360,NaN,NaN,NaN,NaN,NaN,NaN,NaN,NaN,NaN,15.9645696,1.19341803303119,17.1579876330312,17.1579876330312,22,134.757914598922,7.86432,13.4217728,0.586826937183945,0.34436585420469,0.202083159493671,202.083159493671
0,2,2,NaN,2,Cassegrain,470,45,NaN,NaN,NaN,NaN,NaN,NaN,6,180,NaN,NaN,NaN,NaN,NaN,NaN,NaN,NaN,NaN,5.5495125,3.03948297339277,8.58899547339277,17.1779909467855,158,828.181530063719,2.73375,4.6656,0.412612690207461,0.170249232120238,0.0702469936708861,70.2469936708861
0,2,1,NaN,3,Korsch,420,38,NaN,NaN,NaN,NaN,NaN,NaN,6,180,NaN,NaN,NaN,NaN,NaN,NaN,NaN,NaN,NaN,2.2278032,6.36281332426777,8.59061652426777,17.1812330485355,554,2623.3658978704,1.64616,2.8094464,0.304380325674802,0.0926473826578985,0.0282000405063291,28.2000405063291
0,1,2,NaN,3,Cassegrain,420,48,NaN,NaN,NaN,NaN,NaN,NaN,6,360,NaN,NaN,NaN,NaN,NaN,NaN,NaN,NaN,NaN,6.7350528,10.5399818959994,17.2750346959994,17.2750346959994,383,1813.62660448441,3.31776,5.6623104,0.440120202887959,0.193705792990138,0.0852538329113924,85.2538329113924
0,2,1,NaN,2,Cassegrain,620,59,NaN,NaN,NaN,NaN,NaN,NaN,6,180,NaN,NaN,NaN,NaN,NaN,NaN,NaN,NaN,NaN,8.3383874,0.30457754210273,8.64296494210273,17.2859298842055,10,66.9541051733449,6.16137,10.5154048,0.472590505652982,0.223341786033341,0.105549207594937,105.549207594937
1,2,2,2,1,Refractivo,700,52,190,6.65614986419678,192,2,1.05263157894737,98.1879816336059,6,180,0.250766580334418,945.780417452038,0.13125,2.52403846153846,2.1407568,0.169,0.030082,0.005597956,1.5150512,8.5630272,0.103034977498853,8.66606217749885,17.3321243549977,3,22.2980603391516,4.21824,7.1991296,0.476796886461955,0.227335270939815,0.108392749367089,108.392749367089
0,3,1,NaN,1,Refractivo,700,52,NaN,NaN,NaN,NaN,NaN,NaN,6,120,NaN,NaN,NaN,NaN,NaN,NaN,NaN,NaN,NaN,5.7086848,0.068689984999235,5.77737478499924,17.3321243549977,3,22.2980603391516,4.21824,7.1991296,0.416520445660255,0.173489281653018,0.0722618329113924,72.2618329113924
0,2,2,NaN,2,Cassegrain,500,48,NaN,NaN,NaN,NaN,NaN,NaN,6,180,NaN,NaN,NaN,NaN,NaN,NaN,NaN,NaN,NaN,6.7350528,1.9388330837447,8.6738858837447,17.3477717674894,86,476.450639027265,3.31776,5.6623104,0.440120202887959,0.193705792990138,0.0852538329113924,85.2538329113924
0,2,2,NaN,2,Korsch,670,52,NaN,NaN,NaN,NaN,NaN,NaN,6,180,NaN,NaN,NaN,NaN,NaN,NaN,NaN,NaN,NaN,8.5630272,0.132530278636943,8.69555747863694,17.3911149572739,4,28.6368046619791,4.21824,7.1991296,0.476796886461955,0.227335270939815,0.108392749367089,108.392749367089
0,2,1,NaN,2,Cassegrain,610,59,NaN,NaN,NaN,NaN,NaN,NaN,6,180,NaN,NaN,NaN,NaN,NaN,NaN,NaN,NaN,NaN,8.3383874,0.361449212762244,8.69983661276224,17.3996732255245,12,79.2172308377412,6.16137,10.5154048,0.472590505652982,0.223341786033341,0.105549207594937,105.549207594937
0,1,2,NaN,1,Korsch,550,64,NaN,NaN,NaN,NaN,NaN,NaN,6,360,NaN,NaN,NaN,NaN,NaN,NaN,NaN,NaN,NaN,15.9645696,1.45159034002372,17.4161599400237,17.4161599400237,27,162.779982590037,7.86432,13.4217728,0.586826937183945,0.34436585420469,0.202083159493671,202.083159493671
0,1,1,NaN,1,Korsch,640,75,NaN,NaN,NaN,NaN,NaN,NaN,6,360,NaN,NaN,NaN,NaN,NaN,NaN,NaN,NaN,NaN,17.128125,0.318991895259401,17.4471168952594,17.4471168952594,5,34.410683835099,12.65625,21.6,0.600750642779214,0.360901334799639,0.216811708860759,216.811708860759
0,3,1,NaN,2,Korsch,670,52,NaN,NaN,NaN,NaN,NaN,NaN,6,120,NaN,NaN,NaN,NaN,NaN,NaN,NaN,NaN,NaN,5.7086848,0.110635459935454,5.81932025993545,17.4579607798064,5,35.7960058274739,4.21824,7.1991296,0.416520445660255,0.173489281653018,0.0722618329113924,72.2618329113924
0,2,2,NaN,3,Korsch,570,51,NaN,NaN,NaN,NaN,NaN,NaN,6,180,NaN,NaN,NaN,NaN,NaN,NaN,NaN,NaN,NaN,8.0784459,0.671535399541145,8.74998129954114,17.4999625990823,24,149.313827902166,3.97953,6.7917312,0.467627715568456,0.218675680367773,0.102258808860759,102.258808860759
0,2,1,NaN,2,Korsch,410,32,NaN,NaN,NaN,NaN,NaN,NaN,6,180,NaN,NaN,NaN,NaN,NaN,NaN,NaN,NaN,NaN,1.3303808,7.42276141093623,8.75314221093623,17.5062844218725,798,3696.89009187396,0.98304,1.6777216,0.256320274252465,0.0657000829928587,0.0168402632911392,16.8402632911392
0,1,2,NaN,1,Refractivo,890,66,NaN,NaN,NaN,NaN,NaN,NaN,6,360,NaN,NaN,NaN,NaN,NaN,NaN,NaN,NaN,NaN,17.5085064,0,17.5085064,17.5085064,0,0,8.62488,14.7197952,0.605165278970943,0.36622501487198,0.221626663291139,221.626663291139
0,1,2,NaN,2,Korsch,850,66,NaN,NaN,NaN,NaN,NaN,NaN,6,360,NaN,NaN,NaN,NaN,NaN,NaN,NaN,NaN,NaN,17.5085064,0,17.5085064,17.5085064,0,0,8.62488,14.7197952,0.605165278970943,0.36622501487198,0.221626663291139,221.626663291139
0,2,1,NaN,1,Refractivo,810,60,NaN,NaN,NaN,NaN,NaN,NaN,6,180,NaN,NaN,NaN,NaN,NaN,NaN,NaN,NaN,NaN,8.7696,0,8.7696,17.5392,0,0,6.48,11.0592,0.480600514223371,0.230976854271769,0.111007594936709,111.007594936709
0,2,1,NaN,3,Refractivo,990,60,NaN,NaN,NaN,NaN,NaN,NaN,6,180,NaN,NaN,NaN,NaN,NaN,NaN,NaN,NaN,NaN,8.7696,0,8.7696,17.5392,0,0,6.48,11.0592,0.480600514223371,0.230976854271769,0.111007594936709,111.007594936709
0,2,1,NaN,3,Refractivo,1000,60,NaN,NaN,NaN,NaN,NaN,NaN,6,180,NaN,NaN,NaN,NaN,NaN,NaN,NaN,NaN,NaN,8.7696,0,8.7696,17.5392,0,0,6.48,11.0592,0.480600514223371,0.230976854271769,0.111007594936709,111.007594936709
0,2,2,NaN,2,Cassegrain,460,44,NaN,NaN,NaN,NaN,NaN,NaN,6,180,NaN,NaN,NaN,NaN,NaN,NaN,NaN,NaN,NaN,5.1877056,3.60035305366742,8.78805865366742,17.5761173073348,195,1002.55022710819,2.55552,4.3614208,0.403443519313962,0.162766673276435,0.0656671594936709,65.6671594936709
0,1,2,NaN,3,Korsch,740,66,NaN,NaN,NaN,NaN,NaN,NaN,6,360,NaN,NaN,NaN,NaN,NaN,NaN,NaN,NaN,NaN,17.5085064,0.0733570769441551,17.5818634769442,17.5818634769442,1,7.79186485231548,8.62488,14.7197952,0.605165278970943,0.36622501487198,0.221626663291139,221.626663291139
0,2,1,NaN,2,Korsch,770,60,NaN,NaN,NaN,NaN,NaN,NaN,6,180,NaN,NaN,NaN,NaN,NaN,NaN,NaN,NaN,NaN,8.7696,0.0379965825222918,8.80759658252229,17.6151931650446,1,8.05721799172443,6.48,11.0592,0.480600514223371,0.230976854271769,0.111007594936709,111.007594936709
0,2,1,NaN,2,Korsch,780,60,NaN,NaN,NaN,NaN,NaN,NaN,6,180,NaN,NaN,NaN,NaN,NaN,NaN,NaN,NaN,NaN,8.7696,0.0384109563351843,8.80801095633518,17.6160219126704,1,8.14491206267576,6.48,11.0592,0.480600514223371,0.230976854271769,0.111007594936709,111.007594936709
0,1,2,NaN,2,Cassegrain,690,66,NaN,NaN,NaN,NaN,NaN,NaN,6,360,NaN,NaN,NaN,NaN,NaN,NaN,NaN,NaN,NaN,17.5085064,0.13847489423431,17.6469812942343,17.6469812942343,2,14.6838380744121,8.62488,14.7197952,0.605165278970943,0.36622501487198,0.221626663291139,221.626663291139
0,3,1,NaN,3,Korsch,570,51,NaN,NaN,NaN,NaN,NaN,NaN,6,120,NaN,NaN,NaN,NaN,NaN,NaN,NaN,NaN,NaN,5.3856306,0.505979701970399,5.8916103019704,17.6748309059112,27,167.978056389937,3.97953,6.7917312,0.408510437089866,0.166880777211353,0.0681725392405063,68.1725392405063
0,2,2,NaN,2,Cassegrain,510,49,NaN,NaN,NaN,NaN,NaN,NaN,6,180,NaN,NaN,NaN,NaN,NaN,NaN,NaN,NaN,NaN,7.1648241,1.67378844607151,8.83861254607151,17.677225092143,70,394.711703396906,3.52947,6.0236288,0.449289373781458,0.201860941392935,0.0906939759493671,90.6939759493671
0,1,2,NaN,3,Cassegrain,570,65,NaN,NaN,NaN,NaN,NaN,NaN,6,360,NaN,NaN,NaN,NaN,NaN,NaN,NaN,NaN,NaN,16.7246625,1.03314880268973,17.7578113026897,17.7578113026897,18,111.985370926624,8.23875,14.0608,0.595996108077444,0.35521136084346,0.211704588607595,211.704588607595
0,2,1,NaN,3,Korsch,670,60,NaN,NaN,NaN,NaN,NaN,NaN,6,180,NaN,NaN,NaN,NaN,NaN,NaN,NaN,NaN,NaN,8.7696,0.135727413260411,8.90532741326041,17.8106548265208,4,28.6368046619791,6.48,11.0592,0.480600514223371,0.230976854271769,0.111007594936709,111.007594936709
0,1,1,NaN,2,Korsch,980,76,NaN,NaN,NaN,NaN,NaN,NaN,6,360,NaN,NaN,NaN,NaN,NaN,NaN,NaN,NaN,NaN,17.8224256,0,17.8224256,17.8224256,0,0,13.16928,22.4755712,0.608760651349604,0.370589530631594,0.225600324050633,225.600324050633
0,1,1,NaN,2,Cassegrain,790,76,NaN,NaN,NaN,NaN,NaN,NaN,6,360,NaN,NaN,NaN,NaN,NaN,NaN,NaN,NaN,NaN,17.8224256,0,17.8224256,17.8224256,0,0,13.16928,22.4755712,0.608760651349604,0.370589530631594,0.225600324050633,225.600324050633
0,1,1,NaN,3,Korsch,850,76,NaN,NaN,NaN,NaN,NaN,NaN,6,360,NaN,NaN,NaN,NaN,NaN,NaN,NaN,NaN,NaN,17.8224256,0,17.8224256,17.8224256,0,0,13.16928,22.4755712,0.608760651349604,0.370589530631594,0.225600324050633,225.600324050633
0,1,1,NaN,3,Korsch,860,76,NaN,NaN,NaN,NaN,NaN,NaN,6,360,NaN,NaN,NaN,NaN,NaN,NaN,NaN,NaN,NaN,17.8224256,0,17.8224256,17.8224256,0,0,13.16928,22.4755712,0.608760651349604,0.370589530631594,0.225600324050633,225.600324050633
0,3,1,NaN,2,Cassegrain,490,47,NaN,NaN,NaN,NaN,NaN,NaN,6,120,NaN,NaN,NaN,NaN,NaN,NaN,NaN,NaN,NaN,4.2152138,1.7394888030276,5.9547026030276,17.8641078090828,120,652.928771897823,3.11469,5.3157376,0.376470402808308,0.141729964190649,0.0533571367088608,53.3571367088608
0,3,1,NaN,2,Cassegrain,500,48,NaN,NaN,NaN,NaN,NaN,NaN,6,120,NaN,NaN,NaN,NaN,NaN,NaN,NaN,NaN,NaN,4.4900352,1.49800032299956,5.98803552299956,17.9641065689987,98,542.932123542698,3.31776,5.6623104,0.384480411378697,0.147825186733932,0.0568358886075949,56.8358886075949
0,1,2,NaN,1,Korsch,560,65,NaN,NaN,NaN,NaN,NaN,NaN,6,360,NaN,NaN,NaN,NaN,NaN,NaN,NaN,NaN,NaN,16.7246625,1.25023814133144,17.9749006413314,17.9749006413314,22,134.757914598922,8.23875,14.0608,0.595996108077444,0.35521136084346,0.211704588607595,211.704588607595
0,3,1,NaN,2,Cassegrain,480,46,NaN,NaN,NaN,NaN,NaN,NaN,6,120,NaN,NaN,NaN,NaN,NaN,NaN,NaN,NaN,NaN,3.9518416,2.04598539615894,5.99782699615894,17.9934809884768,148,790.554492903713,2.92008,4.9836032,0.368460394237918,0.135763062121962,0.0500233113924051,50.023311392405
0,1,2,NaN,1,Korsch,420,49,NaN,NaN,NaN,NaN,NaN,NaN,6,360,NaN,NaN,NaN,NaN,NaN,NaN,NaN,NaN,NaN,7.1648241,10.8628799537982,18.0277040537982,18.0277040537982,375,1775.74406444296,3.52947,6.0236288,0.449289373781458,0.201860941392935,0.0906939759493671,90.6939759493671
0,2,1,NaN,2,Cassegrain,630,60,NaN,NaN,NaN,NaN,NaN,NaN,6,180,NaN,NaN,NaN,NaN,NaN,NaN,NaN,NaN,NaN,8.7696,0.259039909183308,9.02863990918331,18.0572798183666,8,54.3118139648504,6.48,11.0592,0.480600514223371,0.230976854271769,0.111007594936709,111.007594936709
0,1,1,NaN,3,Cassegrain,660,76,NaN,NaN,NaN,NaN,NaN,NaN,6,360,NaN,NaN,NaN,NaN,NaN,NaN,NaN,NaN,NaN,17.8224256,0.272270903744816,18.0946965037448,18.0946965037448,4,28.2689873346244,13.16928,22.4755712,0.608760651349604,0.370589530631594,0.225600324050633,225.600324050633
1,2,2,2,2,Refractivo,970,53,210,5.47057104110718,327.68,117.68,56.0380952380952,99.343904181413,6,180,0.251730712129004,739.457359759716,0.21825,4.11792452830189,2.266652325,0.17225,0.031250125,0.0059271655625,1.604149675,9.0666093,0,9.0666093,18.1332186,0,0,4.46631,7.6225024,0.485966057355454,0.236163008901605,0.114767206329114,114.767206329114
1,2,2,2,2,Refractivo,980,53,310,2.40154409408569,327.68,17.68,5.70322580645162,99.3888883943858,6,180,0.250689462078569,732.138208361156,0.2205,4.16037735849057,2.266652325,0.17225,0.031250125,0.0059271655625,1.604149675,9.0666093,0,9.0666093,18.1332186,0,0,4.46631,7.6225024,0.485966057355454,0.236163008901605,0.114767206329114,114.767206329114
0,2,2,NaN,3,Refractivo,880,53,NaN,NaN,NaN,NaN,NaN,NaN,6,180,NaN,NaN,NaN,NaN,NaN,NaN,NaN,NaN,NaN,9.0666093,0,9.0666093,18.1332186,0,0,4.46631,7.6225024,0.485966057355454,0.236163008901605,0.114767206329114,114.767206329114
0,3,1,NaN,2,Refractivo,970,53,NaN,NaN,NaN,NaN,NaN,NaN,6,120,NaN,NaN,NaN,NaN,NaN,NaN,NaN,NaN,NaN,6.0444062,0,6.0444062,18.1332186,0,0,4.46631,7.6225024,0.424530454230645,0.180226106569277,0.0765114708860759,76.5114708860759
0,3,1,NaN,2,Refractivo,980,53,NaN,NaN,NaN,NaN,NaN,NaN,6,120,NaN,NaN,NaN,NaN,NaN,NaN,NaN,NaN,NaN,6.0444062,0,6.0444062,18.1332186,0,0,4.46631,7.6225024,0.424530454230645,0.180226106569277,0.0765114708860759,76.5114708860759
0,3,1,NaN,3,Refractivo,880,53,NaN,NaN,NaN,NaN,NaN,NaN,6,120,NaN,NaN,NaN,NaN,NaN,NaN,NaN,NaN,NaN,6.0444062,0,6.0444062,18.1332186,0,0,4.46631,7.6225024,0.424530454230645,0.180226106569277,0.0765114708860759,76.5114708860759
0,1,1,NaN,1,Korsch,650,76,NaN,NaN,NaN,NaN,NaN,NaN,6,360,NaN,NaN,NaN,NaN,NaN,NaN,NaN,NaN,NaN,17.8224256,0.336434205774627,18.1588598057746,18.1588598057746,5,34.8744637311938,13.16928,22.4755712,0.608760651349604,0.370589530631594,0.225600324050633,225.600324050633
0,2,2,NaN,2,Cassegrain,520,50,NaN,NaN,NaN,NaN,NaN,NaN,6,180,NaN,NaN,NaN,NaN,NaN,NaN,NaN,NaN,NaN,7.6125,1.47601067303164,9.08851067303164,18.1770213460633,58,332.741371090164,3.75,6.4,0.458458544674957,0.210184237185479,0.0963607594936709,96.3607594936709
0,2,2,NaN,3,Korsch,430,38,NaN,NaN,NaN,NaN,NaN,NaN,6,180,NaN,NaN,NaN,NaN,NaN,NaN,NaN,NaN,NaN,3.3417048,5.75057453535522,9.09227933535522,18.1845586707104,399,1930.15670842931,1.64616,2.8094464,0.348428493952967,0.121402415398333,0.0423000607594937,42.3000607594937
0,3,1,NaN,2,Cassegrain,510,49,NaN,NaN,NaN,NaN,NaN,NaN,6,120,NaN,NaN,NaN,NaN,NaN,NaN,NaN,NaN,NaN,4.7765494,1.2935422195737,6.0700916195737,18.2102748587211,80,451.099089596464,3.52947,6.0236288,0.392490419949087,0.15404872975181,0.0604626506329114,60.4626506329114
0,1,2,NaN,2,Cassegrain,400,39,NaN,NaN,NaN,NaN,NaN,NaN,6,360,NaN,NaN,NaN,NaN,NaN,NaN,NaN,NaN,NaN,3.6125271,14.6102858152225,18.2228129152225,18.2228129152225,698,3161.67023120188,1.77957,3.0371328,0.357597664846466,0.127876089903646,0.0457281911392405,45.7281911392405
0,2,2,NaN,2,Cassegrain,450,43,NaN,NaN,NaN,NaN,NaN,NaN,6,180,NaN,NaN,NaN,NaN,NaN,NaN,NaN,NaN,NaN,4.8419763,4.28430975180061,9.12628605180061,18.2525721036012,240,1209.71180949105,2.38521,4.0707584,0.394274348420463,0.155452261822381,0.0612908392405063,61.2908392405063
0,2,2,NaN,3,Korsch,580,52,NaN,NaN,NaN,NaN,NaN,NaN,6,180,NaN,NaN,NaN,NaN,NaN,NaN,NaN,NaN,NaN,8.5630272,0.568065517769454,9.13109271776946,18.2621854355389,19,120.023754988164,4.21824,7.1991296,0.476796886461955,0.227335270939815,0.108392749367089,108.392749367089
0,3,1,NaN,1,Refractivo,710,53,NaN,NaN,NaN,NaN,NaN,NaN,6,120,NaN,NaN,NaN,NaN,NaN,NaN,NaN,NaN,NaN,6.0444062,0.0489890629545216,6.09339526295452,18.2801857888636,2,15.046126344314,4.46631,7.6225024,0.424530454230645,0.180226106569277,0.0765114708860759,76.5114708860759
0,2,2,NaN,1,Refractivo,710,53,NaN,NaN,NaN,NaN,NaN,NaN,6,180,NaN,NaN,NaN,NaN,NaN,NaN,NaN,NaN,NaN,9.0666093,0.0734835944317824,9.14009289443178,18.2801857888636,2,15.046126344314,4.46631,7.6225024,0.485966057355454,0.236163008901605,0.114767206329114,114.767206329114
0,3,1,NaN,1,Refractivo,720,53,NaN,NaN,NaN,NaN,NaN,NaN,6,120,NaN,NaN,NaN,NaN,NaN,NaN,NaN,NaN,NaN,6.0444062,0.049577224877443,6.09398342487744,18.2819502746323,2,15.2261005631844,4.46631,7.6225024,0.424530454230645,0.180226106569277,0.0765114708860759,76.5114708860759
0,2,2,NaN,1,Refractivo,720,53,NaN,NaN,NaN,NaN,NaN,NaN,6,180,NaN,NaN,NaN,NaN,NaN,NaN,NaN,NaN,NaN,9.0666093,0.0743658373161645,9.14097513731616,18.2819502746323,2,15.2261005631844,4.46631,7.6225024,0.485966057355454,0.236163008901605,0.114767206329114,114.767206329114
0,3,1,NaN,2,Cassegrain,470,45,NaN,NaN,NaN,NaN,NaN,NaN,6,120,NaN,NaN,NaN,NaN,NaN,NaN,NaN,NaN,NaN,3.699675,2.39564560753073,6.09532060753073,18.2859618225922,181,948.739600895779,2.73375,4.6656,0.360450385667529,0.12992448052787,0.046831329113924,46.831329113924
0,1,2,NaN,1,Refractivo,900,67,NaN,NaN,NaN,NaN,NaN,NaN,6,360,NaN,NaN,NaN,NaN,NaN,NaN,NaN,NaN,NaN,18.3164667,0,18.3164667,18.3164667,0,0,9.02289,15.3990656,0.614334449864442,0.377406816290247,0.23185400886076,231.854008860759
0,1,2,NaN,1,Refractivo,910,67,NaN,NaN,NaN,NaN,NaN,NaN,6,360,NaN,NaN,NaN,NaN,NaN,NaN,NaN,NaN,NaN,18.3164667,0,18.3164667,18.3164667,0,0,9.02289,15.3990656,0.614334449864442,0.377406816290247,0.23185400886076,231.854008860759
0,1,2,NaN,2,Korsch,860,67,NaN,NaN,NaN,NaN,NaN,NaN,6,360,NaN,NaN,NaN,NaN,NaN,NaN,NaN,NaN,NaN,18.3164667,0,18.3164667,18.3164667,0,0,9.02289,15.3990656,0.614334449864442,0.377406816290247,0.23185400886076,231.854008860759
0,1,2,NaN,2,Korsch,870,67,NaN,NaN,NaN,NaN,NaN,NaN,6,360,NaN,NaN,NaN,NaN,NaN,NaN,NaN,NaN,NaN,18.3164667,0,18.3164667,18.3164667,0,0,9.02289,15.3990656,0.614334449864442,0.377406816290247,0.23185400886076,231.854008860759
0,1,2,NaN,3,Korsch,750,67,NaN,NaN,NaN,NaN,NaN,NaN,6,360,NaN,NaN,NaN,NaN,NaN,NaN,NaN,NaN,NaN,18.3164667,0.0776188530707978,18.3940855530708,18.3940855530708,1,7.88069638064189,9.02289,15.3990656,0.614334449864442,0.377406816290247,0.23185400886076,231.854008860759
0,2,2,NaN,2,Korsch,680,53,NaN,NaN,NaN,NaN,NaN,NaN,6,180,NaN,NaN,NaN,NaN,NaN,NaN,NaN,NaN,NaN,9.0666093,0.142131525351721,9.20874082535172,18.4174816507034,4,29.0030314557262,4.46631,7.6225024,0.485966057355454,0.236163008901605,0.114767206329114,114.767206329114
0,3,1,NaN,2,Korsch,680,53,NaN,NaN,NaN,NaN,NaN,NaN,6,120,NaN,NaN,NaN,NaN,NaN,NaN,NaN,NaN,NaN,6.0444062,0.0947543502344807,6.13916055023448,18.4174816507034,4,29.0030314557262,4.46631,7.6225024,0.424530454230645,0.180226106569277,0.0765114708860759,76.5114708860759
0,1,2,NaN,3,Cassegrain,580,66,NaN,NaN,NaN,NaN,NaN,NaN,6,360,NaN,NaN,NaN,NaN,NaN,NaN,NaN,NaN,NaN,17.5085064,0.911291684477343,18.4197980844773,18.4197980844773,15,94.7555960432874,8.62488,14.7197952,0.605165278970943,0.36622501487198,0.221626663291139,221.626663291139
0,2,1,NaN,1,Refractivo,820,61,NaN,NaN,NaN,NaN,NaN,NaN,6,180,NaN,NaN,NaN,NaN,NaN,NaN,NaN,NaN,NaN,9.2154286,0,9.2154286,18.4308572,0,0,6.80943,11.6214272,0.488610522793761,0.238740242984792,0.116650994936709,116.650994936709
0,2,1,NaN,1,Refractivo,830,61,NaN,NaN,NaN,NaN,NaN,NaN,6,180,NaN,NaN,NaN,NaN,NaN,NaN,NaN,NaN,NaN,9.2154286,0,9.2154286,18.4308572,0,0,6.80943,11.6214272,0.488610522793761,0.238740242984792,0.116650994936709,116.650994936709
0,2,1,NaN,2,Korsch,790,61,NaN,NaN,NaN,NaN,NaN,NaN,6,180,NaN,NaN,NaN,NaN,NaN,NaN,NaN,NaN,NaN,9.2154286,0,9.2154286,18.4308572,0,0,6.80943,11.6214272,0.488610522793761,0.238740242984792,0.116650994936709,116.650994936709
0,3,1,NaN,3,Korsch,580,52,NaN,NaN,NaN,NaN,NaN,NaN,6,120,NaN,NaN,NaN,NaN,NaN,NaN,NaN,NaN,NaN,5.7086848,0.440560137188357,6.14924493718836,18.4477348115651,22,138.974874196821,4.21824,7.1991296,0.416520445660255,0.173489281653018,0.0722618329113924,72.2618329113924
0,1,2,NaN,2,Cassegrain,700,67,NaN,NaN,NaN,NaN,NaN,NaN,6,360,NaN,NaN,NaN,NaN,NaN,NaN,NaN,NaN,NaN,18.3164667,0.146662519143929,18.4631292191439,18.4631292191439,2,14.8653735594344,9.02289,15.3990656,0.614334449864442,0.377406816290247,0.23185400886076,231.854008860759
0,1,1,NaN,2,Korsch,990,77,NaN,NaN,NaN,NaN,NaN,NaN,6,360,NaN,NaN,NaN,NaN,NaN,NaN,NaN,NaN,NaN,18.5352398,0,18.5352398,18.5352398,0,0,13.69599,23.3744896,0.616770659919993,0.380406046938144,0.234623288607595,234.623288607595
0,1,1,NaN,2,Korsch,1000,77,NaN,NaN,NaN,NaN,NaN,NaN,6,360,NaN,NaN,NaN,NaN,NaN,NaN,NaN,NaN,NaN,18.5352398,0,18.5352398,18.5352398,0,0,13.69599,23.3744896,0.616770659919993,0.380406046938144,0.234623288607595,234.623288607595
0,1,1,NaN,2,Cassegrain,800,77,NaN,NaN,NaN,NaN,NaN,NaN,6,360,NaN,NaN,NaN,NaN,NaN,NaN,NaN,NaN,NaN,18.5352398,0,18.5352398,18.5352398,0,0,13.69599,23.3744896,0.616770659919993,0.380406046938144,0.234623288607595,234.623288607595
0,1,1,NaN,3,Korsch,870,77,NaN,NaN,NaN,NaN,NaN,NaN,6,360,NaN,NaN,NaN,NaN,NaN,NaN,NaN,NaN,NaN,18.5352398,0,18.5352398,18.5352398,0,0,13.69599,23.3744896,0.616770659919993,0.380406046938144,0.234623288607595,234.623288607595
0,3,1,NaN,3,Korsch,440,39,NaN,NaN,NaN,NaN,NaN,NaN,6,120,NaN,NaN,NaN,NaN,NaN,NaN,NaN,NaN,NaN,2.4083514,3.78147123676601,6.18982263676601,18.569467910298,368,1817.62588782275,1.77957,3.0371328,0.312390334245191,0.0975877209298224,0.0304854607594937,30.4854607594937
0,3,1,NaN,2,Cassegrain,520,50,NaN,NaN,NaN,NaN,NaN,NaN,6,120,NaN,NaN,NaN,NaN,NaN,NaN,NaN,NaN,NaN,5.075,1.13270602618322,6.20770602618323,18.6231180785497,66,378.636732619841,3.75,6.4,0.400500428519476,0.160400593244284,0.0642405063291139,64.2405063291139
0,2,1,NaN,3,Korsch,690,61,NaN,NaN,NaN,NaN,NaN,NaN,6,180,NaN,NaN,NaN,NaN,NaN,NaN,NaN,NaN,NaN,9.2154286,0.109523610842948,9.32495221084295,18.6499044216859,3,22.0257571116181,6.80943,11.6214272,0.488610522793761,0.238740242984792,0.116650994936709,116.650994936709
0,2,2,NaN,2,Cassegrain,530,51,NaN,NaN,NaN,NaN,NaN,NaN,6,180,NaN,NaN,NaN,NaN,NaN,NaN,NaN,NaN,NaN,8.0784459,1.27217061384362,9.35061651384362,18.7012330276872,47,274.229526123754,3.97953,6.7917312,0.467627715568456,0.218675680367773,0.102258808860759,102.258808860759
0,2,1,NaN,3,Korsch,680,61,NaN,NaN,NaN,NaN,NaN,NaN,6,180,NaN,NaN,NaN,NaN,NaN,NaN,NaN,NaN,NaN,9.2154286,0.144464471816148,9.35989307181615,18.7197861436323,4,29.0030314557262,6.80943,11.6214272,0.488610522793761,0.238740242984792,0.116650994936709,116.650994936709
0,1,1,NaN,3,Cassegrain,670,77,NaN,NaN,NaN,NaN,NaN,NaN,6,360,NaN,NaN,NaN,NaN,NaN,NaN,NaN,NaN,NaN,18.5352398,0.214776727528288,18.7500165275283,18.7500165275283,3,21.4776034964843,13.69599,23.3744896,0.616770659919993,0.380406046938144,0.234623288607595,234.623288607595
0,2,1,NaN,2,Cassegrain,420,40,NaN,NaN,NaN,NaN,NaN,NaN,6,180,NaN,NaN,NaN,NaN,NaN,NaN,NaN,NaN,NaN,2.5984,6.77733873023847,9.37573873023847,18.7514774604769,526,2490.77700772533,1.92,3.2768,0.320400342815581,0.102656379676342,0.0328911392405063,32.8911392405063
0,3,1,NaN,1,Refractivo,420,31,NaN,NaN,NaN,NaN,NaN,NaN,6,120,NaN,NaN,NaN,NaN,NaN,NaN,NaN,NaN,NaN,1.2095146,5.05658532329277,6.26609992329277,18.7982997698783,679,3215.28058601805,0.89373,1.5252992,0.248310265682075,0.0616579880431028,0.0153103113924051,15.3103113924051
0,1,1,NaN,1,Korsch,660,77,NaN,NaN,NaN,NaN,NaN,NaN,6,360,NaN,NaN,NaN,NaN,NaN,NaN,NaN,NaN,NaN,18.5352398,0.283160474603012,18.818400274603,18.818400274603,4,28.2689873346244,13.69599,23.3744896,0.616770659919993,0.380406046938144,0.234623288607595,234.623288607595
0,2,1,NaN,2,Cassegrain,640,61,NaN,NaN,NaN,NaN,NaN,NaN,6,180,NaN,NaN,NaN,NaN,NaN,NaN,NaN,NaN,NaN,9.2154286,0.241088544553254,9.45651714455325,18.9130342891065,7,48.1749573691386,6.80943,11.6214272,0.488610522793761,0.238740242984792,0.116650994936709,116.650994936709
0,3,1,NaN,2,Cassegrain,460,44,NaN,NaN,NaN,NaN,NaN,NaN,6,120,NaN,NaN,NaN,NaN,NaN,NaN,NaN,NaN,NaN,3.4584704,2.85168988446455,6.31016028446455,18.9304808533937,223,1146.50615715449,2.55552,4.3614208,0.352440377097139,0.124214219408374,0.0437781063291139,43.7781063291139
0,1,2,NaN,3,Refractivo,390,24,NaN,NaN,NaN,NaN,NaN,NaN,6,360,NaN,NaN,NaN,NaN,NaN,NaN,NaN,NaN,NaN,0.8418816,18.1128025219084,18.9546841219084,18.9546841219084,1400,6196.5014460091,0.41472,0.7077888,0.220060101443979,0.0484264482475345,0.010656729113924,10.656729113924
0,2,2,NaN,3,Korsch,600,53,NaN,NaN,NaN,NaN,NaN,NaN,6,180,NaN,NaN,NaN,NaN,NaN,NaN,NaN,NaN,NaN,9.0666093,0.420234010407716,9.48684331040772,18.9736866208154,13,84.5916592232006,4.46631,7.6225024,0.485966057355454,0.236163008901605,0.114767206329114,114.767206329114
0,1,1,NaN,3,Cassegrain,400,46,NaN,NaN,NaN,NaN,NaN,NaN,6,360,NaN,NaN,NaN,NaN,NaN,NaN,NaN,NaN,NaN,3.9518416,15.0606465031354,19.0124881031354,19.0124881031354,677,3066.54834745512,2.92008,4.9836032,0.368460394237918,0.135763062121962,0.0500233113924051,50.023311392405
0,1,1,NaN,1,Refractivo,390,29,NaN,NaN,NaN,NaN,NaN,NaN,6,360,NaN,NaN,NaN,NaN,NaN,NaN,NaN,NaN,NaN,0.9901934,18.0377841839944,19.0279775839944,19.0279775839944,1327,5873.39815632434,0.73167,1.2487168,0.232290248541296,0.0539587595673771,0.0125340936708861,12.5340936708861
0,2,1,NaN,3,Cassegrain,490,56,NaN,NaN,NaN,NaN,NaN,NaN,6,180,NaN,NaN,NaN,NaN,NaN,NaN,NaN,NaN,NaN,7.1300096,2.41181916648323,9.54182876648323,19.0836575329665,101,549.548383014001,5.26848,8.9915392,0.448560479941813,0.20120650416563,0.0902532860759494,90.2532860759493
0,1,1,NaN,2,Korsch,390,30,NaN,NaN,NaN,NaN,NaN,NaN,6,360,NaN,NaN,NaN,NaN,NaN,NaN,NaN,NaN,NaN,1.0962,18.0079712009306,19.1041712009306,19.1041712009306,1282,5674.22489555976,0.81,1.3824,0.240300257111686,0.0577442135679422,0.0138759493670886,13.8759493670886
0,3,1,NaN,3,Korsch,600,53,NaN,NaN,NaN,NaN,NaN,NaN,6,120,NaN,NaN,NaN,NaN,NaN,NaN,NaN,NaN,NaN,6.0444062,0.324292466616299,6.3686986666163,19.1060959998489,15,97.6057606421546,4.46631,7.6225024,0.424530454230645,0.180226106569277,0.0765114708860759,76.5114708860759
0,3,1,NaN,2,Cassegrain,530,51,NaN,NaN,NaN,NaN,NaN,NaN,6,120,NaN,NaN,NaN,NaN,NaN,NaN,NaN,NaN,NaN,5.3856306,0.984420827547235,6.37005142754723,19.1101542826417,54,315.072221503888,3.97953,6.7917312,0.408510437089866,0.166880777211353,0.0681725392405063,68.1725392405063
0,2,1,NaN,3,Cassegrain,480,55,NaN,NaN,NaN,NaN,NaN,NaN,6,180,NaN,NaN,NaN,NaN,NaN,NaN,NaN,NaN,NaN,6.754825,2.80789886019057,9.56272386019057,19.1254477203811,123,657.014882615924,4.99125,8.5184,0.440550471371424,0.194084717825584,0.0855041139240506,85.5041139240506
0,1,2,NaN,1,Refractivo,920,68,NaN,NaN,NaN,NaN,NaN,NaN,6,360,NaN,NaN,NaN,NaN,NaN,NaN,NaN,NaN,NaN,19.1489088,0,19.1489088,19.1489088,0,0,9.43296,16.0989184,0.623503620757941,0.388756765098263,0.242391250632911,242.391250632911
0,1,2,NaN,2,Korsch,880,68,NaN,NaN,NaN,NaN,NaN,NaN,6,360,NaN,NaN,NaN,NaN,NaN,NaN,NaN,NaN,NaN,19.1489088,0,19.1489088,19.1489088,0,0,9.43296,16.0989184,0.623503620757941,0.388756765098263,0.242391250632911,242.391250632911
0,1,2,NaN,3,Korsch,770,68,NaN,NaN,NaN,NaN,NaN,NaN,6,360,NaN,NaN,NaN,NaN,NaN,NaN,NaN,NaN,NaN,19.1489088,0,19.1489088,19.1489088,0,0,9.43296,16.0989184,0.623503620757941,0.388756765098263,0.242391250632911,242.391250632911
0,2,2,NaN,3,Korsch,590,53,NaN,NaN,NaN,NaN,NaN,NaN,6,180,NaN,NaN,NaN,NaN,NaN,NaN,NaN,NaN,NaN,9.0666093,0.511936729746482,9.57854602974648,19.157092059493,16,102.596043650279,4.46631,7.6225024,0.485966057355454,0.236163008901605,0.114767206329114,114.767206329114
1,2,2,2,2,Refractivo,990,54,210,4.26774215698242,327.68,117.68,56.0380952380952,99.4340315760916,6,180,0.251557128660106,738.696109527144,0.22275,4.125,2.3973894,0.1755,0.0324405,0.0062690355,1.6966746,9.5895576,0,9.5895576,19.1791152,0,0,4.72392,8.0621568,0.495135228248953,0.245158894253143,0.121386805063291,121.386805063291
1,2,2,2,2,Refractivo,1000,54,190,6.00624227523804,327.68,137.68,72.4631578947368,99.4793341291633,6,180,0.250535254178058,731.534583891213,0.225,4.16666666666667,2.3973894,0.1755,0.0324405,0.0062690355,1.6966746,9.5895576,0,9.5895576,19.1791152,0,0,4.72392,8.0621568,0.495135228248953,0.245158894253143,0.121386805063291,121.386805063291
1,3,1,1,2,Refractivo,990,54,130,6.67440891265869,163.84,33.84,26.0307692307692,99.4340315760916,6,120,0.251557128660106,738.696109527144,0.22275,4.125,1.5982596,0.1755,0.0324405,0.0062690355,1.6966746,6.3930384,0,6.3930384,19.1791152,0,0,4.72392,8.0621568,0.432540462801034,0.187091251960133,0.0809245367088608,80.9245367088607
0,2,2,NaN,3,Refractivo,890,54,NaN,NaN,NaN,NaN,NaN,NaN,6,180,NaN,NaN,NaN,NaN,NaN,NaN,NaN,NaN,NaN,9.5895576,0,9.5895576,19.1791152,0,0,4.72392,8.0621568,0.495135228248953,0.245158894253143,0.121386805063291,121.386805063291
0,2,2,NaN,3,Refractivo,900,54,NaN,NaN,NaN,NaN,NaN,NaN,6,180,NaN,NaN,NaN,NaN,NaN,NaN,NaN,NaN,NaN,9.5895576,0,9.5895576,19.1791152,0,0,4.72392,8.0621568,0.495135228248953,0.245158894253143,0.121386805063291,121.386805063291
0,3,1,NaN,2,Refractivo,1000,54,NaN,NaN,NaN,NaN,NaN,NaN,6,120,NaN,NaN,NaN,NaN,NaN,NaN,NaN,NaN,NaN,6.3930384,0,6.3930384,19.1791152,0,0,4.72392,8.0621568,0.432540462801034,0.187091251960133,0.0809245367088608,80.9245367088607
0,3,1,NaN,3,Refractivo,890,54,NaN,NaN,NaN,NaN,NaN,NaN,6,120,NaN,NaN,NaN,NaN,NaN,NaN,NaN,NaN,NaN,6.3930384,0,6.3930384,19.1791152,0,0,4.72392,8.0621568,0.432540462801034,0.187091251960133,0.0809245367088608,80.9245367088607
0,3,1,NaN,3,Refractivo,900,54,NaN,NaN,NaN,NaN,NaN,NaN,6,120,NaN,NaN,NaN,NaN,NaN,NaN,NaN,NaN,NaN,6.3930384,0,6.3930384,19.1791152,0,0,4.72392,8.0621568,0.432540462801034,0.187091251960133,0.0809245367088608,80.9245367088607
0,2,1,NaN,3,Cassegrain,500,57,NaN,NaN,NaN,NaN,NaN,NaN,6,180,NaN,NaN,NaN,NaN,NaN,NaN,NaN,NaN,NaN,7.5188358,2.08018428563777,9.59902008563776,19.1980401712755,83,459.830267898407,5.55579,9.4818816,0.456570488512203,0.208456610980271,0.0951751367088608,95.1751367088607
0,1,2,NaN,3,Korsch,760,68,NaN,NaN,NaN,NaN,NaN,NaN,6,360,NaN,NaN,NaN,NaN,NaN,NaN,NaN,NaN,NaN,19.1489088,0.0820589881201574,19.2309677881202,19.2309677881202,1,7.96914676024426,9.43296,16.0989184,0.623503620757941,0.388756765098263,0.242391250632911,242.391250632911
0,2,2,NaN,1,Refractivo,730,54,NaN,NaN,NaN,NaN,NaN,NaN,6,180,NaN,NaN,NaN,NaN,NaN,NaN,NaN,NaN,NaN,9.5895576,0.0397173985515614,9.62927499855156,19.2585499971031,1,7.7026501615901,4.72392,8.0621568,0.495135228248953,0.245158894253143,0.121386805063291,121.386805063291
0,1,1,NaN,2,Cassegrain,810,78,NaN,NaN,NaN,NaN,NaN,NaN,6,360,NaN,NaN,NaN,NaN,NaN,NaN,NaN,NaN,NaN,19.2668112,0,19.2668112,19.2668112,0,0,14.23656,24.2970624,0.624780668490383,0.390350883719289,0.243883686075949,243.883686075949
0,1,1,NaN,3,Korsch,880,78,NaN,NaN,NaN,NaN,NaN,NaN,6,360,NaN,NaN,NaN,NaN,NaN,NaN,NaN,NaN,NaN,19.2668112,0,19.2668112,19.2668112,0,0,14.23656,24.2970624,0.624780668490383,0.390350883719289,0.243883686075949,243.883686075949
0,3,1,NaN,3,Korsch,590,53,NaN,NaN,NaN,NaN,NaN,NaN,6,120,NaN,NaN,NaN,NaN,NaN,NaN,NaN,NaN,NaN,6.0444062,0.385166325495146,6.42957252549514,19.2887175764854,18,115.420549106564,4.46631,7.6225024,0.424530454230645,0.180226106569277,0.0765114708860759,76.5114708860759
0,1,2,NaN,2,Cassegrain,710,68,NaN,NaN,NaN,NaN,NaN,NaN,6,360,NaN,NaN,NaN,NaN,NaN,NaN,NaN,NaN,NaN,19.1489088,0.155199215220445,19.3041080152204,19.3041080152204,2,15.046126344314,9.43296,16.0989184,0.623503620757941,0.388756765098263,0.242391250632911,242.391250632911
0,2,2,NaN,2,Korsch,700,54,NaN,NaN,NaN,NaN,NaN,NaN,6,180,NaN,NaN,NaN,NaN,NaN,NaN,NaN,NaN,NaN,9.5895576,0.0767849333677337,9.66634253336773,19.3326850667355,2,14.8653735594344,4.72392,8.0621568,0.495135228248953,0.245158894253143,0.121386805063291,121.386805063291
0,3,1,NaN,1,Refractivo,730,54,NaN,NaN,NaN,NaN,NaN,NaN,6,120,NaN,NaN,NaN,NaN,NaN,NaN,NaN,NaN,NaN,6.3930384,0.0530562277096014,6.4460946277096,19.3382838831288,2,15.4053003231802,4.72392,8.0621568,0.432540462801034,0.187091251960133,0.0809245367088608,80.9245367088607
0,2,1,NaN,1,Refractivo,840,62,NaN,NaN,NaN,NaN,NaN,NaN,6,180,NaN,NaN,NaN,NaN,NaN,NaN,NaN,NaN,NaN,9.6761168,0,9.6761168,19.3522336,0,0,7.14984,12.2023936,0.49662053136415,0.246631952172411,0.12248249113924,122.48249113924
0,2,1,NaN,2,Korsch,800,62,NaN,NaN,NaN,NaN,NaN,NaN,6,180,NaN,NaN,NaN,NaN,NaN,NaN,NaN,NaN,NaN,9.6761168,0,9.6761168,19.3522336,0,0,7.14984,12.2023936,0.49662053136415,0.246631952172411,0.12248249113924,122.48249113924
0,2,2,NaN,2,Cassegrain,540,52,NaN,NaN,NaN,NaN,NaN,NaN,6,180,NaN,NaN,NaN,NaN,NaN,NaN,NaN,NaN,NaN,8.5630272,1.12553579399569,9.68856299399569,19.3771259879914,39,231.347714581643,4.21824,7.1991296,0.476796886461955,0.227335270939815,0.108392749367089,108.392749367089
0,2,2,NaN,2,Korsch,690,54,NaN,NaN,NaN,NaN,NaN,NaN,6,180,NaN,NaN,NaN,NaN,NaN,NaN,NaN,NaN,NaN,9.5895576,0.113970062633705,9.7035276626337,19.4070553252674,3,22.0257571116181,4.72392,8.0621568,0.495135228248953,0.245158894253143,0.121386805063291,121.386805063291
0,3,1,NaN,2,Korsch,690,54,NaN,NaN,NaN,NaN,NaN,NaN,6,120,NaN,NaN,NaN,NaN,NaN,NaN,NaN,NaN,NaN,6.3930384,0.0759800417558035,6.4690184417558,19.4070553252674,3,22.0257571116181,4.72392,8.0621568,0.432540462801034,0.187091251960133,0.0809245367088608,80.9245367088607
0,3,1,NaN,2,Korsch,700,54,NaN,NaN,NaN,NaN,NaN,NaN,6,120,NaN,NaN,NaN,NaN,NaN,NaN,NaN,NaN,NaN,6.3930384,0.0769244978800605,6.46996289788006,19.4098886936402,3,22.2980603391516,4.72392,8.0621568,0.432540462801034,0.187091251960133,0.0809245367088608,80.9245367088607
0,2,1,NaN,3,Cassegrain,470,54,NaN,NaN,NaN,NaN,NaN,NaN,6,180,NaN,NaN,NaN,NaN,NaN,NaN,NaN,NaN,NaN,6.3930384,3.3145866041366,9.7076250041366,19.4152500082732,151,791.489943288744,4.72392,8.0621568,0.432540462801034,0.187091251960133,0.0809245367088608,80.9245367088607
0,1,2,NaN,1,Korsch,570,67,NaN,NaN,NaN,NaN,NaN,NaN,6,360,NaN,NaN,NaN,NaN,NaN,NaN,NaN,NaN,NaN,18.3164667,1.13148086788665,19.4479475678867,19.4479475678867,18,111.985370926624,9.02289,15.3990656,0.614334449864442,0.377406816290247,0.23185400886076,231.854008860759
0,2,2,NaN,2,Cassegrain,440,42,NaN,NaN,NaN,NaN,NaN,NaN,6,180,NaN,NaN,NaN,NaN,NaN,NaN,NaN,NaN,NaN,4.5119592,5.21431503560167,9.72627423560167,19.4525484712033,298,1471.88183307386,2.22264,3.7933056,0.385105177526964,0.148305997758074,0.0571134075949367,57.1134075949367
0,1,1,NaN,1,Korsch,670,78,NaN,NaN,NaN,NaN,NaN,NaN,6,360,NaN,NaN,NaN,NaN,NaN,NaN,NaN,NaN,NaN,19.2668112,0.223253796772641,19.4900649967726,19.4900649967726,3,21.4776034964843,14.23656,24.2970624,0.624780668490383,0.390350883719289,0.243883686075949,243.883686075949
0,1,1,NaN,3,Cassegrain,680,78,NaN,NaN,NaN,NaN,NaN,NaN,6,360,NaN,NaN,NaN,NaN,NaN,NaN,NaN,NaN,NaN,19.2668112,0.226124094886605,19.4929352948866,19.4929352948866,3,21.7522735917946,14.23656,24.2970624,0.624780668490383,0.390350883719289,0.243883686075949,243.883686075949
0,2,1,NaN,3,Korsch,700,62,NaN,NaN,NaN,NaN,NaN,NaN,6,180,NaN,NaN,NaN,NaN,NaN,NaN,NaN,NaN,NaN,9.6761168,0.0774780250286424,9.75359482502864,19.5071896500573,2,14.8653735594344,7.14984,12.2023936,0.49662053136415,0.246631952172411,0.12248249113924,122.48249113924
0,1,1,NaN,3,Refractivo,390,24,NaN,NaN,NaN,NaN,NaN,NaN,6,360,NaN,NaN,NaN,NaN,NaN,NaN,NaN,NaN,NaN,0.5612544,19.058519926552,19.619774326552,19.619774326552,1603,7094.99415568042,0.41472,0.7077888,0.192240205689349,0.036956296683483,0.00710448607594937,7.10448607594936
0,1,2,NaN,2,Refractivo,390,21,NaN,NaN,NaN,NaN,NaN,NaN,6,360,NaN,NaN,NaN,NaN,NaN,NaN,NaN,NaN,NaN,0.5639949,19.0663684210952,19.6303633210952,19.6303633210952,1601,7086.14201075755,0.27783,0.4741632,0.192552588763482,0.0370764994395186,0.00713917594936709,7.13917594936709
0,1,1,NaN,1,Korsch,400,47,NaN,NaN,NaN,NaN,NaN,NaN,6,360,NaN,NaN,NaN,NaN,NaN,NaN,NaN,NaN,NaN,4.2152138,15.4336819190633,19.6488957190633,19.6488957190633,663,3003.13375829061,3.11469,5.3157376,0.376470402808308,0.141729964190649,0.0533571367088608,53.3571367088608
0,1,2,NaN,3,Cassegrain,410,47,NaN,NaN,NaN,NaN,NaN,NaN,6,360,NaN,NaN,NaN,NaN,NaN,NaN,NaN,NaN,NaN,6.3228207,13.3497373003432,19.6725580003432,19.6725580003432,474,2195.89712224092,3.11469,5.3157376,0.430951031994459,0.18571879197709,0.0800357050632911,80.0357050632911
0,3,1,NaN,2,Cassegrain,540,52,NaN,NaN,NaN,NaN,NaN,NaN,6,120,NaN,NaN,NaN,NaN,NaN,NaN,NaN,NaN,NaN,5.7086848,0.873500555110511,6.58218535511051,19.7465560653315,45,266.939670671127,4.21824,7.1991296,0.416520445660255,0.173489281653018,0.0722618329113924,72.2618329113924
0,2,1,NaN,2,Cassegrain,650,62,NaN,NaN,NaN,NaN,NaN,NaN,6,180,NaN,NaN,NaN,NaN,NaN,NaN,NaN,NaN,NaN,9.6761168,0.219561886867211,9.89567868686721,19.7913573737344,6,41.8493564774326,7.14984,12.2023936,0.49662053136415,0.246631952172411,0.12248249113924,122.48249113924
0,1,2,NaN,1,Refractivo,390,29,NaN,NaN,NaN,NaN,NaN,NaN,6,360,NaN,NaN,NaN,NaN,NaN,NaN,NaN,NaN,NaN,1.4852901,18.326999356181,19.812289456181,19.812289456181,1159,5129.81798280325,0.73167,1.2487168,0.265905955911475,0.0707059773891953,0.0188011405063291,18.8011405063291
0,3,1,NaN,2,Refractivo,410,23,NaN,NaN,NaN,NaN,NaN,NaN,6,120,NaN,NaN,NaN,NaN,NaN,NaN,NaN,NaN,NaN,0.4939802,6.13574556615157,6.62972576615157,19.8891772984547,1110,5142.29072929837,0.36501,0.6229504,0.184230197118959,0.0339407655304905,0.00625291392405063,6.25291392405063
0,2,2,NaN,1,Refractivo,410,31,NaN,NaN,NaN,NaN,NaN,NaN,6,180,NaN,NaN,NaN,NaN,NaN,NaN,NaN,NaN,NaN,1.8142719,8.14089810627356,9.95517000627356,19.9103400125471,719,3330.90723816714,0.89373,1.5252992,0.284244297698473,0.0807948207740983,0.0229654670886076,22.9654670886076
0,2,2,NaN,3,Korsch,610,54,NaN,NaN,NaN,NaN,NaN,NaN,6,180,NaN,NaN,NaN,NaN,NaN,NaN,NaN,NaN,NaN,9.5895576,0.380427153883373,9.96998475388337,19.9399695077667,11,72.6157949345961,4.72392,8.0621568,0.495135228248953,0.245158894253143,0.121386805063291,121.386805063291
0,2,1,NaN,3,Cassegrain,460,53,NaN,NaN,NaN,NaN,NaN,NaN,6,180,NaN,NaN,NaN,NaN,NaN,NaN,NaN,NaN,NaN,6.0444062,3.92629077792693,9.97069697792693,19.9413939558539,185,951.137394948796,4.46631,7.6225024,0.424530454230645,0.180226106569277,0.0765114708860759,76.5114708860759
0,1,2,NaN,3,Cassegrain,590,68,NaN,NaN,NaN,NaN,NaN,NaN,6,360,NaN,NaN,NaN,NaN,NaN,NaN,NaN,NaN,NaN,19.1489088,0.805822553856873,19.9547313538569,19.9547313538569,12,76.9470327377094,9.43296,16.0989184,0.623503620757941,0.388756765098263,0.242391250632911,242.391250632911
0,3,1,NaN,2,Cassegrain,450,43,NaN,NaN,NaN,NaN,NaN,NaN,6,120,NaN,NaN,NaN,NaN,NaN,NaN,NaN,NaN,NaN,3.2279842,3.43211107399459,6.66009527399459,19.9802858219838,275,1386.12811504183,2.38521,4.0707584,0.344430368526749,0.118632278763472,0.0408605594936709,40.8605594936709
0,1,2,NaN,1,Refractivo,930,69,NaN,NaN,NaN,NaN,NaN,NaN,6,360,NaN,NaN,NaN,NaN,NaN,NaN,NaN,NaN,NaN,20.0061981,0,20.0061981,20.0061981,0,0,9.85527,16.8196608,0.632672791651441,0.400274861296027,0.253243013924051,253.243013924051
0,1,2,NaN,2,Korsch,890,69,NaN,NaN,NaN,NaN,NaN,NaN,6,360,NaN,NaN,NaN,NaN,NaN,NaN,NaN,NaN,NaN,20.0061981,0,20.0061981,20.0061981,0,0,9.85527,16.8196608,0.632672791651441,0.400274861296027,0.253243013924051,253.243013924051
0,1,2,NaN,3,Korsch,780,69,NaN,NaN,NaN,NaN,NaN,NaN,6,360,NaN,NaN,NaN,NaN,NaN,NaN,NaN,NaN,NaN,20.0061981,0,20.0061981,20.0061981,0,0,9.85527,16.8196608,0.632672791651441,0.400274861296027,0.253243013924051,253.243013924051
0,2,1,NaN,1,Korsch,490,57,NaN,NaN,NaN,NaN,NaN,NaN,6,180,NaN,NaN,NaN,NaN,NaN,NaN,NaN,NaN,NaN,7.5188358,2.4860804019405,10.0049162019405,20.009832403881,99,538.666236815704,5.55579,9.4818816,0.456570488512203,0.208456610980271,0.0951751367088608,95.1751367088607
0,1,1,NaN,2,Cassegrain,820,79,NaN,NaN,NaN,NaN,NaN,NaN,6,360,NaN,NaN,NaN,NaN,NaN,NaN,NaN,NaN,NaN,20.0173834,0,20.0173834,20.0173834,0,0,14.79117,25.2435968,0.632790677060772,0.400424040975031,0.2533846,253.3846
0,1,1,NaN,2,Cassegrain,830,79,NaN,NaN,NaN,NaN,NaN,NaN,6,360,NaN,NaN,NaN,NaN,NaN,NaN,NaN,NaN,NaN,20.0173834,0,20.0173834,20.0173834,0,0,14.79117,25.2435968,0.632790677060772,0.400424040975031,0.2533846,253.3846
0,1,1,NaN,3,Korsch,890,79,NaN,NaN,NaN,NaN,NaN,NaN,6,360,NaN,NaN,NaN,NaN,NaN,NaN,NaN,NaN,NaN,20.0173834,0,20.0173834,20.0173834,0,0,14.79117,25.2435968,0.632790677060772,0.400424040975031,0.2533846,253.3846
0,2,1,NaN,1,Korsch,480,56,NaN,NaN,NaN,NaN,NaN,NaN,6,180,NaN,NaN,NaN,NaN,NaN,NaN,NaN,NaN,NaN,7.1300096,2.90767597143941,10.0376855714394,20.0753711428788,121,646.331713792901,5.26848,8.9915392,0.448560479941813,0.20120650416563,0.0902532860759494,90.2532860759493
0,3,1,NaN,3,Korsch,610,54,NaN,NaN,NaN,NaN,NaN,NaN,6,120,NaN,NaN,NaN,NaN,NaN,NaN,NaN,NaN,NaN,6.3930384,0.300703669012037,6.69374206901204,20.0812262070361,13,85.8186667408863,4.72392,8.0621568,0.432540462801034,0.187091251960133,0.0809245367088608,80.9245367088607
0,1,2,NaN,2,Cassegrain,720,69,NaN,NaN,NaN,NaN,NaN,NaN,6,360,NaN,NaN,NaN,NaN,NaN,NaN,NaN,NaN,NaN,20.0061981,0.0818947032489909,20.088092803249,20.088092803249,1,7.61305028159222,9.85527,16.8196608,0.632672791651441,0.400274861296027,0.253243013924051,253.243013924051
0,2,2,NaN,2,Cassegrain,550,53,NaN,NaN,NaN,NaN,NaN,NaN,6,180,NaN,NaN,NaN,NaN,NaN,NaN,NaN,NaN,NaN,9.0666093,0.984368837773094,10.0509781377731,20.1019562755462,32,192.924423810415,4.46631,7.6225024,0.485966057355454,0.236163008901605,0.114767206329114,114.767206329114
0,2,1,NaN,1,Korsch,500,58,NaN,NaN,NaN,NaN,NaN,NaN,6,180,NaN,NaN,NaN,NaN,NaN,NaN,NaN,NaN,NaN,7.9215472,2.13280379688318,10.0543509968832,20.1087019937664,81,448.750020479169,5.85336,9.9897344,0.464580497082592,0.215835038269509,0.100272749367089,100.272749367089
0,1,2,NaN,1,Korsch,580,68,NaN,NaN,NaN,NaN,NaN,NaN,6,360,NaN,NaN,NaN,NaN,NaN,NaN,NaN,NaN,NaN,19.1489088,0.996672186512438,20.1455809865124,20.1455809865124,15,94.7555960432874,9.43296,16.0989184,0.623503620757941,0.388756765098263,0.242391250632911,242.391250632911
0,1,2,NaN,2,Korsch,390,30,NaN,NaN,NaN,NaN,NaN,NaN,6,360,NaN,NaN,NaN,NaN,NaN,NaN,NaN,NaN,NaN,1.6443,18.5041618389492,20.1484618389492,20.1484618389492,1120,4957.20115680728,0.81,1.3824,0.275075126804974,0.0756663253867726,0.0208139240506329,20.8139240506329
0,1,1,NaN,3,Cassegrain,690,79,NaN,NaN,NaN,NaN,NaN,NaN,6,360,NaN,NaN,NaN,NaN,NaN,NaN,NaN,NaN,NaN,20.0173834,0.158317619209519,20.1757010192095,20.1757010192095,2,14.6838380744121,14.79117,25.2435968,0.632790677060772,0.400424040975031,0.2533846,253.3846
0,1,1,NaN,1,Korsch,680,79,NaN,NaN,NaN,NaN,NaN,NaN,6,360,NaN,NaN,NaN,NaN,NaN,NaN,NaN,NaN,NaN,20.0173834,0.234933152992289,20.2523165529923,20.2523165529923,3,21.7522735917946,14.79117,25.2435968,0.632790677060772,0.400424040975031,0.2533846,253.3846
1,2,2,3,3,Refractivo,920,55,210,6.66610956192017,240,30,14.2857142857143,99.121353640676,6,180,0.250025439887075,751.086448099009,0.345,6.27272727272727,2.533059375,0.17875,0.033653125,0.0066238046875,1.792690625,10.1322375,0,10.1322375,20.264475,0,0,4.99125,8.5184,0.504304399142453,0.25432292699443,0.128256170886076,128.256170886076
1,3,1,2,3,Refractivo,910,55,120,5.34264230728149,160,40,33.3333333333333,99.077314852791,6,120,0.250993628720142,759.165560877443,0.34125,6.20454545454545,1.68870625,0.17875,0.033653125,0.0066238046875,1.792690625,6.754825,0,6.754825,20.264475,0,0,4.99125,8.5184,0.440550471371424,0.194084717825584,0.0855041139240506,85.5041139240506
0,2,2,NaN,3,Refractivo,910,55,NaN,NaN,NaN,NaN,NaN,NaN,6,180,NaN,NaN,NaN,NaN,NaN,NaN,NaN,NaN,NaN,10.1322375,0,10.1322375,20.264475,0,0,4.99125,8.5184,0.504304399142453,0.25432292699443,0.128256170886076,128.256170886076
0,3,1,NaN,3,Refractivo,920,55,NaN,NaN,NaN,NaN,NaN,NaN,6,120,NaN,NaN,NaN,NaN,NaN,NaN,NaN,NaN,NaN,6.754825,0,6.754825,20.264475,0,0,4.99125,8.5184,0.440550471371424,0.194084717825584,0.0855041139240506,85.5041139240506
0,2,1,NaN,1,Refractivo,850,63,NaN,NaN,NaN,NaN,NaN,NaN,6,180,NaN,NaN,NaN,NaN,NaN,NaN,NaN,NaN,NaN,10.1519082,0,10.1519082,20.3038164,0,0,7.50141,12.8024064,0.50463053993454,0.254651981834625,0.128505167088608,128.505167088608
0,2,1,NaN,2,Korsch,810,63,NaN,NaN,NaN,NaN,NaN,NaN,6,180,NaN,NaN,NaN,NaN,NaN,NaN,NaN,NaN,NaN,10.1519082,0,10.1519082,20.3038164,0,0,7.50141,12.8024064,0.50463053993454,0.254651981834625,0.128505167088608,128.505167088608
0,2,1,NaN,1,Korsch,470,55,NaN,NaN,NaN,NaN,NaN,NaN,6,180,NaN,NaN,NaN,NaN,NaN,NaN,NaN,NaN,NaN,6.754825,3.41860572777612,10.1734307277761,20.3468614555522,148,775.764977528041,4.99125,8.5184,0.440550471371424,0.194084717825584,0.0855041139240506,85.5041139240506
1,2,2,3,1,Refractivo,740,55,250,6.54225254058838,288,38,15.2,98.3522342969868,6,180,0.250801765443349,947.603162734642,0.13875,2.52272727272727,2.533059375,0.17875,0.033653125,0.0066238046875,1.792690625,10.1322375,0.0424520121204601,10.1746895121205,20.3493790242409,1,7.79186485231548,4.99125,8.5184,0.504304399142453,0.25432292699443,0.128256170886076,128.256170886076
0,3,1,NaN,1,Refractivo,740,55,NaN,NaN,NaN,NaN,NaN,NaN,6,120,NaN,NaN,NaN,NaN,NaN,NaN,NaN,NaN,NaN,6.754825,0.0283013414136401,6.78312634141364,20.3493790242409,1,7.79186485231548,4.99125,8.5184,0.440550471371424,0.194084717825584,0.0855041139240506,85.5041139240506
0,1,1,NaN,3,Korsch,390,35,NaN,NaN,NaN,NaN,NaN,NaN,6,360,NaN,NaN,NaN,NaN,NaN,NaN,NaN,NaN,NaN,1.740725,18.6358686020835,20.3765936020835,20.3765936020835,1099,4864.25363511714,1.28625,2.1952,0.280350299963633,0.0785962906896992,0.0220344936708861,22.0344936708861
0,2,1,NaN,3,Cassegrain,510,59,NaN,NaN,NaN,NaN,NaN,NaN,6,180,NaN,NaN,NaN,NaN,NaN,NaN,NaN,NaN,NaN,8.3383874,1.85654460835846,10.1949320083585,20.3898640167169,67,377.795487537039,6.16137,10.5154048,0.472590505652982,0.223341786033341,0.105549207594937,105.549207594937
0,3,1,NaN,2,Cassegrain,550,53,NaN,NaN,NaN,NaN,NaN,NaN,6,120,NaN,NaN,NaN,NaN,NaN,NaN,NaN,NaN,NaN,6.0444062,0.764479871192645,6.80888607119264,20.4266582135779,37,223.068865030792,4.46631,7.6225024,0.424530454230645,0.180226106569277,0.0765114708860759,76.5114708860759
0,3,1,NaN,2,Korsch,710,55,NaN,NaN,NaN,NaN,NaN,NaN,6,120,NaN,NaN,NaN,NaN,NaN,NaN,NaN,NaN,NaN,6.754825,0.054746907507933,6.80957190750793,20.4287157225238,2,15.046126344314,4.99125,8.5184,0.440550471371424,0.194084717825584,0.0855041139240506,85.5041139240506
0,2,2,NaN,2,Korsch,710,55,NaN,NaN,NaN,NaN,NaN,NaN,6,180,NaN,NaN,NaN,NaN,NaN,NaN,NaN,NaN,NaN,10.1322375,0.0821203612618995,10.2143578612619,20.4287157225238,2,15.046126344314,4.99125,8.5184,0.504304399142453,0.25432292699443,0.128256170886076,128.256170886076
0,2,1,NaN,3,Korsch,710,63,NaN,NaN,NaN,NaN,NaN,NaN,6,180,NaN,NaN,NaN,NaN,NaN,NaN,NaN,NaN,NaN,10.1519082,0.0822797895214793,10.2341879895215,20.468375979043,2,15.046126344314,7.50141,12.8024064,0.50463053993454,0.254651981834625,0.128505167088608,128.505167088608
0,1,2,NaN,1,Korsch,410,48,NaN,NaN,NaN,NaN,NaN,NaN,6,360,NaN,NaN,NaN,NaN,NaN,NaN,NaN,NaN,NaN,6.7350528,13.7367170207775,20.4717698207775,20.4717698207775,464,2149.57017873373,3.31776,5.6623104,0.440120202887959,0.193705792990138,0.0852538329113924,85.2538329113924
0,3,1,NaN,2,Korsch,420,33,NaN,NaN,NaN,NaN,NaN,NaN,6,120,NaN,NaN,NaN,NaN,NaN,NaN,NaN,NaN,NaN,1.4590422,5.40344698331855,6.86248918331855,20.5874675499557,638,3021.13256830562,1.07811,1.8399744,0.264330282822854,0.0698704984172101,0.0184688886075949,18.4688886075949
0,2,1,NaN,2,Cassegrain,660,63,NaN,NaN,NaN,NaN,NaN,NaN,6,180,NaN,NaN,NaN,NaN,NaN,NaN,NaN,NaN,NaN,10.1519082,0.194197129031342,10.3461053290313,20.6922106580627,5,35.3362341682805,7.50141,12.8024064,0.50463053993454,0.254651981834625,0.128505167088608,128.505167088608
0,1,2,NaN,3,Cassegrain,600,69,NaN,NaN,NaN,NaN,NaN,NaN,6,360,NaN,NaN,NaN,NaN,NaN,NaN,NaN,NaN,NaN,20.0061981,0.709882913171498,20.7160810131715,20.7160810131715,10,65.0705070947697,9.85527,16.8196608,0.632672791651441,0.400274861296027,0.253243013924051,253.243013924051
0,2,1,NaN,3,Cassegrain,520,60,NaN,NaN,NaN,NaN,NaN,NaN,6,180,NaN,NaN,NaN,NaN,NaN,NaN,NaN,NaN,NaN,8.7696,1.605481141539,10.375081141539,20.750162283078,55,315.530610516535,6.48,11.0592,0.480600514223371,0.230976854271769,0.111007594936709,111.007594936709
0,1,1,NaN,2,Cassegrain,840,80,NaN,NaN,NaN,NaN,NaN,NaN,6,360,NaN,NaN,NaN,NaN,NaN,NaN,NaN,NaN,NaN,20.7872,0,20.7872,20.7872,0,0,15.36,26.2144,0.640800685631162,0.410625518705367,0.263129113924051,263.129113924051
0,1,1,NaN,3,Korsch,900,80,NaN,NaN,NaN,NaN,NaN,NaN,6,360,NaN,NaN,NaN,NaN,NaN,NaN,NaN,NaN,NaN,20.7872,0,20.7872,20.7872,0,0,15.36,26.2144,0.640800685631162,0.410625518705367,0.263129113924051,263.129113924051
0,2,2,NaN,2,Korsch,410,32,NaN,NaN,NaN,NaN,NaN,NaN,6,180,NaN,NaN,NaN,NaN,NaN,NaN,NaN,NaN,NaN,1.9955712,8.4135437423564,10.4091149423564,20.8182298847128,697,3228.98796245132,0.98304,1.6777216,0.293413468591972,0.0860914635511724,0.0252603949367089,25.2603949367089
0,1,2,NaN,1,Korsch,590,69,NaN,NaN,NaN,NaN,NaN,NaN,6,360,NaN,NaN,NaN,NaN,NaN,NaN,NaN,NaN,NaN,20.0061981,0.841898920418302,20.8480970204183,20.8480970204183,12,76.9470327377094,9.85527,16.8196608,0.632672791651441,0.400274861296027,0.253243013924051,253.243013924051
0,3,1,NaN,3,Refractivo,410,25,NaN,NaN,NaN,NaN,NaN,NaN,6,120,NaN,NaN,NaN,NaN,NaN,NaN,NaN,NaN,NaN,0.634375,6.31658384317987,6.95095884317987,20.8528765295396,1021,4729.98093208435,0.46875,0.8,0.200250214259738,0.040100148311071,0.00803006329113924,8.03006329113924
0,2,1,NaN,3,Cassegrain,450,52,NaN,NaN,NaN,NaN,NaN,NaN,6,180,NaN,NaN,NaN,NaN,NaN,NaN,NaN,NaN,NaN,5.7086848,4.72169980254265,10.4303846025426,20.8607692050853,228,1149.2262190165,4.21824,7.1991296,0.416520445660255,0.173489281653018,0.0722618329113924,72.2618329113924
0,2,2,NaN,2,Cassegrain,560,54,NaN,NaN,NaN,NaN,NaN,NaN,6,180,NaN,NaN,NaN,NaN,NaN,NaN,NaN,NaN,NaN,9.5895576,0.852337302233369,10.4418949022334,20.8837898044667,26,159.259353616908,4.72392,8.0621568,0.495135228248953,0.245158894253143,0.121386805063291,121.386805063291
0,1,2,NaN,1,Refractivo,940,70,NaN,NaN,NaN,NaN,NaN,NaN,6,360,NaN,NaN,NaN,NaN,NaN,NaN,NaN,NaN,NaN,20.8887,0,20.8887,20.8887,0,0,10.29,17.5616,0.64184196254494,0.41196110488354,0.264413924050633,264.413924050633
0,1,2,NaN,1,Refractivo,950,70,NaN,NaN,NaN,NaN,NaN,NaN,6,360,NaN,NaN,NaN,NaN,NaN,NaN,NaN,NaN,NaN,20.8887,0,20.8887,20.8887,0,0,10.29,17.5616,0.64184196254494,0.41196110488354,0.264413924050633,264.413924050633
0,1,2,NaN,2,Korsch,900,70,NaN,NaN,NaN,NaN,NaN,NaN,6,360,NaN,NaN,NaN,NaN,NaN,NaN,NaN,NaN,NaN,20.8887,0,20.8887,20.8887,0,0,10.29,17.5616,0.64184196254494,0.41196110488354,0.264413924050633,264.413924050633
0,1,2,NaN,2,Korsch,910,70,NaN,NaN,NaN,NaN,NaN,NaN,6,360,NaN,NaN,NaN,NaN,NaN,NaN,NaN,NaN,NaN,20.8887,0,20.8887,20.8887,0,0,10.29,17.5616,0.64184196254494,0.41196110488354,0.264413924050633,264.413924050633
0,1,2,NaN,3,Korsch,790,70,NaN,NaN,NaN,NaN,NaN,NaN,6,360,NaN,NaN,NaN,NaN,NaN,NaN,NaN,NaN,NaN,20.8887,0,20.8887,20.8887,0,0,10.29,17.5616,0.64184196254494,0.41196110488354,0.264413924050633,264.413924050633
0,2,1,NaN,1,Korsch,460,54,NaN,NaN,NaN,NaN,NaN,NaN,6,180,NaN,NaN,NaN,NaN,NaN,NaN,NaN,NaN,NaN,6.3930384,4.06889761572451,10.4619360157245,20.923872031449,182,935.713545300978,4.72392,8.0621568,0.432540462801034,0.187091251960133,0.0809245367088608,80.9245367088607
0,2,2,NaN,3,Korsch,620,55,NaN,NaN,NaN,NaN,NaN,NaN,6,180,NaN,NaN,NaN,NaN,NaN,NaN,NaN,NaN,NaN,10.1322375,0.332545177566203,10.4647826775662,20.9295653551324,9,60.2586946560104,4.99125,8.5184,0.504304399142453,0.25432292699443,0.128256170886076,128.256170886076
0,3,1,NaN,3,Korsch,430,38,NaN,NaN,NaN,NaN,NaN,NaN,6,120,NaN,NaN,NaN,NaN,NaN,NaN,NaN,NaN,NaN,2.2278032,4.75565614977959,6.98345934977959,20.9503780493388,457,2210.73086654686,1.64616,2.8094464,0.304380325674802,0.0926473826578985,0.0282000405063291,28.2000405063291
0,1,1,NaN,3,Cassegrain,700,80,NaN,NaN,NaN,NaN,NaN,NaN,6,360,NaN,NaN,NaN,NaN,NaN,NaN,NaN,NaN,NaN,20.7872,0.166446027385221,20.9536460273852,20.9536460273852,2,14.8653735594344,15.36,26.2144,0.640800685631162,0.410625518705367,0.263129113924051,263.129113924051
0,1,2,NaN,2,Cassegrain,730,70,NaN,NaN,NaN,NaN,NaN,NaN,6,360,NaN,NaN,NaN,NaN,NaN,NaN,NaN,NaN,NaN,20.8887,0.0865154429151143,20.9752154429151,20.9752154429151,1,7.7026501615901,10.29,17.5616,0.64184196254494,0.41196110488354,0.264413924050633,264.413924050633
0,3,1,NaN,3,Korsch,620,55,NaN,NaN,NaN,NaN,NaN,NaN,6,120,NaN,NaN,NaN,NaN,NaN,NaN,NaN,NaN,NaN,6.754825,0.271854175596245,7.02667917559624,21.0800375267887,11,73.6495156906794,4.99125,8.5184,0.440550471371424,0.194084717825584,0.0855041139240506,85.5041139240506
0,2,1,NaN,3,Korsch,410,37,NaN,NaN,NaN,NaN,NaN,NaN,6,180,NaN,NaN,NaN,NaN,NaN,NaN,NaN,NaN,NaN,2.0565118,8.4988595969965,10.5553713969965,21.110742793993,690,3196.55910199628,1.51959,2.5934336,0.296370317104412,0.0878353648605699,0.0260317949367089,26.0317949367089
0,3,1,NaN,2,Cassegrain,560,54,NaN,NaN,NaN,NaN,NaN,NaN,6,120,NaN,NaN,NaN,NaN,NaN,NaN,NaN,NaN,NaN,6.3930384,0.659629680294083,7.05266808029408,21.1580042408822,30,183.760792634894,4.72392,8.0621568,0.432540462801034,0.187091251960133,0.0809245367088608,80.9245367088607
0,2,1,NaN,3,Cassegrain,530,61,NaN,NaN,NaN,NaN,NaN,NaN,6,180,NaN,NaN,NaN,NaN,NaN,NaN,NaN,NaN,NaN,9.2154286,1.38542949653119,10.6008580965312,21.2017161930624,45,262.560184586573,6.80943,11.6214272,0.488610522793761,0.238740242984792,0.116650994936709,116.650994936709
0,2,2,NaN,2,Cassegrain,430,41,NaN,NaN,NaN,NaN,NaN,NaN,6,180,NaN,NaN,NaN,NaN,NaN,NaN,NaN,NaN,NaN,4.1972889,6.43961890126875,10.6369078012688,21.2738156025375,370,1789.86962937054,2.06763,3.5287552,0.375936006633465,0.141327881083516,0.0531302392405063,53.1302392405063
0,2,1,NaN,1,Refractivo,860,64,NaN,NaN,NaN,NaN,NaN,NaN,6,180,NaN,NaN,NaN,NaN,NaN,NaN,NaN,NaN,NaN,10.6430464,0,10.6430464,21.2860928,0,0,7.86432,13.4217728,0.512640548504929,0.262800331971435,0.134722106329114,134.722106329114
0,2,1,NaN,1,Refractivo,870,64,NaN,NaN,NaN,NaN,NaN,NaN,6,180,NaN,NaN,NaN,NaN,NaN,NaN,NaN,NaN,NaN,10.6430464,0,10.6430464,21.2860928,0,0,7.86432,13.4217728,0.512640548504929,0.262800331971435,0.134722106329114,134.722106329114
0,2,1,NaN,2,Korsch,820,64,NaN,NaN,NaN,NaN,NaN,NaN,6,180,NaN,NaN,NaN,NaN,NaN,NaN,NaN,NaN,NaN,10.6430464,0,10.6430464,21.2860928,0,0,7.86432,13.4217728,0.512640548504929,0.262800331971435,0.134722106329114,134.722106329114
0,2,1,NaN,2,Korsch,830,64,NaN,NaN,NaN,NaN,NaN,NaN,6,180,NaN,NaN,NaN,NaN,NaN,NaN,NaN,NaN,NaN,10.6430464,0,10.6430464,21.2860928,0,0,7.86432,13.4217728,0.512640548504929,0.262800331971435,0.134722106329114,134.722106329114
0,2,1,NaN,1,Korsch,510,60,NaN,NaN,NaN,NaN,NaN,NaN,6,180,NaN,NaN,NaN,NaN,NaN,NaN,NaN,NaN,NaN,8.7696,1.92068712984343,10.6902871298434,21.3805742596869,66,372.156748917083,6.48,11.0592,0.480600514223371,0.230976854271769,0.111007594936709,111.007594936709
1,2,2,3,3,Refractivo,930,56,240,5.46926307678223,240,0,0,99.1655490069039,6,180,0.250665081944165,756.843198618605,0.34875,6.22767857142857,2.6737536,0.182,0.034888,0.006991712,1.8922624,10.6950144,0,10.6950144,21.3900288,0,0,5.26848,8.9915392,0.513473570035952,0.263655107125466,0.135379929113924,135.379929113924
0,3,1,NaN,3,Refractivo,930,56,NaN,NaN,NaN,NaN,NaN,NaN,6,120,NaN,NaN,NaN,NaN,NaN,NaN,NaN,NaN,NaN,7.1300096,0,7.1300096,21.3900288,0,0,5.26848,8.9915392,0.448560479941813,0.20120650416563,0.0902532860759494,90.2532860759493
0,2,1,NaN,3,Korsch,720,64,NaN,NaN,NaN,NaN,NaN,NaN,6,180,NaN,NaN,NaN,NaN,NaN,NaN,NaN,NaN,NaN,10.6430464,0.0872960365823628,10.7303424365824,21.4606848731647,2,15.2261005631844,7.86432,13.4217728,0.512640548504929,0.262800331971435,0.134722106329114,134.722106329114
1,2,2,2,1,Refractivo,750,56,180,5.3484525680542,192,12,6.66666666666667,98.3936706563978,6,180,0.25111217163408,952.133965623977,0.140625,2.51116071428571,2.6737536,0.182,0.034888,0.006991712,1.8922624,10.6950144,0.0453217732928626,10.7403361732929,21.4806723465857,1,7.88069638064189,5.26848,8.9915392,0.513473570035952,0.263655107125466,0.135379929113924,135.379929113924
0,3,1,NaN,1,Refractivo,750,56,NaN,NaN,NaN,NaN,NaN,NaN,6,120,NaN,NaN,NaN,NaN,NaN,NaN,NaN,NaN,NaN,7.1300096,0.030214515528575,7.16022411552858,21.4806723465857,1,7.88069638064189,5.26848,8.9915392,0.448560479941813,0.20120650416563,0.0902532860759494,90.2532860759493
1,2,2,3,1,Refractivo,760,56,250,4.14941835403442,288,38,15.2,98.4352570432563,6,180,0.250213742332724,940.423053599921,0.1425,2.54464285714286,2.6737536,0.182,0.034888,0.006991712,1.8922624,10.6950144,0.0458314397316735,10.7408458397317,21.4816916794633,1,7.96914676024426,5.26848,8.9915392,0.513473570035952,0.263655107125466,0.135379929113924,135.379929113924
1,3,1,2,1,Refractivo,760,56,120,5.34586668014526,192,72,60,98.4352570432563,6,120,0.250213742332724,940.423053599921,0.1425,2.54464285714286,1.7825024,0.182,0.034888,0.006991712,1.8922624,7.1300096,0.030554293154449,7.16056389315445,21.4816916794633,1,7.96914676024426,5.26848,8.9915392,0.448560479941813,0.20120650416563,0.0902532860759494,90.2532860759493
0,1,2,NaN,3,Cassegrain,610,70,NaN,NaN,NaN,NaN,NaN,NaN,6,360,NaN,NaN,NaN,NaN,NaN,NaN,NaN,NaN,NaN,20.8887,0.599753443149815,21.4884534431498,21.4884534431498,8,52.8114872251608,10.29,17.5616,0.64184196254494,0.41196110488354,0.264413924050633,264.413924050633
0,2,2,NaN,2,Korsch,720,56,NaN,NaN,NaN,NaN,NaN,NaN,6,180,NaN,NaN,NaN,NaN,NaN,NaN,NaN,NaN,NaN,10.6950144,0.0877222867609876,10.782736686761,21.565473373522,2,15.2261005631844,5.26848,8.9915392,0.513473570035952,0.263655107125466,0.135379929113924,135.379929113924
0,3,1,NaN,2,Korsch,720,56,NaN,NaN,NaN,NaN,NaN,NaN,6,120,NaN,NaN,NaN,NaN,NaN,NaN,NaN,NaN,NaN,7.1300096,0.0584815245073251,7.18849112450733,21.565473373522,2,15.2261005631844,5.26848,8.9915392,0.448560479941813,0.20120650416563,0.0902532860759494,90.2532860759493
0,1,1,NaN,2,Cassegrain,390,38,NaN,NaN,NaN,NaN,NaN,NaN,6,360,NaN,NaN,NaN,NaN,NaN,NaN,NaN,NaN,NaN,2.2278032,19.3455340933999,21.5733372933999,21.5733372933999,1012,4479.18533097229,1.64616,2.8094464,0.304380325674802,0.0926473826578985,0.0282000405063291,28.2000405063291
0,1,1,NaN,2,Refractivo,390,21,NaN,NaN,NaN,NaN,NaN,NaN,6,360,NaN,NaN,NaN,NaN,NaN,NaN,NaN,NaN,NaN,0.3759966,21.2000301390643,21.5760267390643,21.5760267390643,1832,8108.56474934905,0.27783,0.4741632,0.16821017997818,0.0282946646482917,0.00475945063291139,4.75945063291139
0,1,1,NaN,2,Cassegrain,850,81,NaN,NaN,NaN,NaN,NaN,NaN,6,360,NaN,NaN,NaN,NaN,NaN,NaN,NaN,NaN,NaN,21.5765046,0,21.5765046,21.5765046,0,0,15.94323,27.2097792,0.648810694201551,0.420955316910299,0.273120311392405,273.120311392405
0,1,1,NaN,3,Korsch,910,81,NaN,NaN,NaN,NaN,NaN,NaN,6,360,NaN,NaN,NaN,NaN,NaN,NaN,NaN,NaN,NaN,21.5765046,0,21.5765046,21.5765046,0,0,15.94323,27.2097792,0.648810694201551,0.420955316910299,0.273120311392405,273.120311392405
0,2,1,NaN,2,Cassegrain,670,64,NaN,NaN,NaN,NaN,NaN,NaN,6,180,NaN,NaN,NaN,NaN,NaN,NaN,NaN,NaN,NaN,10.6430464,0.16472281028582,10.8077692102858,21.6155384205716,4,28.6368046619791,7.86432,13.4217728,0.512640548504929,0.262800331971435,0.134722106329114,134.722106329114
0,1,2,NaN,1,Korsch,600,70,NaN,NaN,NaN,NaN,NaN,NaN,6,360,NaN,NaN,NaN,NaN,NaN,NaN,NaN,NaN,NaN,20.8887,0.741196859805436,21.6298968598054,21.6298968598054,10,65.0705070947697,10.29,17.5616,0.64184196254494,0.41196110488354,0.264413924050633,264.413924050633
0,1,1,NaN,3,Cassegrain,710,81,NaN,NaN,NaN,NaN,NaN,NaN,6,360,NaN,NaN,NaN,NaN,NaN,NaN,NaN,NaN,NaN,21.5765046,0.0872767990411517,21.6637813990412,21.6637813990412,1,7.52306317215698,15.94323,27.2097792,0.648810694201551,0.420955316910299,0.273120311392405,273.120311392405
0,3,1,NaN,2,Cassegrain,440,42,NaN,NaN,NaN,NaN,NaN,NaN,6,120,NaN,NaN,NaN,NaN,NaN,NaN,NaN,NaN,NaN,3.0079728,4.21701279135338,7.22498559135338,21.6749567740601,341,1684.26746670532,2.22264,3.7933056,0.33642035995636,0.113178658593167,0.0380756050632911,38.0756050632911
0,2,1,NaN,3,Refractivo,400,24,NaN,NaN,NaN,NaN,NaN,NaN,6,180,NaN,NaN,NaN,NaN,NaN,NaN,NaN,NaN,NaN,0.5612544,10.2801028776792,10.8413572776792,21.6827145553585,1299,5883.96795176395,0.41472,0.7077888,0.192240205689349,0.036956296683483,0.00710448607594937,7.10448607594936
0,2,1,NaN,2,Refractivo,400,22,NaN,NaN,NaN,NaN,NaN,NaN,6,180,NaN,NaN,NaN,NaN,NaN,NaN,NaN,NaN,NaN,0.4323088,10.4191865108303,10.8514953108303,21.7029906216605,1417,6418.46234615052,0.31944,0.5451776,0.176220188548569,0.0310535548520934,0.00547226329113924,5.47226329113924
0,2,1,NaN,1,Korsch,520,61,NaN,NaN,NaN,NaN,NaN,NaN,6,180,NaN,NaN,NaN,NaN,NaN,NaN,NaN,NaN,NaN,9.2154286,1.6540505489254,10.8694791489254,21.7389582978508,54,309.793690325325,6.80943,11.6214272,0.488610522793761,0.238740242984792,0.116650994936709,116.650994936709
0,1,1,NaN,1,Korsch,690,81,NaN,NaN,NaN,NaN,NaN,NaN,6,360,NaN,NaN,NaN,NaN,NaN,NaN,NaN,NaN,NaN,21.5765046,0.170648719209486,21.7471533192095,21.7471533192095,2,14.6838380744121,15.94323,27.2097792,0.648810694201551,0.420955316910299,0.273120311392405,273.120311392405
0,2,1,NaN,3,Cassegrain,540,62,NaN,NaN,NaN,NaN,NaN,NaN,6,180,NaN,NaN,NaN,NaN,NaN,NaN,NaN,NaN,NaN,9.6761168,1.2030681270347,10.8791849270347,21.7583698540694,37,219.483729218482,7.14984,12.2023936,0.49662053136415,0.246631952172411,0.12248249113924,122.48249113924
0,1,2,NaN,1,Refractivo,960,71,NaN,NaN,NaN,NaN,NaN,NaN,6,360,NaN,NaN,NaN,NaN,NaN,NaN,NaN,NaN,NaN,21.7967799,0,21.7967799,21.7967799,0,0,10.73733,18.3250432,0.651011133438439,0.423815495860801,0.275908606329114,275.908606329114
0,1,2,NaN,2,Korsch,920,71,NaN,NaN,NaN,NaN,NaN,NaN,6,360,NaN,NaN,NaN,NaN,NaN,NaN,NaN,NaN,NaN,21.7967799,0,21.7967799,21.7967799,0,0,10.73733,18.3250432,0.651011133438439,0.423815495860801,0.275908606329114,275.908606329114
0,1,2,NaN,3,Korsch,800,71,NaN,NaN,NaN,NaN,NaN,NaN,6,360,NaN,NaN,NaN,NaN,NaN,NaN,NaN,NaN,NaN,21.7967799,0,21.7967799,21.7967799,0,0,10.73733,18.3250432,0.651011133438439,0.423815495860801,0.275908606329114,275.908606329114
0,2,1,NaN,1,Korsch,450,53,NaN,NaN,NaN,NaN,NaN,NaN,6,180,NaN,NaN,NaN,NaN,NaN,NaN,NaN,NaN,NaN,6.0444062,4.85702488902684,10.9014310890268,21.8028621780537,223,1124.02388965211,4.46631,7.6225024,0.424530454230645,0.180226106569277,0.0765114708860759,76.5114708860759
0,2,2,NaN,2,Cassegrain,570,55,NaN,NaN,NaN,NaN,NaN,NaN,6,180,NaN,NaN,NaN,NaN,NaN,NaN,NaN,NaN,NaN,10.1322375,0.769704945632181,10.9019424456322,21.8038848912644,22,136.871008910319,4.99125,8.5184,0.504304399142453,0.25432292699443,0.128256170886076,128.256170886076
0,2,2,NaN,3,Korsch,420,38,NaN,NaN,NaN,NaN,NaN,NaN,6,180,NaN,NaN,NaN,NaN,NaN,NaN,NaN,NaN,NaN,3.3417048,7.57011803124492,10.9118228312449,21.8236456624898,484,2291.89367250771,1.64616,2.8094464,0.348428493952967,0.121402415398333,0.0423000607594937,42.3000607594937
0,2,2,NaN,2,Refractivo,400,22,NaN,NaN,NaN,NaN,NaN,NaN,6,180,NaN,NaN,NaN,NaN,NaN,NaN,NaN,NaN,NaN,0.6484632,10.2895170733254,10.9379802733254,21.8759605466509,1238,5607.66152754717,0.31944,0.5451776,0.201721759656981,0.0406916683191088,0.00820839493670886,8.20839493670886
0,1,2,NaN,2,Cassegrain,740,71,NaN,NaN,NaN,NaN,NaN,NaN,6,360,NaN,NaN,NaN,NaN,NaN,NaN,NaN,NaN,NaN,21.7967799,0.0913240697823952,21.8881039697824,21.8881039697824,1,7.79186485231548,10.73733,18.3250432,0.651011133438439,0.423815495860801,0.275908606329114,275.908606329114
0,2,2,NaN,3,Korsch,630,56,NaN,NaN,NaN,NaN,NaN,NaN,6,180,NaN,NaN,NaN,NaN,NaN,NaN,NaN,NaN,NaN,10.6950144,0.31591356035511,11.0109279603551,22.0218559207102,8,54.3118139648504,5.26848,8.9915392,0.513473570035952,0.263655107125466,0.135379929113924,135.379929113924
0,3,1,NaN,2,Cassegrain,570,55,NaN,NaN,NaN,NaN,NaN,NaN,6,120,NaN,NaN,NaN,NaN,NaN,NaN,NaN,NaN,NaN,6.754825,0.585802561017493,7.34062756101749,22.0218826830525,25,155.53523739809,4.99125,8.5184,0.440550471371424,0.194084717825584,0.0855041139240506,85.5041139240506
0,3,1,NaN,3,Korsch,630,56,NaN,NaN,NaN,NaN,NaN,NaN,6,120,NaN,NaN,NaN,NaN,NaN,NaN,NaN,NaN,NaN,7.1300096,0.237329746937466,7.36733934693747,22.1020180408124,9,61.1007907104567,5.26848,8.9915392,0.448560479941813,0.20120650416563,0.0902532860759494,90.2532860759493
0,2,1,NaN,3,Cassegrain,440,51,NaN,NaN,NaN,NaN,NaN,NaN,6,180,NaN,NaN,NaN,NaN,NaN,NaN,NaN,NaN,NaN,5.3856306,5.73636371079979,11.1219943107998,22.2439886215996,281,1387.9154197777,3.97953,6.7917312,0.408510437089866,0.166880777211353,0.0681725392405063,68.1725392405063
0,2,1,NaN,1,Korsch,530,62,NaN,NaN,NaN,NaN,NaN,NaN,6,180,NaN,NaN,NaN,NaN,NaN,NaN,NaN,NaN,NaN,9.6761168,1.45468845872247,11.1308052587225,22.2616105174449,45,262.560184586573,7.14984,12.2023936,0.49662053136415,0.246631952172411,0.12248249113924,122.48249113924
0,2,1,NaN,1,Refractivo,880,65,NaN,NaN,NaN,NaN,NaN,NaN,6,180,NaN,NaN,NaN,NaN,NaN,NaN,NaN,NaN,NaN,11.149775,0,11.149775,22.29955,0,0,8.23875,14.0608,0.520650557075319,0.27107700258284,0.141136392405063,141.136392405063
0,2,1,NaN,2,Korsch,840,65,NaN,NaN,NaN,NaN,NaN,NaN,6,180,NaN,NaN,NaN,NaN,NaN,NaN,NaN,NaN,NaN,11.149775,0,11.149775,22.29955,0,0,8.23875,14.0608,0.520650557075319,0.27107700258284,0.141136392405063,141.136392405063
0,1,2,NaN,3,Cassegrain,620,71,NaN,NaN,NaN,NaN,NaN,NaN,6,360,NaN,NaN,NaN,NaN,NaN,NaN,NaN,NaN,NaN,21.7967799,0.554585193142394,22.3513650931424,22.3513650931424,7,46.8678736213415,10.73733,18.3250432,0.651011133438439,0.423815495860801,0.275908606329114,275.908606329114
0,1,1,NaN,2,Cassegrain,860,82,NaN,NaN,NaN,NaN,NaN,NaN,6,360,NaN,NaN,NaN,NaN,NaN,NaN,NaN,NaN,NaN,22.3855408,0,22.3855408,22.3855408,0,0,16.54104,28.2300416,0.656820702771941,0.431413435589826,0.283361275949367,283.361275949367
0,1,1,NaN,3,Korsch,920,82,NaN,NaN,NaN,NaN,NaN,NaN,6,360,NaN,NaN,NaN,NaN,NaN,NaN,NaN,NaN,NaN,22.3855408,0,22.3855408,22.3855408,0,0,16.54104,28.2300416,0.656820702771941,0.431413435589826,0.283361275949367,283.361275949367
0,2,1,NaN,3,Korsch,730,65,NaN,NaN,NaN,NaN,NaN,NaN,6,180,NaN,NaN,NaN,NaN,NaN,NaN,NaN,NaN,NaN,11.149775,0.0461794042965272,11.1959544042965,22.3919088085931,1,7.7026501615901,8.23875,14.0608,0.520650557075319,0.27107700258284,0.141136392405063,141.136392405063
0,1,2,NaN,1,Korsch,610,71,NaN,NaN,NaN,NaN,NaN,NaN,6,360,NaN,NaN,NaN,NaN,NaN,NaN,NaN,NaN,NaN,21.7967799,0.625826106679864,22.4226060066799,22.4226060066799,8,52.8114872251608,10.73733,18.3250432,0.651011133438439,0.423815495860801,0.275908606329114,275.908606329114
0,2,1,NaN,3,Cassegrain,550,63,NaN,NaN,NaN,NaN,NaN,NaN,6,180,NaN,NaN,NaN,NaN,NaN,NaN,NaN,NaN,NaN,10.1519082,1.06616335037656,11.2180715503766,22.4361431007531,31,186.895535566339,7.50141,12.8024064,0.50463053993454,0.254651981834625,0.128505167088608,128.505167088608
0,1,1,NaN,3,Cassegrain,720,82,NaN,NaN,NaN,NaN,NaN,NaN,6,360,NaN,NaN,NaN,NaN,NaN,NaN,NaN,NaN,NaN,22.3855408,0.0916344630659325,22.4771752630659,22.4771752630659,1,7.61305028159222,16.54104,28.2300416,0.656820702771941,0.431413435589826,0.283361275949367,283.361275949367
1,2,2,3,3,Refractivo,940,57,230,4.26791048049927,240,10,4.34782608695652,99.2099013468971,6,180,0.25128248007198,762.485081397119,0.3525,6.18421052631579,2.819563425,0.18525,0.036145125,0.0073729963125,1.995454575,11.2782537,0,11.2782537,22.5565074,0,0,5.55579,9.4818816,0.522642740929451,0.273155434646249,0.142762705063291,142.762705063291
1,3,1,2,3,Refractivo,940,57,130,6.66467332839966,160,30,23.0769230769231,99.2099013468971,6,120,0.25128248007198,762.485081397119,0.3525,6.18421052631579,1.87970895,0.18525,0.036145125,0.0073729963125,1.995454575,7.5188358,0,7.5188358,22.5565074,0,0,5.55579,9.4818816,0.456570488512203,0.208456610980271,0.0951751367088608,95.1751367088607
0,2,2,NaN,3,Refractivo,950,57,NaN,NaN,NaN,NaN,NaN,NaN,6,180,NaN,NaN,NaN,NaN,NaN,NaN,NaN,NaN,NaN,11.2782537,0,11.2782537,22.5565074,0,0,5.55579,9.4818816,0.522642740929451,0.273155434646249,0.142762705063291,142.762705063291
0,3,1,NaN,3,Refractivo,950,57,NaN,NaN,NaN,NaN,NaN,NaN,6,120,NaN,NaN,NaN,NaN,NaN,NaN,NaN,NaN,NaN,7.5188358,0,7.5188358,22.5565074,0,0,5.55579,9.4818816,0.456570488512203,0.208456610980271,0.0951751367088608,95.1751367088607
0,2,1,NaN,2,Cassegrain,680,65,NaN,NaN,NaN,NaN,NaN,NaN,6,180,NaN,NaN,NaN,NaN,NaN,NaN,NaN,NaN,NaN,11.149775,0.130858851207526,11.2806338512075,22.5612677024151,3,21.7522735917946,8.23875,14.0608,0.520650557075319,0.27107700258284,0.141136392405063,141.136392405063
0,1,1,NaN,1,Korsch,700,82,NaN,NaN,NaN,NaN,NaN,NaN,6,360,NaN,NaN,NaN,NaN,NaN,NaN,NaN,NaN,NaN,22.3855408,0.179244166459638,22.5647849664596,22.5647849664596,2,14.8653735594344,16.54104,28.2300416,0.656820702771941,0.431413435589826,0.283361275949367,283.361275949367
0,1,2,NaN,3,Korsch,390,35,NaN,NaN,NaN,NaN,NaN,NaN,6,360,NaN,NaN,NaN,NaN,NaN,NaN,NaN,NaN,NaN,2.6110875,19.9603983532336,22.5714858532336,22.5714858532336,960,4249.02956297767,1.28625,2.1952,0.32092098127247,0.102990276220885,0.0330517405063291,33.0517405063291
0,2,2,NaN,3,Refractivo,400,24,NaN,NaN,NaN,NaN,NaN,NaN,6,180,NaN,NaN,NaN,NaN,NaN,NaN,NaN,NaN,NaN,0.8418816,10.4504928938026,11.2923744938026,22.5847489876053,1135,5141.11133583686,0.41472,0.7077888,0.220060101443979,0.0484264482475345,0.010656729113924,10.656729113924
0,2,2,NaN,2,Korsch,730,57,NaN,NaN,NaN,NaN,NaN,NaN,6,180,NaN,NaN,NaN,NaN,NaN,NaN,NaN,NaN,NaN,11.2782537,0.0467115289206378,11.3249652289206,22.6499304578413,1,7.7026501615901,5.55579,9.4818816,0.522642740929451,0.273155434646249,0.142762705063291,142.762705063291
0,2,2,NaN,2,Korsch,740,57,NaN,NaN,NaN,NaN,NaN,NaN,6,180,NaN,NaN,NaN,NaN,NaN,NaN,NaN,NaN,NaN,11.2782537,0.0472535866604019,11.3255072866604,22.6510145733208,1,7.79186485231548,5.55579,9.4818816,0.522642740929451,0.273155434646249,0.142762705063291,142.762705063291
0,3,1,NaN,2,Korsch,740,57,NaN,NaN,NaN,NaN,NaN,NaN,6,120,NaN,NaN,NaN,NaN,NaN,NaN,NaN,NaN,NaN,7.5188358,0.0315023911069346,7.55033819110693,22.6510145733208,1,7.79186485231548,5.55579,9.4818816,0.456570488512203,0.208456610980271,0.0951751367088608,95.1751367088607
1,2,2,2,1,Refractivo,770,57,160,6.54184055328369,192,32,20,98.4769938343495,6,180,0.250528940634877,944.951983101253,0.144375,2.5328947368421,2.819563425,0.18525,0.036145125,0.0073729963125,1.995454575,11.2782537,0.0488659799100749,11.3271196799101,22.6542393598201,1,8.05721799172443,5.55579,9.4818816,0.522642740929451,0.273155434646249,0.142762705063291,142.762705063291
0,3,1,NaN,1,Refractivo,770,57,NaN,NaN,NaN,NaN,NaN,NaN,6,120,NaN,NaN,NaN,NaN,NaN,NaN,NaN,NaN,NaN,7.5188358,0.0325773199400499,7.55141311994005,22.6542393598201,1,8.05721799172443,5.55579,9.4818816,0.456570488512203,0.208456610980271,0.0951751367088608,95.1751367088607
0,1,2,NaN,1,Refractivo,970,72,NaN,NaN,NaN,NaN,NaN,NaN,6,360,NaN,NaN,NaN,NaN,NaN,NaN,NaN,NaN,NaN,22.7308032,0,22.7308032,22.7308032,0,0,11.19744,19.1102976,0.660180304331938,0.43583803422781,0.287731686075949,287.731686075949
0,1,2,NaN,1,Refractivo,980,72,NaN,NaN,NaN,NaN,NaN,NaN,6,360,NaN,NaN,NaN,NaN,NaN,NaN,NaN,NaN,NaN,22.7308032,0,22.7308032,22.7308032,0,0,11.19744,19.1102976,0.660180304331938,0.43583803422781,0.287731686075949,287.731686075949
0,1,2,NaN,2,Korsch,930,72,NaN,NaN,NaN,NaN,NaN,NaN,6,360,NaN,NaN,NaN,NaN,NaN,NaN,NaN,NaN,NaN,22.7308032,0,22.7308032,22.7308032,0,0,11.19744,19.1102976,0.660180304331938,0.43583803422781,0.287731686075949,287.731686075949
0,1,2,NaN,3,Korsch,810,72,NaN,NaN,NaN,NaN,NaN,NaN,6,360,NaN,NaN,NaN,NaN,NaN,NaN,NaN,NaN,NaN,22.7308032,0,22.7308032,22.7308032,0,0,11.19744,19.1102976,0.660180304331938,0.43583803422781,0.287731686075949,287.731686075949
0,2,2,NaN,2,Cassegrain,580,56,NaN,NaN,NaN,NaN,NaN,NaN,6,180,NaN,NaN,NaN,NaN,NaN,NaN,NaN,NaN,NaN,10.6950144,0.671113156737448,11.3661275567374,22.7322551134749,18,113.706715251945,5.26848,8.9915392,0.513473570035952,0.263655107125466,0.135379929113924,135.379929113924
0,3,1,NaN,2,Korsch,730,57,NaN,NaN,NaN,NaN,NaN,NaN,6,120,NaN,NaN,NaN,NaN,NaN,NaN,NaN,NaN,NaN,7.5188358,0.0623992911282847,7.58123509112828,22.7437052733849,2,15.4053003231802,5.55579,9.4818816,0.456570488512203,0.208456610980271,0.0951751367088608,95.1751367088607
0,1,2,NaN,2,Cassegrain,750,72,NaN,NaN,NaN,NaN,NaN,NaN,6,360,NaN,NaN,NaN,NaN,NaN,NaN,NaN,NaN,NaN,22.7308032,0.0963252849285621,22.8271284849286,22.8271284849286,1,7.88069638064189,11.19744,19.1102976,0.660180304331938,0.43583803422781,0.287731686075949,287.731686075949
0,2,1,NaN,1,Korsch,540,63,NaN,NaN,NaN,NaN,NaN,NaN,6,180,NaN,NaN,NaN,NaN,NaN,NaN,NaN,NaN,NaN,10.1519082,1.26222506780843,11.4141332678084,22.8282665356168,37,219.483729218482,7.50141,12.8024064,0.50463053993454,0.254651981834625,0.128505167088608,128.505167088608
0,3,1,NaN,2,Cassegrain,580,56,NaN,NaN,NaN,NaN,NaN,NaN,6,120,NaN,NaN,NaN,NaN,NaN,NaN,NaN,NaN,NaN,7.1300096,0.524419947068802,7.6544295470688,22.9632886412064,21,132.657834460602,5.26848,8.9915392,0.448560479941813,0.20120650416563,0.0902532860759494,90.2532860759493
0,2,2,NaN,3,Korsch,640,57,NaN,NaN,NaN,NaN,NaN,NaN,6,180,NaN,NaN,NaN,NaN,NaN,NaN,NaN,NaN,NaN,11.2782537,0.252478449618716,11.5307321496187,23.0614642992374,6,41.2928206021188,5.55579,9.4818816,0.522642740929451,0.273155434646249,0.142762705063291,142.762705063291
0,3,1,NaN,3,Korsch,640,57,NaN,NaN,NaN,NaN,NaN,NaN,6,120,NaN,NaN,NaN,NaN,NaN,NaN,NaN,NaN,NaN,7.5188358,0.196703296009141,7.71553909600914,23.1466172880274,7,48.1749573691386,5.55579,9.4818816,0.456570488512203,0.208456610980271,0.0951751367088608,95.1751367088607
0,2,1,NaN,3,Cassegrain,560,64,NaN,NaN,NaN,NaN,NaN,NaN,6,180,NaN,NaN,NaN,NaN,NaN,NaN,NaN,NaN,NaN,10.6430464,0.945973300803842,11.5890197008038,23.1780394016077,26,159.259353616908,7.86432,13.4217728,0.512640548504929,0.262800331971435,0.134722106329114,134.722106329114
0,1,1,NaN,2,Cassegrain,870,83,NaN,NaN,NaN,NaN,NaN,NaN,6,360,NaN,NaN,NaN,NaN,NaN,NaN,NaN,NaN,NaN,23.2145522,0,23.2145522,23.2145522,0,0,17.15361,29.2754944,0.66483071134233,0.441999874743949,0.293855091139241,293.85509113924
0,1,1,NaN,3,Korsch,930,83,NaN,NaN,NaN,NaN,NaN,NaN,6,360,NaN,NaN,NaN,NaN,NaN,NaN,NaN,NaN,NaN,23.2145522,0,23.2145522,23.2145522,0,0,17.15361,29.2754944,0.66483071134233,0.441999874743949,0.293855091139241,293.85509113924
0,1,1,NaN,3,Korsch,940,83,NaN,NaN,NaN,NaN,NaN,NaN,6,360,NaN,NaN,NaN,NaN,NaN,NaN,NaN,NaN,NaN,23.2145522,0,23.2145522,23.2145522,0,0,17.15361,29.2754944,0.66483071134233,0.441999874743949,0.293855091139241,293.85509113924
0,1,2,NaN,3,Cassegrain,630,72,NaN,NaN,NaN,NaN,NaN,NaN,6,360,NaN,NaN,NaN,NaN,NaN,NaN,NaN,NaN,NaN,22.7308032,0.501901902107508,23.2327051021075,23.2327051021075,6,40.7338604736378,11.19744,19.1102976,0.660180304331938,0.43583803422781,0.287731686075949,287.731686075949
0,2,1,NaN,3,Cassegrain,430,49,NaN,NaN,NaN,NaN,NaN,NaN,6,180,NaN,NaN,NaN,NaN,NaN,NaN,NaN,NaN,NaN,4.7765494,6.86203806021304,11.638587460213,23.2771749204261,354,1712.46986161398,3.52947,6.0236288,0.392490419949087,0.15404872975181,0.0604626506329114,60.4626506329114
0,2,1,NaN,1,Korsch,440,52,NaN,NaN,NaN,NaN,NaN,NaN,6,180,NaN,NaN,NaN,NaN,NaN,NaN,NaN,NaN,NaN,5.7086848,5.93242134993799,11.641106149938,23.282212299876,276,1363.21941586706,4.21824,7.1991296,0.416520445660255,0.173489281653018,0.0722618329113924,72.2618329113924
0,1,1,NaN,1,Korsch,710,83,NaN,NaN,NaN,NaN,NaN,NaN,6,360,NaN,NaN,NaN,NaN,NaN,NaN,NaN,NaN,NaN,23.2145522,0.0939026892794177,23.3084548892794,23.3084548892794,1,7.52306317215698,17.15361,29.2754944,0.66483071134233,0.441999874743949,0.293855091139241,293.85509113924
0,1,2,NaN,1,Korsch,620,72,NaN,NaN,NaN,NaN,NaN,NaN,6,360,NaN,NaN,NaN,NaN,NaN,NaN,NaN,NaN,NaN,22.7308032,0.578349964572232,23.3091531645722,23.3091531645722,7,46.8678736213415,11.19744,19.1102976,0.660180304331938,0.43583803422781,0.287731686075949,287.731686075949
0,2,1,NaN,1,Refractivo,890,66,NaN,NaN,NaN,NaN,NaN,NaN,6,180,NaN,NaN,NaN,NaN,NaN,NaN,NaN,NaN,NaN,11.6723376,0,11.6723376,23.3446752,0,0,8.62488,14.7197952,0.528660565645709,0.27948199366884,0.14775110886076,147.751108860759
0,2,1,NaN,2,Korsch,850,66,NaN,NaN,NaN,NaN,NaN,NaN,6,180,NaN,NaN,NaN,NaN,NaN,NaN,NaN,NaN,NaN,11.6723376,0,11.6723376,23.3446752,0,0,8.62488,14.7197952,0.528660565645709,0.27948199366884,0.14775110886076,147.751108860759
0,2,1,NaN,3,Korsch,740,66,NaN,NaN,NaN,NaN,NaN,NaN,6,180,NaN,NaN,NaN,NaN,NaN,NaN,NaN,NaN,NaN,11.6723376,0.0489047179627701,11.7212423179628,23.4424846359255,1,7.79186485231548,8.62488,14.7197952,0.528660565645709,0.27948199366884,0.14775110886076,147.751108860759
0,2,1,NaN,1,Korsch,550,64,NaN,NaN,NaN,NaN,NaN,NaN,6,180,NaN,NaN,NaN,NaN,NaN,NaN,NaN,NaN,NaN,10.6430464,1.08007345775624,11.7231198577562,23.4462397155125,30,180.866647322264,7.86432,13.4217728,0.512640548504929,0.262800331971435,0.134722106329114,134.722106329114
0,1,2,NaN,3,Cassegrain,400,46,NaN,NaN,NaN,NaN,NaN,NaN,6,360,NaN,NaN,NaN,NaN,NaN,NaN,NaN,NaN,NaN,5.9277624,17.6052840165565,23.5330464165565,23.5330464165565,592,2681.53119895632,2.92008,4.9836032,0.42178186110096,0.17789993835379,0.0750349670886076,75.0349670886076
0,2,1,NaN,2,Cassegrain,690,66,NaN,NaN,NaN,NaN,NaN,NaN,6,180,NaN,NaN,NaN,NaN,NaN,NaN,NaN,NaN,NaN,11.6723376,0.138723505592558,11.8110611055926,23.6221222111851,3,22.0257571116181,8.62488,14.7197952,0.528660565645709,0.27948199366884,0.14775110886076,147.751108860759
0,2,1,NaN,2,Cassegrain,410,40,NaN,NaN,NaN,NaN,NaN,NaN,6,180,NaN,NaN,NaN,NaN,NaN,NaN,NaN,NaN,NaN,2.5984,9.2305605179915,11.8289605179915,23.657921035983,638,2955.65899575888,1.92,3.2768,0.320400342815581,0.102656379676342,0.0328911392405063,32.8911392405063
0,1,2,NaN,1,Refractivo,990,73,NaN,NaN,NaN,NaN,NaN,NaN,6,360,NaN,NaN,NaN,NaN,NaN,NaN,NaN,NaN,NaN,23.6911353,0,23.6911353,23.6911353,0,0,11.67051,19.9176704,0.669349475225437,0.448028719984568,0.299887788607595,299.887788607595
0,1,2,NaN,2,Korsch,940,73,NaN,NaN,NaN,NaN,NaN,NaN,6,360,NaN,NaN,NaN,NaN,NaN,NaN,NaN,NaN,NaN,23.6911353,0,23.6911353,23.6911353,0,0,11.67051,19.9176704,0.669349475225437,0.448028719984568,0.299887788607595,299.887788607595
0,1,2,NaN,3,Korsch,820,73,NaN,NaN,NaN,NaN,NaN,NaN,6,360,NaN,NaN,NaN,NaN,NaN,NaN,NaN,NaN,NaN,23.6911353,0,23.6911353,23.6911353,0,0,11.67051,19.9176704,0.669349475225437,0.448028719984568,0.299887788607595,299.887788607595
0,2,1,NaN,1,Refractivo,400,30,NaN,NaN,NaN,NaN,NaN,NaN,6,180,NaN,NaN,NaN,NaN,NaN,NaN,NaN,NaN,NaN,1.0962,10.7756338683125,11.8718338683125,23.743667736625,1039,4706.26843870881,0.81,1.3824,0.240300257111686,0.0577442135679422,0.0138759493670886,13.8759493670886
0,2,2,NaN,2,Cassegrain,590,57,NaN,NaN,NaN,NaN,NaN,NaN,6,180,NaN,NaN,NaN,NaN,NaN,NaN,NaN,NaN,NaN,11.2782537,0.596073311399636,11.8743270113996,23.7486540227993,15,96.1837909221367,5.55579,9.4818816,0.522642740929451,0.273155434646249,0.142762705063291,142.762705063291
1,2,2,3,1,Refractivo,780,58,220,3.60335659980774,288,68,30.9090909090909,98.5188814074924,6,180,0.250833311170675,949.372900594538,0.14625,2.52155172413793,2.9705802,0.1885,0.0374245,0.0077678965,2.1023318,11.8823208,0,11.8823208,23.7646416,0,0,5.85336,9.9897344,0.53181191182295,0.282823909556781,0.150409124050633,150.409124050633
1,2,2,3,3,Refractivo,970,58,210,5.47057104110718,240,30,14.2857142857143,99.343904181413,6,180,0.250042128696031,752.535994490086,0.36375,6.27155172413793,2.9705802,0.1885,0.0374245,0.0077678965,2.1023318,11.8823208,0,11.8823208,23.7646416,0,0,5.85336,9.9897344,0.53181191182295,0.282823909556781,0.150409124050633,150.409124050633
1,3,1,2,3,Refractivo,960,58,130,5.33960437774658,160,30,23.0769230769231,99.2990785357663,6,120,0.250960234867385,760.196796711622,0.36,6.20689655172414,1.9803868,0.1885,0.0374245,0.0077678965,2.1023318,7.9215472,0,7.9215472,23.7646416,0,0,5.85336,9.9897344,0.464580497082592,0.215835038269509,0.100272749367089,100.272749367089
0,2,2,NaN,3,Refractivo,960,58,NaN,NaN,NaN,NaN,NaN,NaN,6,180,NaN,NaN,NaN,NaN,NaN,NaN,NaN,NaN,NaN,11.8823208,0,11.8823208,23.7646416,0,0,5.85336,9.9897344,0.53181191182295,0.282823909556781,0.150409124050633,150.409124050633
0,3,1,NaN,3,Refractivo,970,58,NaN,NaN,NaN,NaN,NaN,NaN,6,120,NaN,NaN,NaN,NaN,NaN,NaN,NaN,NaN,NaN,7.9215472,0,7.9215472,23.7646416,0,0,5.85336,9.9897344,0.464580497082592,0.215835038269509,0.100272749367089,100.272749367089
0,1,2,NaN,2,Cassegrain,760,73,NaN,NaN,NaN,NaN,NaN,NaN,6,360,NaN,NaN,NaN,NaN,NaN,NaN,NaN,NaN,NaN,23.6911353,0.101523831485152,23.7926591314851,23.7926591314851,1,7.96914676024426,11.67051,19.9176704,0.669349475225437,0.448028719984568,0.299887788607595,299.887788607595
0,2,2,NaN,2,Korsch,750,58,NaN,NaN,NaN,NaN,NaN,NaN,6,180,NaN,NaN,NaN,NaN,NaN,NaN,NaN,NaN,NaN,11.8823208,0.0503531673123007,11.9326739673123,23.8653479346246,1,7.88069638064189,5.85336,9.9897344,0.53181191182295,0.282823909556781,0.150409124050633,150.409124050633
0,3,1,NaN,2,Korsch,750,58,NaN,NaN,NaN,NaN,NaN,NaN,6,120,NaN,NaN,NaN,NaN,NaN,NaN,NaN,NaN,NaN,7.9215472,0.0335687782082005,7.9551159782082,23.8653479346246,1,7.88069638064189,5.85336,9.9897344,0.464580497082592,0.215835038269509,0.100272749367089,100.272749367089
0,3,1,NaN,1,Refractivo,780,58,NaN,NaN,NaN,NaN,NaN,NaN,6,120,NaN,NaN,NaN,NaN,NaN,NaN,NaN,NaN,NaN,7.9215472,0.0346964745947708,7.95624367459477,23.8687310237843,1,8.14491206267576,5.85336,9.9897344,0.464580497082592,0.215835038269509,0.100272749367089,100.272749367089
0,3,1,NaN,2,Cassegrain,590,57,NaN,NaN,NaN,NaN,NaN,NaN,6,120,NaN,NaN,NaN,NaN,NaN,NaN,NaN,NaN,NaN,7.5188358,0.451789495753021,7.97062529575302,23.9118758872591,17,109.008296378422,5.55579,9.4818816,0.456570488512203,0.208456610980271,0.0951751367088608,95.1751367088607
0,2,1,NaN,3,Cassegrain,570,65,NaN,NaN,NaN,NaN,NaN,NaN,6,180,NaN,NaN,NaN,NaN,NaN,NaN,NaN,NaN,NaN,11.149775,0.807263519010684,11.9570385190107,23.9140770380214,21,130.649599414395,8.23875,14.0608,0.520650557075319,0.27107700258284,0.141136392405063,141.136392405063
0,2,2,NaN,2,Cassegrain,420,40,NaN,NaN,NaN,NaN,NaN,NaN,6,180,NaN,NaN,NaN,NaN,NaN,NaN,NaN,NaN,NaN,3.8976,8.12189842195886,12.0194984219589,24.0389968439177,460,2178.24605238337,1.92,3.2768,0.366766835739966,0.134517911798707,0.0493367088607595,49.3367088607595
0,1,1,NaN,2,Cassegrain,880,84,NaN,NaN,NaN,NaN,NaN,NaN,6,360,NaN,NaN,NaN,NaN,NaN,NaN,NaN,NaN,NaN,24.0637824,0,24.0637824,24.0637824,0,0,17.78112,30.3464448,0.67284071991272,0.452714634372667,0.304604840506329,304.604840506329
0,1,1,NaN,3,Korsch,950,84,NaN,NaN,NaN,NaN,NaN,NaN,6,360,NaN,NaN,NaN,NaN,NaN,NaN,NaN,NaN,NaN,24.0637824,0,24.0637824,24.0637824,0,0,17.78112,30.3464448,0.67284071991272,0.452714634372667,0.304604840506329,304.604840506329
0,1,2,NaN,3,Cassegrain,640,73,NaN,NaN,NaN,NaN,NaN,NaN,6,360,NaN,NaN,NaN,NaN,NaN,NaN,NaN,NaN,NaN,23.6911353,0.44122051597556,24.1323558159756,24.1323558159756,5,34.410683835099,11.67051,19.9176704,0.669349475225437,0.448028719984568,0.299887788607595,299.887788607595
0,1,1,NaN,1,Korsch,720,84,NaN,NaN,NaN,NaN,NaN,NaN,6,360,NaN,NaN,NaN,NaN,NaN,NaN,NaN,NaN,NaN,24.0637824,0.0985042889631434,24.1622866889631,24.1622866889631,1,7.61305028159222,17.78112,30.3464448,0.67284071991272,0.452714634372667,0.304604840506329,304.604840506329
0,1,1,NaN,3,Cassegrain,730,84,NaN,NaN,NaN,NaN,NaN,NaN,6,360,NaN,NaN,NaN,NaN,NaN,NaN,NaN,NaN,NaN,24.0637824,0.0996657902382116,24.1634481902382,24.1634481902382,1,7.7026501615901,17.78112,30.3464448,0.67284071991272,0.452714634372667,0.304604840506329,304.604840506329
0,2,1,NaN,1,Korsch,560,65,NaN,NaN,NaN,NaN,NaN,NaN,6,180,NaN,NaN,NaN,NaN,NaN,NaN,NaN,NaN,NaN,11.149775,0.951455507145819,12.1012305071458,24.2024610142916,25,153.133993862411,8.23875,14.0608,0.520650557075319,0.27107700258284,0.141136392405063,141.136392405063
0,2,2,NaN,3,Korsch,650,58,NaN,NaN,NaN,NaN,NaN,NaN,6,180,NaN,NaN,NaN,NaN,NaN,NaN,NaN,NaN,NaN,11.8823208,0.224302754901518,12.1066235549015,24.213247109803,5,34.8744637311938,5.85336,9.9897344,0.53181191182295,0.282823909556781,0.150409124050633,150.409124050633
0,3,1,NaN,2,Cassegrain,430,41,NaN,NaN,NaN,NaN,NaN,NaN,6,120,NaN,NaN,NaN,NaN,NaN,NaN,NaN,NaN,NaN,2.7981926,5.29503376056578,8.09322636056578,24.2796790816974,424,2051.09384554894,2.06763,3.5287552,0.32841035138597,0.107853358897457,0.0354201594936709,35.4201594936709
0,3,1,NaN,3,Korsch,650,58,NaN,NaN,NaN,NaN,NaN,NaN,6,120,NaN,NaN,NaN,NaN,NaN,NaN,NaN,NaN,NaN,7.9215472,0.179748744882831,8.10129594488283,24.3038878346485,6,41.8493564774326,5.85336,9.9897344,0.464580497082592,0.215835038269509,0.100272749367089,100.272749367089
0,2,1,NaN,1,Korsch,430,50,NaN,NaN,NaN,NaN,NaN,NaN,6,180,NaN,NaN,NaN,NaN,NaN,NaN,NaN,NaN,NaN,5.075,7.07985569043325,12.1548556904332,24.3097113808665,347,1678.60746322048,3.75,6.4,0.400500428519476,0.160400593244284,0.0642405063291139,64.2405063291139
0,2,1,NaN,2,Korsch,400,31,NaN,NaN,NaN,NaN,NaN,NaN,6,180,NaN,NaN,NaN,NaN,NaN,NaN,NaN,NaN,NaN,1.2095146,10.9596957643444,12.1692103643444,24.3384207286889,1006,4556.79119282104,0.89373,1.5252992,0.248310265682075,0.0616579880431028,0.0153103113924051,15.3103113924051
0,1,2,NaN,1,Korsch,400,47,NaN,NaN,NaN,NaN,NaN,NaN,6,360,NaN,NaN,NaN,NaN,NaN,NaN,NaN,NaN,NaN,6.3228207,18.0497829747801,24.3726036747801,24.3726036747801,579,2622.64622330356,3.11469,5.3157376,0.430951031994459,0.18571879197709,0.0800357050632911,80.0357050632911
0,2,1,NaN,1,Refractivo,900,67,NaN,NaN,NaN,NaN,NaN,NaN,6,180,NaN,NaN,NaN,NaN,NaN,NaN,NaN,NaN,NaN,12.2109778,0,12.2109778,24.4219556,0,0,9.02289,15.3990656,0.536670574216098,0.288015305229436,0.154569339240506,154.569339240506
0,2,1,NaN,1,Refractivo,910,67,NaN,NaN,NaN,NaN,NaN,NaN,6,180,NaN,NaN,NaN,NaN,NaN,NaN,NaN,NaN,NaN,12.2109778,0,12.2109778,24.4219556,0,0,9.02289,15.3990656,0.536670574216098,0.288015305229436,0.154569339240506,154.569339240506
0,2,1,NaN,2,Korsch,860,67,NaN,NaN,NaN,NaN,NaN,NaN,6,180,NaN,NaN,NaN,NaN,NaN,NaN,NaN,NaN,NaN,12.2109778,0,12.2109778,24.4219556,0,0,9.02289,15.3990656,0.536670574216098,0.288015305229436,0.154569339240506,154.569339240506
0,2,1,NaN,2,Korsch,870,67,NaN,NaN,NaN,NaN,NaN,NaN,6,180,NaN,NaN,NaN,NaN,NaN,NaN,NaN,NaN,NaN,12.2109778,0,12.2109778,24.4219556,0,0,9.02289,15.3990656,0.536670574216098,0.288015305229436,0.154569339240506,154.569339240506
0,1,2,NaN,2,Cassegrain,390,38,NaN,NaN,NaN,NaN,NaN,NaN,6,360,NaN,NaN,NaN,NaN,NaN,NaN,NaN,NaN,NaN,3.3417048,21.1225962973637,24.4643010973637,24.4643010973637,884,3912.6480559086,1.64616,2.8094464,0.348428493952967,0.121402415398333,0.0423000607594937,42.3000607594937
0,2,1,NaN,3,Korsch,750,67,NaN,NaN,NaN,NaN,NaN,NaN,6,180,NaN,NaN,NaN,NaN,NaN,NaN,NaN,NaN,NaN,12.2109778,0.0517459020471985,12.2627237020472,24.5254474040944,1,7.88069638064189,9.02289,15.3990656,0.536670574216098,0.288015305229436,0.154569339240506,154.569339240506
0,2,1,NaN,2,Cassegrain,700,67,NaN,NaN,NaN,NaN,NaN,NaN,6,180,NaN,NaN,NaN,NaN,NaN,NaN,NaN,NaN,NaN,12.2109778,0.0977750127626196,12.3087528127626,24.6175056255252,2,14.8653735594344,9.02289,15.3990656,0.536670574216098,0.288015305229436,0.154569339240506,154.569339240506
0,1,2,NaN,1,Refractivo,1000,74,NaN,NaN,NaN,NaN,NaN,NaN,6,360,NaN,NaN,NaN,NaN,NaN,NaN,NaN,NaN,NaN,24.6781416,0,24.6781416,24.6781416,0,0,12.15672,20.7474688,0.678518646118936,0.460387553131074,0.312381539240506,312.381539240506
0,1,2,NaN,2,Korsch,950,74,NaN,NaN,NaN,NaN,NaN,NaN,6,360,NaN,NaN,NaN,NaN,NaN,NaN,NaN,NaN,NaN,24.6781416,0,24.6781416,24.6781416,0,0,12.15672,20.7474688,0.678518646118936,0.460387553131074,0.312381539240506,312.381539240506
0,1,2,NaN,2,Korsch,960,74,NaN,NaN,NaN,NaN,NaN,NaN,6,360,NaN,NaN,NaN,NaN,NaN,NaN,NaN,NaN,NaN,24.6781416,0,24.6781416,24.6781416,0,0,12.15672,20.7474688,0.678518646118936,0.460387553131074,0.312381539240506,312.381539240506
0,1,2,NaN,2,Cassegrain,770,74,NaN,NaN,NaN,NaN,NaN,NaN,6,360,NaN,NaN,NaN,NaN,NaN,NaN,NaN,NaN,NaN,24.6781416,0,24.6781416,24.6781416,0,0,12.15672,20.7474688,0.678518646118936,0.460387553131074,0.312381539240506,312.381539240506
0,1,2,NaN,3,Korsch,830,74,NaN,NaN,NaN,NaN,NaN,NaN,6,360,NaN,NaN,NaN,NaN,NaN,NaN,NaN,NaN,NaN,24.6781416,0,24.6781416,24.6781416,0,0,12.15672,20.7474688,0.678518646118936,0.460387553131074,0.312381539240506,312.381539240506
0,2,1,NaN,3,Cassegrain,580,66,NaN,NaN,NaN,NaN,NaN,NaN,6,180,NaN,NaN,NaN,NaN,NaN,NaN,NaN,NaN,NaN,11.6723376,0.690674386064467,12.3630119860645,24.7260239721289,17,107.389675515726,8.62488,14.7197952,0.528660565645709,0.27948199366884,0.14775110886076,147.751108860759
0,2,2,NaN,2,Cassegrain,600,58,NaN,NaN,NaN,NaN,NaN,NaN,6,180,NaN,NaN,NaN,NaN,NaN,NaN,NaN,NaN,NaN,11.8823208,0.507564808801493,12.3898856088015,24.779771217603,12,78.0846085137237,5.85336,9.9897344,0.53181191182295,0.282823909556781,0.150409124050633,150.409124050633
0,1,1,NaN,2,Cassegrain,890,85,NaN,NaN,NaN,NaN,NaN,NaN,6,360,NaN,NaN,NaN,NaN,NaN,NaN,NaN,NaN,NaN,24.933475,0,24.933475,24.933475,0,0,18.42375,31.4432,0.680850728483109,0.463557714475981,0.315613607594937,315.613607594937
0,1,1,NaN,3,Korsch,960,85,NaN,NaN,NaN,NaN,NaN,NaN,6,360,NaN,NaN,NaN,NaN,NaN,NaN,NaN,NaN,NaN,24.933475,0,24.933475,24.933475,0,0,18.42375,31.4432,0.680850728483109,0.463557714475981,0.315613607594937,315.613607594937
0,3,1,NaN,2,Cassegrain,600,58,NaN,NaN,NaN,NaN,NaN,NaN,6,120,NaN,NaN,NaN,NaN,NaN,NaN,NaN,NaN,NaN,7.9215472,0.396036595906664,8.31758379590666,24.95275138772,14,91.0987099326776,5.85336,9.9897344,0.464580497082592,0.215835038269509,0.100272749367089,100.272749367089
1,2,2,3,1,Refractivo,790,59,210,6.00418567657471,288,78,37.1428571428571,98.5609201415361,6,180,0.251127402271001,953.689992489623,0.148125,2.51059322033898,3.126895275,0.19175,0.038726125,0.0081766514375,2.212958725,12.5075811,0,12.5075811,25.0151622,0,0,6.16137,10.5154048,0.540981082716449,0.292660531857062,0.158323811392405,158.323811392405
0,2,2,NaN,1,Refractivo,800,59,NaN,NaN,NaN,NaN,NaN,NaN,6,180,NaN,NaN,NaN,NaN,NaN,NaN,NaN,NaN,NaN,12.5075811,0,12.5075811,25.0151622,0,0,6.16137,10.5154048,0.540981082716449,0.292660531857062,0.158323811392405,158.323811392405
0,2,2,NaN,3,Refractivo,980,59,NaN,NaN,NaN,NaN,NaN,NaN,6,180,NaN,NaN,NaN,NaN,NaN,NaN,NaN,NaN,NaN,12.5075811,0,12.5075811,25.0151622,0,0,6.16137,10.5154048,0.540981082716449,0.292660531857062,0.158323811392405,158.323811392405
0,3,1,NaN,1,Refractivo,790,59,NaN,NaN,NaN,NaN,NaN,NaN,6,120,NaN,NaN,NaN,NaN,NaN,NaN,NaN,NaN,NaN,8.3383874,0,8.3383874,25.0151622,0,0,6.16137,10.5154048,0.472590505652982,0.223341786033341,0.105549207594937,105.549207594937
0,3,1,NaN,1,Refractivo,800,59,NaN,NaN,NaN,NaN,NaN,NaN,6,120,NaN,NaN,NaN,NaN,NaN,NaN,NaN,NaN,NaN,8.3383874,0,8.3383874,25.0151622,0,0,6.16137,10.5154048,0.472590505652982,0.223341786033341,0.105549207594937,105.549207594937
0,3,1,NaN,3,Refractivo,980,59,NaN,NaN,NaN,NaN,NaN,NaN,6,120,NaN,NaN,NaN,NaN,NaN,NaN,NaN,NaN,NaN,8.3383874,0,8.3383874,25.0151622,0,0,6.16137,10.5154048,0.472590505652982,0.223341786033341,0.105549207594937,105.549207594937
0,1,1,NaN,1,Korsch,730,85,NaN,NaN,NaN,NaN,NaN,NaN,6,360,NaN,NaN,NaN,NaN,NaN,NaN,NaN,NaN,NaN,24.933475,0.103267825811943,25.0367428258119,25.0367428258119,1,7.7026501615901,18.42375,31.4432,0.680850728483109,0.463557714475981,0.315613607594937,315.613607594937
0,1,1,NaN,3,Cassegrain,740,85,NaN,NaN,NaN,NaN,NaN,NaN,6,360,NaN,NaN,NaN,NaN,NaN,NaN,NaN,NaN,NaN,24.933475,0.104466183595202,25.0379411835952,25.0379411835952,1,7.79186485231548,18.42375,31.4432,0.680850728483109,0.463557714475981,0.315613607594937,315.613607594937
0,1,2,NaN,3,Cassegrain,650,74,NaN,NaN,NaN,NaN,NaN,NaN,6,360,NaN,NaN,NaN,NaN,NaN,NaN,NaN,NaN,NaN,24.6781416,0.372044527144556,25.0501861271446,25.0501861271446,4,27.8995709849551,12.15672,20.7474688,0.678518646118936,0.460387553131074,0.312381539240506,312.381539240506
0,2,2,NaN,2,Korsch,760,59,NaN,NaN,NaN,NaN,NaN,NaN,6,180,NaN,NaN,NaN,NaN,NaN,NaN,NaN,NaN,NaN,12.5075811,0.0535988478307863,12.5611799478308,25.1223598956616,1,7.96914676024426,6.16137,10.5154048,0.540981082716449,0.292660531857062,0.158323811392405,158.323811392405
0,3,1,NaN,2,Korsch,760,59,NaN,NaN,NaN,NaN,NaN,NaN,6,120,NaN,NaN,NaN,NaN,NaN,NaN,NaN,NaN,NaN,8.3383874,0.0357325652205242,8.37411996522052,25.1223598956616,1,7.96914676024426,6.16137,10.5154048,0.472590505652982,0.223341786033341,0.105549207594937,105.549207594937
0,1,2,NaN,1,Korsch,630,74,NaN,NaN,NaN,NaN,NaN,NaN,6,360,NaN,NaN,NaN,NaN,NaN,NaN,NaN,NaN,NaN,24.6781416,0.544899628074666,25.2230412280747,25.2230412280747,6,40.7338604736378,12.15672,20.7474688,0.678518646118936,0.460387553131074,0.312381539240506,312.381539240506
0,3,1,NaN,1,Refractivo,410,31,NaN,NaN,NaN,NaN,NaN,NaN,6,120,NaN,NaN,NaN,NaN,NaN,NaN,NaN,NaN,NaN,1.2095146,7.21805914056696,8.42757374056696,25.2827212217009,823,3812.70745064194,0.89373,1.5252992,0.248310265682075,0.0616579880431028,0.0153103113924051,15.3103113924051
0,2,2,NaN,3,Korsch,660,59,NaN,NaN,NaN,NaN,NaN,NaN,6,180,NaN,NaN,NaN,NaN,NaN,NaN,NaN,NaN,NaN,12.5075811,0.191076707861728,12.6986578078617,25.3973156157234,4,28.2689873346244,6.16137,10.5154048,0.540981082716449,0.292660531857062,0.158323811392405,158.323811392405
0,1,1,NaN,3,Cassegrain,390,45,NaN,NaN,NaN,NaN,NaN,NaN,6,360,NaN,NaN,NaN,NaN,NaN,NaN,NaN,NaN,NaN,3.699675,21.7186508114394,25.4183258114394,25.4183258114394,855,3784.29195452698,2.73375,4.6656,0.360450385667529,0.12992448052787,0.046831329113924,46.831329113924
0,3,1,NaN,3,Korsch,660,59,NaN,NaN,NaN,NaN,NaN,NaN,6,120,NaN,NaN,NaN,NaN,NaN,NaN,NaN,NaN,NaN,8.3383874,0.159506061513747,8.49789346151375,25.4936803845412,5,35.3362341682805,6.16137,10.5154048,0.472590505652982,0.223341786033341,0.105549207594937,105.549207594937
0,2,1,NaN,1,Refractivo,920,68,NaN,NaN,NaN,NaN,NaN,NaN,6,180,NaN,NaN,NaN,NaN,NaN,NaN,NaN,NaN,NaN,12.7659392,0,12.7659392,25.5318784,0,0,9.43296,16.0989184,0.544680582786488,0.296676937264628,0.161594167088608,161.594167088608
0,2,1,NaN,2,Korsch,880,68,NaN,NaN,NaN,NaN,NaN,NaN,6,180,NaN,NaN,NaN,NaN,NaN,NaN,NaN,NaN,NaN,12.7659392,0,12.7659392,25.5318784,0,0,9.43296,16.0989184,0.544680582786488,0.296676937264628,0.161594167088608,161.594167088608
0,2,1,NaN,3,Korsch,760,68,NaN,NaN,NaN,NaN,NaN,NaN,6,180,NaN,NaN,NaN,NaN,NaN,NaN,NaN,NaN,NaN,12.7659392,0.0547059920801049,12.8206451920801,25.6412903841602,1,7.96914676024426,9.43296,16.0989184,0.544680582786488,0.296676937264628,0.161594167088608,161.594167088608
0,2,1,NaN,3,Korsch,770,68,NaN,NaN,NaN,NaN,NaN,NaN,6,180,NaN,NaN,NaN,NaN,NaN,NaN,NaN,NaN,NaN,12.7659392,0.0553117659057836,12.8212509659058,25.6425019318116,1,8.05721799172443,9.43296,16.0989184,0.544680582786488,0.296676937264628,0.161594167088608,161.594167088608
0,1,2,NaN,2,Korsch,970,75,NaN,NaN,NaN,NaN,NaN,NaN,6,360,NaN,NaN,NaN,NaN,NaN,NaN,NaN,NaN,NaN,25.6921875,0,25.6921875,25.6921875,0,0,12.65625,21.6,0.687687817012435,0.472914533667329,0.325217563291139,325.217563291139
0,1,2,NaN,2,Cassegrain,780,75,NaN,NaN,NaN,NaN,NaN,NaN,6,360,NaN,NaN,NaN,NaN,NaN,NaN,NaN,NaN,NaN,25.6921875,0,25.6921875,25.6921875,0,0,12.65625,21.6,0.687687817012435,0.472914533667329,0.325217563291139,325.217563291139
0,1,2,NaN,3,Korsch,840,75,NaN,NaN,NaN,NaN,NaN,NaN,6,360,NaN,NaN,NaN,NaN,NaN,NaN,NaN,NaN,NaN,25.6921875,0,25.6921875,25.6921875,0,0,12.65625,21.6,0.687687817012435,0.472914533667329,0.325217563291139,325.217563291139
0,2,1,NaN,2,Cassegrain,710,68,NaN,NaN,NaN,NaN,NaN,NaN,6,180,NaN,NaN,NaN,NaN,NaN,NaN,NaN,NaN,NaN,12.7659392,0.103466143480297,12.8694053434803,25.7388106869606,2,15.046126344314,9.43296,16.0989184,0.544680582786488,0.296676937264628,0.161594167088608,161.594167088608
0,3,1,NaN,3,Korsch,420,38,NaN,NaN,NaN,NaN,NaN,NaN,6,120,NaN,NaN,NaN,NaN,NaN,NaN,NaN,NaN,NaN,2.2278032,6.36281332426777,8.59061652426777,25.7718495728033,554,2623.3658978704,1.64616,2.8094464,0.304380325674802,0.0926473826578985,0.0282000405063291,28.2000405063291
0,1,1,NaN,2,Cassegrain,900,86,NaN,NaN,NaN,NaN,NaN,NaN,6,360,NaN,NaN,NaN,NaN,NaN,NaN,NaN,NaN,NaN,25.8238736,0,25.8238736,25.8238736,0,0,19.08168,32.5660672,0.688860737053499,0.47452911505389,0.326884475949367,326.884475949367
0,1,1,NaN,3,Korsch,970,86,NaN,NaN,NaN,NaN,NaN,NaN,6,360,NaN,NaN,NaN,NaN,NaN,NaN,NaN,NaN,NaN,25.8238736,0,25.8238736,25.8238736,0,0,19.08168,32.5660672,0.688860737053499,0.47452911505389,0.326884475949367,326.884475949367
0,2,2,NaN,2,Cassegrain,620,59,NaN,NaN,NaN,NaN,NaN,NaN,6,180,NaN,NaN,NaN,NaN,NaN,NaN,NaN,NaN,NaN,12.5075811,0.410505160170514,12.9180862601705,25.836172520341,9,60.2586946560104,6.16137,10.5154048,0.540981082716449,0.292660531857062,0.158323811392405,158.323811392405
0,2,2,NaN,3,Korsch,410,37,NaN,NaN,NaN,NaN,NaN,NaN,6,180,NaN,NaN,NaN,NaN,NaN,NaN,NaN,NaN,NaN,3.0847677,9.86672021070405,12.9514879107041,25.9029758214081,603,2793.51469348371,1.51959,2.5934336,0.339259323059468,0.115096888282769,0.0390476924050633,39.0476924050633
0,2,2,NaN,2,Cassegrain,610,59,NaN,NaN,NaN,NaN,NaN,NaN,6,180,NaN,NaN,NaN,NaN,NaN,NaN,NaN,NaN,NaN,12.5075811,0.450350071621079,12.9579311716211,25.9158623432422,10,66.014359031451,6.16137,10.5154048,0.540981082716449,0.292660531857062,0.158323811392405,158.323811392405
0,3,1,NaN,2,Cassegrain,620,59,NaN,NaN,NaN,NaN,NaN,NaN,6,120,NaN,NaN,NaN,NaN,NaN,NaN,NaN,NaN,NaN,8.3383874,0.30457754210273,8.64296494210273,25.9288948263082,10,66.9541051733449,6.16137,10.5154048,0.472590505652982,0.223341786033341,0.105549207594937,105.549207594937
0,1,1,NaN,1,Korsch,740,86,NaN,NaN,NaN,NaN,NaN,NaN,6,360,NaN,NaN,NaN,NaN,NaN,NaN,NaN,NaN,NaN,25.8238736,0.10819677243693,25.9320703724369,25.9320703724369,1,7.79186485231548,19.08168,32.5660672,0.688860737053499,0.47452911505389,0.326884475949367,326.884475949367
0,1,1,NaN,3,Cassegrain,750,86,NaN,NaN,NaN,NaN,NaN,NaN,6,360,NaN,NaN,NaN,NaN,NaN,NaN,NaN,NaN,NaN,25.8238736,0.109432647874017,25.933306247874,25.933306247874,1,7.88069638064189,19.08168,32.5660672,0.688860737053499,0.47452911505389,0.326884475949367,326.884475949367
0,1,1,NaN,1,Korsch,390,46,NaN,NaN,NaN,NaN,NaN,NaN,6,360,NaN,NaN,NaN,NaN,NaN,NaN,NaN,NaN,NaN,3.9518416,22.0916258985704,26.0434674985704,26.0434674985704,836,3700.19657775972,2.92008,4.9836032,0.368460394237918,0.135763062121962,0.0500233113924051,50.023311392405
0,3,1,NaN,2,Cassegrain,610,59,NaN,NaN,NaN,NaN,NaN,NaN,6,120,NaN,NaN,NaN,NaN,NaN,NaN,NaN,NaN,NaN,8.3383874,0.361449212762244,8.69983661276224,26.0995098382867,12,79.2172308377412,6.16137,10.5154048,0.472590505652982,0.223341786033341,0.105549207594937,105.549207594937
0,2,1,NaN,1,Korsch,570,67,NaN,NaN,NaN,NaN,NaN,NaN,6,180,NaN,NaN,NaN,NaN,NaN,NaN,NaN,NaN,NaN,12.2109778,0.840706475651119,13.0516842756511,26.1033685513022,20,124.428189918472,9.02289,15.3990656,0.536670574216098,0.288015305229436,0.154569339240506,154.569339240506
0,1,2,NaN,1,Korsch,640,75,NaN,NaN,NaN,NaN,NaN,NaN,6,360,NaN,NaN,NaN,NaN,NaN,NaN,NaN,NaN,NaN,25.6921875,0.478487842889101,26.1706753428891,26.1706753428891,5,34.410683835099,12.65625,21.6,0.687687817012435,0.472914533667329,0.325217563291139,325.217563291139
0,3,1,NaN,2,Korsch,410,32,NaN,NaN,NaN,NaN,NaN,NaN,6,120,NaN,NaN,NaN,NaN,NaN,NaN,NaN,NaN,NaN,1.3303808,7.42276141093623,8.75314221093623,26.2594266328087,798,3696.89009187396,0.98304,1.6777216,0.256320274252465,0.0657000829928587,0.0168402632911392,16.8402632911392
0,2,1,NaN,3,Cassegrain,420,48,NaN,NaN,NaN,NaN,NaN,NaN,6,180,NaN,NaN,NaN,NaN,NaN,NaN,NaN,NaN,NaN,4.4900352,8.64797132204927,13.1380065220493,26.2760130440985,438,2074.06906726938,3.31776,5.6623104,0.384480411378697,0.147825186733932,0.0568358886075949,56.8358886075949
1,2,2,3,3,Refractivo,990,60,210,4.26774215698242,240,30,14.2857142857143,99.4340315760916,6,180,0.251235751226182,763.397297805516,0.37125,6.1875,3.2886,0.195,0.04005,0.0085995,2.3274,13.1544,0,13.1544,26.3088,0,0,6.48,11.0592,0.550150253609948,0.30266530154709,0.166511392405063,166.511392405063
1,2,2,3,3,Refractivo,1000,60,190,6.00624227523804,240,50,26.3157894736842,99.4793341291633,6,180,0.250348115765543,755.943279233773,0.375,6.25,3.2886,0.195,0.04005,0.0085995,2.3274,13.1544,0,13.1544,26.3088,0,0,6.48,11.0592,0.550150253609948,0.30266530154709,0.166511392405063,166.511392405063
1,3,1,2,1,Refractivo,810,60,140,5.34564685821533,192,52,37.1428571428571,98.64545261296,6,120,0.250573071861651,946.878403486867,0.151875,2.53125,2.1924,0.195,0.04005,0.0085995,2.3274,8.7696,0,8.7696,26.3088,0,0,6.48,11.0592,0.480600514223371,0.230976854271769,0.111007594936709,111.007594936709
1,3,1,2,3,Refractivo,990,60,130,6.67440891265869,160,30,23.0769230769231,99.4340315760916,6,120,0.251235751226182,763.397297805516,0.37125,6.1875,2.1924,0.195,0.04005,0.0085995,2.3274,8.7696,0,8.7696,26.3088,0,0,6.48,11.0592,0.480600514223371,0.230976854271769,0.111007594936709,111.007594936709
0,2,2,NaN,1,Refractivo,810,60,NaN,NaN,NaN,NaN,NaN,NaN,6,180,NaN,NaN,NaN,NaN,NaN,NaN,NaN,NaN,NaN,13.1544,0,13.1544,26.3088,0,0,6.48,11.0592,0.550150253609948,0.30266530154709,0.166511392405063,166.511392405063
0,2,2,NaN,2,Korsch,780,60,NaN,NaN,NaN,NaN,NaN,NaN,6,180,NaN,NaN,NaN,NaN,NaN,NaN,NaN,NaN,NaN,13.1544,0,13.1544,26.3088,0,0,6.48,11.0592,0.550150253609948,0.30266530154709,0.166511392405063,166.511392405063
0,3,1,NaN,3,Refractivo,1000,60,NaN,NaN,NaN,NaN,NaN,NaN,6,120,NaN,NaN,NaN,NaN,NaN,NaN,NaN,NaN,NaN,8.7696,0,8.7696,26.3088,0,0,6.48,11.0592,0.480600514223371,0.230976854271769,0.111007594936709,111.007594936709
0,3,1,NaN,2,Korsch,770,60,NaN,NaN,NaN,NaN,NaN,NaN,6,120,NaN,NaN,NaN,NaN,NaN,NaN,NaN,NaN,NaN,8.7696,0.0379965825222918,8.80759658252229,26.4227897475669,1,8.05721799172443,6.48,11.0592,0.480600514223371,0.230976854271769,0.111007594936709,111.007594936709
0,2,2,NaN,2,Korsch,770,60,NaN,NaN,NaN,NaN,NaN,NaN,6,180,NaN,NaN,NaN,NaN,NaN,NaN,NaN,NaN,NaN,13.1544,0.0569948737834376,13.2113948737834,26.4227897475669,1,8.05721799172443,6.48,11.0592,0.550150253609948,0.30266530154709,0.166511392405063,166.511392405063
0,3,1,NaN,2,Korsch,780,60,NaN,NaN,NaN,NaN,NaN,NaN,6,120,NaN,NaN,NaN,NaN,NaN,NaN,NaN,NaN,NaN,8.7696,0.0384109563351843,8.80801095633518,26.4240328690056,1,8.14491206267576,6.48,11.0592,0.480600514223371,0.230976854271769,0.111007594936709,111.007594936709
0,2,2,NaN,1,Refractivo,400,30,NaN,NaN,NaN,NaN,NaN,NaN,6,180,NaN,NaN,NaN,NaN,NaN,NaN,NaN,NaN,NaN,1.6443,11.6457720737304,13.2900720737304,26.5801441474607,908,4112.88906866949,0.81,1.3824,0.275075126804974,0.0756663253867726,0.0208139240506329,20.8139240506329
0,1,1,NaN,1,Cassegrain,470,79,NaN,NaN,NaN,NaN,NaN,NaN,6,360,NaN,NaN,NaN,NaN,NaN,NaN,NaN,NaN,NaN,20.0173834,6.63579845828584,26.6531818582858,26.6531818582858,103,539.890491117488,14.79117,25.2435968,0.632790677060772,0.400424040975031,0.2533846,253.3846
0,2,1,NaN,1,Refractivo,930,69,NaN,NaN,NaN,NaN,NaN,NaN,6,180,NaN,NaN,NaN,NaN,NaN,NaN,NaN,NaN,NaN,13.3374654,0,13.3374654,26.6749308,0,0,9.85527,16.8196608,0.552690591356877,0.305466889774414,0.168828675949367,168.828675949367
0,2,1,NaN,2,Korsch,890,69,NaN,NaN,NaN,NaN,NaN,NaN,6,180,NaN,NaN,NaN,NaN,NaN,NaN,NaN,NaN,NaN,13.3374654,0,13.3374654,26.6749308,0,0,9.85527,16.8196608,0.552690591356877,0.305466889774414,0.168828675949367,168.828675949367
0,2,1,NaN,3,Korsch,780,69,NaN,NaN,NaN,NaN,NaN,NaN,6,180,NaN,NaN,NaN,NaN,NaN,NaN,NaN,NaN,NaN,13.3374654,0,13.3374654,26.6749308,0,0,9.85527,16.8196608,0.552690591356877,0.305466889774414,0.168828675949367,168.828675949367
0,3,1,NaN,3,Korsch,670,60,NaN,NaN,NaN,NaN,NaN,NaN,6,120,NaN,NaN,NaN,NaN,NaN,NaN,NaN,NaN,NaN,8.7696,0.135727413260411,8.90532741326041,26.7159822397812,4,28.6368046619791,6.48,11.0592,0.480600514223371,0.230976854271769,0.111007594936709,111.007594936709
0,2,2,NaN,3,Korsch,670,60,NaN,NaN,NaN,NaN,NaN,NaN,6,180,NaN,NaN,NaN,NaN,NaN,NaN,NaN,NaN,NaN,13.1544,0.203591119890616,13.3579911198906,26.7159822397812,4,28.6368046619791,6.48,11.0592,0.550150253609948,0.30266530154709,0.166511392405063,166.511392405063
0,1,2,NaN,2,Korsch,980,76,NaN,NaN,NaN,NaN,NaN,NaN,6,360,NaN,NaN,NaN,NaN,NaN,NaN,NaN,NaN,NaN,26.7336384,0,26.7336384,26.7336384,0,0,13.16928,22.4755712,0.696856987905935,0.485609661593332,0.338400486075949,338.400486075949
0,1,2,NaN,2,Cassegrain,790,76,NaN,NaN,NaN,NaN,NaN,NaN,6,360,NaN,NaN,NaN,NaN,NaN,NaN,NaN,NaN,NaN,26.7336384,0,26.7336384,26.7336384,0,0,13.16928,22.4755712,0.696856987905935,0.485609661593332,0.338400486075949,338.400486075949
0,1,2,NaN,3,Korsch,850,76,NaN,NaN,NaN,NaN,NaN,NaN,6,360,NaN,NaN,NaN,NaN,NaN,NaN,NaN,NaN,NaN,26.7336384,0,26.7336384,26.7336384,0,0,13.16928,22.4755712,0.696856987905935,0.485609661593332,0.338400486075949,338.400486075949
0,1,2,NaN,3,Korsch,860,76,NaN,NaN,NaN,NaN,NaN,NaN,6,360,NaN,NaN,NaN,NaN,NaN,NaN,NaN,NaN,NaN,26.7336384,0,26.7336384,26.7336384,0,0,13.16928,22.4755712,0.696856987905935,0.485609661593332,0.338400486075949,338.400486075949
0,1,1,NaN,2,Cassegrain,910,87,NaN,NaN,NaN,NaN,NaN,NaN,6,360,NaN,NaN,NaN,NaN,NaN,NaN,NaN,NaN,NaN,26.7352218,0,26.7352218,26.7352218,0,0,19.75509,33.7153536,0.696870745623888,0.485628836106394,0.338420529113924,338.420529113924
0,1,1,NaN,3,Korsch,980,87,NaN,NaN,NaN,NaN,NaN,NaN,6,360,NaN,NaN,NaN,NaN,NaN,NaN,NaN,NaN,NaN,26.7352218,0,26.7352218,26.7352218,0,0,19.75509,33.7153536,0.696870745623888,0.485628836106394,0.338420529113924,338.420529113924
0,1,1,NaN,3,Cassegrain,760,87,NaN,NaN,NaN,NaN,NaN,NaN,6,360,NaN,NaN,NaN,NaN,NaN,NaN,NaN,NaN,NaN,26.7352218,0,26.7352218,26.7352218,0,0,19.75509,33.7153536,0.696870745623888,0.485628836106394,0.338420529113924,338.420529113924
0,2,1,NaN,3,Cassegrain,590,68,NaN,NaN,NaN,NaN,NaN,NaN,6,180,NaN,NaN,NaN,NaN,NaN,NaN,NaN,NaN,NaN,12.7659392,0.628728102647489,13.3946673026475,26.789334605295,14,89.7715381939943,9.43296,16.0989184,0.544680582786488,0.296676937264628,0.161594167088608,161.594167088608
0,1,1,NaN,1,Korsch,750,87,NaN,NaN,NaN,NaN,NaN,NaN,6,360,NaN,NaN,NaN,NaN,NaN,NaN,NaN,NaN,NaN,26.7352218,0.113294626452677,26.8485164264527,26.8485164264527,1,7.88069638064189,19.75509,33.7153536,0.696870745623888,0.485628836106394,0.338420529113924,338.420529113924
0,2,1,NaN,2,Cassegrain,720,69,NaN,NaN,NaN,NaN,NaN,NaN,6,180,NaN,NaN,NaN,NaN,NaN,NaN,NaN,NaN,NaN,13.3374654,0.109396109320203,13.4468615093202,26.8937230186404,2,15.2261005631844,9.85527,16.8196608,0.552690591356877,0.305466889774414,0.168828675949367,168.828675949367
0,2,2,NaN,2,Cassegrain,630,60,NaN,NaN,NaN,NaN,NaN,NaN,6,180,NaN,NaN,NaN,NaN,NaN,NaN,NaN,NaN,NaN,13.1544,0.339424935081284,13.4938249350813,26.9876498701626,7,47.5228372192441,6.48,11.0592,0.550150253609948,0.30266530154709,0.166511392405063,166.511392405063
0,1,1,NaN,1,Cassegrain,450,76,NaN,NaN,NaN,NaN,NaN,NaN,6,360,NaN,NaN,NaN,NaN,NaN,NaN,NaN,NaN,NaN,17.8224256,9.16758886899798,26.990014468998,26.990014468998,156,786.312676169186,13.16928,22.4755712,0.608760651349604,0.370589530631594,0.225600324050633,225.600324050633
0,1,2,NaN,3,Cassegrain,660,76,NaN,NaN,NaN,NaN,NaN,NaN,6,360,NaN,NaN,NaN,NaN,NaN,NaN,NaN,NaN,NaN,26.7336384,0.305776072390052,27.0394144723901,27.0394144723901,3,21.2017405009683,13.16928,22.4755712,0.696856987905935,0.485609661593332,0.338400486075949,338.400486075949
0,2,1,NaN,1,Korsch,580,68,NaN,NaN,NaN,NaN,NaN,NaN,6,180,NaN,NaN,NaN,NaN,NaN,NaN,NaN,NaN,NaN,12.7659392,0.755384869907833,13.5213240699078,27.0426481398157,17,107.389675515726,9.43296,16.0989184,0.544680582786488,0.296676937264628,0.161594167088608,161.594167088608
0,3,1,NaN,2,Cassegrain,630,60,NaN,NaN,NaN,NaN,NaN,NaN,6,120,NaN,NaN,NaN,NaN,NaN,NaN,NaN,NaN,NaN,8.7696,0.259039909183308,9.02863990918331,27.0859197275499,8,54.3118139648504,6.48,11.0592,0.480600514223371,0.230976854271769,0.111007594936709,111.007594936709
0,1,2,NaN,1,Korsch,650,76,NaN,NaN,NaN,NaN,NaN,NaN,6,360,NaN,NaN,NaN,NaN,NaN,NaN,NaN,NaN,NaN,26.7336384,0.403032935728902,27.1366713357289,27.1366713357289,4,27.8995709849551,13.16928,22.4755712,0.696856987905935,0.485609661593332,0.338400486075949,338.400486075949
0,1,1,NaN,1,Cassegrain,460,78,NaN,NaN,NaN,NaN,NaN,NaN,6,360,NaN,NaN,NaN,NaN,NaN,NaN,NaN,NaN,NaN,19.2668112,7.87800517057258,27.1448163705726,27.1448163705726,126,647.801685208369,14.23656,24.2970624,0.624780668490383,0.390350883719289,0.243883686075949,243.883686075949
0,1,1,NaN,1,Cassegrain,440,74,NaN,NaN,NaN,NaN,NaN,NaN,6,360,NaN,NaN,NaN,NaN,NaN,NaN,NaN,NaN,NaN,16.4520944,10.7167631667681,27.1688575667681,27.1688575667681,193,953.26575095052,12.15672,20.7474688,0.592740634208825,0.35134145944228,0.208254359493671,208.254359493671
0,2,1,NaN,1,Korsch,420,49,NaN,NaN,NaN,NaN,NaN,NaN,6,180,NaN,NaN,NaN,NaN,NaN,NaN,NaN,NaN,NaN,4.7765494,8.9023637865444,13.6789131865444,27.3578263730888,429,2031.45120972275,3.52947,6.0236288,0.392490419949087,0.15404872975181,0.0604626506329114,60.4626506329114
0,1,1,NaN,1,Cassegrain,480,81,NaN,NaN,NaN,NaN,NaN,NaN,6,360,NaN,NaN,NaN,NaN,NaN,NaN,NaN,NaN,NaN,21.5765046,5.80845501477441,27.3849596147744,27.3849596147744,84,448.693090566972,15.94323,27.2097792,0.648810694201551,0.420955316910299,0.273120311392405,273.120311392405
0,2,2,NaN,2,Korsch,400,31,NaN,NaN,NaN,NaN,NaN,NaN,6,180,NaN,NaN,NaN,NaN,NaN,NaN,NaN,NaN,NaN,1.8142719,11.897270860893,13.711542760893,27.423085521786,878,3977.00066331697,0.89373,1.5252992,0.284244297698473,0.0807948207740983,0.0229654670886076,22.9654670886076
0,2,2,NaN,3,Cassegrain,480,55,NaN,NaN,NaN,NaN,NaN,NaN,6,180,NaN,NaN,NaN,NaN,NaN,NaN,NaN,NaN,NaN,10.1322375,3.62307467737274,13.7553121773727,27.5106243547455,108,576.89111644325,4.99125,8.5184,0.504304399142453,0.25432292699443,0.128256170886076,128.256170886076
0,2,2,NaN,3,Cassegrain,490,56,NaN,NaN,NaN,NaN,NaN,NaN,6,180,NaN,NaN,NaN,NaN,NaN,NaN,NaN,NaN,NaN,10.6950144,3.09592380673858,13.7909382067386,27.5818764134772,88,478.81443272507,5.26848,8.9915392,0.513473570035952,0.263655107125466,0.135379929113924,135.379929113924
1,2,2,3,1,Refractivo,820,61,210,5.34282684326172,288,78,37.1428571428571,98.6879471132967,6,180,0.250861754410013,951.096606667902,0.15375,2.52049180327869,3.455785725,0.19825,0.041396125,0.0090366810625,2.445720275,13.8231429,0,13.8231429,27.6462858,0,0,6.80943,11.6214272,0.559319424503447,0.312838218626868,0.174976492405063,174.976492405063
0,2,2,NaN,1,Refractivo,830,61,NaN,NaN,NaN,NaN,NaN,NaN,6,180,NaN,NaN,NaN,NaN,NaN,NaN,NaN,NaN,NaN,13.8231429,0,13.8231429,27.6462858,0,0,6.80943,11.6214272,0.559319424503447,0.312838218626868,0.174976492405063,174.976492405063
0,2,2,NaN,2,Korsch,790,61,NaN,NaN,NaN,NaN,NaN,NaN,6,180,NaN,NaN,NaN,NaN,NaN,NaN,NaN,NaN,NaN,13.8231429,0,13.8231429,27.6462858,0,0,6.80943,11.6214272,0.559319424503447,0.312838218626868,0.174976492405063,174.976492405063
0,3,1,NaN,1,Refractivo,820,61,NaN,NaN,NaN,NaN,NaN,NaN,6,120,NaN,NaN,NaN,NaN,NaN,NaN,NaN,NaN,NaN,9.2154286,0,9.2154286,27.6462858,0,0,6.80943,11.6214272,0.488610522793761,0.238740242984792,0.116650994936709,116.650994936709
0,3,1,NaN,1,Refractivo,830,61,NaN,NaN,NaN,NaN,NaN,NaN,6,120,NaN,NaN,NaN,NaN,NaN,NaN,NaN,NaN,NaN,9.2154286,0,9.2154286,27.6462858,0,0,6.80943,11.6214272,0.488610522793761,0.238740242984792,0.116650994936709,116.650994936709
0,3,1,NaN,2,Korsch,790,61,NaN,NaN,NaN,NaN,NaN,NaN,6,120,NaN,NaN,NaN,NaN,NaN,NaN,NaN,NaN,NaN,9.2154286,0,9.2154286,27.6462858,0,0,6.80943,11.6214272,0.488610522793761,0.238740242984792,0.116650994936709,116.650994936709
0,2,2,NaN,3,Cassegrain,470,54,NaN,NaN,NaN,NaN,NaN,NaN,6,180,NaN,NaN,NaN,NaN,NaN,NaN,NaN,NaN,NaN,9.5895576,4.23575899454204,13.825316594542,27.6506331890841,132,691.898493470955,4.72392,8.0621568,0.495135228248953,0.245158894253143,0.121386805063291,121.386805063291
0,1,1,NaN,2,Cassegrain,920,88,NaN,NaN,NaN,NaN,NaN,NaN,6,360,NaN,NaN,NaN,NaN,NaN,NaN,NaN,NaN,NaN,27.6677632,0,27.6677632,27.6677632,0,0,20.44416,34.8913664,0.704880754194278,0.496856877633494,0.350224850632911,350.224850632911
0,1,1,NaN,3,Korsch,990,88,NaN,NaN,NaN,NaN,NaN,NaN,6,360,NaN,NaN,NaN,NaN,NaN,NaN,NaN,NaN,NaN,27.6677632,0,27.6677632,27.6677632,0,0,20.44416,34.8913664,0.704880754194278,0.496856877633494,0.350224850632911,350.224850632911
0,1,1,NaN,3,Cassegrain,770,88,NaN,NaN,NaN,NaN,NaN,NaN,6,360,NaN,NaN,NaN,NaN,NaN,NaN,NaN,NaN,NaN,27.6677632,0,27.6677632,27.6677632,0,0,20.44416,34.8913664,0.704880754194278,0.496856877633494,0.350224850632911,350.224850632911
0,1,2,NaN,2,Korsch,990,77,NaN,NaN,NaN,NaN,NaN,NaN,6,360,NaN,NaN,NaN,NaN,NaN,NaN,NaN,NaN,NaN,27.8028597,0,27.8028597,27.8028597,0,0,13.69599,23.3744896,0.706026158799434,0.498472936909083,0.351934932911392,351.934932911392
0,1,2,NaN,2,Korsch,1000,77,NaN,NaN,NaN,NaN,NaN,NaN,6,360,NaN,NaN,NaN,NaN,NaN,NaN,NaN,NaN,NaN,27.8028597,0,27.8028597,27.8028597,0,0,13.69599,23.3744896,0.706026158799434,0.498472936909083,0.351934932911392,351.934932911392
0,1,2,NaN,2,Cassegrain,800,77,NaN,NaN,NaN,NaN,NaN,NaN,6,360,NaN,NaN,NaN,NaN,NaN,NaN,NaN,NaN,NaN,27.8028597,0,27.8028597,27.8028597,0,0,13.69599,23.3744896,0.706026158799434,0.498472936909083,0.351934932911392,351.934932911392
0,1,2,NaN,3,Korsch,870,77,NaN,NaN,NaN,NaN,NaN,NaN,6,360,NaN,NaN,NaN,NaN,NaN,NaN,NaN,NaN,NaN,27.8028597,0,27.8028597,27.8028597,0,0,13.69599,23.3744896,0.706026158799434,0.498472936909083,0.351934932911392,351.934932911392
0,2,1,NaN,3,Cassegrain,600,69,NaN,NaN,NaN,NaN,NaN,NaN,6,180,NaN,NaN,NaN,NaN,NaN,NaN,NaN,NaN,NaN,13.3374654,0.569722715754949,13.907188115755,27.8143762315099,12,78.0846085137237,9.85527,16.8196608,0.552690591356877,0.305466889774414,0.168828675949367,168.828675949367
0,2,1,NaN,1,Refractivo,940,70,NaN,NaN,NaN,NaN,NaN,NaN,6,180,NaN,NaN,NaN,NaN,NaN,NaN,NaN,NaN,NaN,13.9258,0,13.9258,27.8516,0,0,10.29,17.5616,0.560700599927267,0.314385162758797,0.176275949367089,176.275949367089
0,2,1,NaN,1,Refractivo,950,70,NaN,NaN,NaN,NaN,NaN,NaN,6,180,NaN,NaN,NaN,NaN,NaN,NaN,NaN,NaN,NaN,13.9258,0,13.9258,27.8516,0,0,10.29,17.5616,0.560700599927267,0.314385162758797,0.176275949367089,176.275949367089
0,2,1,NaN,2,Korsch,900,70,NaN,NaN,NaN,NaN,NaN,NaN,6,180,NaN,NaN,NaN,NaN,NaN,NaN,NaN,NaN,NaN,13.9258,0,13.9258,27.8516,0,0,10.29,17.5616,0.560700599927267,0.314385162758797,0.176275949367089,176.275949367089
0,2,1,NaN,2,Korsch,910,70,NaN,NaN,NaN,NaN,NaN,NaN,6,180,NaN,NaN,NaN,NaN,NaN,NaN,NaN,NaN,NaN,13.9258,0,13.9258,27.8516,0,0,10.29,17.5616,0.560700599927267,0.314385162758797,0.176275949367089,176.275949367089
0,2,1,NaN,3,Korsch,790,70,NaN,NaN,NaN,NaN,NaN,NaN,6,180,NaN,NaN,NaN,NaN,NaN,NaN,NaN,NaN,NaN,13.9258,0,13.9258,27.8516,0,0,10.29,17.5616,0.560700599927267,0.314385162758797,0.176275949367089,176.275949367089
0,2,1,NaN,3,Korsch,400,36,NaN,NaN,NaN,NaN,NaN,NaN,6,180,NaN,NaN,NaN,NaN,NaN,NaN,NaN,NaN,NaN,1.8942336,12.0420020329065,13.9362356329065,27.872471265813,866,3922.64530117597,1.39968,2.3887872,0.288360308534023,0.0831516675378368,0.0239776405063291,23.9776405063291
0,2,2,NaN,3,Cassegrain,500,57,NaN,NaN,NaN,NaN,NaN,NaN,6,180,NaN,NaN,NaN,NaN,NaN,NaN,NaN,NaN,NaN,11.2782537,2.66542016997055,13.9436738699705,27.8873477399411,72,398.888907092594,5.55579,9.4818816,0.522642740929451,0.273155434646249,0.142762705063291,142.762705063291
0,1,1,NaN,2,TMA,450,77,NaN,NaN,NaN,NaN,NaN,NaN,6,360,NaN,NaN,NaN,NaN,NaN,NaN,NaN,NaN,NaN,18.5352398,9.38743447901714,27.9226742790171,27.9226742790171,154,776.231744423427,13.69599,23.3744896,0.616770659919993,0.380406046938144,0.234623288607595,234.623288607595
0,2,1,NaN,2,Cassegrain,730,70,NaN,NaN,NaN,NaN,NaN,NaN,6,180,NaN,NaN,NaN,NaN,NaN,NaN,NaN,NaN,NaN,13.9258,0.0576769619434095,13.9834769619434,27.9669539238868,1,7.7026501615901,10.29,17.5616,0.560700599927267,0.314385162758797,0.176275949367089,176.275949367089
0,2,2,NaN,3,Korsch,680,61,NaN,NaN,NaN,NaN,NaN,NaN,6,180,NaN,NaN,NaN,NaN,NaN,NaN,NaN,NaN,NaN,13.8231429,0.162234717738382,13.9853776177384,27.9707552354768,3,21.7522735917946,6.80943,11.6214272,0.559319424503447,0.312838218626868,0.174976492405063,174.976492405063
0,2,2,NaN,3,Korsch,690,61,NaN,NaN,NaN,NaN,NaN,NaN,6,180,NaN,NaN,NaN,NaN,NaN,NaN,NaN,NaN,NaN,13.8231429,0.164285416264423,13.9874283162644,27.9748566325288,3,22.0257571116181,6.80943,11.6214272,0.559319424503447,0.312838218626868,0.174976492405063,174.976492405063
0,3,1,NaN,3,Korsch,690,61,NaN,NaN,NaN,NaN,NaN,NaN,6,120,NaN,NaN,NaN,NaN,NaN,NaN,NaN,NaN,NaN,9.2154286,0.109523610842948,9.32495221084295,27.9748566325288,3,22.0257571116181,6.80943,11.6214272,0.488610522793761,0.238740242984792,0.116650994936709,116.650994936709
0,2,1,NaN,1,Korsch,590,69,NaN,NaN,NaN,NaN,NaN,NaN,6,180,NaN,NaN,NaN,NaN,NaN,NaN,NaN,NaN,NaN,13.3374654,0.656876018575158,13.9943414185752,27.9886828371503,14,89.7715381939943,9.85527,16.8196608,0.552690591356877,0.305466889774414,0.168828675949367,168.828675949367
0,1,1,NaN,2,TMA,460,79,NaN,NaN,NaN,NaN,NaN,NaN,6,360,NaN,NaN,NaN,NaN,NaN,NaN,NaN,NaN,NaN,20.0173834,8.03375577689486,28.0511391768949,28.0511391768949,124,637.51911877649,14.79117,25.2435968,0.632790677060772,0.400424040975031,0.2533846,253.3846
0,3,1,NaN,3,Korsch,680,61,NaN,NaN,NaN,NaN,NaN,NaN,6,120,NaN,NaN,NaN,NaN,NaN,NaN,NaN,NaN,NaN,9.2154286,0.144464471816148,9.35989307181615,28.0796792154484,4,29.0030314557262,6.80943,11.6214272,0.488610522793761,0.238740242984792,0.116650994936709,116.650994936709
0,1,2,NaN,1,Korsch,660,77,NaN,NaN,NaN,NaN,NaN,NaN,6,360,NaN,NaN,NaN,NaN,NaN,NaN,NaN,NaN,NaN,27.8028597,0.318005694289546,28.1208653942895,28.1208653942895,3,21.2017405009683,13.69599,23.3744896,0.706026158799434,0.498472936909083,0.351934932911392,351.934932911392
0,1,2,NaN,3,Cassegrain,670,77,NaN,NaN,NaN,NaN,NaN,NaN,6,360,NaN,NaN,NaN,NaN,NaN,NaN,NaN,NaN,NaN,27.8028597,0.322165091292432,28.1250247912924,28.1250247912924,3,21.4776034964843,13.69599,23.3744896,0.706026158799434,0.498472936909083,0.351934932911392,351.934932911392
0,3,1,NaN,2,Cassegrain,420,40,NaN,NaN,NaN,NaN,NaN,NaN,6,120,NaN,NaN,NaN,NaN,NaN,NaN,NaN,NaN,NaN,2.5984,6.77733873023847,9.37573873023847,28.1272161907154,526,2490.77700772533,1.92,3.2768,0.320400342815581,0.102656379676342,0.0328911392405063,32.8911392405063
0,2,2,NaN,3,Cassegrain,460,53,NaN,NaN,NaN,NaN,NaN,NaN,6,180,NaN,NaN,NaN,NaN,NaN,NaN,NaN,NaN,NaN,9.0666093,5.00014950825257,14.0667588082526,28.1335176165051,162,832.887880982189,4.46631,7.6225024,0.485966057355454,0.236163008901605,0.114767206329114,114.767206329114
0,2,2,NaN,2,Cassegrain,640,61,NaN,NaN,NaN,NaN,NaN,NaN,6,180,NaN,NaN,NaN,NaN,NaN,NaN,NaN,NaN,NaN,13.8231429,0.309449120500807,14.1325920205008,28.2651840410016,6,41.2928206021188,6.80943,11.6214272,0.559319424503447,0.312838218626868,0.174976492405063,174.976492405063
0,1,1,NaN,1,Cassegrain,490,83,NaN,NaN,NaN,NaN,NaN,NaN,6,360,NaN,NaN,NaN,NaN,NaN,NaN,NaN,NaN,NaN,23.2145522,5.05206078932114,28.2666129893211,28.2666129893211,68,369.9929707421,17.15361,29.2754944,0.66483071134233,0.441999874743949,0.293855091139241,293.85509113924
0,1,1,NaN,2,TMA,480,82,NaN,NaN,NaN,NaN,NaN,NaN,6,360,NaN,NaN,NaN,NaN,NaN,NaN,NaN,NaN,NaN,22.3855408,5.94647372788501,28.332014527885,28.332014527885,83,443.351506155461,16.54104,28.2300416,0.656820702771941,0.431413435589826,0.283361275949367,283.361275949367
0,3,1,NaN,2,Cassegrain,640,61,NaN,NaN,NaN,NaN,NaN,NaN,6,120,NaN,NaN,NaN,NaN,NaN,NaN,NaN,NaN,NaN,9.2154286,0.241088544553254,9.45651714455325,28.3695514336598,7,48.1749573691386,6.80943,11.6214272,0.488610522793761,0.238740242984792,0.116650994936709,116.650994936709
0,1,1,NaN,1,Cassegrain,500,84,NaN,NaN,NaN,NaN,NaN,NaN,6,360,NaN,NaN,NaN,NaN,NaN,NaN,NaN,NaN,NaN,24.0637824,4.32594786799706,28.3897302679971,28.3897302679971,56,310.246927738684,17.78112,30.3464448,0.67284071991272,0.452714634372667,0.304604840506329,304.604840506329
0,1,1,NaN,2,TMA,470,81,NaN,NaN,NaN,NaN,NaN,NaN,6,360,NaN,NaN,NaN,NaN,NaN,NaN,NaN,NaN,NaN,21.5765046,6.99507240412241,28.5715770041224,28.5715770041224,101,529.407180610352,15.94323,27.2097792,0.648810694201551,0.420955316910299,0.273120311392405,273.120311392405
0,1,1,NaN,1,Korsch,760,89,NaN,NaN,NaN,NaN,NaN,NaN,6,360,NaN,NaN,NaN,NaN,NaN,NaN,NaN,NaN,NaN,28.6217414,0,28.6217414,28.6217414,0,0,21.14907,36.0944128,0.712890762764667,0.508213239635189,0.362300524050633,362.300524050633
0,1,1,NaN,2,Cassegrain,930,89,NaN,NaN,NaN,NaN,NaN,NaN,6,360,NaN,NaN,NaN,NaN,NaN,NaN,NaN,NaN,NaN,28.6217414,0,28.6217414,28.6217414,0,0,21.14907,36.0944128,0.712890762764667,0.508213239635189,0.362300524050633,362.300524050633
0,1,1,NaN,3,Korsch,1000,89,NaN,NaN,NaN,NaN,NaN,NaN,6,360,NaN,NaN,NaN,NaN,NaN,NaN,NaN,NaN,NaN,28.6217414,0,28.6217414,28.6217414,0,0,21.14907,36.0944128,0.712890762764667,0.508213239635189,0.362300524050633,362.300524050633
0,1,1,NaN,3,Cassegrain,780,89,NaN,NaN,NaN,NaN,NaN,NaN,6,360,NaN,NaN,NaN,NaN,NaN,NaN,NaN,NaN,NaN,28.6217414,0,28.6217414,28.6217414,0,0,21.14907,36.0944128,0.712890762764667,0.508213239635189,0.362300524050633,362.300524050633
0,3,1,NaN,3,Cassegrain,490,56,NaN,NaN,NaN,NaN,NaN,NaN,6,120,NaN,NaN,NaN,NaN,NaN,NaN,NaN,NaN,NaN,7.1300096,2.41181916648323,9.54182876648323,28.6254862994497,101,549.548383014001,5.26848,8.9915392,0.448560479941813,0.20120650416563,0.0902532860759494,90.2532860759493
0,3,1,NaN,3,Cassegrain,480,55,NaN,NaN,NaN,NaN,NaN,NaN,6,120,NaN,NaN,NaN,NaN,NaN,NaN,NaN,NaN,NaN,6.754825,2.80789886019057,9.56272386019057,28.6881715805717,123,657.014882615924,4.99125,8.5184,0.440550471371424,0.194084717825584,0.0855041139240506,85.5041139240506
0,3,1,NaN,3,Cassegrain,500,57,NaN,NaN,NaN,NaN,NaN,NaN,6,120,NaN,NaN,NaN,NaN,NaN,NaN,NaN,NaN,NaN,7.5188358,2.08018428563777,9.59902008563776,28.7970602569133,83,459.830267898407,5.55579,9.4818816,0.456570488512203,0.208456610980271,0.0951751367088608,95.1751367088607
0,2,1,NaN,3,Cassegrain,610,70,NaN,NaN,NaN,NaN,NaN,NaN,6,180,NaN,NaN,NaN,NaN,NaN,NaN,NaN,NaN,NaN,13.9258,0.501414700191776,14.4272147001918,28.8544294003836,10,66.014359031451,10.29,17.5616,0.560700599927267,0.314385162758797,0.176275949367089,176.275949367089
0,2,2,NaN,1,Korsch,480,56,NaN,NaN,NaN,NaN,NaN,NaN,6,180,NaN,NaN,NaN,NaN,NaN,NaN,NaN,NaN,NaN,10.6950144,3.74326889276737,14.4382832927674,28.8765665855347,106,566.207947620227,5.26848,8.9915392,0.513473570035952,0.263655107125466,0.135379929113924,135.379929113924
0,1,1,NaN,1,Cassegrain,430,73,NaN,NaN,NaN,NaN,NaN,NaN,6,360,NaN,NaN,NaN,NaN,NaN,NaN,NaN,NaN,NaN,15.7940902,13.0945529733732,28.8886431733732,28.8886431733732,238,1151.32154537889,11.67051,19.9176704,0.584730625638435,0.341909904559516,0.199925192405063,199.925192405063
0,1,2,NaN,2,Cassegrain,810,78,NaN,NaN,NaN,NaN,NaN,NaN,6,360,NaN,NaN,NaN,NaN,NaN,NaN,NaN,NaN,NaN,28.9002168,0,28.9002168,28.9002168,0,0,14.23656,24.2970624,0.715195329692933,0.511504359614583,0.365825529113924,365.825529113924
0,1,2,NaN,3,Korsch,880,78,NaN,NaN,NaN,NaN,NaN,NaN,6,360,NaN,NaN,NaN,NaN,NaN,NaN,NaN,NaN,NaN,28.9002168,0,28.9002168,28.9002168,0,0,14.23656,24.2970624,0.715195329692933,0.511504359614583,0.365825529113924,365.825529113924
0,2,1,NaN,1,Korsch,600,70,NaN,NaN,NaN,NaN,NaN,NaN,6,180,NaN,NaN,NaN,NaN,NaN,NaN,NaN,NaN,NaN,13.9258,0.544412674393402,14.4702126743934,28.9404253487868,11,71.5775578042467,10.29,17.5616,0.560700599927267,0.314385162758797,0.176275949367089,176.275949367089
0,2,2,NaN,1,Korsch,490,57,NaN,NaN,NaN,NaN,NaN,NaN,6,180,NaN,NaN,NaN,NaN,NaN,NaN,NaN,NaN,NaN,11.2782537,3.22320975770546,14.5014634577055,29.0029269154109,87,473.373359625922,5.55579,9.4818816,0.522642740929451,0.273155434646249,0.142762705063291,142.762705063291
0,2,2,NaN,3,Cassegrain,450,52,NaN,NaN,NaN,NaN,NaN,NaN,6,180,NaN,NaN,NaN,NaN,NaN,NaN,NaN,NaN,NaN,8.5630272,5.94664847992079,14.5096756799208,29.0193513598416,199,1003.052708703,4.21824,7.1991296,0.476796886461955,0.227335270939815,0.108392749367089,108.392749367089
0,2,2,NaN,1,Refractivo,840,62,NaN,NaN,NaN,NaN,NaN,NaN,6,180,NaN,NaN,NaN,NaN,NaN,NaN,NaN,NaN,NaN,14.5141752,0,14.5141752,29.0283504,0,0,7.14984,12.2023936,0.568488595396947,0.323179283096393,0.183723736708861,183.723736708861
0,2,2,NaN,2,Korsch,800,62,NaN,NaN,NaN,NaN,NaN,NaN,6,180,NaN,NaN,NaN,NaN,NaN,NaN,NaN,NaN,NaN,14.5141752,0,14.5141752,29.0283504,0,0,7.14984,12.2023936,0.568488595396947,0.323179283096393,0.183723736708861,183.723736708861
0,3,1,NaN,1,Refractivo,840,62,NaN,NaN,NaN,NaN,NaN,NaN,6,120,NaN,NaN,NaN,NaN,NaN,NaN,NaN,NaN,NaN,9.6761168,0,9.6761168,29.0283504,0,0,7.14984,12.2023936,0.49662053136415,0.246631952172411,0.12248249113924,122.48249113924
0,3,1,NaN,2,Korsch,800,62,NaN,NaN,NaN,NaN,NaN,NaN,6,120,NaN,NaN,NaN,NaN,NaN,NaN,NaN,NaN,NaN,9.6761168,0,9.6761168,29.0283504,0,0,7.14984,12.2023936,0.49662053136415,0.246631952172411,0.12248249113924,122.48249113924
0,2,2,NaN,1,Korsch,470,55,NaN,NaN,NaN,NaN,NaN,NaN,6,180,NaN,NaN,NaN,NaN,NaN,NaN,NaN,NaN,NaN,10.1322375,4.39576917354953,14.5280066735495,29.0560133470991,130,681.415182963819,4.99125,8.5184,0.504304399142453,0.25432292699443,0.128256170886076,128.256170886076
0,1,1,NaN,2,TMA,440,76,NaN,NaN,NaN,NaN,NaN,NaN,6,360,NaN,NaN,NaN,NaN,NaN,NaN,NaN,NaN,NaN,17.8224256,11.2355371202172,29.0579627202172,29.0579627202172,188,928.569747039885,13.16928,22.4755712,0.608760651349604,0.370589530631594,0.225600324050633,225.600324050633
0,2,1,NaN,1,Refractivo,960,71,NaN,NaN,NaN,NaN,NaN,NaN,6,180,NaN,NaN,NaN,NaN,NaN,NaN,NaN,NaN,NaN,14.5311866,0,14.5311866,29.0623732,0,0,10.73733,18.3250432,0.568710608497656,0.323431756217774,0.183939070886076,183.939070886076
0,2,1,NaN,2,Korsch,920,71,NaN,NaN,NaN,NaN,NaN,NaN,6,180,NaN,NaN,NaN,NaN,NaN,NaN,NaN,NaN,NaN,14.5311866,0,14.5311866,29.0623732,0,0,10.73733,18.3250432,0.568710608497656,0.323431756217774,0.183939070886076,183.939070886076
0,2,1,NaN,3,Korsch,800,71,NaN,NaN,NaN,NaN,NaN,NaN,6,180,NaN,NaN,NaN,NaN,NaN,NaN,NaN,NaN,NaN,14.5311866,0,14.5311866,29.0623732,0,0,10.73733,18.3250432,0.568710608497656,0.323431756217774,0.183939070886076,183.939070886076
0,3,1,NaN,3,Cassegrain,470,54,NaN,NaN,NaN,NaN,NaN,NaN,6,120,NaN,NaN,NaN,NaN,NaN,NaN,NaN,NaN,NaN,6.3930384,3.3145866041366,9.7076250041366,29.1228750124098,151,791.489943288744,4.72392,8.0621568,0.432540462801034,0.187091251960133,0.0809245367088608,80.9245367088607
0,1,2,NaN,3,Cassegrain,680,78,NaN,NaN,NaN,NaN,NaN,NaN,6,360,NaN,NaN,NaN,NaN,NaN,NaN,NaN,NaN,NaN,28.9002168,0.225723884487291,29.1259406844873,29.1259406844873,2,14.5015157278631,14.23656,24.2970624,0.715195329692933,0.511504359614583,0.365825529113924,365.825529113924
0,2,1,NaN,2,Cassegrain,740,71,NaN,NaN,NaN,NaN,NaN,NaN,6,180,NaN,NaN,NaN,NaN,NaN,NaN,NaN,NaN,NaN,14.5311866,0.0608827131882635,14.5920693131883,29.1841386263765,1,7.79186485231548,10.73733,18.3250432,0.568710608497656,0.323431756217774,0.183939070886076,183.939070886076
0,1,1,NaN,2,TMA,490,84,NaN,NaN,NaN,NaN,NaN,NaN,6,360,NaN,NaN,NaN,NaN,NaN,NaN,NaN,NaN,NaN,24.0637824,5.15281283398369,29.2165952339837,29.2165952339837,67,364.551897642951,17.78112,30.3464448,0.67284071991272,0.452714634372667,0.304604840506329,304.604840506329
0,1,2,NaN,1,Korsch,670,78,NaN,NaN,NaN,NaN,NaN,NaN,6,360,NaN,NaN,NaN,NaN,NaN,NaN,NaN,NaN,NaN,28.9002168,0.334880695158962,29.235097495159,29.235097495159,3,21.4776034964843,14.23656,24.2970624,0.715195329692933,0.511504359614583,0.365825529113924,365.825529113924
0,2,2,NaN,3,Korsch,700,62,NaN,NaN,NaN,NaN,NaN,NaN,6,180,NaN,NaN,NaN,NaN,NaN,NaN,NaN,NaN,NaN,14.5141752,0.116217037542964,14.630392237543,29.2607844750859,2,14.8653735594344,7.14984,12.2023936,0.568488595396947,0.323179283096393,0.183723736708861,183.723736708861
0,3,1,NaN,3,Korsch,700,62,NaN,NaN,NaN,NaN,NaN,NaN,6,120,NaN,NaN,NaN,NaN,NaN,NaN,NaN,NaN,NaN,9.6761168,0.0774780250286424,9.75359482502864,29.2607844750859,2,14.8653735594344,7.14984,12.2023936,0.49662053136415,0.246631952172411,0.12248249113924,122.48249113924
0,2,2,NaN,1,Korsch,500,58,NaN,NaN,NaN,NaN,NaN,NaN,6,180,NaN,NaN,NaN,NaN,NaN,NaN,NaN,NaN,NaN,11.8823208,2.76531808045489,14.6476388804549,29.2952777609098,71,393.348783382975,5.85336,9.9897344,0.53181191182295,0.282823909556781,0.150409124050633,150.409124050633
0,2,2,NaN,2,Cassegrain,410,40,NaN,NaN,NaN,NaN,NaN,NaN,6,180,NaN,NaN,NaN,NaN,NaN,NaN,NaN,NaN,NaN,3.8976,10.8121154022021,14.7097154022021,29.4194308044042,557,2580.41075335062,1.92,3.2768,0.366766835739966,0.134517911798707,0.0493367088607595,49.3367088607595
0,2,2,NaN,1,Korsch,460,54,NaN,NaN,NaN,NaN,NaN,NaN,6,180,NaN,NaN,NaN,NaN,NaN,NaN,NaN,NaN,NaN,9.5895576,5.16981866504775,14.7593762650477,29.5187525300955,159,817.464031334371,4.72392,8.0621568,0.495135228248953,0.245158894253143,0.121386805063291,121.386805063291
0,2,2,NaN,2,Cassegrain,650,62,NaN,NaN,NaN,NaN,NaN,NaN,6,180,NaN,NaN,NaN,NaN,NaN,NaN,NaN,NaN,NaN,14.5141752,0.273984311421998,14.788159511422,29.576319022844,5,34.8744637311938,7.14984,12.2023936,0.568488595396947,0.323179283096393,0.183723736708861,183.723736708861
0,1,1,NaN,1,Korsch,770,90,NaN,NaN,NaN,NaN,NaN,NaN,6,360,NaN,NaN,NaN,NaN,NaN,NaN,NaN,NaN,NaN,29.5974,0,29.5974,29.5974,0,0,21.87,37.3248,0.720900771335057,0.51969792211148,0.374650632911392,374.650632911392
0,1,1,NaN,2,Cassegrain,940,90,NaN,NaN,NaN,NaN,NaN,NaN,6,360,NaN,NaN,NaN,NaN,NaN,NaN,NaN,NaN,NaN,29.5974,0,29.5974,29.5974,0,0,21.87,37.3248,0.720900771335057,0.51969792211148,0.374650632911392,374.650632911392
0,1,1,NaN,3,Cassegrain,790,90,NaN,NaN,NaN,NaN,NaN,NaN,6,360,NaN,NaN,NaN,NaN,NaN,NaN,NaN,NaN,NaN,29.5974,0,29.5974,29.5974,0,0,21.87,37.3248,0.720900771335057,0.51969792211148,0.374650632911392,374.650632911392
0,1,1,NaN,1,Cassegrain,510,86,NaN,NaN,NaN,NaN,NaN,NaN,6,360,NaN,NaN,NaN,NaN,NaN,NaN,NaN,NaN,NaN,25.8238736,3.83228095049112,29.6561545504911,29.6561545504911,46,259.381976517967,19.08168,32.5660672,0.688860737053499,0.47452911505389,0.326884475949367,326.884475949367
0,3,1,NaN,2,Cassegrain,650,62,NaN,NaN,NaN,NaN,NaN,NaN,6,120,NaN,NaN,NaN,NaN,NaN,NaN,NaN,NaN,NaN,9.6761168,0.219561886867211,9.89567868686721,29.6870360606016,6,41.8493564774326,7.14984,12.2023936,0.49662053136415,0.246631952172411,0.12248249113924,122.48249113924
0,2,2,NaN,3,Cassegrain,510,59,NaN,NaN,NaN,NaN,NaN,NaN,6,180,NaN,NaN,NaN,NaN,NaN,NaN,NaN,NaN,NaN,12.5075811,2.38023140422938,14.8878125042294,29.7756250084588,58,327.046839957437,6.16137,10.5154048,0.540981082716449,0.292660531857062,0.158323811392405,158.323811392405
0,1,1,NaN,2,TMA,430,74,NaN,NaN,NaN,NaN,NaN,NaN,6,360,NaN,NaN,NaN,NaN,NaN,NaN,NaN,NaN,NaN,16.4520944,13.3418714755705,29.7939658755705,29.7939658755705,234,1131.97160343975,12.15672,20.7474688,0.592740634208825,0.35134145944228,0.208254359493671,208.254359493671
0,2,1,NaN,3,Cassegrain,620,71,NaN,NaN,NaN,NaN,NaN,NaN,6,180,NaN,NaN,NaN,NaN,NaN,NaN,NaN,NaN,NaN,14.5311866,0.423234645341399,14.9544212453414,29.9088424906828,8,53.563284138676,10.73733,18.3250432,0.568710608497656,0.323431756217774,0.183939070886076,183.939070886076
0,3,1,NaN,3,Cassegrain,460,53,NaN,NaN,NaN,NaN,NaN,NaN,6,120,NaN,NaN,NaN,NaN,NaN,NaN,NaN,NaN,NaN,6.0444062,3.92629077792693,9.97069697792693,29.9120909337808,185,951.137394948796,4.46631,7.6225024,0.424530454230645,0.180226106569277,0.0765114708860759,76.5114708860759
0,3,1,NaN,1,Korsch,490,57,NaN,NaN,NaN,NaN,NaN,NaN,6,120,NaN,NaN,NaN,NaN,NaN,NaN,NaN,NaN,NaN,7.5188358,2.4860804019405,10.0049162019405,30.0147486058215,99,538.666236815704,5.55579,9.4818816,0.456570488512203,0.208456610980271,0.0951751367088608,95.1751367088607
0,1,2,NaN,2,Cassegrain,820,79,NaN,NaN,NaN,NaN,NaN,NaN,6,360,NaN,NaN,NaN,NaN,NaN,NaN,NaN,NaN,NaN,30.0260751,0,30.0260751,30.0260751,0,0,14.79117,25.2435968,0.724364500586432,0.524703929709831,0.3800769,380.0769
0,1,2,NaN,2,Cassegrain,830,79,NaN,NaN,NaN,NaN,NaN,NaN,6,360,NaN,NaN,NaN,NaN,NaN,NaN,NaN,NaN,NaN,30.0260751,0,30.0260751,30.0260751,0,0,14.79117,25.2435968,0.724364500586432,0.524703929709831,0.3800769,380.0769
0,1,2,NaN,3,Korsch,890,79,NaN,NaN,NaN,NaN,NaN,NaN,6,360,NaN,NaN,NaN,NaN,NaN,NaN,NaN,NaN,NaN,30.0260751,0,30.0260751,30.0260751,0,0,14.79117,25.2435968,0.724364500586432,0.524703929709831,0.3800769,380.0769
0,1,2,NaN,3,Cassegrain,390,45,NaN,NaN,NaN,NaN,NaN,NaN,6,360,NaN,NaN,NaN,NaN,NaN,NaN,NaN,NaN,NaN,5.5495125,24.5310720470518,30.0805845470518,30.0805845470518,747,3306.276128692,2.73375,4.6656,0.412612690207461,0.170249232120238,0.0702469936708861,70.2469936708861
0,2,1,NaN,1,Korsch,610,71,NaN,NaN,NaN,NaN,NaN,NaN,6,180,NaN,NaN,NaN,NaN,NaN,NaN,NaN,NaN,NaN,14.5311866,0.523212352070958,15.054398952071,30.1087979041419,10,66.014359031451,10.73733,18.3250432,0.568710608497656,0.323431756217774,0.183939070886076,183.939070886076
0,3,1,NaN,1,Korsch,480,56,NaN,NaN,NaN,NaN,NaN,NaN,6,120,NaN,NaN,NaN,NaN,NaN,NaN,NaN,NaN,NaN,7.1300096,2.90767597143941,10.0376855714394,30.1130567143182,121,646.331713792901,5.26848,8.9915392,0.448560479941813,0.20120650416563,0.0902532860759494,90.2532860759493
0,3,1,NaN,1,Korsch,500,58,NaN,NaN,NaN,NaN,NaN,NaN,6,120,NaN,NaN,NaN,NaN,NaN,NaN,NaN,NaN,NaN,7.9215472,2.13280379688318,10.0543509968832,30.1630529906495,81,448.750020479169,5.85336,9.9897344,0.464580497082592,0.215835038269509,0.100272749367089,100.272749367089
0,1,1,NaN,1,Cassegrain,420,71,NaN,NaN,NaN,NaN,NaN,NaN,6,360,NaN,NaN,NaN,NaN,NaN,NaN,NaN,NaN,NaN,14.5311866,15.6891131525711,30.2202997525711,30.2202997525711,296,1401.65398153364,10.73733,18.3250432,0.568710608497656,0.323431756217774,0.183939070886076,183.939070886076
0,1,2,NaN,1,Korsch,680,79,NaN,NaN,NaN,NaN,NaN,NaN,6,360,NaN,NaN,NaN,NaN,NaN,NaN,NaN,NaN,NaN,30.0260751,0.234517351699559,30.2605924516996,30.2605924516996,2,14.5015157278631,14.79117,25.2435968,0.724364500586432,0.524703929709831,0.3800769,380.0769
0,1,2,NaN,3,Cassegrain,690,79,NaN,NaN,NaN,NaN,NaN,NaN,6,360,NaN,NaN,NaN,NaN,NaN,NaN,NaN,NaN,NaN,30.0260751,0.237476428814278,30.2635515288143,30.2635515288143,2,14.6838380744121,14.79117,25.2435968,0.724364500586432,0.524703929709831,0.3800769,380.0769
0,2,1,NaN,1,Refractivo,970,72,NaN,NaN,NaN,NaN,NaN,NaN,6,180,NaN,NaN,NaN,NaN,NaN,NaN,NaN,NaN,NaN,15.1538688,0,15.1538688,30.3077376,0,0,11.19744,19.1102976,0.576720617068046,0.332606670151347,0.191821124050633,191.821124050633
0,2,1,NaN,1,Refractivo,980,72,NaN,NaN,NaN,NaN,NaN,NaN,6,180,NaN,NaN,NaN,NaN,NaN,NaN,NaN,NaN,NaN,15.1538688,0,15.1538688,30.3077376,0,0,11.19744,19.1102976,0.576720617068046,0.332606670151347,0.191821124050633,191.821124050633
0,2,1,NaN,2,Korsch,930,72,NaN,NaN,NaN,NaN,NaN,NaN,6,180,NaN,NaN,NaN,NaN,NaN,NaN,NaN,NaN,NaN,15.1538688,0,15.1538688,30.3077376,0,0,11.19744,19.1102976,0.576720617068046,0.332606670151347,0.191821124050633,191.821124050633
0,2,1,NaN,3,Korsch,810,72,NaN,NaN,NaN,NaN,NaN,NaN,6,180,NaN,NaN,NaN,NaN,NaN,NaN,NaN,NaN,NaN,15.1538688,0,15.1538688,30.3077376,0,0,11.19744,19.1102976,0.576720617068046,0.332606670151347,0.191821124050633,191.821124050633
0,1,1,NaN,2,TMA,500,86,NaN,NaN,NaN,NaN,NaN,NaN,6,360,NaN,NaN,NaN,NaN,NaN,NaN,NaN,NaN,NaN,25.8238736,4.553148463629,30.377022063629,30.377022063629,55,304.706804029065,19.08168,32.5660672,0.688860737053499,0.47452911505389,0.326884475949367,326.884475949367
0,2,2,NaN,1,Korsch,450,53,NaN,NaN,NaN,NaN,NaN,NaN,6,180,NaN,NaN,NaN,NaN,NaN,NaN,NaN,NaN,NaN,9.0666093,6.13710408980245,15.2037133898025,30.4074267796049,195,982.890845211482,4.46631,7.6225024,0.485966057355454,0.236163008901605,0.114767206329114,114.767206329114
0,2,1,NaN,2,Cassegrain,750,72,NaN,NaN,NaN,NaN,NaN,NaN,6,180,NaN,NaN,NaN,NaN,NaN,NaN,NaN,NaN,NaN,15.1538688,0.0642168566190414,15.218085656619,30.4361713132381,1,7.88069638064189,11.19744,19.1102976,0.576720617068046,0.332606670151347,0.191821124050633,191.821124050633
1,2,2,3,1,Refractivo,850,63,260,5.33378267288208,288,28,10.7692307692308,98.8163482730019,6,180,0.250613000846191,948.745102882424,0.159375,2.5297619047619,3.806965575,0.20475,0.044155125,0.0099549961875,2.694256425,15.2278623,0,15.2278623,30.4557246,0,0,7.50141,12.8024064,0.577657766290446,0.333688494955667,0.192757750632911,192.757750632911
0,2,2,NaN,2,Korsch,810,63,NaN,NaN,NaN,NaN,NaN,NaN,6,180,NaN,NaN,NaN,NaN,NaN,NaN,NaN,NaN,NaN,15.2278623,0,15.2278623,30.4557246,0,0,7.50141,12.8024064,0.577657766290446,0.333688494955667,0.192757750632911,192.757750632911
0,3,1,NaN,1,Refractivo,850,63,NaN,NaN,NaN,NaN,NaN,NaN,6,120,NaN,NaN,NaN,NaN,NaN,NaN,NaN,NaN,NaN,10.1519082,0,10.1519082,30.4557246,0,0,7.50141,12.8024064,0.50463053993454,0.254651981834625,0.128505167088608,128.505167088608
0,3,1,NaN,2,Korsch,810,63,NaN,NaN,NaN,NaN,NaN,NaN,6,120,NaN,NaN,NaN,NaN,NaN,NaN,NaN,NaN,NaN,10.1519082,0,10.1519082,30.4557246,0,0,7.50141,12.8024064,0.50463053993454,0.254651981834625,0.128505167088608,128.505167088608
0,2,2,NaN,3,Cassegrain,440,51,NaN,NaN,NaN,NaN,NaN,NaN,6,180,NaN,NaN,NaN,NaN,NaN,NaN,NaN,NaN,NaN,8.0784459,7.15109433195618,15.2295402319562,30.4590804639124,245,1210.10419162113,3.97953,6.7917312,0.467627715568456,0.218675680367773,0.102258808860759,102.258808860759
0,2,2,NaN,3,Cassegrain,520,60,NaN,NaN,NaN,NaN,NaN,NaN,6,180,NaN,NaN,NaN,NaN,NaN,NaN,NaN,NaN,NaN,13.1544,2.08074173589764,15.2351417358976,30.4702834717953,48,275.372169178067,6.48,11.0592,0.550150253609948,0.30266530154709,0.166511392405063,166.511392405063
0,2,1,NaN,2,Cassegrain,400,39,NaN,NaN,NaN,NaN,NaN,NaN,6,180,NaN,NaN,NaN,NaN,NaN,NaN,NaN,NaN,NaN,2.4083514,12.8385791416745,15.2469305416745,30.493861083349,799,3619.16119588868,1.77957,3.0371328,0.312390334245191,0.0975877209298224,0.0304854607594937,30.4854607594937
0,3,1,NaN,1,Korsch,470,55,NaN,NaN,NaN,NaN,NaN,NaN,6,120,NaN,NaN,NaN,NaN,NaN,NaN,NaN,NaN,NaN,6.754825,3.41860572777612,10.1734307277761,30.5202921833284,148,775.764977528041,4.99125,8.5184,0.440550471371424,0.194084717825584,0.0855041139240506,85.5041139240506
0,3,1,NaN,3,Cassegrain,510,59,NaN,NaN,NaN,NaN,NaN,NaN,6,120,NaN,NaN,NaN,NaN,NaN,NaN,NaN,NaN,NaN,8.3383874,1.85654460835846,10.1949320083585,30.5847960250754,67,377.795487537039,6.16137,10.5154048,0.472590505652982,0.223341786033341,0.105549207594937,105.549207594937
0,1,1,NaN,1,Korsch,780,91,NaN,NaN,NaN,NaN,NaN,NaN,6,360,NaN,NaN,NaN,NaN,NaN,NaN,NaN,NaN,NaN,30.5949826,0,30.5949826,30.5949826,0,0,22.60713,38.5828352,0.728910779905447,0.531310925062366,0.387278260759494,387.278260759494
0,1,1,NaN,2,Cassegrain,950,91,NaN,NaN,NaN,NaN,NaN,NaN,6,360,NaN,NaN,NaN,NaN,NaN,NaN,NaN,NaN,NaN,30.5949826,0,30.5949826,30.5949826,0,0,22.60713,38.5828352,0.728910779905447,0.531310925062366,0.387278260759494,387.278260759494
0,2,2,NaN,3,Korsch,710,63,NaN,NaN,NaN,NaN,NaN,NaN,6,180,NaN,NaN,NaN,NaN,NaN,NaN,NaN,NaN,NaN,15.2278623,0.123419684282219,15.3512819842822,30.7025639685644,2,15.046126344314,7.50141,12.8024064,0.577657766290446,0.333688494955667,0.192757750632911,192.757750632911
0,3,1,NaN,3,Korsch,710,63,NaN,NaN,NaN,NaN,NaN,NaN,6,120,NaN,NaN,NaN,NaN,NaN,NaN,NaN,NaN,NaN,10.1519082,0.0822797895214793,10.2341879895215,30.7025639685644,2,15.046126344314,7.50141,12.8024064,0.50463053993454,0.254651981834625,0.128505167088608,128.505167088608
0,2,1,NaN,3,Cassegrain,410,47,NaN,NaN,NaN,NaN,NaN,NaN,6,180,NaN,NaN,NaN,NaN,NaN,NaN,NaN,NaN,NaN,4.2152138,11.1845325302189,15.3997463302189,30.7994926604377,543,2515.55303244055,3.11469,5.3157376,0.376470402808308,0.141729964190649,0.0533571367088608,53.3571367088608
0,2,2,NaN,2,Cassegrain,660,63,NaN,NaN,NaN,NaN,NaN,NaN,6,180,NaN,NaN,NaN,NaN,NaN,NaN,NaN,NaN,NaN,15.2278623,0.232634093898117,15.4604963938981,30.9209927877962,4,28.2689873346244,7.50141,12.8024064,0.577657766290446,0.333688494955667,0.192757750632911,192.757750632911
0,1,2,NaN,1,Korsch,390,46,NaN,NaN,NaN,NaN,NaN,NaN,6,360,NaN,NaN,NaN,NaN,NaN,NaN,NaN,NaN,NaN,5.9277624,25.0235433371755,30.9513057371755,30.9513057371755,730,3231.0328968476,2.92008,4.9836032,0.42178186110096,0.17789993835379,0.0750349670886076,75.0349670886076
0,1,1,NaN,1,Cassegrain,520,88,NaN,NaN,NaN,NaN,NaN,NaN,6,360,NaN,NaN,NaN,NaN,NaN,NaN,NaN,NaN,NaN,27.6677632,3.32095706022289,30.9887202602229,30.9887202602229,37,212.26604707476,20.44416,34.8913664,0.704880754194278,0.496856877633494,0.350224850632911,350.224850632911
0,3,1,NaN,2,Cassegrain,660,63,NaN,NaN,NaN,NaN,NaN,NaN,6,120,NaN,NaN,NaN,NaN,NaN,NaN,NaN,NaN,NaN,10.1519082,0.194197129031342,10.3461053290313,31.038315987094,5,35.3362341682805,7.50141,12.8024064,0.50463053993454,0.254651981834625,0.128505167088608,128.505167088608
0,2,1,NaN,3,Cassegrain,630,72,NaN,NaN,NaN,NaN,NaN,NaN,6,180,NaN,NaN,NaN,NaN,NaN,NaN,NaN,NaN,NaN,15.1538688,0.391017525213639,15.5448863252136,31.0897726504273,7,47.5228372192441,11.19744,19.1102976,0.576720617068046,0.332606670151347,0.191821124050633,191.821124050633
0,3,1,NaN,3,Cassegrain,520,60,NaN,NaN,NaN,NaN,NaN,NaN,6,120,NaN,NaN,NaN,NaN,NaN,NaN,NaN,NaN,NaN,8.7696,1.605481141539,10.375081141539,31.125243424617,55,315.530610516535,6.48,11.0592,0.480600514223371,0.230976854271769,0.111007594936709,111.007594936709
0,1,2,NaN,2,Cassegrain,840,80,NaN,NaN,NaN,NaN,NaN,NaN,6,360,NaN,NaN,NaN,NaN,NaN,NaN,NaN,NaN,NaN,31.1808,0,31.1808,31.1808,0,0,15.36,26.2144,0.733533671479931,0.538071647194828,0.394693670886076,394.693670886076
0,1,2,NaN,3,Korsch,900,80,NaN,NaN,NaN,NaN,NaN,NaN,6,360,NaN,NaN,NaN,NaN,NaN,NaN,NaN,NaN,NaN,31.1808,0,31.1808,31.1808,0,0,15.36,26.2144,0.733533671479931,0.538071647194828,0.394693670886076,394.693670886076
0,2,1,NaN,1,Korsch,620,72,NaN,NaN,NaN,NaN,NaN,NaN,6,180,NaN,NaN,NaN,NaN,NaN,NaN,NaN,NaN,NaN,15.1538688,0.441370857292418,15.5952396572924,31.1904793145848,8,53.563284138676,11.19744,19.1102976,0.576720617068046,0.332606670151347,0.191821124050633,191.821124050633
0,1,1,NaN,2,TMA,420,72,NaN,NaN,NaN,NaN,NaN,NaN,6,360,NaN,NaN,NaN,NaN,NaN,NaN,NaN,NaN,NaN,15.1538688,16.0575676269944,31.2114364269944,31.2114364269944,292,1382.71271151292,11.19744,19.1102976,0.576720617068046,0.332606670151347,0.191821124050633,191.821124050633
0,2,2,NaN,1,Korsch,510,60,NaN,NaN,NaN,NaN,NaN,NaN,6,180,NaN,NaN,NaN,NaN,NaN,NaN,NaN,NaN,NaN,13.1544,2.45669142191807,15.6110914219181,31.2221828438361,57,321.408101337481,6.48,11.0592,0.550150253609948,0.30266530154709,0.166511392405063,166.511392405063
0,2,2,NaN,3,Cassegrain,430,49,NaN,NaN,NaN,NaN,NaN,NaN,6,180,NaN,NaN,NaN,NaN,NaN,NaN,NaN,NaN,NaN,7.1648241,8.4617324036508,15.6265565036508,31.2531130073016,309,1494.78301479864,3.52947,6.0236288,0.449289373781458,0.201860941392935,0.0906939759493671,90.6939759493671
0,3,1,NaN,3,Cassegrain,450,52,NaN,NaN,NaN,NaN,NaN,NaN,6,120,NaN,NaN,NaN,NaN,NaN,NaN,NaN,NaN,NaN,5.7086848,4.72169980254265,10.4303846025426,31.2911538076279,228,1149.2262190165,4.21824,7.1991296,0.416520445660255,0.173489281653018,0.0722618329113924,72.2618329113924
0,1,2,NaN,3,Cassegrain,700,80,NaN,NaN,NaN,NaN,NaN,NaN,6,360,NaN,NaN,NaN,NaN,NaN,NaN,NaN,NaN,NaN,31.1808,0.124608169185349,31.3054081691854,31.3054081691854,1,7.43268677971719,15.36,26.2144,0.733533671479931,0.538071647194828,0.394693670886076,394.693670886076
0,2,2,NaN,3,Cassegrain,530,61,NaN,NaN,NaN,NaN,NaN,NaN,6,180,NaN,NaN,NaN,NaN,NaN,NaN,NaN,NaN,NaN,13.8231429,1.83387629524057,15.6570191952406,31.3140383904811,40,233.386830743621,6.80943,11.6214272,0.559319424503447,0.312838218626868,0.174976492405063,174.976492405063
0,3,1,NaN,1,Korsch,460,54,NaN,NaN,NaN,NaN,NaN,NaN,6,120,NaN,NaN,NaN,NaN,NaN,NaN,NaN,NaN,NaN,6.3930384,4.06889761572451,10.4619360157245,31.3858080471735,182,935.713545300978,4.72392,8.0621568,0.432540462801034,0.187091251960133,0.0809245367088608,80.9245367088607
0,1,1,NaN,1,Cassegrain,530,89,NaN,NaN,NaN,NaN,NaN,NaN,6,360,NaN,NaN,NaN,NaN,NaN,NaN,NaN,NaN,NaN,28.6217414,2.90471701197629,31.5264584119763,31.5264584119763,31,180.874793826306,21.14907,36.0944128,0.712890762764667,0.508213239635189,0.362300524050633,362.300524050633
0,2,1,NaN,1,Refractivo,990,73,NaN,NaN,NaN,NaN,NaN,NaN,6,180,NaN,NaN,NaN,NaN,NaN,NaN,NaN,NaN,NaN,15.7940902,0,15.7940902,31.5881804,0,0,11.67051,19.9176704,0.584730625638435,0.341909904559516,0.199925192405063,199.925192405063
0,2,1,NaN,2,Korsch,940,73,NaN,NaN,NaN,NaN,NaN,NaN,6,180,NaN,NaN,NaN,NaN,NaN,NaN,NaN,NaN,NaN,15.7940902,0,15.7940902,31.5881804,0,0,11.67051,19.9176704,0.584730625638435,0.341909904559516,0.199925192405063,199.925192405063
0,2,1,NaN,3,Korsch,820,73,NaN,NaN,NaN,NaN,NaN,NaN,6,180,NaN,NaN,NaN,NaN,NaN,NaN,NaN,NaN,NaN,15.7940902,0,15.7940902,31.5881804,0,0,11.67051,19.9176704,0.584730625638435,0.341909904559516,0.199925192405063,199.925192405063
0,1,1,NaN,1,Korsch,790,92,NaN,NaN,NaN,NaN,NaN,NaN,6,360,NaN,NaN,NaN,NaN,NaN,NaN,NaN,NaN,NaN,31.6147328,0,31.6147328,31.6147328,0,0,23.36064,39.8688256,0.736920788475836,0.543052248487848,0.40018649113924,400.18649113924
0,1,1,NaN,2,Cassegrain,960,92,NaN,NaN,NaN,NaN,NaN,NaN,6,360,NaN,NaN,NaN,NaN,NaN,NaN,NaN,NaN,NaN,31.6147328,0,31.6147328,31.6147328,0,0,23.36064,39.8688256,0.736920788475836,0.543052248487848,0.40018649113924,400.18649113924
0,1,1,NaN,3,Cassegrain,800,92,NaN,NaN,NaN,NaN,NaN,NaN,6,360,NaN,NaN,NaN,NaN,NaN,NaN,NaN,NaN,NaN,31.6147328,0,31.6147328,31.6147328,0,0,23.36064,39.8688256,0.736920788475836,0.543052248487848,0.40018649113924,400.18649113924
0,3,1,NaN,3,Korsch,410,37,NaN,NaN,NaN,NaN,NaN,NaN,6,120,NaN,NaN,NaN,NaN,NaN,NaN,NaN,NaN,NaN,2.0565118,8.4988595969965,10.5553713969965,31.6661141909895,690,3196.55910199628,1.51959,2.5934336,0.296370317104412,0.0878353648605699,0.0260317949367089,26.0317949367089
0,1,1,NaN,2,TMA,510,88,NaN,NaN,NaN,NaN,NaN,NaN,6,360,NaN,NaN,NaN,NaN,NaN,NaN,NaN,NaN,NaN,27.6677632,4.01101992322255,31.6787831232225,31.6787831232225,45,253.743237898011,20.44416,34.8913664,0.704880754194278,0.496856877633494,0.350224850632911,350.224850632911
0,2,1,NaN,2,Cassegrain,760,73,NaN,NaN,NaN,NaN,NaN,NaN,6,180,NaN,NaN,NaN,NaN,NaN,NaN,NaN,NaN,NaN,15.7940902,0.0676825543234345,15.8617727543234,31.7235455086469,1,7.96914676024426,11.67051,19.9176704,0.584730625638435,0.341909904559516,0.199925192405063,199.925192405063
0,3,1,NaN,3,Cassegrain,530,61,NaN,NaN,NaN,NaN,NaN,NaN,6,120,NaN,NaN,NaN,NaN,NaN,NaN,NaN,NaN,NaN,9.2154286,1.38542949653119,10.6008580965312,31.8025742895936,45,262.560184586573,6.80943,11.6214272,0.488610522793761,0.238740242984792,0.116650994936709,116.650994936709
0,2,2,NaN,1,Korsch,520,61,NaN,NaN,NaN,NaN,NaN,NaN,6,180,NaN,NaN,NaN,NaN,NaN,NaN,NaN,NaN,NaN,13.8231429,2.13790932046021,15.9610522204602,31.9221044409204,47,269.635248986857,6.80943,11.6214272,0.559319424503447,0.312838218626868,0.174976492405063,174.976492405063
1,2,2,3,1,Refractivo,860,64,200,6.53767251968384,288,88,44,98.859455829952,6,180,0.250887531398954,952.779967623165,0.16125,2.51953125,3.9911424,0.208,0.045568,0.010436608,2.8246016,15.9645696,0,15.9645696,31.9291392,0,0,7.86432,13.4217728,0.586826937183945,0.34436585420469,0.202083159493671,202.083159493671
1,3,1,2,1,Refractivo,860,64,140,5.34461784362793,192,52,37.1428571428571,98.859455829952,6,120,0.250887531398954,952.779967623165,0.16125,2.51953125,2.6607616,0.208,0.045568,0.010436608,2.8246016,10.6430464,0,10.6430464,31.9291392,0,0,7.86432,13.4217728,0.512640548504929,0.262800331971435,0.134722106329114,134.722106329114
1,3,1,2,1,Refractivo,870,64,140,5.45957946777344,192,52,37.1428571428571,98.9027176169101,6,120,0.250101463450684,942.578560651632,0.163125,2.548828125,2.6607616,0.208,0.045568,0.010436608,2.8246016,10.6430464,0,10.6430464,31.9291392,0,0,7.86432,13.4217728,0.512640548504929,0.262800331971435,0.134722106329114,134.722106329114
0,2,2,NaN,1,Refractivo,870,64,NaN,NaN,NaN,NaN,NaN,NaN,6,180,NaN,NaN,NaN,NaN,NaN,NaN,NaN,NaN,NaN,15.9645696,0,15.9645696,31.9291392,0,0,7.86432,13.4217728,0.586826937183945,0.34436585420469,0.202083159493671,202.083159493671
0,2,2,NaN,2,Korsch,820,64,NaN,NaN,NaN,NaN,NaN,NaN,6,180,NaN,NaN,NaN,NaN,NaN,NaN,NaN,NaN,NaN,15.9645696,0,15.9645696,31.9291392,0,0,7.86432,13.4217728,0.586826937183945,0.34436585420469,0.202083159493671,202.083159493671
0,2,2,NaN,2,Korsch,830,64,NaN,NaN,NaN,NaN,NaN,NaN,6,180,NaN,NaN,NaN,NaN,NaN,NaN,NaN,NaN,NaN,15.9645696,0,15.9645696,31.9291392,0,0,7.86432,13.4217728,0.586826937183945,0.34436585420469,0.202083159493671,202.083159493671
0,3,1,NaN,2,Korsch,820,64,NaN,NaN,NaN,NaN,NaN,NaN,6,120,NaN,NaN,NaN,NaN,NaN,NaN,NaN,NaN,NaN,10.6430464,0,10.6430464,31.9291392,0,0,7.86432,13.4217728,0.512640548504929,0.262800331971435,0.134722106329114,134.722106329114
0,3,1,NaN,2,Korsch,830,64,NaN,NaN,NaN,NaN,NaN,NaN,6,120,NaN,NaN,NaN,NaN,NaN,NaN,NaN,NaN,NaN,10.6430464,0,10.6430464,31.9291392,0,0,7.86432,13.4217728,0.512640548504929,0.262800331971435,0.134722106329114,134.722106329114
0,2,2,NaN,1,Korsch,440,52,NaN,NaN,NaN,NaN,NaN,NaN,6,180,NaN,NaN,NaN,NaN,NaN,NaN,NaN,NaN,NaN,8.5630272,7.41697247846851,15.9799996784685,31.959999356937,241,1190.34738849262,4.21824,7.1991296,0.476796886461955,0.227335270939815,0.108392749367089,108.392749367089
0,2,1,NaN,1,Korsch,410,48,NaN,NaN,NaN,NaN,NaN,NaN,6,180,NaN,NaN,NaN,NaN,NaN,NaN,NaN,NaN,NaN,4.4900352,11.499886074502,15.989921274502,31.9798425490041,532,2464.59339458264,3.31776,5.6623104,0.384480411378697,0.147825186733932,0.0568358886075949,56.8358886075949
0,1,1,NaN,2,TMA,520,89,NaN,NaN,NaN,NaN,NaN,NaN,6,360,NaN,NaN,NaN,NaN,NaN,NaN,NaN,NaN,NaN,28.6217414,3.43546290645583,32.0572043064558,32.0572043064558,37,212.26604707476,21.14907,36.0944128,0.712890762764667,0.508213239635189,0.362300524050633,362.300524050633
0,2,2,NaN,3,Korsch,720,64,NaN,NaN,NaN,NaN,NaN,NaN,6,180,NaN,NaN,NaN,NaN,NaN,NaN,NaN,NaN,NaN,15.9645696,0.0653504320688428,16.0299200320688,32.0598400641377,1,7.61305028159222,7.86432,13.4217728,0.586826937183945,0.34436585420469,0.202083159493671,202.083159493671
0,3,1,NaN,1,Korsch,510,60,NaN,NaN,NaN,NaN,NaN,NaN,6,120,NaN,NaN,NaN,NaN,NaN,NaN,NaN,NaN,NaN,8.7696,1.92068712984343,10.6902871298434,32.0708613895303,66,372.156748917083,6.48,11.0592,0.480600514223371,0.230976854271769,0.111007594936709,111.007594936709
0,3,1,NaN,3,Korsch,720,64,NaN,NaN,NaN,NaN,NaN,NaN,6,120,NaN,NaN,NaN,NaN,NaN,NaN,NaN,NaN,NaN,10.6430464,0.0872960365823628,10.7303424365824,32.1910273097471,2,15.2261005631844,7.86432,13.4217728,0.512640548504929,0.262800331971435,0.134722106329114,134.722106329114
0,2,2,NaN,3,Cassegrain,540,62,NaN,NaN,NaN,NaN,NaN,NaN,6,180,NaN,NaN,NaN,NaN,NaN,NaN,NaN,NaN,NaN,14.5141752,1.6000640266387,16.1142392266387,32.2284784532774,33,195.75575849216,7.14984,12.2023936,0.568488595396947,0.323179283096393,0.183723736708861,183.723736708861
0,2,1,NaN,3,Cassegrain,640,73,NaN,NaN,NaN,NaN,NaN,NaN,6,180,NaN,NaN,NaN,NaN,NaN,NaN,NaN,NaN,NaN,15.7940902,0.35357135181612,16.1476615518161,32.2953231036322,6,41.2928206021188,11.67051,19.9176704,0.584730625638435,0.341909904559516,0.199925192405063,199.925192405063
0,2,2,NaN,2,Cassegrain,670,64,NaN,NaN,NaN,NaN,NaN,NaN,6,180,NaN,NaN,NaN,NaN,NaN,NaN,NaN,NaN,NaN,15.9645696,0.18498913702134,16.1495587370213,32.2991174740427,3,21.4776034964843,7.86432,13.4217728,0.586826937183945,0.34436585420469,0.202083159493671,202.083159493671
0,1,2,NaN,2,Cassegrain,850,81,NaN,NaN,NaN,NaN,NaN,NaN,6,360,NaN,NaN,NaN,NaN,NaN,NaN,NaN,NaN,NaN,32.3647569,0,32.3647569,32.3647569,0,0,15.94323,27.2097792,0.74270284237343,0.551607512069572,0.409680467088608,409.680467088608
0,1,2,NaN,3,Korsch,910,81,NaN,NaN,NaN,NaN,NaN,NaN,6,360,NaN,NaN,NaN,NaN,NaN,NaN,NaN,NaN,NaN,32.3647569,0,32.3647569,32.3647569,0,0,15.94323,27.2097792,0.74270284237343,0.551607512069572,0.409680467088608,409.680467088608
0,3,1,NaN,2,Cassegrain,670,64,NaN,NaN,NaN,NaN,NaN,NaN,6,120,NaN,NaN,NaN,NaN,NaN,NaN,NaN,NaN,NaN,10.6430464,0.16472281028582,10.8077692102858,32.4233076308575,4,28.6368046619791,7.86432,13.4217728,0.512640548504929,0.262800331971435,0.134722106329114,134.722106329114
0,1,2,NaN,3,Cassegrain,710,81,NaN,NaN,NaN,NaN,NaN,NaN,6,360,NaN,NaN,NaN,NaN,NaN,NaN,NaN,NaN,NaN,32.3647569,0.130915198561728,32.4956720985617,32.4956720985617,1,7.52306317215698,15.94323,27.2097792,0.74270284237343,0.551607512069572,0.409680467088608,409.680467088608
0,3,1,NaN,3,Refractivo,400,24,NaN,NaN,NaN,NaN,NaN,NaN,6,120,NaN,NaN,NaN,NaN,NaN,NaN,NaN,NaN,NaN,0.5612544,10.2801028776792,10.8413572776792,32.5240718330377,1299,5883.96795176395,0.41472,0.7077888,0.192240205689349,0.036956296683483,0.00710448607594937,7.10448607594936
0,1,1,NaN,1,Cassegrain,410,69,NaN,NaN,NaN,NaN,NaN,NaN,6,360,NaN,NaN,NaN,NaN,NaN,NaN,NaN,NaN,NaN,13.3374654,19.1876024116362,32.5250678116362,32.5250678116362,370,1714.09690976612,9.85527,16.8196608,0.552690591356877,0.305466889774414,0.168828675949367,168.828675949367
0,3,1,NaN,2,Refractivo,400,22,NaN,NaN,NaN,NaN,NaN,NaN,6,120,NaN,NaN,NaN,NaN,NaN,NaN,NaN,NaN,NaN,0.4323088,10.4191865108303,10.8514953108303,32.5544859324907,1417,6418.46234615052,0.31944,0.5451776,0.176220188548569,0.0310535548520934,0.00547226329113924,5.47226329113924
0,3,1,NaN,1,Korsch,520,61,NaN,NaN,NaN,NaN,NaN,NaN,6,120,NaN,NaN,NaN,NaN,NaN,NaN,NaN,NaN,NaN,9.2154286,1.6540505489254,10.8694791489254,32.6084374467762,54,309.793690325325,6.80943,11.6214272,0.488610522793761,0.238740242984792,0.116650994936709,116.650994936709
0,1,2,NaN,1,Korsch,690,81,NaN,NaN,NaN,NaN,NaN,NaN,6,360,NaN,NaN,NaN,NaN,NaN,NaN,NaN,NaN,NaN,32.3647569,0.255973078814229,32.6207299788142,32.6207299788142,2,14.6838380744121,15.94323,27.2097792,0.74270284237343,0.551607512069572,0.409680467088608,409.680467088608
0,3,1,NaN,3,Cassegrain,540,62,NaN,NaN,NaN,NaN,NaN,NaN,6,120,NaN,NaN,NaN,NaN,NaN,NaN,NaN,NaN,NaN,9.6761168,1.2030681270347,10.8791849270347,32.6375547811041,37,219.483729218482,7.14984,12.2023936,0.49662053136415,0.246631952172411,0.12248249113924,122.48249113924
0,1,1,NaN,1,Korsch,800,93,NaN,NaN,NaN,NaN,NaN,NaN,6,360,NaN,NaN,NaN,NaN,NaN,NaN,NaN,NaN,NaN,32.6568942,0,32.6568942,32.6568942,0,0,24.13071,41.1830784,0.744930797046226,0.554921892387925,0.413378407594937,413.378407594937
0,1,1,NaN,2,Cassegrain,970,93,NaN,NaN,NaN,NaN,NaN,NaN,6,360,NaN,NaN,NaN,NaN,NaN,NaN,NaN,NaN,NaN,32.6568942,0,32.6568942,32.6568942,0,0,24.13071,41.1830784,0.744930797046226,0.554921892387925,0.413378407594937,413.378407594937
0,1,1,NaN,3,Cassegrain,810,93,NaN,NaN,NaN,NaN,NaN,NaN,6,360,NaN,NaN,NaN,NaN,NaN,NaN,NaN,NaN,NaN,32.6568942,0,32.6568942,32.6568942,0,0,24.13071,41.1830784,0.744930797046226,0.554921892387925,0.413378407594937,413.378407594937
0,2,2,NaN,3,Korsch,400,36,NaN,NaN,NaN,NaN,NaN,NaN,6,180,NaN,NaN,NaN,NaN,NaN,NaN,NaN,NaN,NaN,2.8413504,13.4903630477588,16.3317134477588,32.6634268955176,756,3424.38781488341,1.39968,2.3887872,0.330090152165969,0.108959508556953,0.0359664607594937,35.9664607594937
0,3,1,NaN,1,Korsch,450,53,NaN,NaN,NaN,NaN,NaN,NaN,6,120,NaN,NaN,NaN,NaN,NaN,NaN,NaN,NaN,NaN,6.0444062,4.85702488902684,10.9014310890268,32.7042932670805,223,1124.02388965211,4.46631,7.6225024,0.424530454230645,0.180226106569277,0.0765114708860759,76.5114708860759
0,2,2,NaN,1,Korsch,430,50,NaN,NaN,NaN,NaN,NaN,NaN,6,180,NaN,NaN,NaN,NaN,NaN,NaN,NaN,NaN,NaN,7.6125,8.74627526918625,16.3587752691863,32.7175505383725,303,1465.75810188993,3.75,6.4,0.458458544674957,0.210184237185479,0.0963607594936709,96.3607594936709
0,2,2,NaN,1,Korsch,530,62,NaN,NaN,NaN,NaN,NaN,NaN,6,180,NaN,NaN,NaN,NaN,NaN,NaN,NaN,NaN,NaN,14.5141752,1.8746943450825,16.3888695450825,32.777739090165,39,227.55215997503,7.14984,12.2023936,0.568488595396947,0.323179283096393,0.183723736708861,183.723736708861
0,2,1,NaN,1,Refractivo,1000,74,NaN,NaN,NaN,NaN,NaN,NaN,6,180,NaN,NaN,NaN,NaN,NaN,NaN,NaN,NaN,NaN,16.4520944,0,16.4520944,32.9041888,0,0,12.15672,20.7474688,0.592740634208825,0.35134145944228,0.208254359493671,208.254359493671
0,2,1,NaN,2,Korsch,950,74,NaN,NaN,NaN,NaN,NaN,NaN,6,180,NaN,NaN,NaN,NaN,NaN,NaN,NaN,NaN,NaN,16.4520944,0,16.4520944,32.9041888,0,0,12.15672,20.7474688,0.592740634208825,0.35134145944228,0.208254359493671,208.254359493671
0,2,1,NaN,2,Korsch,960,74,NaN,NaN,NaN,NaN,NaN,NaN,6,180,NaN,NaN,NaN,NaN,NaN,NaN,NaN,NaN,NaN,16.4520944,0,16.4520944,32.9041888,0,0,12.15672,20.7474688,0.592740634208825,0.35134145944228,0.208254359493671,208.254359493671
0,2,1,NaN,3,Korsch,830,74,NaN,NaN,NaN,NaN,NaN,NaN,6,180,NaN,NaN,NaN,NaN,NaN,NaN,NaN,NaN,NaN,16.4520944,0,16.4520944,32.9041888,0,0,12.15672,20.7474688,0.592740634208825,0.35134145944228,0.208254359493671,208.254359493671
0,2,1,NaN,2,Cassegrain,770,74,NaN,NaN,NaN,NaN,NaN,NaN,6,180,NaN,NaN,NaN,NaN,NaN,NaN,NaN,NaN,NaN,16.4520944,0.0712829960926535,16.5233773960927,33.0467547921853,1,8.05721799172443,12.15672,20.7474688,0.592740634208825,0.35134145944228,0.208254359493671,208.254359493671
0,1,1,NaN,1,Cassegrain,540,91,NaN,NaN,NaN,NaN,NaN,NaN,6,360,NaN,NaN,NaN,NaN,NaN,NaN,NaN,NaN,NaN,30.5949826,2.52535917631629,33.1203417763163,33.1203417763163,25,148.299817039515,22.60713,38.5828352,0.728910779905447,0.531310925062366,0.387278260759494,387.278260759494
0,2,2,NaN,3,Cassegrain,550,63,NaN,NaN,NaN,NaN,NaN,NaN,6,180,NaN,NaN,NaN,NaN,NaN,NaN,NaN,NaN,NaN,15.2278623,1.38460468197598,16.612466981976,33.2249339639519,27,162.779982590037,7.50141,12.8024064,0.577657766290446,0.333688494955667,0.192757750632911,192.757750632911
0,1,1,NaN,3,Korsch,380,34,NaN,NaN,NaN,NaN,NaN,NaN,6,360,NaN,NaN,NaN,NaN,NaN,NaN,NaN,NaN,NaN,1.5957424,31.7156727222717,33.3114151222717,33.3114151222717,1398,6042.25198050797,1.17912,2.0123648,0.272340291393244,0.0741692343161569,0.020199270886076,20.1992708860759
0,1,2,NaN,2,Korsch,380,30,NaN,NaN,NaN,NaN,NaN,NaN,6,360,NaN,NaN,NaN,NaN,NaN,NaN,NaN,NaN,NaN,1.6443,31.6774320588512,33.3217320588512,33.3217320588512,1384,5981.74301932978,0.81,1.3824,0.275075126804974,0.0756663253867726,0.0208139240506329,20.8139240506329
0,1,2,NaN,1,Refractivo,380,28,NaN,NaN,NaN,NaN,NaN,NaN,6,360,NaN,NaN,NaN,NaN,NaN,NaN,NaN,NaN,NaN,1.3368768,32.0048401068854,33.3417169068854,33.3417169068854,1482,6405.30574757712,0.65856,1.1239424,0.256736785017976,0.0659137767813664,0.0169224911392405,16.9224911392405
0,3,1,NaN,3,Cassegrain,440,51,NaN,NaN,NaN,NaN,NaN,NaN,6,120,NaN,NaN,NaN,NaN,NaN,NaN,NaN,NaN,NaN,5.3856306,5.73636371079979,11.1219943107998,33.3659829323994,281,1387.9154197777,3.97953,6.7917312,0.408510437089866,0.166880777211353,0.0681725392405063,68.1725392405063
0,3,1,NaN,1,Korsch,530,62,NaN,NaN,NaN,NaN,NaN,NaN,6,120,NaN,NaN,NaN,NaN,NaN,NaN,NaN,NaN,NaN,9.6761168,1.45468845872247,11.1308052587225,33.3924157761674,45,262.560184586573,7.14984,12.2023936,0.49662053136415,0.246631952172411,0.12248249113924,122.48249113924
0,2,2,NaN,1,Refractivo,880,65,NaN,NaN,NaN,NaN,NaN,NaN,6,180,NaN,NaN,NaN,NaN,NaN,NaN,NaN,NaN,NaN,16.7246625,0,16.7246625,33.449325,0,0,8.23875,14.0608,0.595996108077444,0.35521136084346,0.211704588607595,211.704588607595
0,2,2,NaN,2,Korsch,840,65,NaN,NaN,NaN,NaN,NaN,NaN,6,180,NaN,NaN,NaN,NaN,NaN,NaN,NaN,NaN,NaN,16.7246625,0,16.7246625,33.449325,0,0,8.23875,14.0608,0.595996108077444,0.35521136084346,0.211704588607595,211.704588607595
0,3,1,NaN,1,Refractivo,880,65,NaN,NaN,NaN,NaN,NaN,NaN,6,120,NaN,NaN,NaN,NaN,NaN,NaN,NaN,NaN,NaN,11.149775,0,11.149775,33.449325,0,0,8.23875,14.0608,0.520650557075319,0.27107700258284,0.141136392405063,141.136392405063
0,3,1,NaN,2,Korsch,840,65,NaN,NaN,NaN,NaN,NaN,NaN,6,120,NaN,NaN,NaN,NaN,NaN,NaN,NaN,NaN,NaN,11.149775,0,11.149775,33.449325,0,0,8.23875,14.0608,0.520650557075319,0.27107700258284,0.141136392405063,141.136392405063
0,2,1,NaN,3,Cassegrain,650,74,NaN,NaN,NaN,NaN,NaN,NaN,6,180,NaN,NaN,NaN,NaN,NaN,NaN,NaN,NaN,NaN,16.4520944,0.31056644235862,16.7626608423586,33.5253216847172,5,34.8744637311938,12.15672,20.7474688,0.592740634208825,0.35134145944228,0.208254359493671,208.254359493671
0,1,2,NaN,2,Cassegrain,860,82,NaN,NaN,NaN,NaN,NaN,NaN,6,360,NaN,NaN,NaN,NaN,NaN,NaN,NaN,NaN,NaN,33.5783112,0,33.5783112,33.5783112,0,0,16.54104,28.2300416,0.751872013266929,0.565311524334066,0.425041913924051,425.041913924051
0,1,2,NaN,3,Korsch,920,82,NaN,NaN,NaN,NaN,NaN,NaN,6,360,NaN,NaN,NaN,NaN,NaN,NaN,NaN,NaN,NaN,33.5783112,0,33.5783112,33.5783112,0,0,16.54104,28.2300416,0.751872013266929,0.565311524334066,0.425041913924051,425.041913924051
0,2,2,NaN,3,Korsch,730,65,NaN,NaN,NaN,NaN,NaN,NaN,6,180,NaN,NaN,NaN,NaN,NaN,NaN,NaN,NaN,NaN,16.7246625,0.0692691064447908,16.7939316064448,33.5878632128896,1,7.7026501615901,8.23875,14.0608,0.595996108077444,0.35521136084346,0.211704588607595,211.704588607595
0,3,1,NaN,3,Korsch,730,65,NaN,NaN,NaN,NaN,NaN,NaN,6,120,NaN,NaN,NaN,NaN,NaN,NaN,NaN,NaN,NaN,11.149775,0.0461794042965272,11.1959544042965,33.5878632128896,1,7.7026501615901,8.23875,14.0608,0.520650557075319,0.27107700258284,0.141136392405063,141.136392405063
0,1,1,NaN,2,TMA,530,91,NaN,NaN,NaN,NaN,NaN,NaN,6,360,NaN,NaN,NaN,NaN,NaN,NaN,NaN,NaN,NaN,30.5949826,3.00047793819185,33.5954605381919,33.5954605381919,30,175.040123057715,22.60713,38.5828352,0.728910779905447,0.531310925062366,0.387278260759494,387.278260759494
0,3,1,NaN,3,Cassegrain,550,63,NaN,NaN,NaN,NaN,NaN,NaN,6,120,NaN,NaN,NaN,NaN,NaN,NaN,NaN,NaN,NaN,10.1519082,1.06616335037656,11.2180715503766,33.6542146511297,31,186.895535566339,7.50141,12.8024064,0.50463053993454,0.254651981834625,0.128505167088608,128.505167088608
0,2,2,NaN,1,Korsch,540,63,NaN,NaN,NaN,NaN,NaN,NaN,6,180,NaN,NaN,NaN,NaN,NaN,NaN,NaN,NaN,NaN,15.2278623,1.62548008683413,16.8533423868341,33.7066847736683,32,189.823765810579,7.50141,12.8024064,0.577657766290446,0.333688494955667,0.192757750632911,192.757750632911
0,1,2,NaN,1,Korsch,700,82,NaN,NaN,NaN,NaN,NaN,NaN,6,360,NaN,NaN,NaN,NaN,NaN,NaN,NaN,NaN,NaN,33.5783112,0.134189369194116,33.7125005691941,33.7125005691941,1,7.43268677971719,16.54104,28.2300416,0.751872013266929,0.565311524334066,0.425041913924051,425.041913924051
0,1,1,NaN,2,Cassegrain,380,37,NaN,NaN,NaN,NaN,NaN,NaN,6,360,NaN,NaN,NaN,NaN,NaN,NaN,NaN,NaN,NaN,2.0565118,31.6561121233188,33.7126239233188,33.7126239233188,1284,5549.53615377127,1.51959,2.5934336,0.296370317104412,0.0878353648605699,0.0260317949367089,26.0317949367089
0,1,2,NaN,3,Cassegrain,720,82,NaN,NaN,NaN,NaN,NaN,NaN,6,360,NaN,NaN,NaN,NaN,NaN,NaN,NaN,NaN,NaN,33.5783112,0.137451694598899,33.7157628945989,33.7157628945989,1,7.61305028159222,16.54104,28.2300416,0.751872013266929,0.565311524334066,0.425041913924051,425.041913924051
0,1,1,NaN,1,Korsch,810,94,NaN,NaN,NaN,NaN,NaN,NaN,6,360,NaN,NaN,NaN,NaN,NaN,NaN,NaN,NaN,NaN,33.7217104,0,33.7217104,33.7217104,0,0,24.91752,42.5259008,0.752940805616615,0.566919856762597,0.426857093670886,426.857093670886
0,1,1,NaN,2,Cassegrain,980,94,NaN,NaN,NaN,NaN,NaN,NaN,6,360,NaN,NaN,NaN,NaN,NaN,NaN,NaN,NaN,NaN,33.7217104,0,33.7217104,33.7217104,0,0,24.91752,42.5259008,0.752940805616615,0.566919856762597,0.426857093670886,426.857093670886
0,1,1,NaN,3,Cassegrain,820,94,NaN,NaN,NaN,NaN,NaN,NaN,6,360,NaN,NaN,NaN,NaN,NaN,NaN,NaN,NaN,NaN,33.7217104,0,33.7217104,33.7217104,0,0,24.91752,42.5259008,0.752940805616615,0.566919856762597,0.426857093670886,426.857093670886
0,2,1,NaN,1,Korsch,630,74,NaN,NaN,NaN,NaN,NaN,NaN,6,180,NaN,NaN,NaN,NaN,NaN,NaN,NaN,NaN,NaN,16.4520944,0.424515833004253,16.8766102330043,33.7532204660085,7,47.5228372192441,12.15672,20.7474688,0.592740634208825,0.35134145944228,0.208254359493671,208.254359493671
0,2,2,NaN,2,Cassegrain,680,65,NaN,NaN,NaN,NaN,NaN,NaN,6,180,NaN,NaN,NaN,NaN,NaN,NaN,NaN,NaN,NaN,16.7246625,0.196288276811289,16.9209507768113,33.8419015536226,3,21.7522735917946,8.23875,14.0608,0.595996108077444,0.35521136084346,0.211704588607595,211.704588607595
0,3,1,NaN,2,Cassegrain,680,65,NaN,NaN,NaN,NaN,NaN,NaN,6,120,NaN,NaN,NaN,NaN,NaN,NaN,NaN,NaN,NaN,11.149775,0.130858851207526,11.2806338512075,33.8419015536226,3,21.7522735917946,8.23875,14.0608,0.520650557075319,0.27107700258284,0.141136392405063,141.136392405063
0,1,1,NaN,2,Korsch,380,30,NaN,NaN,NaN,NaN,NaN,NaN,6,360,NaN,NaN,NaN,NaN,NaN,NaN,NaN,NaN,NaN,1.0962,32.8301119281152,33.9263119281152,33.9263119281152,1584,6846.1567504468,0.81,1.3824,0.240300257111686,0.0577442135679422,0.0138759493670886,13.8759493670886
0,3,1,NaN,1,Korsch,540,63,NaN,NaN,NaN,NaN,NaN,NaN,6,120,NaN,NaN,NaN,NaN,NaN,NaN,NaN,NaN,NaN,10.1519082,1.26222506780843,11.4141332678084,34.2423998034253,37,219.483729218482,7.50141,12.8024064,0.50463053993454,0.254651981834625,0.128505167088608,128.505167088608
0,2,1,NaN,2,Korsch,970,75,NaN,NaN,NaN,NaN,NaN,NaN,6,180,NaN,NaN,NaN,NaN,NaN,NaN,NaN,NaN,NaN,17.128125,0,17.128125,34.25625,0,0,12.65625,21.6,0.600750642779214,0.360901334799639,0.216811708860759,216.811708860759
0,2,1,NaN,2,Cassegrain,780,75,NaN,NaN,NaN,NaN,NaN,NaN,6,180,NaN,NaN,NaN,NaN,NaN,NaN,NaN,NaN,NaN,17.128125,0,17.128125,34.25625,0,0,12.65625,21.6,0.600750642779214,0.360901334799639,0.216811708860759,216.811708860759
0,2,1,NaN,3,Korsch,840,75,NaN,NaN,NaN,NaN,NaN,NaN,6,180,NaN,NaN,NaN,NaN,NaN,NaN,NaN,NaN,NaN,17.128125,0,17.128125,34.25625,0,0,12.65625,21.6,0.600750642779214,0.360901334799639,0.216811708860759,216.811708860759
0,2,2,NaN,3,Cassegrain,560,64,NaN,NaN,NaN,NaN,NaN,NaN,6,180,NaN,NaN,NaN,NaN,NaN,NaN,NaN,NaN,NaN,15.9645696,1.19341803303119,17.1579876330312,34.3159752660624,22,134.757914598922,7.86432,13.4217728,0.586826937183945,0.34436585420469,0.202083159493671,202.083159493671
0,1,2,NaN,3,Korsch,380,34,NaN,NaN,NaN,NaN,NaN,NaN,6,360,NaN,NaN,NaN,NaN,NaN,NaN,NaN,NaN,NaN,2.3936136,31.9338972512587,34.3275108512587,34.3275108512587,1221,5277.24582846941,1.17912,2.0123648,0.311751810378971,0.0971891912745657,0.0302989063291139,30.2989063291139
0,1,1,NaN,2,TMA,410,71,NaN,NaN,NaN,NaN,NaN,NaN,6,360,NaN,NaN,NaN,NaN,NaN,NaN,NaN,NaN,NaN,14.5311866,19.9990379514612,34.5302245514612,34.5302245514612,359,1663.13727190821,10.73733,18.3250432,0.568710608497656,0.323431756217774,0.183939070886076,183.939070886076
0,2,2,NaN,3,Cassegrain,420,48,NaN,NaN,NaN,NaN,NaN,NaN,6,180,NaN,NaN,NaN,NaN,NaN,NaN,NaN,NaN,NaN,6.7350528,10.5399818959994,17.2750346959994,34.5500693919989,383,1813.62660448441,3.31776,5.6623104,0.440120202887959,0.193705792990138,0.0852538329113924,85.2538329113924
0,3,1,NaN,3,Cassegrain,560,64,NaN,NaN,NaN,NaN,NaN,NaN,6,120,NaN,NaN,NaN,NaN,NaN,NaN,NaN,NaN,NaN,10.6430464,0.945973300803842,11.5890197008038,34.7670591024115,26,159.259353616908,7.86432,13.4217728,0.512640548504929,0.262800331971435,0.134722106329114,134.722106329114
0,1,1,NaN,2,Cassegrain,990,95,NaN,NaN,NaN,NaN,NaN,NaN,6,360,NaN,NaN,NaN,NaN,NaN,NaN,NaN,NaN,NaN,34.809425,0,34.809425,34.809425,0,0,25.72125,43.8976,0.760950814187005,0.579046141611865,0.440625632911392,440.625632911392
0,1,1,NaN,3,Cassegrain,830,95,NaN,NaN,NaN,NaN,NaN,NaN,6,360,NaN,NaN,NaN,NaN,NaN,NaN,NaN,NaN,NaN,34.809425,0,34.809425,34.809425,0,0,25.72125,43.8976,0.760950814187005,0.579046141611865,0.440625632911392,440.625632911392
0,1,2,NaN,2,Cassegrain,870,83,NaN,NaN,NaN,NaN,NaN,NaN,6,360,NaN,NaN,NaN,NaN,NaN,NaN,NaN,NaN,NaN,34.8218283,0,34.8218283,34.8218283,0,0,17.15361,29.2754944,0.761041184160429,0.579183683988307,0.440782636708861,440.782636708861
0,1,2,NaN,3,Korsch,930,83,NaN,NaN,NaN,NaN,NaN,NaN,6,360,NaN,NaN,NaN,NaN,NaN,NaN,NaN,NaN,NaN,34.8218283,0,34.8218283,34.8218283,0,0,17.15361,29.2754944,0.761041184160429,0.579183683988307,0.440782636708861,440.782636708861
0,1,2,NaN,3,Korsch,940,83,NaN,NaN,NaN,NaN,NaN,NaN,6,360,NaN,NaN,NaN,NaN,NaN,NaN,NaN,NaN,NaN,34.8218283,0,34.8218283,34.8218283,0,0,17.15361,29.2754944,0.761041184160429,0.579183683988307,0.440782636708861,440.782636708861
0,2,2,NaN,1,Korsch,550,64,NaN,NaN,NaN,NaN,NaN,NaN,6,180,NaN,NaN,NaN,NaN,NaN,NaN,NaN,NaN,NaN,15.9645696,1.45159034002372,17.4161599400237,34.8323198800474,27,162.779982590037,7.86432,13.4217728,0.586826937183945,0.34436585420469,0.202083159493671,202.083159493671
0,2,1,NaN,1,Korsch,640,75,NaN,NaN,NaN,NaN,NaN,NaN,6,180,NaN,NaN,NaN,NaN,NaN,NaN,NaN,NaN,NaN,17.128125,0.318991895259401,17.4471168952594,34.8942337905188,5,34.410683835099,12.65625,21.6,0.600750642779214,0.360901334799639,0.216811708860759,216.811708860759
0,3,1,NaN,3,Cassegrain,430,49,NaN,NaN,NaN,NaN,NaN,NaN,6,120,NaN,NaN,NaN,NaN,NaN,NaN,NaN,NaN,NaN,4.7765494,6.86203806021304,11.638587460213,34.9157623806391,354,1712.46986161398,3.52947,6.0236288,0.392490419949087,0.15404872975181,0.0604626506329114,60.4626506329114
0,3,1,NaN,1,Korsch,440,52,NaN,NaN,NaN,NaN,NaN,NaN,6,120,NaN,NaN,NaN,NaN,NaN,NaN,NaN,NaN,NaN,5.7086848,5.93242134993799,11.641106149938,34.923318449814,276,1363.21941586706,4.21824,7.1991296,0.416520445660255,0.173489281653018,0.0722618329113924,72.2618329113924
0,1,1,NaN,1,Cassegrain,550,93,NaN,NaN,NaN,NaN,NaN,NaN,6,360,NaN,NaN,NaN,NaN,NaN,NaN,NaN,NaN,NaN,32.6568942,2.28896805453501,34.945862254535,34.945862254535,21,126.606653125585,24.13071,41.1830784,0.744930797046226,0.554921892387925,0.413378407594937,413.378407594937
0,1,2,NaN,1,Korsch,710,83,NaN,NaN,NaN,NaN,NaN,NaN,6,360,NaN,NaN,NaN,NaN,NaN,NaN,NaN,NaN,NaN,34.8218283,0.140854033919127,34.9626823339191,34.9626823339191,1,7.52306317215698,17.15361,29.2754944,0.761041184160429,0.579183683988307,0.440782636708861,440.782636708861
0,2,2,NaN,1,Refractivo,890,66,NaN,NaN,NaN,NaN,NaN,NaN,6,180,NaN,NaN,NaN,NaN,NaN,NaN,NaN,NaN,NaN,17.5085064,0,17.5085064,35.0170128,0,0,8.62488,14.7197952,0.605165278970943,0.36622501487198,0.221626663291139,221.626663291139
0,2,2,NaN,2,Korsch,850,66,NaN,NaN,NaN,NaN,NaN,NaN,6,180,NaN,NaN,NaN,NaN,NaN,NaN,NaN,NaN,NaN,17.5085064,0,17.5085064,35.0170128,0,0,8.62488,14.7197952,0.605165278970943,0.36622501487198,0.221626663291139,221.626663291139
0,3,1,NaN,1,Refractivo,890,66,NaN,NaN,NaN,NaN,NaN,NaN,6,120,NaN,NaN,NaN,NaN,NaN,NaN,NaN,NaN,NaN,11.6723376,0,11.6723376,35.0170128,0,0,8.62488,14.7197952,0.528660565645709,0.27948199366884,0.14775110886076,147.751108860759
0,3,1,NaN,2,Korsch,850,66,NaN,NaN,NaN,NaN,NaN,NaN,6,120,NaN,NaN,NaN,NaN,NaN,NaN,NaN,NaN,NaN,11.6723376,0,11.6723376,35.0170128,0,0,8.62488,14.7197952,0.528660565645709,0.27948199366884,0.14775110886076,147.751108860759
0,1,1,NaN,1,Refractivo,380,28,NaN,NaN,NaN,NaN,NaN,NaN,6,360,NaN,NaN,NaN,NaN,NaN,NaN,NaN,NaN,NaN,0.8912512,34.1380762392245,35.0293274392245,35.0293274392245,1697,7334.55050852791,0.65856,1.1239424,0.224280239970907,0.0503016260414075,0.0112816607594937,11.2816607594937
0,2,2,NaN,3,Korsch,740,66,NaN,NaN,NaN,NaN,NaN,NaN,6,180,NaN,NaN,NaN,NaN,NaN,NaN,NaN,NaN,NaN,17.5085064,0.0733570769441551,17.5818634769442,35.1637269538883,1,7.79186485231548,8.62488,14.7197952,0.605165278970943,0.36622501487198,0.221626663291139,221.626663291139
0,3,1,NaN,3,Korsch,740,66,NaN,NaN,NaN,NaN,NaN,NaN,6,120,NaN,NaN,NaN,NaN,NaN,NaN,NaN,NaN,NaN,11.6723376,0.0489047179627701,11.7212423179628,35.1637269538883,1,7.79186485231548,8.62488,14.7197952,0.528660565645709,0.27948199366884,0.14775110886076,147.751108860759
0,3,1,NaN,1,Korsch,550,64,NaN,NaN,NaN,NaN,NaN,NaN,6,120,NaN,NaN,NaN,NaN,NaN,NaN,NaN,NaN,NaN,10.6430464,1.08007345775624,11.7231198577562,35.1693595732687,30,180.866647322264,7.86432,13.4217728,0.512640548504929,0.262800331971435,0.134722106329114,134.722106329114
0,2,2,NaN,2,Cassegrain,690,66,NaN,NaN,NaN,NaN,NaN,NaN,6,180,NaN,NaN,NaN,NaN,NaN,NaN,NaN,NaN,NaN,17.5085064,0.13847489423431,17.6469812942343,35.2939625884686,2,14.6838380744121,8.62488,14.7197952,0.605165278970943,0.36622501487198,0.221626663291139,221.626663291139
0,1,1,NaN,2,TMA,540,93,NaN,NaN,NaN,NaN,NaN,NaN,6,360,NaN,NaN,NaN,NaN,NaN,NaN,NaN,NaN,NaN,32.6568942,2.69555268313701,35.352446883137,35.352446883137,25,148.299817039515,24.13071,41.1830784,0.744930797046226,0.554921892387925,0.413378407594937,413.378407594937
0,3,1,NaN,2,Cassegrain,690,66,NaN,NaN,NaN,NaN,NaN,NaN,6,120,NaN,NaN,NaN,NaN,NaN,NaN,NaN,NaN,NaN,11.6723376,0.138723505592558,11.8110611055926,35.4331833167777,3,22.0257571116181,8.62488,14.7197952,0.528660565645709,0.27948199366884,0.14775110886076,147.751108860759
0,3,1,NaN,2,Cassegrain,410,40,NaN,NaN,NaN,NaN,NaN,NaN,6,120,NaN,NaN,NaN,NaN,NaN,NaN,NaN,NaN,NaN,2.5984,9.2305605179915,11.8289605179915,35.4868815539745,638,2955.65899575888,1.92,3.2768,0.320400342815581,0.102656379676342,0.0328911392405063,32.8911392405063
0,2,2,NaN,3,Cassegrain,570,65,NaN,NaN,NaN,NaN,NaN,NaN,6,180,NaN,NaN,NaN,NaN,NaN,NaN,NaN,NaN,NaN,16.7246625,1.03314880268973,17.7578113026897,35.5156226053795,18,111.985370926624,8.23875,14.0608,0.595996108077444,0.35521136084346,0.211704588607595,211.704588607595
0,3,1,NaN,1,Refractivo,400,30,NaN,NaN,NaN,NaN,NaN,NaN,6,120,NaN,NaN,NaN,NaN,NaN,NaN,NaN,NaN,NaN,1.0962,10.7756338683125,11.8718338683125,35.6155016049375,1039,4706.26843870881,0.81,1.3824,0.240300257111686,0.0577442135679422,0.0138759493670886,13.8759493670886
0,2,1,NaN,2,Korsch,980,76,NaN,NaN,NaN,NaN,NaN,NaN,6,180,NaN,NaN,NaN,NaN,NaN,NaN,NaN,NaN,NaN,17.8224256,0,17.8224256,35.6448512,0,0,13.16928,22.4755712,0.608760651349604,0.370589530631594,0.225600324050633,225.600324050633
0,2,1,NaN,2,Cassegrain,790,76,NaN,NaN,NaN,NaN,NaN,NaN,6,180,NaN,NaN,NaN,NaN,NaN,NaN,NaN,NaN,NaN,17.8224256,0,17.8224256,35.6448512,0,0,13.16928,22.4755712,0.608760651349604,0.370589530631594,0.225600324050633,225.600324050633
0,2,1,NaN,3,Korsch,850,76,NaN,NaN,NaN,NaN,NaN,NaN,6,180,NaN,NaN,NaN,NaN,NaN,NaN,NaN,NaN,NaN,17.8224256,0,17.8224256,35.6448512,0,0,13.16928,22.4755712,0.608760651349604,0.370589530631594,0.225600324050633,225.600324050633
0,2,1,NaN,3,Korsch,860,76,NaN,NaN,NaN,NaN,NaN,NaN,6,180,NaN,NaN,NaN,NaN,NaN,NaN,NaN,NaN,NaN,17.8224256,0,17.8224256,35.6448512,0,0,13.16928,22.4755712,0.608760651349604,0.370589530631594,0.225600324050633,225.600324050633
0,1,1,NaN,1,Cassegrain,560,94,NaN,NaN,NaN,NaN,NaN,NaN,6,360,NaN,NaN,NaN,NaN,NaN,NaN,NaN,NaN,NaN,33.7217104,1.93328060476248,35.6549910047625,35.6549910047625,17,104.13111582644,24.91752,42.5259008,0.752940805616615,0.566919856762597,0.426857093670886,426.857093670886
0,1,2,NaN,2,Cassegrain,380,37,NaN,NaN,NaN,NaN,NaN,NaN,6,360,NaN,NaN,NaN,NaN,NaN,NaN,NaN,NaN,NaN,3.0847677,32.7612719843719,35.8460396843719,35.8460396843719,1122,4849.36103156648,1.51959,2.5934336,0.339259323059468,0.115096888282769,0.0390476924050633,39.0476924050633
0,3,1,NaN,3,Cassegrain,570,65,NaN,NaN,NaN,NaN,NaN,NaN,6,120,NaN,NaN,NaN,NaN,NaN,NaN,NaN,NaN,NaN,11.149775,0.807263519010684,11.9570385190107,35.8711155570321,21,130.649599414395,8.23875,14.0608,0.520650557075319,0.27107700258284,0.141136392405063,141.136392405063
0,1,1,NaN,1,Korsch,820,96,NaN,NaN,NaN,NaN,NaN,NaN,6,360,NaN,NaN,NaN,NaN,NaN,NaN,NaN,NaN,NaN,35.9202816,0,35.9202816,35.9202816,0,0,26.54208,45.2984832,0.768960822757394,0.591300746935728,0.454687108860759,454.687108860759
0,1,1,NaN,2,Cassegrain,1000,96,NaN,NaN,NaN,NaN,NaN,NaN,6,360,NaN,NaN,NaN,NaN,NaN,NaN,NaN,NaN,NaN,35.9202816,0,35.9202816,35.9202816,0,0,26.54208,45.2984832,0.768960822757394,0.591300746935728,0.454687108860759,454.687108860759
0,1,1,NaN,3,Cassegrain,840,96,NaN,NaN,NaN,NaN,NaN,NaN,6,360,NaN,NaN,NaN,NaN,NaN,NaN,NaN,NaN,NaN,35.9202816,0,35.9202816,35.9202816,0,0,26.54208,45.2984832,0.768960822757394,0.591300746935728,0.454687108860759,454.687108860759
0,2,2,NaN,1,Korsch,560,65,NaN,NaN,NaN,NaN,NaN,NaN,6,180,NaN,NaN,NaN,NaN,NaN,NaN,NaN,NaN,NaN,16.7246625,1.25023814133144,17.9749006413314,35.9498012826629,22,134.757914598922,8.23875,14.0608,0.595996108077444,0.35521136084346,0.211704588607595,211.704588607595
0,2,2,NaN,1,Korsch,420,49,NaN,NaN,NaN,NaN,NaN,NaN,6,180,NaN,NaN,NaN,NaN,NaN,NaN,NaN,NaN,NaN,7.1648241,10.8628799537982,18.0277040537982,36.0554081075963,375,1775.74406444296,3.52947,6.0236288,0.449289373781458,0.201860941392935,0.0906939759493671,90.6939759493671
0,1,1,NaN,2,TMA,550,94,NaN,NaN,NaN,NaN,NaN,NaN,6,360,NaN,NaN,NaN,NaN,NaN,NaN,NaN,NaN,NaN,33.7217104,2.36360253296473,36.0853129329647,36.0853129329647,21,126.606653125585,24.91752,42.5259008,0.752940805616615,0.566919856762597,0.426857093670886,426.857093670886
0,1,2,NaN,2,Cassegrain,880,84,NaN,NaN,NaN,NaN,NaN,NaN,6,360,NaN,NaN,NaN,NaN,NaN,NaN,NaN,NaN,NaN,36.0956736,0,36.0956736,36.0956736,0,0,17.78112,30.3464448,0.770210355053928,0.593223991032297,0.456907260759494,456.907260759494
0,1,2,NaN,3,Korsch,950,84,NaN,NaN,NaN,NaN,NaN,NaN,6,360,NaN,NaN,NaN,NaN,NaN,NaN,NaN,NaN,NaN,36.0956736,0,36.0956736,36.0956736,0,0,17.78112,30.3464448,0.770210355053928,0.593223991032297,0.456907260759494,456.907260759494
0,2,1,NaN,3,Cassegrain,660,76,NaN,NaN,NaN,NaN,NaN,NaN,6,180,NaN,NaN,NaN,NaN,NaN,NaN,NaN,NaN,NaN,17.8224256,0.272270903744816,18.0946965037448,36.1893930074896,4,28.2689873346244,13.16928,22.4755712,0.608760651349604,0.370589530631594,0.225600324050633,225.600324050633
0,1,2,NaN,1,Korsch,720,84,NaN,NaN,NaN,NaN,NaN,NaN,6,360,NaN,NaN,NaN,NaN,NaN,NaN,NaN,NaN,NaN,36.0956736,0.147756433444715,36.2434300334447,36.2434300334447,1,7.61305028159222,17.78112,30.3464448,0.770210355053928,0.593223991032297,0.456907260759494,456.907260759494
0,1,2,NaN,3,Cassegrain,730,84,NaN,NaN,NaN,NaN,NaN,NaN,6,360,NaN,NaN,NaN,NaN,NaN,NaN,NaN,NaN,NaN,36.0956736,0.149498685357317,36.2451722853573,36.2451722853573,1,7.7026501615901,17.78112,30.3464448,0.770210355053928,0.593223991032297,0.456907260759494,456.907260759494
0,3,1,NaN,1,Korsch,560,65,NaN,NaN,NaN,NaN,NaN,NaN,6,120,NaN,NaN,NaN,NaN,NaN,NaN,NaN,NaN,NaN,11.149775,0.951455507145819,12.1012305071458,36.3036915214375,25,153.133993862411,8.23875,14.0608,0.520650557075319,0.27107700258284,0.141136392405063,141.136392405063
0,2,1,NaN,1,Korsch,650,76,NaN,NaN,NaN,NaN,NaN,NaN,6,180,NaN,NaN,NaN,NaN,NaN,NaN,NaN,NaN,NaN,17.8224256,0.336434205774627,18.1588598057746,36.3177196115493,5,34.8744637311938,13.16928,22.4755712,0.608760651349604,0.370589530631594,0.225600324050633,225.600324050633
0,2,2,NaN,2,Cassegrain,400,39,NaN,NaN,NaN,NaN,NaN,NaN,6,180,NaN,NaN,NaN,NaN,NaN,NaN,NaN,NaN,NaN,3.6125271,14.6102858152225,18.2228129152225,36.4456258304449,698,3161.67023120188,1.77957,3.0371328,0.357597664846466,0.127876089903646,0.0457281911392405,45.7281911392405
0,3,1,NaN,1,Korsch,430,50,NaN,NaN,NaN,NaN,NaN,NaN,6,120,NaN,NaN,NaN,NaN,NaN,NaN,NaN,NaN,NaN,5.075,7.07985569043325,12.1548556904332,36.4645670712997,347,1678.60746322048,3.75,6.4,0.400500428519476,0.160400593244284,0.0642405063291139,64.2405063291139
0,3,1,NaN,2,Korsch,400,31,NaN,NaN,NaN,NaN,NaN,NaN,6,120,NaN,NaN,NaN,NaN,NaN,NaN,NaN,NaN,NaN,1.2095146,10.9596957643444,12.1692103643444,36.5076310930333,1006,4556.79119282104,0.89373,1.5252992,0.248310265682075,0.0616579880431028,0.0153103113924051,15.3103113924051
0,1,2,NaN,3,Refractivo,380,23,NaN,NaN,NaN,NaN,NaN,NaN,6,360,NaN,NaN,NaN,NaN,NaN,NaN,NaN,NaN,NaN,0.7409703,35.8493131265969,36.5902834265969,36.5902834265969,1805,7801.3339233311,0.36501,0.6229504,0.21089093055048,0.0444749845884475,0.00937937088607595,9.37937088607595
1,3,1,2,1,Refractivo,910,67,120,5.34264230728149,192,72,60,99.077314852791,6,120,0.250160115907747,944.671760906638,0.170625,2.54664179104478,3.05274445,0.21775,0.049940125,0.0119741269375,3.240721325,12.2109778,0,12.2109778,36.6329334,0,0,9.02289,15.3990656,0.536670574216098,0.288015305229436,0.154569339240506,154.569339240506
0,2,2,NaN,1,Refractivo,900,67,NaN,NaN,NaN,NaN,NaN,NaN,6,180,NaN,NaN,NaN,NaN,NaN,NaN,NaN,NaN,NaN,18.3164667,0,18.3164667,36.6329334,0,0,9.02289,15.3990656,0.614334449864442,0.377406816290247,0.23185400886076,231.854008860759
0,2,2,NaN,1,Refractivo,910,67,NaN,NaN,NaN,NaN,NaN,NaN,6,180,NaN,NaN,NaN,NaN,NaN,NaN,NaN,NaN,NaN,18.3164667,0,18.3164667,36.6329334,0,0,9.02289,15.3990656,0.614334449864442,0.377406816290247,0.23185400886076,231.854008860759
0,2,2,NaN,2,Korsch,860,67,NaN,NaN,NaN,NaN,NaN,NaN,6,180,NaN,NaN,NaN,NaN,NaN,NaN,NaN,NaN,NaN,18.3164667,0,18.3164667,36.6329334,0,0,9.02289,15.3990656,0.614334449864442,0.377406816290247,0.23185400886076,231.854008860759
0,2,2,NaN,2,Korsch,870,67,NaN,NaN,NaN,NaN,NaN,NaN,6,180,NaN,NaN,NaN,NaN,NaN,NaN,NaN,NaN,NaN,18.3164667,0,18.3164667,36.6329334,0,0,9.02289,15.3990656,0.614334449864442,0.377406816290247,0.23185400886076,231.854008860759
0,3,1,NaN,1,Refractivo,900,67,NaN,NaN,NaN,NaN,NaN,NaN,6,120,NaN,NaN,NaN,NaN,NaN,NaN,NaN,NaN,NaN,12.2109778,0,12.2109778,36.6329334,0,0,9.02289,15.3990656,0.536670574216098,0.288015305229436,0.154569339240506,154.569339240506
0,3,1,NaN,2,Korsch,860,67,NaN,NaN,NaN,NaN,NaN,NaN,6,120,NaN,NaN,NaN,NaN,NaN,NaN,NaN,NaN,NaN,12.2109778,0,12.2109778,36.6329334,0,0,9.02289,15.3990656,0.536670574216098,0.288015305229436,0.154569339240506,154.569339240506
0,3,1,NaN,2,Korsch,870,67,NaN,NaN,NaN,NaN,NaN,NaN,6,120,NaN,NaN,NaN,NaN,NaN,NaN,NaN,NaN,NaN,12.2109778,0,12.2109778,36.6329334,0,0,9.02289,15.3990656,0.536670574216098,0.288015305229436,0.154569339240506,154.569339240506
0,1,1,NaN,3,Cassegrain,380,44,NaN,NaN,NaN,NaN,NaN,NaN,6,360,NaN,NaN,NaN,NaN,NaN,NaN,NaN,NaN,NaN,3.4584704,33.2944784674684,36.7529488674684,36.7529488674684,1080,4667.83414803191,2.55552,4.3614208,0.352440377097139,0.124214219408374,0.0437781063291139,43.7781063291139
0,2,2,NaN,3,Korsch,750,67,NaN,NaN,NaN,NaN,NaN,NaN,6,180,NaN,NaN,NaN,NaN,NaN,NaN,NaN,NaN,NaN,18.3164667,0.0776188530707978,18.3940855530708,36.7881711061416,1,7.88069638064189,9.02289,15.3990656,0.614334449864442,0.377406816290247,0.23185400886076,231.854008860759
0,3,1,NaN,3,Korsch,750,67,NaN,NaN,NaN,NaN,NaN,NaN,6,120,NaN,NaN,NaN,NaN,NaN,NaN,NaN,NaN,NaN,12.2109778,0.0517459020471985,12.2627237020472,36.7881711061416,1,7.88069638064189,9.02289,15.3990656,0.536670574216098,0.288015305229436,0.154569339240506,154.569339240506
0,2,2,NaN,3,Cassegrain,580,66,NaN,NaN,NaN,NaN,NaN,NaN,6,180,NaN,NaN,NaN,NaN,NaN,NaN,NaN,NaN,NaN,17.5085064,0.911291684477343,18.4197980844773,36.8395961689547,15,94.7555960432874,8.62488,14.7197952,0.605165278970943,0.36622501487198,0.221626663291139,221.626663291139
0,2,2,NaN,2,Cassegrain,700,67,NaN,NaN,NaN,NaN,NaN,NaN,6,180,NaN,NaN,NaN,NaN,NaN,NaN,NaN,NaN,NaN,18.3164667,0.146662519143929,18.4631292191439,36.9262584382879,2,14.8653735594344,9.02289,15.3990656,0.614334449864442,0.377406816290247,0.23185400886076,231.854008860759
0,3,1,NaN,2,Cassegrain,700,67,NaN,NaN,NaN,NaN,NaN,NaN,6,120,NaN,NaN,NaN,NaN,NaN,NaN,NaN,NaN,NaN,12.2109778,0.0977750127626196,12.3087528127626,36.9262584382879,2,14.8653735594344,9.02289,15.3990656,0.536670574216098,0.288015305229436,0.154569339240506,154.569339240506
0,1,1,NaN,1,Korsch,830,97,NaN,NaN,NaN,NaN,NaN,NaN,6,360,NaN,NaN,NaN,NaN,NaN,NaN,NaN,NaN,NaN,37.0545238,0,37.0545238,37.0545238,0,0,27.38019,46.7288576,0.776970831327784,0.603683672734187,0.469044605063291,469.044605063291
0,1,1,NaN,3,Cassegrain,850,97,NaN,NaN,NaN,NaN,NaN,NaN,6,360,NaN,NaN,NaN,NaN,NaN,NaN,NaN,NaN,NaN,37.0545238,0,37.0545238,37.0545238,0,0,27.38019,46.7288576,0.776970831327784,0.603683672734187,0.469044605063291,469.044605063291
0,2,1,NaN,2,Korsch,990,77,NaN,NaN,NaN,NaN,NaN,NaN,6,180,NaN,NaN,NaN,NaN,NaN,NaN,NaN,NaN,NaN,18.5352398,0,18.5352398,37.0704796,0,0,13.69599,23.3744896,0.616770659919993,0.380406046938144,0.234623288607595,234.623288607595
0,2,1,NaN,2,Korsch,1000,77,NaN,NaN,NaN,NaN,NaN,NaN,6,180,NaN,NaN,NaN,NaN,NaN,NaN,NaN,NaN,NaN,18.5352398,0,18.5352398,37.0704796,0,0,13.69599,23.3744896,0.616770659919993,0.380406046938144,0.234623288607595,234.623288607595
0,2,1,NaN,2,Cassegrain,800,77,NaN,NaN,NaN,NaN,NaN,NaN,6,180,NaN,NaN,NaN,NaN,NaN,NaN,NaN,NaN,NaN,18.5352398,0,18.5352398,37.0704796,0,0,13.69599,23.3744896,0.616770659919993,0.380406046938144,0.234623288607595,234.623288607595
0,2,1,NaN,3,Korsch,870,77,NaN,NaN,NaN,NaN,NaN,NaN,6,180,NaN,NaN,NaN,NaN,NaN,NaN,NaN,NaN,NaN,18.5352398,0,18.5352398,37.0704796,0,0,13.69599,23.3744896,0.616770659919993,0.380406046938144,0.234623288607595,234.623288607595
0,3,1,NaN,3,Cassegrain,580,66,NaN,NaN,NaN,NaN,NaN,NaN,6,120,NaN,NaN,NaN,NaN,NaN,NaN,NaN,NaN,NaN,11.6723376,0.690674386064467,12.3630119860645,37.0890359581934,17,107.389675515726,8.62488,14.7197952,0.528660565645709,0.27948199366884,0.14775110886076,147.751108860759
0,1,1,NaN,1,Korsch,380,45,NaN,NaN,NaN,NaN,NaN,NaN,6,360,NaN,NaN,NaN,NaN,NaN,NaN,NaN,NaN,NaN,3.699675,33.6580029756765,37.3576779756765,37.3576779756765,1056,4564.10450029786,2.73375,4.6656,0.360450385667529,0.12992448052787,0.046831329113924,46.831329113924
0,1,1,NaN,1,Cassegrain,400,68,NaN,NaN,NaN,NaN,NaN,NaN,6,360,NaN,NaN,NaN,NaN,NaN,NaN,NaN,NaN,NaN,12.7659392,24.5969742670889,37.3629134670889,37.3629134670889,458,2074.56298838175,9.43296,16.0989184,0.544680582786488,0.296676937264628,0.161594167088608,161.594167088608
0,1,2,NaN,2,Cassegrain,890,85,NaN,NaN,NaN,NaN,NaN,NaN,6,360,NaN,NaN,NaN,NaN,NaN,NaN,NaN,NaN,NaN,37.4002125,0,37.4002125,37.4002125,0,0,18.42375,31.4432,0.779379525947427,0.607432445466036,0.473420411392405,473.420411392405
0,1,2,NaN,3,Korsch,960,85,NaN,NaN,NaN,NaN,NaN,NaN,6,360,NaN,NaN,NaN,NaN,NaN,NaN,NaN,NaN,NaN,37.4002125,0,37.4002125,37.4002125,0,0,18.42375,31.4432,0.779379525947427,0.607432445466036,0.473420411392405,473.420411392405
0,2,1,NaN,3,Cassegrain,670,77,NaN,NaN,NaN,NaN,NaN,NaN,6,180,NaN,NaN,NaN,NaN,NaN,NaN,NaN,NaN,NaN,18.5352398,0.214776727528288,18.7500165275283,37.5000330550566,3,21.4776034964843,13.69599,23.3744896,0.616770659919993,0.380406046938144,0.234623288607595,234.623288607595
0,1,2,NaN,1,Korsch,730,85,NaN,NaN,NaN,NaN,NaN,NaN,6,360,NaN,NaN,NaN,NaN,NaN,NaN,NaN,NaN,NaN,37.4002125,0.154901738717914,37.5551142387179,37.5551142387179,1,7.7026501615901,18.42375,31.4432,0.779379525947427,0.607432445466036,0.473420411392405,473.420411392405
0,1,2,NaN,3,Cassegrain,740,85,NaN,NaN,NaN,NaN,NaN,NaN,6,360,NaN,NaN,NaN,NaN,NaN,NaN,NaN,NaN,NaN,37.4002125,0.156699275392803,37.5569117753928,37.5569117753928,1,7.79186485231548,18.42375,31.4432,0.779379525947427,0.607432445466036,0.473420411392405,473.420411392405
0,1,1,NaN,1,Cassegrain,570,96,NaN,NaN,NaN,NaN,NaN,NaN,6,360,NaN,NaN,NaN,NaN,NaN,NaN,NaN,NaN,NaN,35.9202816,1.71531105248576,37.6355926524858,37.6355926524858,14,87.0997329429301,26.54208,45.2984832,0.768960822757394,0.591300746935728,0.454687108860759,454.687108860759
0,2,1,NaN,1,Korsch,660,77,NaN,NaN,NaN,NaN,NaN,NaN,6,180,NaN,NaN,NaN,NaN,NaN,NaN,NaN,NaN,NaN,18.5352398,0.283160474603012,18.818400274603,37.636800549206,4,28.2689873346244,13.69599,23.3744896,0.616770659919993,0.380406046938144,0.234623288607595,234.623288607595
0,2,2,NaN,3,Refractivo,390,24,NaN,NaN,NaN,NaN,NaN,NaN,6,180,NaN,NaN,NaN,NaN,NaN,NaN,NaN,NaN,NaN,0.8418816,18.1128025219084,18.9546841219084,37.9093682438168,1400,6196.5014460091,0.41472,0.7077888,0.220060101443979,0.0484264482475345,0.010656729113924,10.656729113924
0,1,1,NaN,2,TMA,560,96,NaN,NaN,NaN,NaN,NaN,NaN,6,360,NaN,NaN,NaN,NaN,NaN,NaN,NaN,NaN,NaN,35.9202816,2.05932566620009,37.9796072662001,37.9796072662001,17,104.13111582644,26.54208,45.2984832,0.768960822757394,0.591300746935728,0.454687108860759,454.687108860759
0,2,1,NaN,3,Cassegrain,400,46,NaN,NaN,NaN,NaN,NaN,NaN,6,180,NaN,NaN,NaN,NaN,NaN,NaN,NaN,NaN,NaN,3.9518416,15.0606465031354,19.0124881031354,38.0249762062708,677,3066.54834745512,2.92008,4.9836032,0.368460394237918,0.135763062121962,0.0500233113924051,50.023311392405
0,2,1,NaN,1,Refractivo,390,29,NaN,NaN,NaN,NaN,NaN,NaN,6,180,NaN,NaN,NaN,NaN,NaN,NaN,NaN,NaN,NaN,0.9901934,18.0377841839944,19.0279775839944,38.0559551679888,1327,5873.39815632434,0.73167,1.2487168,0.232290248541296,0.0539587595673771,0.0125340936708861,12.5340936708861
0,2,1,NaN,2,Korsch,390,30,NaN,NaN,NaN,NaN,NaN,NaN,6,180,NaN,NaN,NaN,NaN,NaN,NaN,NaN,NaN,NaN,1.0962,18.0079712009306,19.1041712009306,38.2083424018612,1282,5674.22489555976,0.81,1.3824,0.240300257111686,0.0577442135679422,0.0138759493670886,13.8759493670886
0,1,1,NaN,1,Korsch,840,98,NaN,NaN,NaN,NaN,NaN,NaN,6,360,NaN,NaN,NaN,NaN,NaN,NaN,NaN,NaN,NaN,38.2123952,0,38.2123952,38.2123952,0,0,28.23576,48.1890304,0.784980839898173,0.616194919007242,0.483701205063291,483.701205063291
0,1,1,NaN,3,Cassegrain,860,98,NaN,NaN,NaN,NaN,NaN,NaN,6,360,NaN,NaN,NaN,NaN,NaN,NaN,NaN,NaN,NaN,38.2123952,0,38.2123952,38.2123952,0,0,28.23576,48.1890304,0.784980839898173,0.616194919007242,0.483701205063291,483.701205063291
1,2,2,3,1,Refractivo,920,68,210,6.66610956192017,288,78,37.1428571428571,99.121353640676,6,180,0.250425105807236,948.537696083078,0.1725,2.53676470588235,4.7872272,0.221,0.051442,0.012518324,3.3880048,19.1489088,0,19.1489088,38.2978176,0,0,9.43296,16.0989184,0.623503620757941,0.388756765098263,0.242391250632911,242.391250632911
0,2,2,NaN,2,Korsch,880,68,NaN,NaN,NaN,NaN,NaN,NaN,6,180,NaN,NaN,NaN,NaN,NaN,NaN,NaN,NaN,NaN,19.1489088,0,19.1489088,38.2978176,0,0,9.43296,16.0989184,0.623503620757941,0.388756765098263,0.242391250632911,242.391250632911
0,2,2,NaN,3,Korsch,770,68,NaN,NaN,NaN,NaN,NaN,NaN,6,180,NaN,NaN,NaN,NaN,NaN,NaN,NaN,NaN,NaN,19.1489088,0,19.1489088,38.2978176,0,0,9.43296,16.0989184,0.623503620757941,0.388756765098263,0.242391250632911,242.391250632911
0,3,1,NaN,1,Refractivo,920,68,NaN,NaN,NaN,NaN,NaN,NaN,6,120,NaN,NaN,NaN,NaN,NaN,NaN,NaN,NaN,NaN,12.7659392,0,12.7659392,38.2978176,0,0,9.43296,16.0989184,0.544680582786488,0.296676937264628,0.161594167088608,161.594167088608
0,3,1,NaN,2,Korsch,880,68,NaN,NaN,NaN,NaN,NaN,NaN,6,120,NaN,NaN,NaN,NaN,NaN,NaN,NaN,NaN,NaN,12.7659392,0,12.7659392,38.2978176,0,0,9.43296,16.0989184,0.544680582786488,0.296676937264628,0.161594167088608,161.594167088608
0,1,2,NaN,1,Cassegrain,440,74,NaN,NaN,NaN,NaN,NaN,NaN,6,360,NaN,NaN,NaN,NaN,NaN,NaN,NaN,NaN,NaN,24.6781416,13.6463081176425,38.3244497176425,38.3244497176425,169,834.724932179471,12.15672,20.7474688,0.678518646118936,0.460387553131074,0.312381539240506,312.381539240506
0,1,2,NaN,1,Cassegrain,450,76,NaN,NaN,NaN,NaN,NaN,NaN,6,360,NaN,NaN,NaN,NaN,NaN,NaN,NaN,NaN,NaN,26.7336384,11.6799914400165,38.4136298400165,38.4136298400165,136,685.503358711598,13.16928,22.4755712,0.696856987905935,0.485609661593332,0.338400486075949,338.400486075949
0,1,1,NaN,2,TMA,400,69,NaN,NaN,NaN,NaN,NaN,NaN,6,360,NaN,NaN,NaN,NaN,NaN,NaN,NaN,NaN,NaN,13.3374654,25.0784601052616,38.4159255052616,38.4159255052616,451,2042.85569379949,9.85527,16.8196608,0.552690591356877,0.305466889774414,0.168828675949367,168.828675949367
0,2,2,NaN,3,Korsch,760,68,NaN,NaN,NaN,NaN,NaN,NaN,6,180,NaN,NaN,NaN,NaN,NaN,NaN,NaN,NaN,NaN,19.1489088,0.0820589881201574,19.2309677881202,38.4619355762403,1,7.96914676024426,9.43296,16.0989184,0.623503620757941,0.388756765098263,0.242391250632911,242.391250632911
0,3,1,NaN,3,Korsch,760,68,NaN,NaN,NaN,NaN,NaN,NaN,6,120,NaN,NaN,NaN,NaN,NaN,NaN,NaN,NaN,NaN,12.7659392,0.0547059920801049,12.8206451920801,38.4619355762403,1,7.96914676024426,9.43296,16.0989184,0.544680582786488,0.296676937264628,0.161594167088608,161.594167088608
0,3,1,NaN,3,Korsch,770,68,NaN,NaN,NaN,NaN,NaN,NaN,6,120,NaN,NaN,NaN,NaN,NaN,NaN,NaN,NaN,NaN,12.7659392,0.0553117659057836,12.8212509659058,38.4637528977174,1,8.05721799172443,9.43296,16.0989184,0.544680582786488,0.296676937264628,0.161594167088608,161.594167088608
0,2,1,NaN,2,Cassegrain,810,78,NaN,NaN,NaN,NaN,NaN,NaN,6,180,NaN,NaN,NaN,NaN,NaN,NaN,NaN,NaN,NaN,19.2668112,0,19.2668112,38.5336224,0,0,14.23656,24.2970624,0.624780668490383,0.390350883719289,0.243883686075949,243.883686075949
0,2,1,NaN,3,Korsch,880,78,NaN,NaN,NaN,NaN,NaN,NaN,6,180,NaN,NaN,NaN,NaN,NaN,NaN,NaN,NaN,NaN,19.2668112,0,19.2668112,38.5336224,0,0,14.23656,24.2970624,0.624780668490383,0.390350883719289,0.243883686075949,243.883686075949
0,1,2,NaN,1,Cassegrain,470,79,NaN,NaN,NaN,NaN,NaN,NaN,6,360,NaN,NaN,NaN,NaN,NaN,NaN,NaN,NaN,NaN,30.0260751,8.54818121309372,38.5742563130937,38.5742563130937,90,471.748972821106,14.79117,25.2435968,0.724364500586432,0.524703929709831,0.3800769,380.0769
0,2,2,NaN,2,Cassegrain,710,68,NaN,NaN,NaN,NaN,NaN,NaN,6,180,NaN,NaN,NaN,NaN,NaN,NaN,NaN,NaN,NaN,19.1489088,0.155199215220445,19.3041080152204,38.6082160304409,2,15.046126344314,9.43296,16.0989184,0.623503620757941,0.388756765098263,0.242391250632911,242.391250632911
0,3,1,NaN,2,Cassegrain,710,68,NaN,NaN,NaN,NaN,NaN,NaN,6,120,NaN,NaN,NaN,NaN,NaN,NaN,NaN,NaN,NaN,12.7659392,0.103466143480297,12.8694053434803,38.6082160304409,2,15.046126344314,9.43296,16.0989184,0.544680582786488,0.296676937264628,0.161594167088608,161.594167088608
0,1,2,NaN,2,Cassegrain,900,86,NaN,NaN,NaN,NaN,NaN,NaN,6,360,NaN,NaN,NaN,NaN,NaN,NaN,NaN,NaN,NaN,38.7358104,0,38.7358104,38.7358104,0,0,19.08168,32.5660672,0.788548696840926,0.621809047289522,0.490326713924051,490.32671392405
0,1,2,NaN,3,Korsch,970,86,NaN,NaN,NaN,NaN,NaN,NaN,6,360,NaN,NaN,NaN,NaN,NaN,NaN,NaN,NaN,NaN,38.7358104,0,38.7358104,38.7358104,0,0,19.08168,32.5660672,0.788548696840926,0.621809047289522,0.490326713924051,490.32671392405
0,1,2,NaN,3,Cassegrain,750,86,NaN,NaN,NaN,NaN,NaN,NaN,6,360,NaN,NaN,NaN,NaN,NaN,NaN,NaN,NaN,NaN,38.7358104,0,38.7358104,38.7358104,0,0,19.08168,32.5660672,0.788548696840926,0.621809047289522,0.490326713924051,490.32671392405
0,2,2,NaN,1,Korsch,570,67,NaN,NaN,NaN,NaN,NaN,NaN,6,180,NaN,NaN,NaN,NaN,NaN,NaN,NaN,NaN,NaN,18.3164667,1.13148086788665,19.4479475678867,38.8958951357733,18,111.985370926624,9.02289,15.3990656,0.614334449864442,0.377406816290247,0.23185400886076,231.854008860759
0,1,2,NaN,1,Korsch,740,86,NaN,NaN,NaN,NaN,NaN,NaN,6,360,NaN,NaN,NaN,NaN,NaN,NaN,NaN,NaN,NaN,38.7358104,0.162295158655395,38.8981055586554,38.8981055586554,1,7.79186485231548,19.08168,32.5660672,0.788548696840926,0.621809047289522,0.490326713924051,490.32671392405
0,2,1,NaN,1,Korsch,670,78,NaN,NaN,NaN,NaN,NaN,NaN,6,180,NaN,NaN,NaN,NaN,NaN,NaN,NaN,NaN,NaN,19.2668112,0.223253796772641,19.4900649967726,38.9801299935453,3,21.4776034964843,14.23656,24.2970624,0.624780668490383,0.390350883719289,0.243883686075949,243.883686075949
0,2,1,NaN,3,Cassegrain,680,78,NaN,NaN,NaN,NaN,NaN,NaN,6,180,NaN,NaN,NaN,NaN,NaN,NaN,NaN,NaN,NaN,19.2668112,0.226124094886605,19.4929352948866,38.9858705897732,3,21.7522735917946,14.23656,24.2970624,0.624780668490383,0.390350883719289,0.243883686075949,243.883686075949
0,1,2,NaN,1,Cassegrain,460,78,NaN,NaN,NaN,NaN,NaN,NaN,6,360,NaN,NaN,NaN,NaN,NaN,NaN,NaN,NaN,NaN,28.9002168,10.1014824460531,39.0016992460531,39.0016992460531,110,565.541153753338,14.23656,24.2970624,0.715195329692933,0.511504359614583,0.365825529113924,365.825529113924
0,3,1,NaN,1,Korsch,570,67,NaN,NaN,NaN,NaN,NaN,NaN,6,120,NaN,NaN,NaN,NaN,NaN,NaN,NaN,NaN,NaN,12.2109778,0.840706475651119,13.0516842756511,39.1550528269534,20,124.428189918472,9.02289,15.3990656,0.536670574216098,0.288015305229436,0.154569339240506,154.569339240506
0,2,1,NaN,3,Refractivo,390,24,NaN,NaN,NaN,NaN,NaN,NaN,6,180,NaN,NaN,NaN,NaN,NaN,NaN,NaN,NaN,NaN,0.5612544,19.058519926552,19.619774326552,39.239548653104,1603,7094.99415568042,0.41472,0.7077888,0.192240205689349,0.036956296683483,0.00710448607594937,7.10448607594936
0,2,2,NaN,2,Refractivo,390,21,NaN,NaN,NaN,NaN,NaN,NaN,6,180,NaN,NaN,NaN,NaN,NaN,NaN,NaN,NaN,NaN,0.5639949,19.0663684210952,19.6303633210952,39.2607266421904,1601,7086.14201075755,0.27783,0.4741632,0.192552588763482,0.0370764994395186,0.00713917594936709,7.13917594936709
0,2,1,NaN,1,Korsch,400,47,NaN,NaN,NaN,NaN,NaN,NaN,6,180,NaN,NaN,NaN,NaN,NaN,NaN,NaN,NaN,NaN,4.2152138,15.4336819190633,19.6488957190633,39.2977914381265,663,3003.13375829061,3.11469,5.3157376,0.376470402808308,0.141729964190649,0.0533571367088608,53.3571367088608
0,2,2,NaN,3,Cassegrain,410,47,NaN,NaN,NaN,NaN,NaN,NaN,6,180,NaN,NaN,NaN,NaN,NaN,NaN,NaN,NaN,NaN,6.3228207,13.3497373003432,19.6725580003432,39.3451160006864,474,2195.89712224092,3.11469,5.3157376,0.430951031994459,0.18571879197709,0.0800357050632911,80.0357050632911
0,1,1,NaN,1,Korsch,850,99,NaN,NaN,NaN,NaN,NaN,NaN,6,360,NaN,NaN,NaN,NaN,NaN,NaN,NaN,NaN,NaN,39.3941394,0,39.3941394,39.3941394,0,0,29.10897,49.6793088,0.792990848468563,0.628834485754891,0.498659992405063,498.659992405063
0,1,1,NaN,3,Cassegrain,870,99,NaN,NaN,NaN,NaN,NaN,NaN,6,360,NaN,NaN,NaN,NaN,NaN,NaN,NaN,NaN,NaN,39.3941394,0,39.3941394,39.3941394,0,0,29.10897,49.6793088,0.792990848468563,0.628834485754891,0.498659992405063,498.659992405063
0,3,1,NaN,3,Cassegrain,420,48,NaN,NaN,NaN,NaN,NaN,NaN,6,120,NaN,NaN,NaN,NaN,NaN,NaN,NaN,NaN,NaN,4.4900352,8.64797132204927,13.1380065220493,39.4140195661478,438,2074.06906726938,3.31776,5.6623104,0.384480411378697,0.147825186733932,0.0568358886075949,56.8358886075949
0,2,2,NaN,1,Refractivo,390,29,NaN,NaN,NaN,NaN,NaN,NaN,6,180,NaN,NaN,NaN,NaN,NaN,NaN,NaN,NaN,NaN,1.4852901,18.326999356181,19.812289456181,39.6245789123619,1159,5129.81798280325,0.73167,1.2487168,0.265905955911475,0.0707059773891953,0.0188011405063291,18.8011405063291
0,1,2,NaN,2,TMA,450,77,NaN,NaN,NaN,NaN,NaN,NaN,6,360,NaN,NaN,NaN,NaN,NaN,NaN,NaN,NaN,NaN,27.8028597,11.9374834363694,39.7403431363694,39.7403431363694,134,675.422426965839,13.69599,23.3744896,0.706026158799434,0.498472936909083,0.351934932911392,351.934932911392
0,1,1,NaN,1,Cassegrain,580,98,NaN,NaN,NaN,NaN,NaN,NaN,6,360,NaN,NaN,NaN,NaN,NaN,NaN,NaN,NaN,NaN,38.2123952,1.58372883639918,39.7961240363992,39.7961240363992,12,75.8044768346299,28.23576,48.1890304,0.784980839898173,0.616194919007242,0.483701205063291,483.701205063291
0,1,2,NaN,1,Cassegrain,480,81,NaN,NaN,NaN,NaN,NaN,NaN,6,360,NaN,NaN,NaN,NaN,NaN,NaN,NaN,NaN,NaN,32.3647569,7.46033270142843,39.8250896014284,39.8250896014284,73,389.935662040345,15.94323,27.2097792,0.74270284237343,0.551607512069572,0.409680467088608,409.680467088608
0,2,2,NaN,3,Cassegrain,590,68,NaN,NaN,NaN,NaN,NaN,NaN,6,180,NaN,NaN,NaN,NaN,NaN,NaN,NaN,NaN,NaN,19.1489088,0.805822553856873,19.9547313538569,39.9094627077138,12,76.9470327377094,9.43296,16.0989184,0.623503620757941,0.388756765098263,0.242391250632911,242.391250632911
1,2,2,3,1,Refractivo,930,69,240,5.46926307678223,288,48,20,99.1655490069039,6,180,0.250682444212915,952.327483882377,0.174375,2.52717391304348,5.001549525,0.22425,0.052966125,0.0130787645625,3.539684475,20.0061981,0,20.0061981,40.0123962,0,0,9.85527,16.8196608,0.632672791651441,0.400274861296027,0.253243013924051,253.243013924051
0,2,2,NaN,2,Korsch,890,69,NaN,NaN,NaN,NaN,NaN,NaN,6,180,NaN,NaN,NaN,NaN,NaN,NaN,NaN,NaN,NaN,20.0061981,0,20.0061981,40.0123962,0,0,9.85527,16.8196608,0.632672791651441,0.400274861296027,0.253243013924051,253.243013924051
0,2,2,NaN,3,Korsch,780,69,NaN,NaN,NaN,NaN,NaN,NaN,6,180,NaN,NaN,NaN,NaN,NaN,NaN,NaN,NaN,NaN,20.0061981,0,20.0061981,40.0123962,0,0,9.85527,16.8196608,0.632672791651441,0.400274861296027,0.253243013924051,253.243013924051
0,3,1,NaN,1,Refractivo,930,69,NaN,NaN,NaN,NaN,NaN,NaN,6,120,NaN,NaN,NaN,NaN,NaN,NaN,NaN,NaN,NaN,13.3374654,0,13.3374654,40.0123962,0,0,9.85527,16.8196608,0.552690591356877,0.305466889774414,0.168828675949367,168.828675949367
0,3,1,NaN,2,Korsch,890,69,NaN,NaN,NaN,NaN,NaN,NaN,6,120,NaN,NaN,NaN,NaN,NaN,NaN,NaN,NaN,NaN,13.3374654,0,13.3374654,40.0123962,0,0,9.85527,16.8196608,0.552690591356877,0.305466889774414,0.168828675949367,168.828675949367
0,3,1,NaN,3,Korsch,780,69,NaN,NaN,NaN,NaN,NaN,NaN,6,120,NaN,NaN,NaN,NaN,NaN,NaN,NaN,NaN,NaN,13.3374654,0,13.3374654,40.0123962,0,0,9.85527,16.8196608,0.552690591356877,0.305466889774414,0.168828675949367,168.828675949367
0,2,1,NaN,2,Cassegrain,820,79,NaN,NaN,NaN,NaN,NaN,NaN,6,180,NaN,NaN,NaN,NaN,NaN,NaN,NaN,NaN,NaN,20.0173834,0,20.0173834,40.0347668,0,0,14.79117,25.2435968,0.632790677060772,0.400424040975031,0.2533846,253.3846
0,2,1,NaN,2,Cassegrain,830,79,NaN,NaN,NaN,NaN,NaN,NaN,6,180,NaN,NaN,NaN,NaN,NaN,NaN,NaN,NaN,NaN,20.0173834,0,20.0173834,40.0347668,0,0,14.79117,25.2435968,0.632790677060772,0.400424040975031,0.2533846,253.3846
0,2,1,NaN,3,Korsch,890,79,NaN,NaN,NaN,NaN,NaN,NaN,6,180,NaN,NaN,NaN,NaN,NaN,NaN,NaN,NaN,NaN,20.0173834,0,20.0173834,40.0347668,0,0,14.79117,25.2435968,0.632790677060772,0.400424040975031,0.2533846,253.3846
0,1,1,NaN,2,TMA,570,98,NaN,NaN,NaN,NaN,NaN,NaN,6,360,NaN,NaN,NaN,NaN,NaN,NaN,NaN,NaN,NaN,38.2123952,1.82476698146247,40.0371621814625,40.0371621814625,14,87.0997329429301,28.23576,48.1890304,0.784980839898173,0.616194919007242,0.483701205063291,483.701205063291
0,1,2,NaN,2,Refractivo,380,21,NaN,NaN,NaN,NaN,NaN,NaN,6,360,NaN,NaN,NaN,NaN,NaN,NaN,NaN,NaN,NaN,0.5639949,39.4883774166925,40.0523723166925,40.0523723166925,1977,8544.72973209174,0.27783,0.4741632,0.192552588763482,0.0370764994395186,0.00713917594936709,7.13917594936709
0,1,2,NaN,1,Korsch,750,87,NaN,NaN,NaN,NaN,NaN,NaN,6,360,NaN,NaN,NaN,NaN,NaN,NaN,NaN,NaN,NaN,40.1028327,0,40.1028327,40.1028327,0,0,19.75509,33.7153536,0.797717867734425,0.636353796502758,0.507630793670886,507.630793670886
0,1,2,NaN,2,Cassegrain,910,87,NaN,NaN,NaN,NaN,NaN,NaN,6,360,NaN,NaN,NaN,NaN,NaN,NaN,NaN,NaN,NaN,40.1028327,0,40.1028327,40.1028327,0,0,19.75509,33.7153536,0.797717867734425,0.636353796502758,0.507630793670886,507.630793670886
0,1,2,NaN,3,Korsch,980,87,NaN,NaN,NaN,NaN,NaN,NaN,6,360,NaN,NaN,NaN,NaN,NaN,NaN,NaN,NaN,NaN,40.1028327,0,40.1028327,40.1028327,0,0,19.75509,33.7153536,0.797717867734425,0.636353796502758,0.507630793670886,507.630793670886
0,1,2,NaN,3,Cassegrain,760,87,NaN,NaN,NaN,NaN,NaN,NaN,6,360,NaN,NaN,NaN,NaN,NaN,NaN,NaN,NaN,NaN,40.1028327,0,40.1028327,40.1028327,0,0,19.75509,33.7153536,0.797717867734425,0.636353796502758,0.507630793670886,507.630793670886
0,2,2,NaN,2,Cassegrain,720,69,NaN,NaN,NaN,NaN,NaN,NaN,6,180,NaN,NaN,NaN,NaN,NaN,NaN,NaN,NaN,NaN,20.0061981,0.0818947032489909,20.088092803249,40.176185606498,1,7.61305028159222,9.85527,16.8196608,0.632672791651441,0.400274861296027,0.253243013924051,253.243013924051
0,3,1,NaN,3,Cassegrain,590,68,NaN,NaN,NaN,NaN,NaN,NaN,6,120,NaN,NaN,NaN,NaN,NaN,NaN,NaN,NaN,NaN,12.7659392,0.628728102647489,13.3946673026475,40.1840019079425,14,89.7715381939943,9.43296,16.0989184,0.544680582786488,0.296676937264628,0.161594167088608,161.594167088608
0,1,2,NaN,1,Cassegrain,430,73,NaN,NaN,NaN,NaN,NaN,NaN,6,360,NaN,NaN,NaN,NaN,NaN,NaN,NaN,NaN,NaN,23.6911353,16.5177276968277,40.2088629968277,40.2088629968277,208,1006.19698083533,11.67051,19.9176704,0.669349475225437,0.448028719984568,0.299887788607595,299.887788607595
0,2,2,NaN,1,Korsch,580,68,NaN,NaN,NaN,NaN,NaN,NaN,6,180,NaN,NaN,NaN,NaN,NaN,NaN,NaN,NaN,NaN,19.1489088,0.996672186512438,20.1455809865124,40.2911619730249,15,94.7555960432874,9.43296,16.0989184,0.623503620757941,0.388756765098263,0.242391250632911,242.391250632911
0,2,2,NaN,2,Korsch,390,30,NaN,NaN,NaN,NaN,NaN,NaN,6,180,NaN,NaN,NaN,NaN,NaN,NaN,NaN,NaN,NaN,1.6443,18.5041618389492,20.1484618389492,40.2969236778984,1120,4957.20115680728,0.81,1.3824,0.275075126804974,0.0756663253867726,0.0208139240506329,20.8139240506329
0,1,2,NaN,2,TMA,460,79,NaN,NaN,NaN,NaN,NaN,NaN,6,360,NaN,NaN,NaN,NaN,NaN,NaN,NaN,NaN,NaN,30.0260751,10.2771965718645,40.3032716718645,40.3032716718645,108,555.258587321459,14.79117,25.2435968,0.724364500586432,0.524703929709831,0.3800769,380.0769
0,3,1,NaN,2,Cassegrain,720,69,NaN,NaN,NaN,NaN,NaN,NaN,6,120,NaN,NaN,NaN,NaN,NaN,NaN,NaN,NaN,NaN,13.3374654,0.109396109320203,13.4468615093202,40.3405845279606,2,15.2261005631844,9.85527,16.8196608,0.552690591356877,0.305466889774414,0.168828675949367,168.828675949367
0,2,1,NaN,3,Cassegrain,690,79,NaN,NaN,NaN,NaN,NaN,NaN,6,180,NaN,NaN,NaN,NaN,NaN,NaN,NaN,NaN,NaN,20.0173834,0.158317619209519,20.1757010192095,40.351402038419,2,14.6838380744121,14.79117,25.2435968,0.632790677060772,0.400424040975031,0.2533846,253.3846
0,2,1,NaN,1,Korsch,680,79,NaN,NaN,NaN,NaN,NaN,NaN,6,180,NaN,NaN,NaN,NaN,NaN,NaN,NaN,NaN,NaN,20.0173834,0.234933152992289,20.2523165529923,40.5046331059846,3,21.7522735917946,14.79117,25.2435968,0.632790677060772,0.400424040975031,0.2533846,253.3846
0,3,1,NaN,1,Korsch,580,68,NaN,NaN,NaN,NaN,NaN,NaN,6,120,NaN,NaN,NaN,NaN,NaN,NaN,NaN,NaN,NaN,12.7659392,0.755384869907833,13.5213240699078,40.5639722097235,17,107.389675515726,9.43296,16.0989184,0.544680582786488,0.296676937264628,0.161594167088608,161.594167088608
0,1,1,NaN,1,Korsch,860,100,NaN,NaN,NaN,NaN,NaN,NaN,6,360,NaN,NaN,NaN,NaN,NaN,NaN,NaN,NaN,NaN,40.6,0,40.6,40.6,0,0,30,51.2,0.801000857038952,0.641602372977136,0.513924050632911,513.924050632911
0,2,1,NaN,3,Korsch,390,35,NaN,NaN,NaN,NaN,NaN,NaN,6,180,NaN,NaN,NaN,NaN,NaN,NaN,NaN,NaN,NaN,1.740725,18.6358686020835,20.3765936020835,40.753187204167,1099,4864.25363511714,1.28625,2.1952,0.280350299963633,0.0785962906896992,0.0220344936708861,22.0344936708861
0,1,1,NaN,1,Cassegrain,590,99,NaN,NaN,NaN,NaN,NaN,NaN,6,360,NaN,NaN,NaN,NaN,NaN,NaN,NaN,NaN,NaN,39.3941394,1.37714367661446,40.7712830766145,40.7712830766145,10,64.1225272814245,29.10897,49.6793088,0.792990848468563,0.628834485754891,0.498659992405063,498.659992405063
0,2,2,NaN,1,Korsch,410,48,NaN,NaN,NaN,NaN,NaN,NaN,6,180,NaN,NaN,NaN,NaN,NaN,NaN,NaN,NaN,NaN,6.7350528,13.7367170207775,20.4717698207775,40.943539641555,464,2149.57017873373,3.31776,5.6623104,0.440120202887959,0.193705792990138,0.0852538329113924,85.2538329113924
0,3,1,NaN,1,Korsch,420,49,NaN,NaN,NaN,NaN,NaN,NaN,6,120,NaN,NaN,NaN,NaN,NaN,NaN,NaN,NaN,NaN,4.7765494,8.9023637865444,13.6789131865444,41.0367395596332,429,2031.45120972275,3.52947,6.0236288,0.392490419949087,0.15404872975181,0.0604626506329114,60.4626506329114
0,1,2,NaN,2,TMA,440,76,NaN,NaN,NaN,NaN,NaN,NaN,6,360,NaN,NaN,NaN,NaN,NaN,NaN,NaN,NaN,NaN,26.7336384,14.3590213971111,41.0926597971111,41.0926597971111,165,814.968129050962,13.16928,22.4755712,0.696856987905935,0.485609661593332,0.338400486075949,338.400486075949
0,1,2,NaN,3,Cassegrain,380,44,NaN,NaN,NaN,NaN,NaN,NaN,6,360,NaN,NaN,NaN,NaN,NaN,NaN,NaN,NaN,NaN,5.1877056,35.9789316633684,41.1666372633684,41.1666372633684,943,4075.71074221675,2.55552,4.3614208,0.403443519313962,0.162766673276435,0.0656671594936709,65.6671594936709
0,1,2,NaN,2,TMA,480,82,NaN,NaN,NaN,NaN,NaN,NaN,6,360,NaN,NaN,NaN,NaN,NaN,NaN,NaN,NaN,NaN,33.5783112,7.62378426646579,41.2020954664658,41.2020954664658,72,384.594077628833,16.54104,28.2300416,0.751872013266929,0.565311524334066,0.425041913924051,425.041913924051
0,1,2,NaN,1,Cassegrain,490,83,NaN,NaN,NaN,NaN,NaN,NaN,6,360,NaN,NaN,NaN,NaN,NaN,NaN,NaN,NaN,NaN,34.8218283,6.49484897430021,41.3166772743002,41.3166772743002,59,321.023312849763,17.15361,29.2754944,0.761041184160429,0.579183683988307,0.440782636708861,440.782636708861
0,1,2,NaN,2,TMA,470,81,NaN,NaN,NaN,NaN,NaN,NaN,6,360,NaN,NaN,NaN,NaN,NaN,NaN,NaN,NaN,NaN,32.3647569,8.98534789334463,41.3501047933446,41.3501047933446,88,461.26566231397,15.94323,27.2097792,0.74270284237343,0.551607512069572,0.409680467088608,409.680467088608
0,2,2,NaN,3,Cassegrain,600,69,NaN,NaN,NaN,NaN,NaN,NaN,6,180,NaN,NaN,NaN,NaN,NaN,NaN,NaN,NaN,NaN,20.0061981,0.709882913171498,20.7160810131715,41.432162026343,10,65.0705070947697,9.85527,16.8196608,0.632672791651441,0.400274861296027,0.253243013924051,253.243013924051
0,1,2,NaN,1,Cassegrain,420,71,NaN,NaN,NaN,NaN,NaN,NaN,6,360,NaN,NaN,NaN,NaN,NaN,NaN,NaN,NaN,NaN,21.7967799,19.6410702940124,41.4378501940124,41.4378501940124,259,1226.44723384194,10.73733,18.3250432,0.651011133438439,0.423815495860801,0.275908606329114,275.908606329114
0,1,2,NaN,2,Cassegrain,920,88,NaN,NaN,NaN,NaN,NaN,NaN,6,360,NaN,NaN,NaN,NaN,NaN,NaN,NaN,NaN,NaN,41.5016448,0,41.5016448,41.5016448,0,0,20.44416,34.8913664,0.806887038627924,0.651066693105741,0.525337275949367,525.337275949367
0,1,2,NaN,3,Korsch,990,88,NaN,NaN,NaN,NaN,NaN,NaN,6,360,NaN,NaN,NaN,NaN,NaN,NaN,NaN,NaN,NaN,41.5016448,0,41.5016448,41.5016448,0,0,20.44416,34.8913664,0.806887038627924,0.651066693105741,0.525337275949367,525.337275949367
0,1,2,NaN,3,Cassegrain,770,88,NaN,NaN,NaN,NaN,NaN,NaN,6,360,NaN,NaN,NaN,NaN,NaN,NaN,NaN,NaN,NaN,41.5016448,0,41.5016448,41.5016448,0,0,20.44416,34.8913664,0.806887038627924,0.651066693105741,0.525337275949367,525.337275949367
0,1,2,NaN,2,TMA,430,74,NaN,NaN,NaN,NaN,NaN,NaN,6,360,NaN,NaN,NaN,NaN,NaN,NaN,NaN,NaN,NaN,24.6781416,16.8929484180443,41.5710900180443,41.5710900180443,205,991.684524380976,12.15672,20.7474688,0.678518646118936,0.460387553131074,0.312381539240506,312.381539240506
0,2,1,NaN,2,Cassegrain,840,80,NaN,NaN,NaN,NaN,NaN,NaN,6,180,NaN,NaN,NaN,NaN,NaN,NaN,NaN,NaN,NaN,20.7872,0,20.7872,41.5744,0,0,15.36,26.2144,0.640800685631162,0.410625518705367,0.263129113924051,263.129113924051
0,2,1,NaN,3,Korsch,900,80,NaN,NaN,NaN,NaN,NaN,NaN,6,180,NaN,NaN,NaN,NaN,NaN,NaN,NaN,NaN,NaN,20.7872,0,20.7872,41.5744,0,0,15.36,26.2144,0.640800685631162,0.410625518705367,0.263129113924051,263.129113924051
0,2,2,NaN,1,Korsch,590,69,NaN,NaN,NaN,NaN,NaN,NaN,6,180,NaN,NaN,NaN,NaN,NaN,NaN,NaN,NaN,NaN,20.0061981,0.841898920418302,20.8480970204183,41.6961940408366,12,76.9470327377094,9.85527,16.8196608,0.632672791651441,0.400274861296027,0.253243013924051,253.243013924051
0,1,2,NaN,1,Cassegrain,500,84,NaN,NaN,NaN,NaN,NaN,NaN,6,360,NaN,NaN,NaN,NaN,NaN,NaN,NaN,NaN,NaN,36.0956736,5.62308624767471,41.7187598476747,41.7187598476747,49,271.466061771349,17.78112,30.3464448,0.770210355053928,0.593223991032297,0.456907260759494,456.907260759494
0,3,1,NaN,3,Cassegrain,600,69,NaN,NaN,NaN,NaN,NaN,NaN,6,120,NaN,NaN,NaN,NaN,NaN,NaN,NaN,NaN,NaN,13.3374654,0.569722715754949,13.907188115755,41.7215643472649,12,78.0846085137237,9.85527,16.8196608,0.552690591356877,0.305466889774414,0.168828675949367,168.828675949367
1,2,2,3,1,Refractivo,940,70,230,4.26791048049927,288,58,25.2173913043478,99.2099013468971,6,180,0.25093245769718,956.043601445845,0.17625,2.51785714285714,5.222175,0.2275,0.0545125,0.0136556875,3.695825,20.8887,0,20.8887,41.7774,0,0,10.29,17.5616,0.64184196254494,0.41196110488354,0.264413924050633,264.413924050633
1,2,2,3,1,Refractivo,950,70,250,3.60205173492432,288,38,15.2,99.2544110572556,6,180,0.250213742332724,946.69583149367,0.178125,2.54464285714286,5.222175,0.2275,0.0545125,0.0136556875,3.695825,20.8887,0,20.8887,41.7774,0,0,10.29,17.5616,0.64184196254494,0.41196110488354,0.264413924050633,264.413924050633
1,3,1,2,1,Refractivo,940,70,130,6.66467332839966,192,62,47.6923076923077,99.2099013468971,6,120,0.25093245769718,956.043601445845,0.17625,2.51785714285714,3.48145,0.2275,0.0545125,0.0136556875,3.695825,13.9258,0,13.9258,41.7774,0,0,10.29,17.5616,0.560700599927267,0.314385162758797,0.176275949367089,176.275949367089
0,2,2,NaN,2,Korsch,900,70,NaN,NaN,NaN,NaN,NaN,NaN,6,180,NaN,NaN,NaN,NaN,NaN,NaN,NaN,NaN,NaN,20.8887,0,20.8887,41.7774,0,0,10.29,17.5616,0.64184196254494,0.41196110488354,0.264413924050633,264.413924050633
0,2,2,NaN,2,Korsch,910,70,NaN,NaN,NaN,NaN,NaN,NaN,6,180,NaN,NaN,NaN,NaN,NaN,NaN,NaN,NaN,NaN,20.8887,0,20.8887,41.7774,0,0,10.29,17.5616,0.64184196254494,0.41196110488354,0.264413924050633,264.413924050633
0,2,2,NaN,3,Korsch,790,70,NaN,NaN,NaN,NaN,NaN,NaN,6,180,NaN,NaN,NaN,NaN,NaN,NaN,NaN,NaN,NaN,20.8887,0,20.8887,41.7774,0,0,10.29,17.5616,0.64184196254494,0.41196110488354,0.264413924050633,264.413924050633
0,3,1,NaN,1,Refractivo,950,70,NaN,NaN,NaN,NaN,NaN,NaN,6,120,NaN,NaN,NaN,NaN,NaN,NaN,NaN,NaN,NaN,13.9258,0,13.9258,41.7774,0,0,10.29,17.5616,0.560700599927267,0.314385162758797,0.176275949367089,176.275949367089
0,3,1,NaN,2,Korsch,900,70,NaN,NaN,NaN,NaN,NaN,NaN,6,120,NaN,NaN,NaN,NaN,NaN,NaN,NaN,NaN,NaN,13.9258,0,13.9258,41.7774,0,0,10.29,17.5616,0.560700599927267,0.314385162758797,0.176275949367089,176.275949367089
0,3,1,NaN,2,Korsch,910,70,NaN,NaN,NaN,NaN,NaN,NaN,6,120,NaN,NaN,NaN,NaN,NaN,NaN,NaN,NaN,NaN,13.9258,0,13.9258,41.7774,0,0,10.29,17.5616,0.560700599927267,0.314385162758797,0.176275949367089,176.275949367089
0,3,1,NaN,3,Korsch,790,70,NaN,NaN,NaN,NaN,NaN,NaN,6,120,NaN,NaN,NaN,NaN,NaN,NaN,NaN,NaN,NaN,13.9258,0,13.9258,41.7774,0,0,10.29,17.5616,0.560700599927267,0.314385162758797,0.176275949367089,176.275949367089
0,3,1,NaN,3,Korsch,400,36,NaN,NaN,NaN,NaN,NaN,NaN,6,120,NaN,NaN,NaN,NaN,NaN,NaN,NaN,NaN,NaN,1.8942336,12.0420020329065,13.9362356329065,41.8087068987194,866,3922.64530117597,1.39968,2.3887872,0.288360308534023,0.0831516675378368,0.0239776405063291,23.9776405063291
0,1,1,NaN,1,Korsch,870,101,NaN,NaN,NaN,NaN,NaN,NaN,6,360,NaN,NaN,NaN,NaN,NaN,NaN,NaN,NaN,NaN,41.8302206,0,41.8302206,41.8302206,0,0,30.90903,52.7514112,0.809010865609342,0.654498580673976,0.529496463291139,529.496463291139
0,1,1,NaN,3,Cassegrain,880,101,NaN,NaN,NaN,NaN,NaN,NaN,6,360,NaN,NaN,NaN,NaN,NaN,NaN,NaN,NaN,NaN,41.8302206,0,41.8302206,41.8302206,0,0,30.90903,52.7514112,0.809010865609342,0.654498580673976,0.529496463291139,529.496463291139
0,2,1,NaN,3,Cassegrain,700,80,NaN,NaN,NaN,NaN,NaN,NaN,6,180,NaN,NaN,NaN,NaN,NaN,NaN,NaN,NaN,NaN,20.7872,0.166446027385221,20.9536460273852,41.9072920547705,2,14.8653735594344,15.36,26.2144,0.640800685631162,0.410625518705367,0.263129113924051,263.129113924051
0,2,2,NaN,2,Cassegrain,730,70,NaN,NaN,NaN,NaN,NaN,NaN,6,180,NaN,NaN,NaN,NaN,NaN,NaN,NaN,NaN,NaN,20.8887,0.0865154429151143,20.9752154429151,41.9504308858302,1,7.7026501615901,10.29,17.5616,0.64184196254494,0.41196110488354,0.264413924050633,264.413924050633
0,3,1,NaN,2,Cassegrain,730,70,NaN,NaN,NaN,NaN,NaN,NaN,6,120,NaN,NaN,NaN,NaN,NaN,NaN,NaN,NaN,NaN,13.9258,0.0576769619434095,13.9834769619434,41.9504308858302,1,7.7026501615901,10.29,17.5616,0.560700599927267,0.314385162758797,0.176275949367089,176.275949367089
0,3,1,NaN,1,Korsch,590,69,NaN,NaN,NaN,NaN,NaN,NaN,6,120,NaN,NaN,NaN,NaN,NaN,NaN,NaN,NaN,NaN,13.3374654,0.656876018575158,13.9943414185752,41.9830242557255,14,89.7715381939943,9.85527,16.8196608,0.552690591356877,0.305466889774414,0.168828675949367,168.828675949367
0,1,2,NaN,1,Korsch,380,45,NaN,NaN,NaN,NaN,NaN,NaN,6,360,NaN,NaN,NaN,NaN,NaN,NaN,NaN,NaN,NaN,5.5495125,36.5565720541592,42.1060845541592,42.1060845541592,922,3984.94730044946,2.73375,4.6656,0.412612690207461,0.170249232120238,0.0702469936708861,70.2469936708861
0,1,1,NaN,2,TMA,580,100,NaN,NaN,NaN,NaN,NaN,NaN,6,360,NaN,NaN,NaN,NaN,NaN,NaN,NaN,NaN,NaN,40.6,1.54007124985763,42.1400712498576,42.1400712498576,11,69.4874370984107,30,51.2,0.801000857038952,0.641602372977136,0.513924050632911,513.924050632911
0,1,1,NaN,3,Refractivo,380,23,NaN,NaN,NaN,NaN,NaN,NaN,6,360,NaN,NaN,NaN,NaN,NaN,NaN,NaN,NaN,NaN,0.4939802,41.838626877867,42.332607077867,42.332607077867,2066,8929.39384243881,0.36501,0.6229504,0.184230197118959,0.0339407655304905,0.00625291392405063,6.25291392405063
0,1,2,NaN,2,TMA,420,72,NaN,NaN,NaN,NaN,NaN,NaN,6,360,NaN,NaN,NaN,NaN,NaN,NaN,NaN,NaN,NaN,22.7308032,20.064290662281,42.795093862281,42.795093862281,255,1207.50596382121,11.19744,19.1102976,0.660180304331938,0.43583803422781,0.287731686075949,287.731686075949
0,1,2,NaN,2,TMA,490,84,NaN,NaN,NaN,NaN,NaN,NaN,6,360,NaN,NaN,NaN,NaN,NaN,NaN,NaN,NaN,NaN,36.0956736,6.73244226689944,42.8281158668994,42.8281158668994,59,321.023312849763,17.78112,30.3464448,0.770210355053928,0.593223991032297,0.456907260759494,456.907260759494
0,1,2,NaN,1,Korsch,760,89,NaN,NaN,NaN,NaN,NaN,NaN,6,360,NaN,NaN,NaN,NaN,NaN,NaN,NaN,NaN,NaN,42.9326121,0,42.9326121,42.9326121,0,0,21.14907,36.0944128,0.816056209521423,0.665947737098473,0.543450786075949,543.450786075949
0,1,2,NaN,2,Cassegrain,930,89,NaN,NaN,NaN,NaN,NaN,NaN,6,360,NaN,NaN,NaN,NaN,NaN,NaN,NaN,NaN,NaN,42.9326121,0,42.9326121,42.9326121,0,0,21.14907,36.0944128,0.816056209521423,0.665947737098473,0.543450786075949,543.450786075949
0,1,2,NaN,3,Korsch,1000,89,NaN,NaN,NaN,NaN,NaN,NaN,6,360,NaN,NaN,NaN,NaN,NaN,NaN,NaN,NaN,NaN,42.9326121,0,42.9326121,42.9326121,0,0,21.14907,36.0944128,0.816056209521423,0.665947737098473,0.543450786075949,543.450786075949
0,1,2,NaN,3,Cassegrain,780,89,NaN,NaN,NaN,NaN,NaN,NaN,6,360,NaN,NaN,NaN,NaN,NaN,NaN,NaN,NaN,NaN,42.9326121,0,42.9326121,42.9326121,0,0,21.14907,36.0944128,0.816056209521423,0.665947737098473,0.543450786075949,543.450786075949
0,2,2,NaN,3,Cassegrain,610,70,NaN,NaN,NaN,NaN,NaN,NaN,6,180,NaN,NaN,NaN,NaN,NaN,NaN,NaN,NaN,NaN,20.8887,0.599753443149815,21.4884534431498,42.9769068862996,8,52.8114872251608,10.29,17.5616,0.64184196254494,0.41196110488354,0.264413924050633,264.413924050633
0,1,1,NaN,1,Cassegrain,600,101,NaN,NaN,NaN,NaN,NaN,NaN,6,360,NaN,NaN,NaN,NaN,NaN,NaN,NaN,NaN,NaN,41.8302206,1.18363264063244,43.0138532406324,43.0138532406324,8,52.0564056758158,30.90903,52.7514112,0.809010865609342,0.654498580673976,0.529496463291139,529.496463291139
0,1,1,NaN,3,Cassegrain,890,102,NaN,NaN,NaN,NaN,NaN,NaN,6,360,NaN,NaN,NaN,NaN,NaN,NaN,NaN,NaN,NaN,43.0850448,0,43.0850448,43.0850448,0,0,31.83624,54.3338496,0.817020874179731,0.667523108845412,0.545380313924051,545.38031392405
0,1,1,NaN,2,TMA,590,101,NaN,NaN,NaN,NaN,NaN,NaN,6,360,NaN,NaN,NaN,NaN,NaN,NaN,NaN,NaN,NaN,41.8302206,1.31400669270264,43.1442272927026,43.1442272927026,9,57.710274553282,30.90903,52.7514112,0.809010865609342,0.654498580673976,0.529496463291139,529.496463291139
0,2,1,NaN,2,Cassegrain,390,38,NaN,NaN,NaN,NaN,NaN,NaN,6,180,NaN,NaN,NaN,NaN,NaN,NaN,NaN,NaN,NaN,2.2278032,19.3455340933999,21.5733372933999,43.1466745867998,1012,4479.18533097229,1.64616,2.8094464,0.304380325674802,0.0926473826578985,0.0282000405063291,28.2000405063291
0,2,1,NaN,2,Refractivo,390,21,NaN,NaN,NaN,NaN,NaN,NaN,6,180,NaN,NaN,NaN,NaN,NaN,NaN,NaN,NaN,NaN,0.3759966,21.2000301390643,21.5760267390643,43.1520534781285,1832,8108.56474934905,0.27783,0.4741632,0.16821017997818,0.0282946646482917,0.00475945063291139,4.75945063291139
0,2,1,NaN,2,Cassegrain,850,81,NaN,NaN,NaN,NaN,NaN,NaN,6,180,NaN,NaN,NaN,NaN,NaN,NaN,NaN,NaN,NaN,21.5765046,0,21.5765046,43.1530092,0,0,15.94323,27.2097792,0.648810694201551,0.420955316910299,0.273120311392405,273.120311392405
0,2,1,NaN,3,Korsch,910,81,NaN,NaN,NaN,NaN,NaN,NaN,6,180,NaN,NaN,NaN,NaN,NaN,NaN,NaN,NaN,NaN,21.5765046,0,21.5765046,43.1530092,0,0,15.94323,27.2097792,0.648810694201551,0.420955316910299,0.273120311392405,273.120311392405
0,2,2,NaN,1,Korsch,600,70,NaN,NaN,NaN,NaN,NaN,NaN,6,180,NaN,NaN,NaN,NaN,NaN,NaN,NaN,NaN,NaN,20.8887,0.741196859805436,21.6298968598054,43.2597937196109,10,65.0705070947697,10.29,17.5616,0.64184196254494,0.41196110488354,0.264413924050633,264.413924050633
0,3,1,NaN,3,Cassegrain,610,70,NaN,NaN,NaN,NaN,NaN,NaN,6,120,NaN,NaN,NaN,NaN,NaN,NaN,NaN,NaN,NaN,13.9258,0.501414700191776,14.4272147001918,43.2816441005753,10,66.014359031451,10.29,17.5616,0.560700599927267,0.314385162758797,0.176275949367089,176.275949367089
0,2,1,NaN,3,Cassegrain,710,81,NaN,NaN,NaN,NaN,NaN,NaN,6,180,NaN,NaN,NaN,NaN,NaN,NaN,NaN,NaN,NaN,21.5765046,0.0872767990411517,21.6637813990412,43.3275627980823,1,7.52306317215698,15.94323,27.2097792,0.648810694201551,0.420955316910299,0.273120311392405,273.120311392405
0,3,1,NaN,1,Korsch,600,70,NaN,NaN,NaN,NaN,NaN,NaN,6,120,NaN,NaN,NaN,NaN,NaN,NaN,NaN,NaN,NaN,13.9258,0.544412674393402,14.4702126743934,43.4106380231802,11,71.5775578042467,10.29,17.5616,0.560700599927267,0.314385162758797,0.176275949367089,176.275949367089
0,2,1,NaN,1,Korsch,690,81,NaN,NaN,NaN,NaN,NaN,NaN,6,180,NaN,NaN,NaN,NaN,NaN,NaN,NaN,NaN,NaN,21.5765046,0.170648719209486,21.7471533192095,43.494306638419,2,14.6838380744121,15.94323,27.2097792,0.648810694201551,0.420955316910299,0.273120311392405,273.120311392405
1,2,2,3,1,Refractivo,960,71,250,5.45978546142578,288,38,15.2,99.2990785357663,6,180,0.250466785418851,950.410012604123,0.18,2.53521126760563,5.449194975,0.23075,0.056081125,0.0142493316875,3.856491025,21.7967799,0,21.7967799,43.5935598,0,0,10.73733,18.3250432,0.651011133438439,0.423815495860801,0.275908606329114,275.908606329114
1,3,1,2,1,Refractivo,960,71,130,5.33960437774658,192,62,47.6923076923077,99.2990785357663,6,120,0.250466785418851,950.410012604123,0.18,2.53521126760563,3.63279665,0.23075,0.056081125,0.0142493316875,3.856491025,14.5311866,0,14.5311866,43.5935598,0,0,10.73733,18.3250432,0.568710608497656,0.323431756217774,0.183939070886076,183.939070886076
0,2,2,NaN,2,Korsch,920,71,NaN,NaN,NaN,NaN,NaN,NaN,6,180,NaN,NaN,NaN,NaN,NaN,NaN,NaN,NaN,NaN,21.7967799,0,21.7967799,43.5935598,0,0,10.73733,18.3250432,0.651011133438439,0.423815495860801,0.275908606329114,275.908606329114
0,2,2,NaN,3,Korsch,800,71,NaN,NaN,NaN,NaN,NaN,NaN,6,180,NaN,NaN,NaN,NaN,NaN,NaN,NaN,NaN,NaN,21.7967799,0,21.7967799,43.5935598,0,0,10.73733,18.3250432,0.651011133438439,0.423815495860801,0.275908606329114,275.908606329114
0,3,1,NaN,2,Korsch,920,71,NaN,NaN,NaN,NaN,NaN,NaN,6,120,NaN,NaN,NaN,NaN,NaN,NaN,NaN,NaN,NaN,14.5311866,0,14.5311866,43.5935598,0,0,10.73733,18.3250432,0.568710608497656,0.323431756217774,0.183939070886076,183.939070886076
0,3,1,NaN,3,Korsch,800,71,NaN,NaN,NaN,NaN,NaN,NaN,6,120,NaN,NaN,NaN,NaN,NaN,NaN,NaN,NaN,NaN,14.5311866,0,14.5311866,43.5935598,0,0,10.73733,18.3250432,0.568710608497656,0.323431756217774,0.183939070886076,183.939070886076
0,1,2,NaN,1,Cassegrain,410,69,NaN,NaN,NaN,NaN,NaN,NaN,6,360,NaN,NaN,NaN,NaN,NaN,NaN,NaN,NaN,NaN,20.0061981,23.6626611697324,43.6688592697325,43.6688592697325,323,1496.36027528232,9.85527,16.8196608,0.632672791651441,0.400274861296027,0.253243013924051,253.243013924051
0,1,2,NaN,1,Cassegrain,510,86,NaN,NaN,NaN,NaN,NaN,NaN,6,360,NaN,NaN,NaN,NaN,NaN,NaN,NaN,NaN,NaN,38.7358104,4.95673463387081,43.6925450338708,43.6925450338708,40,225.549544798232,19.08168,32.5660672,0.788548696840926,0.621809047289522,0.490326713924051,490.32671392405
0,2,2,NaN,2,Cassegrain,740,71,NaN,NaN,NaN,NaN,NaN,NaN,6,180,NaN,NaN,NaN,NaN,NaN,NaN,NaN,NaN,NaN,21.7967799,0.0913240697823952,21.8881039697824,43.7762079395648,1,7.79186485231548,10.73733,18.3250432,0.651011133438439,0.423815495860801,0.275908606329114,275.908606329114
0,3,1,NaN,2,Cassegrain,740,71,NaN,NaN,NaN,NaN,NaN,NaN,6,120,NaN,NaN,NaN,NaN,NaN,NaN,NaN,NaN,NaN,14.5311866,0.0608827131882635,14.5920693131883,43.7762079395648,1,7.79186485231548,10.73733,18.3250432,0.568710608497656,0.323431756217774,0.183939070886076,183.939070886076
0,1,1,NaN,1,Cassegrain,390,66,NaN,NaN,NaN,NaN,NaN,NaN,6,360,NaN,NaN,NaN,NaN,NaN,NaN,NaN,NaN,NaN,11.6723376,32.3793507608214,44.0516883608214,44.0516883608214,583,2580.40024501665,8.62488,14.7197952,0.528660565645709,0.27948199366884,0.14775110886076,147.751108860759
0,1,1,NaN,1,Korsch,880,103,NaN,NaN,NaN,NaN,NaN,NaN,6,360,NaN,NaN,NaN,NaN,NaN,NaN,NaN,NaN,NaN,44.3647162,0,44.3647162,44.3647162,0,0,32.78181,55.9476224,0.825030882750121,0.680675957491443,0.561578686075949,561.578686075949
0,1,1,NaN,3,Cassegrain,900,103,NaN,NaN,NaN,NaN,NaN,NaN,6,360,NaN,NaN,NaN,NaN,NaN,NaN,NaN,NaN,NaN,44.3647162,0,44.3647162,44.3647162,0,0,32.78181,55.9476224,0.825030882750121,0.680675957491443,0.561578686075949,561.578686075949
0,1,2,NaN,1,Korsch,770,90,NaN,NaN,NaN,NaN,NaN,NaN,6,360,NaN,NaN,NaN,NaN,NaN,NaN,NaN,NaN,NaN,44.3961,0,44.3961,44.3961,0,0,21.87,37.3248,0.825225380414923,0.680996928480954,0.561975949367089,561.975949367088
0,1,2,NaN,2,Cassegrain,940,90,NaN,NaN,NaN,NaN,NaN,NaN,6,360,NaN,NaN,NaN,NaN,NaN,NaN,NaN,NaN,NaN,44.3961,0,44.3961,44.3961,0,0,21.87,37.3248,0.825225380414923,0.680996928480954,0.561975949367089,561.975949367088
0,1,2,NaN,3,Cassegrain,790,90,NaN,NaN,NaN,NaN,NaN,NaN,6,360,NaN,NaN,NaN,NaN,NaN,NaN,NaN,NaN,NaN,44.3961,0,44.3961,44.3961,0,0,21.87,37.3248,0.825225380414923,0.680996928480954,0.561975949367089,561.975949367088
0,1,2,NaN,2,TMA,500,86,NaN,NaN,NaN,NaN,NaN,NaN,6,360,NaN,NaN,NaN,NaN,NaN,NaN,NaN,NaN,NaN,38.7358104,5.90306572769752,44.6388761276975,44.6388761276975,48,265.92593806173,19.08168,32.5660672,0.788548696840926,0.621809047289522,0.490326713924051,490.32671392405
0,2,2,NaN,3,Cassegrain,620,71,NaN,NaN,NaN,NaN,NaN,NaN,6,180,NaN,NaN,NaN,NaN,NaN,NaN,NaN,NaN,NaN,21.7967799,0.554585193142394,22.3513650931424,44.7027301862848,7,46.8678736213415,10.73733,18.3250432,0.651011133438439,0.423815495860801,0.275908606329114,275.908606329114
0,2,1,NaN,2,Cassegrain,860,82,NaN,NaN,NaN,NaN,NaN,NaN,6,180,NaN,NaN,NaN,NaN,NaN,NaN,NaN,NaN,NaN,22.3855408,0,22.3855408,44.7710816,0,0,16.54104,28.2300416,0.656820702771941,0.431413435589826,0.283361275949367,283.361275949367
0,2,1,NaN,3,Korsch,920,82,NaN,NaN,NaN,NaN,NaN,NaN,6,180,NaN,NaN,NaN,NaN,NaN,NaN,NaN,NaN,NaN,22.3855408,0,22.3855408,44.7710816,0,0,16.54104,28.2300416,0.656820702771941,0.431413435589826,0.283361275949367,283.361275949367
0,2,2,NaN,1,Korsch,610,71,NaN,NaN,NaN,NaN,NaN,NaN,6,180,NaN,NaN,NaN,NaN,NaN,NaN,NaN,NaN,NaN,21.7967799,0.625826106679864,22.4226060066799,44.8452120133597,8,52.8114872251608,10.73733,18.3250432,0.651011133438439,0.423815495860801,0.275908606329114,275.908606329114
0,3,1,NaN,3,Cassegrain,620,71,NaN,NaN,NaN,NaN,NaN,NaN,6,120,NaN,NaN,NaN,NaN,NaN,NaN,NaN,NaN,NaN,14.5311866,0.423234645341399,14.9544212453414,44.8632637360242,8,53.563284138676,10.73733,18.3250432,0.568710608497656,0.323431756217774,0.183939070886076,183.939070886076
0,2,1,NaN,3,Cassegrain,720,82,NaN,NaN,NaN,NaN,NaN,NaN,6,180,NaN,NaN,NaN,NaN,NaN,NaN,NaN,NaN,NaN,22.3855408,0.0916344630659325,22.4771752630659,44.9543505261319,1,7.61305028159222,16.54104,28.2300416,0.656820702771941,0.431413435589826,0.283361275949367,283.361275949367
0,2,1,NaN,1,Korsch,700,82,NaN,NaN,NaN,NaN,NaN,NaN,6,180,NaN,NaN,NaN,NaN,NaN,NaN,NaN,NaN,NaN,22.3855408,0.179244166459638,22.5647849664596,45.1295699329193,2,14.8653735594344,16.54104,28.2300416,0.656820702771941,0.431413435589826,0.283361275949367,283.361275949367
0,2,2,NaN,3,Korsch,390,35,NaN,NaN,NaN,NaN,NaN,NaN,6,180,NaN,NaN,NaN,NaN,NaN,NaN,NaN,NaN,NaN,2.6110875,19.9603983532336,22.5714858532336,45.1429717064671,960,4249.02956297767,1.28625,2.1952,0.32092098127247,0.102990276220885,0.0330517405063291,33.0517405063291
0,3,1,NaN,1,Korsch,610,71,NaN,NaN,NaN,NaN,NaN,NaN,6,120,NaN,NaN,NaN,NaN,NaN,NaN,NaN,NaN,NaN,14.5311866,0.523212352070958,15.054398952071,45.1631968562129,10,66.014359031451,10.73733,18.3250432,0.568710608497656,0.323431756217774,0.183939070886076,183.939070886076
0,1,1,NaN,2,TMA,390,67,NaN,NaN,NaN,NaN,NaN,NaN,6,360,NaN,NaN,NaN,NaN,NaN,NaN,NaN,NaN,NaN,12.2109778,32.9630237691475,45.1740015691475,45.1740015691475,574,2540.56559286373,9.02289,15.3990656,0.536670574216098,0.288015305229436,0.154569339240506,154.569339240506
0,1,1,NaN,1,Cassegrain,610,103,NaN,NaN,NaN,NaN,NaN,NaN,6,360,NaN,NaN,NaN,NaN,NaN,NaN,NaN,NaN,NaN,44.3647162,0.952261556057802,45.3169777560578,45.3169777560578,6,39.6086154188706,32.78181,55.9476224,0.825030882750121,0.680675957491443,0.561578686075949,561.578686075949
1,2,2,3,1,Refractivo,970,72,210,5.47057104110718,288,78,37.1428571428571,99.343904181413,6,180,0.250712826346032,954.05435462678,0.181875,2.52604166666667,5.6827008,0.234,0.057672,0.014859936,4.0217472,22.7308032,0,22.7308032,45.4616064,0,0,11.19744,19.1102976,0.660180304331938,0.43583803422781,0.287731686075949,287.731686075949
0,2,2,NaN,1,Refractivo,980,72,NaN,NaN,NaN,NaN,NaN,NaN,6,180,NaN,NaN,NaN,NaN,NaN,NaN,NaN,NaN,NaN,22.7308032,0,22.7308032,45.4616064,0,0,11.19744,19.1102976,0.660180304331938,0.43583803422781,0.287731686075949,287.731686075949
0,2,2,NaN,2,Korsch,930,72,NaN,NaN,NaN,NaN,NaN,NaN,6,180,NaN,NaN,NaN,NaN,NaN,NaN,NaN,NaN,NaN,22.7308032,0,22.7308032,45.4616064,0,0,11.19744,19.1102976,0.660180304331938,0.43583803422781,0.287731686075949,287.731686075949
0,2,2,NaN,3,Korsch,810,72,NaN,NaN,NaN,NaN,NaN,NaN,6,180,NaN,NaN,NaN,NaN,NaN,NaN,NaN,NaN,NaN,22.7308032,0,22.7308032,45.4616064,0,0,11.19744,19.1102976,0.660180304331938,0.43583803422781,0.287731686075949,287.731686075949
0,3,1,NaN,1,Refractivo,970,72,NaN,NaN,NaN,NaN,NaN,NaN,6,120,NaN,NaN,NaN,NaN,NaN,NaN,NaN,NaN,NaN,15.1538688,0,15.1538688,45.4616064,0,0,11.19744,19.1102976,0.576720617068046,0.332606670151347,0.191821124050633,191.821124050633
0,3,1,NaN,1,Refractivo,980,72,NaN,NaN,NaN,NaN,NaN,NaN,6,120,NaN,NaN,NaN,NaN,NaN,NaN,NaN,NaN,NaN,15.1538688,0,15.1538688,45.4616064,0,0,11.19744,19.1102976,0.576720617068046,0.332606670151347,0.191821124050633,191.821124050633
0,3,1,NaN,2,Korsch,930,72,NaN,NaN,NaN,NaN,NaN,NaN,6,120,NaN,NaN,NaN,NaN,NaN,NaN,NaN,NaN,NaN,15.1538688,0,15.1538688,45.4616064,0,0,11.19744,19.1102976,0.576720617068046,0.332606670151347,0.191821124050633,191.821124050633
0,3,1,NaN,3,Korsch,810,72,NaN,NaN,NaN,NaN,NaN,NaN,6,120,NaN,NaN,NaN,NaN,NaN,NaN,NaN,NaN,NaN,15.1538688,0,15.1538688,45.4616064,0,0,11.19744,19.1102976,0.576720617068046,0.332606670151347,0.191821124050633,191.821124050633
0,1,1,NaN,2,TMA,600,103,NaN,NaN,NaN,NaN,NaN,NaN,6,360,NaN,NaN,NaN,NaN,NaN,NaN,NaN,NaN,NaN,44.3647162,1.25534901402635,45.6200652140263,45.6200652140263,8,52.0564056758158,32.78181,55.9476224,0.825030882750121,0.680675957491443,0.561578686075949,561.578686075949
0,2,2,NaN,2,Cassegrain,750,72,NaN,NaN,NaN,NaN,NaN,NaN,6,180,NaN,NaN,NaN,NaN,NaN,NaN,NaN,NaN,NaN,22.7308032,0.0963252849285621,22.8271284849286,45.6542569698571,1,7.88069638064189,11.19744,19.1102976,0.660180304331938,0.43583803422781,0.287731686075949,287.731686075949
0,3,1,NaN,2,Cassegrain,750,72,NaN,NaN,NaN,NaN,NaN,NaN,6,120,NaN,NaN,NaN,NaN,NaN,NaN,NaN,NaN,NaN,15.1538688,0.0642168566190414,15.218085656619,45.6542569698571,1,7.88069638064189,11.19744,19.1102976,0.576720617068046,0.332606670151347,0.191821124050633,191.821124050633
0,1,1,NaN,1,Korsch,890,104,NaN,NaN,NaN,NaN,NaN,NaN,6,360,NaN,NaN,NaN,NaN,NaN,NaN,NaN,NaN,NaN,45.6694784,0,45.6694784,45.6694784,0,0,33.74592,57.5930368,0.83304089132051,0.69395712661207,0.578094663291139,578.094663291139
0,1,1,NaN,3,Cassegrain,910,104,NaN,NaN,NaN,NaN,NaN,NaN,6,360,NaN,NaN,NaN,NaN,NaN,NaN,NaN,NaN,NaN,45.6694784,0,45.6694784,45.6694784,0,0,33.74592,57.5930368,0.83304089132051,0.69395712661207,0.578094663291139,578.094663291139
0,3,1,NaN,2,Cassegrain,400,39,NaN,NaN,NaN,NaN,NaN,NaN,6,120,NaN,NaN,NaN,NaN,NaN,NaN,NaN,NaN,NaN,2.4083514,12.8385791416745,15.2469305416745,45.7407916250235,799,3619.16119588868,1.77957,3.0371328,0.312390334245191,0.0975877209298224,0.0304854607594937,30.4854607594937
0,1,2,NaN,1,Korsch,780,91,NaN,NaN,NaN,NaN,NaN,NaN,6,360,NaN,NaN,NaN,NaN,NaN,NaN,NaN,NaN,NaN,45.8924739,0,45.8924739,45.8924739,0,0,22.60713,38.5828352,0.834394551308422,0.696214267253182,0.58091739113924,580.91739113924
0,1,2,NaN,2,Cassegrain,950,91,NaN,NaN,NaN,NaN,NaN,NaN,6,360,NaN,NaN,NaN,NaN,NaN,NaN,NaN,NaN,NaN,45.8924739,0,45.8924739,45.8924739,0,0,22.60713,38.5828352,0.834394551308422,0.696214267253182,0.58091739113924,580.91739113924
0,1,2,NaN,1,Cassegrain,520,88,NaN,NaN,NaN,NaN,NaN,NaN,6,360,NaN,NaN,NaN,NaN,NaN,NaN,NaN,NaN,NaN,41.5016448,4.41769586952981,45.9193406695298,45.9193406695298,33,189.318366309921,20.44416,34.8913664,0.806887038627924,0.651066693105741,0.525337275949367,525.337275949367
0,3,1,NaN,3,Cassegrain,410,47,NaN,NaN,NaN,NaN,NaN,NaN,6,120,NaN,NaN,NaN,NaN,NaN,NaN,NaN,NaN,NaN,4.2152138,11.1845325302189,15.3997463302189,46.1992389906566,543,2515.55303244055,3.11469,5.3157376,0.376470402808308,0.141729964190649,0.0533571367088608,53.3571367088608
0,2,1,NaN,2,Cassegrain,870,83,NaN,NaN,NaN,NaN,NaN,NaN,6,180,NaN,NaN,NaN,NaN,NaN,NaN,NaN,NaN,NaN,23.2145522,0,23.2145522,46.4291044,0,0,17.15361,29.2754944,0.66483071134233,0.441999874743949,0.293855091139241,293.85509113924
0,2,1,NaN,3,Korsch,930,83,NaN,NaN,NaN,NaN,NaN,NaN,6,180,NaN,NaN,NaN,NaN,NaN,NaN,NaN,NaN,NaN,23.2145522,0,23.2145522,46.4291044,0,0,17.15361,29.2754944,0.66483071134233,0.441999874743949,0.293855091139241,293.85509113924
0,2,1,NaN,3,Korsch,940,83,NaN,NaN,NaN,NaN,NaN,NaN,6,180,NaN,NaN,NaN,NaN,NaN,NaN,NaN,NaN,NaN,23.2145522,0,23.2145522,46.4291044,0,0,17.15361,29.2754944,0.66483071134233,0.441999874743949,0.293855091139241,293.85509113924
0,2,2,NaN,3,Cassegrain,630,72,NaN,NaN,NaN,NaN,NaN,NaN,6,180,NaN,NaN,NaN,NaN,NaN,NaN,NaN,NaN,NaN,22.7308032,0.501901902107508,23.2327051021075,46.465410204215,6,40.7338604736378,11.19744,19.1102976,0.660180304331938,0.43583803422781,0.287731686075949,287.731686075949
0,1,1,NaN,1,Cassegrain,620,104,NaN,NaN,NaN,NaN,NaN,NaN,6,360,NaN,NaN,NaN,NaN,NaN,NaN,NaN,NaN,NaN,45.6694784,0.827276332225532,46.4967547322255,46.4967547322255,5,33.4770525866725,33.74592,57.5930368,0.83304089132051,0.69395712661207,0.578094663291139,578.094663291139
0,1,2,NaN,2,TMA,410,71,NaN,NaN,NaN,NaN,NaN,NaN,6,360,NaN,NaN,NaN,NaN,NaN,NaN,NaN,NaN,NaN,21.7967799,24.7785349838293,46.5753148838293,46.5753148838293,314,1454.66602612584,10.73733,18.3250432,0.651011133438439,0.423815495860801,0.275908606329114,275.908606329114
0,2,1,NaN,1,Korsch,710,83,NaN,NaN,NaN,NaN,NaN,NaN,6,180,NaN,NaN,NaN,NaN,NaN,NaN,NaN,NaN,NaN,23.2145522,0.0939026892794177,23.3084548892794,46.6169097785588,1,7.52306317215698,17.15361,29.2754944,0.66483071134233,0.441999874743949,0.293855091139241,293.85509113924
0,2,2,NaN,1,Korsch,620,72,NaN,NaN,NaN,NaN,NaN,NaN,6,180,NaN,NaN,NaN,NaN,NaN,NaN,NaN,NaN,NaN,22.7308032,0.578349964572232,23.3091531645722,46.6183063291445,7,46.8678736213415,11.19744,19.1102976,0.660180304331938,0.43583803422781,0.287731686075949,287.731686075949
0,3,1,NaN,3,Cassegrain,630,72,NaN,NaN,NaN,NaN,NaN,NaN,6,120,NaN,NaN,NaN,NaN,NaN,NaN,NaN,NaN,NaN,15.1538688,0.391017525213639,15.5448863252136,46.6346589756409,7,47.5228372192441,11.19744,19.1102976,0.576720617068046,0.332606670151347,0.191821124050633,191.821124050633
0,1,2,NaN,2,TMA,510,88,NaN,NaN,NaN,NaN,NaN,NaN,6,360,NaN,NaN,NaN,NaN,NaN,NaN,NaN,NaN,NaN,41.5016448,5.1706450267238,46.6722898267238,46.6722898267238,39,219.910806178276,20.44416,34.8913664,0.806887038627924,0.651066693105741,0.525337275949367,525.337275949367
0,1,2,NaN,1,Cassegrain,530,89,NaN,NaN,NaN,NaN,NaN,NaN,6,360,NaN,NaN,NaN,NaN,NaN,NaN,NaN,NaN,NaN,42.9326121,3.77303195604602,46.705644056046,46.705644056046,27,157.536110751944,21.14907,36.0944128,0.816056209521423,0.665947737098473,0.543450786075949,543.450786075949
0,3,1,NaN,1,Korsch,620,72,NaN,NaN,NaN,NaN,NaN,NaN,6,120,NaN,NaN,NaN,NaN,NaN,NaN,NaN,NaN,NaN,15.1538688,0.441370857292418,15.5952396572924,46.7857189718772,8,53.563284138676,11.19744,19.1102976,0.576720617068046,0.332606670151347,0.191821124050633,191.821124050633
0,1,1,NaN,1,Korsch,900,105,NaN,NaN,NaN,NaN,NaN,NaN,6,360,NaN,NaN,NaN,NaN,NaN,NaN,NaN,NaN,NaN,46.999575,0,46.999575,46.999575,0,0,34.72875,59.2704,0.8410508998909,0.707366616207292,0.594931329113924,594.931329113924
0,1,1,NaN,3,Cassegrain,920,105,NaN,NaN,NaN,NaN,NaN,NaN,6,360,NaN,NaN,NaN,NaN,NaN,NaN,NaN,NaN,NaN,46.999575,0,46.999575,46.999575,0,0,34.72875,59.2704,0.8410508998909,0.707366616207292,0.594931329113924,594.931329113924
0,2,2,NaN,3,Cassegrain,400,46,NaN,NaN,NaN,NaN,NaN,NaN,6,180,NaN,NaN,NaN,NaN,NaN,NaN,NaN,NaN,NaN,5.9277624,17.6052840165565,23.5330464165565,47.066092833113,592,2681.53119895632,2.92008,4.9836032,0.42178186110096,0.17789993835379,0.0750349670886076,75.0349670886076
0,1,2,NaN,2,TMA,520,89,NaN,NaN,NaN,NaN,NaN,NaN,6,360,NaN,NaN,NaN,NaN,NaN,NaN,NaN,NaN,NaN,42.9326121,4.42524005109551,47.3578521510955,47.3578521510955,32,183.581446118711,21.14907,36.0944128,0.816056209521423,0.665947737098473,0.543450786075949,543.450786075949
1,2,2,3,1,Refractivo,990,73,210,4.26774215698242,288,78,37.1428571428571,99.4340315760916,6,180,0.250262962216291,948.658545005324,0.185625,2.54280821917808,5.922783825,0.23725,0.059285125,0.0154877393125,4.191658175,23.6911353,0,23.6911353,47.3822706,0,0,11.67051,19.9176704,0.669349475225437,0.448028719984568,0.299887788607595,299.887788607595
1,3,1,2,1,Refractivo,990,73,130,6.67440891265869,192,62,47.6923076923077,99.4340315760916,6,120,0.250262962216291,948.658545005324,0.185625,2.54280821917808,3.94852255,0.23725,0.059285125,0.0154877393125,4.191658175,15.7940902,0,15.7940902,47.3822706,0,0,11.67051,19.9176704,0.584730625638435,0.341909904559516,0.199925192405063,199.925192405063
0,2,2,NaN,2,Korsch,940,73,NaN,NaN,NaN,NaN,NaN,NaN,6,180,NaN,NaN,NaN,NaN,NaN,NaN,NaN,NaN,NaN,23.6911353,0,23.6911353,47.3822706,0,0,11.67051,19.9176704,0.669349475225437,0.448028719984568,0.299887788607595,299.887788607595
0,2,2,NaN,3,Korsch,820,73,NaN,NaN,NaN,NaN,NaN,NaN,6,180,NaN,NaN,NaN,NaN,NaN,NaN,NaN,NaN,NaN,23.6911353,0,23.6911353,47.3822706,0,0,11.67051,19.9176704,0.669349475225437,0.448028719984568,0.299887788607595,299.887788607595
0,3,1,NaN,2,Korsch,940,73,NaN,NaN,NaN,NaN,NaN,NaN,6,120,NaN,NaN,NaN,NaN,NaN,NaN,NaN,NaN,NaN,15.7940902,0,15.7940902,47.3822706,0,0,11.67051,19.9176704,0.584730625638435,0.341909904559516,0.199925192405063,199.925192405063
0,3,1,NaN,3,Korsch,820,73,NaN,NaN,NaN,NaN,NaN,NaN,6,120,NaN,NaN,NaN,NaN,NaN,NaN,NaN,NaN,NaN,15.7940902,0,15.7940902,47.3822706,0,0,11.67051,19.9176704,0.584730625638435,0.341909904559516,0.199925192405063,199.925192405063
0,1,2,NaN,1,Korsch,790,92,NaN,NaN,NaN,NaN,NaN,NaN,6,360,NaN,NaN,NaN,NaN,NaN,NaN,NaN,NaN,NaN,47.4220992,0,47.4220992,47.4220992,0,0,23.36064,39.8688256,0.843563722201921,0.711599753415159,0.600279736708861,600.279736708861
0,1,2,NaN,2,Cassegrain,960,92,NaN,NaN,NaN,NaN,NaN,NaN,6,360,NaN,NaN,NaN,NaN,NaN,NaN,NaN,NaN,NaN,47.4220992,0,47.4220992,47.4220992,0,0,23.36064,39.8688256,0.843563722201921,0.711599753415159,0.600279736708861,600.279736708861
0,1,2,NaN,3,Cassegrain,800,92,NaN,NaN,NaN,NaN,NaN,NaN,6,360,NaN,NaN,NaN,NaN,NaN,NaN,NaN,NaN,NaN,47.4220992,0,47.4220992,47.4220992,0,0,23.36064,39.8688256,0.843563722201921,0.711599753415159,0.600279736708861,600.279736708861
0,2,2,NaN,2,Cassegrain,760,73,NaN,NaN,NaN,NaN,NaN,NaN,6,180,NaN,NaN,NaN,NaN,NaN,NaN,NaN,NaN,NaN,23.6911353,0.101523831485152,23.7926591314851,47.5853182629703,1,7.96914676024426,11.67051,19.9176704,0.669349475225437,0.448028719984568,0.299887788607595,299.887788607595
0,3,1,NaN,2,Cassegrain,760,73,NaN,NaN,NaN,NaN,NaN,NaN,6,120,NaN,NaN,NaN,NaN,NaN,NaN,NaN,NaN,NaN,15.7940902,0.0676825543234345,15.8617727543234,47.5853182629703,1,7.96914676024426,11.67051,19.9176704,0.584730625638435,0.341909904559516,0.199925192405063,199.925192405063
0,3,1,NaN,1,Korsch,410,48,NaN,NaN,NaN,NaN,NaN,NaN,6,120,NaN,NaN,NaN,NaN,NaN,NaN,NaN,NaN,NaN,4.4900352,11.499886074502,15.989921274502,47.9697638235061,532,2464.59339458264,3.31776,5.6623104,0.384480411378697,0.147825186733932,0.0568358886075949,56.8358886075949
0,1,1,NaN,2,TMA,610,105,NaN,NaN,NaN,NaN,NaN,NaN,6,360,NaN,NaN,NaN,NaN,NaN,NaN,NaN,NaN,NaN,46.999575,1.00881719206299,48.008392192063,48.008392192063,6,39.6086154188706,34.72875,59.2704,0.8410508998909,0.707366616207292,0.594931329113924,594.931329113924
0,2,1,NaN,2,Cassegrain,880,84,NaN,NaN,NaN,NaN,NaN,NaN,6,180,NaN,NaN,NaN,NaN,NaN,NaN,NaN,NaN,NaN,24.0637824,0,24.0637824,48.1275648,0,0,17.78112,30.3464448,0.67284071991272,0.452714634372667,0.304604840506329,304.604840506329
0,2,1,NaN,3,Korsch,950,84,NaN,NaN,NaN,NaN,NaN,NaN,6,180,NaN,NaN,NaN,NaN,NaN,NaN,NaN,NaN,NaN,24.0637824,0,24.0637824,48.1275648,0,0,17.78112,30.3464448,0.67284071991272,0.452714634372667,0.304604840506329,304.604840506329
0,2,2,NaN,3,Cassegrain,640,73,NaN,NaN,NaN,NaN,NaN,NaN,6,180,NaN,NaN,NaN,NaN,NaN,NaN,NaN,NaN,NaN,23.6911353,0.44122051597556,24.1323558159756,48.2647116319511,5,34.410683835099,11.67051,19.9176704,0.669349475225437,0.448028719984568,0.299887788607595,299.887788607595
0,2,1,NaN,1,Korsch,720,84,NaN,NaN,NaN,NaN,NaN,NaN,6,180,NaN,NaN,NaN,NaN,NaN,NaN,NaN,NaN,NaN,24.0637824,0.0985042889631434,24.1622866889631,48.3245733779263,1,7.61305028159222,17.78112,30.3464448,0.67284071991272,0.452714634372667,0.304604840506329,304.604840506329
0,2,1,NaN,3,Cassegrain,730,84,NaN,NaN,NaN,NaN,NaN,NaN,6,180,NaN,NaN,NaN,NaN,NaN,NaN,NaN,NaN,NaN,24.0637824,0.0996657902382116,24.1634481902382,48.3268963804764,1,7.7026501615901,17.78112,30.3464448,0.67284071991272,0.452714634372667,0.304604840506329,304.604840506329
0,1,1,NaN,1,Korsch,910,106,NaN,NaN,NaN,NaN,NaN,NaN,6,360,NaN,NaN,NaN,NaN,NaN,NaN,NaN,NaN,NaN,48.3552496,0,48.3552496,48.3552496,0,0,35.73048,60.9800192,0.849060908461289,0.72090442627711,0.612091767088607,612.091767088607
0,1,1,NaN,3,Cassegrain,930,106,NaN,NaN,NaN,NaN,NaN,NaN,6,360,NaN,NaN,NaN,NaN,NaN,NaN,NaN,NaN,NaN,48.3552496,0,48.3552496,48.3552496,0,0,35.73048,60.9800192,0.849060908461289,0.72090442627711,0.612091767088607,612.091767088607
0,3,1,NaN,3,Cassegrain,640,73,NaN,NaN,NaN,NaN,NaN,NaN,6,120,NaN,NaN,NaN,NaN,NaN,NaN,NaN,NaN,NaN,15.7940902,0.35357135181612,16.1476615518161,48.4429846554484,6,41.2928206021188,11.67051,19.9176704,0.584730625638435,0.341909904559516,0.199925192405063,199.925192405063
0,2,2,NaN,1,Korsch,400,47,NaN,NaN,NaN,NaN,NaN,NaN,6,180,NaN,NaN,NaN,NaN,NaN,NaN,NaN,NaN,NaN,6.3228207,18.0497829747801,24.3726036747801,48.7452073495602,579,2622.64622330356,3.11469,5.3157376,0.430951031994459,0.18571879197709,0.0800357050632911,80.0357050632911
0,1,1,NaN,2,Refractivo,380,21,NaN,NaN,NaN,NaN,NaN,NaN,6,360,NaN,NaN,NaN,NaN,NaN,NaN,NaN,NaN,NaN,0.3759966,48.4597362708124,48.8357328708124,48.8357328708124,2263,9780.84136758908,0.27783,0.4741632,0.16821017997818,0.0282946646482917,0.00475945063291139,4.75945063291139
0,2,2,NaN,2,Cassegrain,390,38,NaN,NaN,NaN,NaN,NaN,NaN,6,180,NaN,NaN,NaN,NaN,NaN,NaN,NaN,NaN,NaN,3.3417048,21.1225962973637,24.4643010973637,48.9286021947274,884,3912.6480559086,1.64616,2.8094464,0.348428493952967,0.121402415398333,0.0423000607594937,42.3000607594937
0,1,2,NaN,1,Korsch,800,93,NaN,NaN,NaN,NaN,NaN,NaN,6,360,NaN,NaN,NaN,NaN,NaN,NaN,NaN,NaN,NaN,48.9853413,0,48.9853413,48.9853413,0,0,24.13071,41.1830784,0.85273289309542,0.727153386966885,0.620067611392405,620.067611392405
0,1,2,NaN,2,Cassegrain,970,93,NaN,NaN,NaN,NaN,NaN,NaN,6,360,NaN,NaN,NaN,NaN,NaN,NaN,NaN,NaN,NaN,48.9853413,0,48.9853413,48.9853413,0,0,24.13071,41.1830784,0.85273289309542,0.727153386966885,0.620067611392405,620.067611392405
0,1,2,NaN,3,Cassegrain,810,93,NaN,NaN,NaN,NaN,NaN,NaN,6,360,NaN,NaN,NaN,NaN,NaN,NaN,NaN,NaN,NaN,48.9853413,0,48.9853413,48.9853413,0,0,24.13071,41.1830784,0.85273289309542,0.727153386966885,0.620067611392405,620.067611392405
0,1,1,NaN,1,Cassegrain,630,106,NaN,NaN,NaN,NaN,NaN,NaN,6,360,NaN,NaN,NaN,NaN,NaN,NaN,NaN,NaN,NaN,48.3552496,0.709437139094639,49.0646867390946,49.0646867390946,4,27.1559069824252,35.73048,60.9800192,0.849060908461289,0.72090442627711,0.612091767088607,612.091767088607
0,1,2,NaN,1,Cassegrain,400,68,NaN,NaN,NaN,NaN,NaN,NaN,6,360,NaN,NaN,NaN,NaN,NaN,NaN,NaN,NaN,NaN,19.1489088,29.9226448685255,49.0715536685255,49.0715536685255,400,1811.84540470022,9.43296,16.0989184,0.623503620757941,0.388756765098263,0.242391250632911,242.391250632911
0,1,2,NaN,1,Cassegrain,540,91,NaN,NaN,NaN,NaN,NaN,NaN,6,360,NaN,NaN,NaN,NaN,NaN,NaN,NaN,NaN,NaN,45.8924739,3.31887037838642,49.2113442783864,49.2113442783864,22,130.503838994773,22.60713,38.5828352,0.834394551308422,0.696214267253182,0.58091739113924,580.91739113924
0,1,1,NaN,2,TMA,620,106,NaN,NaN,NaN,NaN,NaN,NaN,6,360,NaN,NaN,NaN,NaN,NaN,NaN,NaN,NaN,NaN,48.3552496,0.875927532663436,49.2311771326634,49.2311771326634,5,33.4770525866725,35.73048,60.9800192,0.849060908461289,0.72090442627711,0.612091767088607,612.091767088607
1,2,2,2,1,Refractivo,1000,74,190,6.00624227523804,192,2,1.05263157894737,99.4793341291633,6,180,0.250505086271473,952.2335856744,0.1875,2.53378378378378,6.1695354,0.2405,0.0609205,0.0161329805,4.3662886,24.6781416,0,24.6781416,49.3562832,0,0,12.15672,20.7474688,0.678518646118936,0.460387553131074,0.312381539240506,312.381539240506
0,2,2,NaN,2,Korsch,950,74,NaN,NaN,NaN,NaN,NaN,NaN,6,180,NaN,NaN,NaN,NaN,NaN,NaN,NaN,NaN,NaN,24.6781416,0,24.6781416,49.3562832,0,0,12.15672,20.7474688,0.678518646118936,0.460387553131074,0.312381539240506,312.381539240506
0,2,2,NaN,2,Korsch,960,74,NaN,NaN,NaN,NaN,NaN,NaN,6,180,NaN,NaN,NaN,NaN,NaN,NaN,NaN,NaN,NaN,24.6781416,0,24.6781416,49.3562832,0,0,12.15672,20.7474688,0.678518646118936,0.460387553131074,0.312381539240506,312.381539240506
0,2,2,NaN,2,Cassegrain,770,74,NaN,NaN,NaN,NaN,NaN,NaN,6,180,NaN,NaN,NaN,NaN,NaN,NaN,NaN,NaN,NaN,24.6781416,0,24.6781416,49.3562832,0,0,12.15672,20.7474688,0.678518646118936,0.460387553131074,0.312381539240506,312.381539240506
0,2,2,NaN,3,Korsch,830,74,NaN,NaN,NaN,NaN,NaN,NaN,6,180,NaN,NaN,NaN,NaN,NaN,NaN,NaN,NaN,NaN,24.6781416,0,24.6781416,49.3562832,0,0,12.15672,20.7474688,0.678518646118936,0.460387553131074,0.312381539240506,312.381539240506
0,3,1,NaN,1,Refractivo,1000,74,NaN,NaN,NaN,NaN,NaN,NaN,6,120,NaN,NaN,NaN,NaN,NaN,NaN,NaN,NaN,NaN,16.4520944,0,16.4520944,49.3562832,0,0,12.15672,20.7474688,0.592740634208825,0.35134145944228,0.208254359493671,208.254359493671
0,3,1,NaN,2,Korsch,950,74,NaN,NaN,NaN,NaN,NaN,NaN,6,120,NaN,NaN,NaN,NaN,NaN,NaN,NaN,NaN,NaN,16.4520944,0,16.4520944,49.3562832,0,0,12.15672,20.7474688,0.592740634208825,0.35134145944228,0.208254359493671,208.254359493671
0,3,1,NaN,2,Korsch,960,74,NaN,NaN,NaN,NaN,NaN,NaN,6,120,NaN,NaN,NaN,NaN,NaN,NaN,NaN,NaN,NaN,16.4520944,0,16.4520944,49.3562832,0,0,12.15672,20.7474688,0.592740634208825,0.35134145944228,0.208254359493671,208.254359493671
0,3,1,NaN,3,Korsch,830,74,NaN,NaN,NaN,NaN,NaN,NaN,6,120,NaN,NaN,NaN,NaN,NaN,NaN,NaN,NaN,NaN,16.4520944,0,16.4520944,49.3562832,0,0,12.15672,20.7474688,0.592740634208825,0.35134145944228,0.208254359493671,208.254359493671
0,3,1,NaN,2,Cassegrain,770,74,NaN,NaN,NaN,NaN,NaN,NaN,6,120,NaN,NaN,NaN,NaN,NaN,NaN,NaN,NaN,NaN,16.4520944,0.0712829960926535,16.5233773960927,49.570132188278,1,8.05721799172443,12.15672,20.7474688,0.592740634208825,0.35134145944228,0.208254359493671,208.254359493671
0,1,1,NaN,1,Korsch,920,107,NaN,NaN,NaN,NaN,NaN,NaN,6,360,NaN,NaN,NaN,NaN,NaN,NaN,NaN,NaN,NaN,49.7367458,0,49.7367458,49.7367458,0,0,36.75129,62.7222016,0.857070917031679,0.734570556821523,0.629579060759494,629.579060759493
0,1,1,NaN,3,Cassegrain,940,107,NaN,NaN,NaN,NaN,NaN,NaN,6,360,NaN,NaN,NaN,NaN,NaN,NaN,NaN,NaN,NaN,49.7367458,0,49.7367458,49.7367458,0,0,36.75129,62.7222016,0.857070917031679,0.734570556821523,0.629579060759494,629.579060759493
0,1,2,NaN,2,TMA,530,91,NaN,NaN,NaN,NaN,NaN,NaN,6,360,NaN,NaN,NaN,NaN,NaN,NaN,NaN,NaN,NaN,45.8924739,3.87818291539056,49.7706568153906,49.7706568153906,26,151.701439983353,22.60713,38.5828352,0.834394551308422,0.696214267253182,0.58091739113924,580.91739113924
0,2,1,NaN,2,Cassegrain,890,85,NaN,NaN,NaN,NaN,NaN,NaN,6,180,NaN,NaN,NaN,NaN,NaN,NaN,NaN,NaN,NaN,24.933475,0,24.933475,49.86695,0,0,18.42375,31.4432,0.680850728483109,0.463557714475981,0.315613607594937,315.613607594937
0,2,1,NaN,3,Korsch,960,85,NaN,NaN,NaN,NaN,NaN,NaN,6,180,NaN,NaN,NaN,NaN,NaN,NaN,NaN,NaN,NaN,24.933475,0,24.933475,49.86695,0,0,18.42375,31.4432,0.680850728483109,0.463557714475981,0.315613607594937,315.613607594937
0,2,1,NaN,1,Korsch,730,85,NaN,NaN,NaN,NaN,NaN,NaN,6,180,NaN,NaN,NaN,NaN,NaN,NaN,NaN,NaN,NaN,24.933475,0.103267825811943,25.0367428258119,50.0734856516239,1,7.7026501615901,18.42375,31.4432,0.680850728483109,0.463557714475981,0.315613607594937,315.613607594937
0,2,1,NaN,3,Cassegrain,740,85,NaN,NaN,NaN,NaN,NaN,NaN,6,180,NaN,NaN,NaN,NaN,NaN,NaN,NaN,NaN,NaN,24.933475,0.104466183595202,25.0379411835952,50.0758823671904,1,7.79186485231548,18.42375,31.4432,0.680850728483109,0.463557714475981,0.315613607594937,315.613607594937
0,2,2,NaN,3,Cassegrain,650,74,NaN,NaN,NaN,NaN,NaN,NaN,6,180,NaN,NaN,NaN,NaN,NaN,NaN,NaN,NaN,NaN,24.6781416,0.372044527144556,25.0501861271446,50.1003722542891,4,27.8995709849551,12.15672,20.7474688,0.678518646118936,0.460387553131074,0.312381539240506,312.381539240506
0,3,1,NaN,3,Cassegrain,650,74,NaN,NaN,NaN,NaN,NaN,NaN,6,120,NaN,NaN,NaN,NaN,NaN,NaN,NaN,NaN,NaN,16.4520944,0.31056644235862,16.7626608423586,50.2879825270759,5,34.8744637311938,12.15672,20.7474688,0.592740634208825,0.35134145944228,0.208254359493671,208.254359493671
0,2,2,NaN,1,Korsch,630,74,NaN,NaN,NaN,NaN,NaN,NaN,6,180,NaN,NaN,NaN,NaN,NaN,NaN,NaN,NaN,NaN,24.6781416,0.544899628074666,25.2230412280747,50.4460824561493,6,40.7338604736378,12.15672,20.7474688,0.678518646118936,0.460387553131074,0.312381539240506,312.381539240506
0,1,2,NaN,2,TMA,400,69,NaN,NaN,NaN,NaN,NaN,NaN,6,360,NaN,NaN,NaN,NaN,NaN,NaN,NaN,NaN,NaN,20.0061981,30.5605814785155,50.5667795785155,50.5667795785155,394,1784.66772362971,9.85527,16.8196608,0.632672791651441,0.400274861296027,0.253243013924051,253.243013924051
0,1,2,NaN,1,Korsch,810,94,NaN,NaN,NaN,NaN,NaN,NaN,6,360,NaN,NaN,NaN,NaN,NaN,NaN,NaN,NaN,NaN,50.5825656,0,50.5825656,50.5825656,0,0,24.91752,42.5259008,0.861902063988919,0.742875167908359,0.640285640506329,640.285640506329
0,1,2,NaN,2,Cassegrain,980,94,NaN,NaN,NaN,NaN,NaN,NaN,6,360,NaN,NaN,NaN,NaN,NaN,NaN,NaN,NaN,NaN,50.5825656,0,50.5825656,50.5825656,0,0,24.91752,42.5259008,0.861902063988919,0.742875167908359,0.640285640506329,640.285640506329
0,1,2,NaN,3,Cassegrain,820,94,NaN,NaN,NaN,NaN,NaN,NaN,6,360,NaN,NaN,NaN,NaN,NaN,NaN,NaN,NaN,NaN,50.5825656,0,50.5825656,50.5825656,0,0,24.91752,42.5259008,0.861902063988919,0.742875167908359,0.640285640506329,640.285640506329
0,3,1,NaN,1,Korsch,630,74,NaN,NaN,NaN,NaN,NaN,NaN,6,120,NaN,NaN,NaN,NaN,NaN,NaN,NaN,NaN,NaN,16.4520944,0.424515833004253,16.8766102330043,50.6298306990128,7,47.5228372192441,12.15672,20.7474688,0.592740634208825,0.35134145944228,0.208254359493671,208.254359493671
0,2,1,NaN,3,Cassegrain,390,45,NaN,NaN,NaN,NaN,NaN,NaN,6,180,NaN,NaN,NaN,NaN,NaN,NaN,NaN,NaN,NaN,3.699675,21.7186508114394,25.4183258114394,50.8366516228788,855,3784.29195452698,2.73375,4.6656,0.360450385667529,0.12992448052787,0.046831329113924,46.831329113924
0,1,1,NaN,1,Korsch,930,108,NaN,NaN,NaN,NaN,NaN,NaN,6,360,NaN,NaN,NaN,NaN,NaN,NaN,NaN,NaN,NaN,51.1443072,0,51.1443072,51.1443072,0,0,37.79136,64.4972544,0.865080925602068,0.748365007840531,0.647396293670886,647.396293670886
0,2,2,NaN,2,Korsch,970,75,NaN,NaN,NaN,NaN,NaN,NaN,6,180,NaN,NaN,NaN,NaN,NaN,NaN,NaN,NaN,NaN,25.6921875,0,25.6921875,51.384375,0,0,12.65625,21.6,0.687687817012435,0.472914533667329,0.325217563291139,325.217563291139
0,2,2,NaN,2,Cassegrain,780,75,NaN,NaN,NaN,NaN,NaN,NaN,6,180,NaN,NaN,NaN,NaN,NaN,NaN,NaN,NaN,NaN,25.6921875,0,25.6921875,51.384375,0,0,12.65625,21.6,0.687687817012435,0.472914533667329,0.325217563291139,325.217563291139
0,2,2,NaN,3,Korsch,840,75,NaN,NaN,NaN,NaN,NaN,NaN,6,180,NaN,NaN,NaN,NaN,NaN,NaN,NaN,NaN,NaN,25.6921875,0,25.6921875,51.384375,0,0,12.65625,21.6,0.687687817012435,0.472914533667329,0.325217563291139,325.217563291139
0,3,1,NaN,2,Korsch,970,75,NaN,NaN,NaN,NaN,NaN,NaN,6,120,NaN,NaN,NaN,NaN,NaN,NaN,NaN,NaN,NaN,17.128125,0,17.128125,51.384375,0,0,12.65625,21.6,0.600750642779214,0.360901334799639,0.216811708860759,216.811708860759
0,3,1,NaN,2,Cassegrain,780,75,NaN,NaN,NaN,NaN,NaN,NaN,6,120,NaN,NaN,NaN,NaN,NaN,NaN,NaN,NaN,NaN,17.128125,0,17.128125,51.384375,0,0,12.65625,21.6,0.600750642779214,0.360901334799639,0.216811708860759,216.811708860759
0,3,1,NaN,3,Korsch,840,75,NaN,NaN,NaN,NaN,NaN,NaN,6,120,NaN,NaN,NaN,NaN,NaN,NaN,NaN,NaN,NaN,17.128125,0,17.128125,51.384375,0,0,12.65625,21.6,0.600750642779214,0.360901334799639,0.216811708860759,216.811708860759
0,2,1,NaN,2,Cassegrain,900,86,NaN,NaN,NaN,NaN,NaN,NaN,6,180,NaN,NaN,NaN,NaN,NaN,NaN,NaN,NaN,NaN,25.8238736,0,25.8238736,51.6477472,0,0,19.08168,32.5660672,0.688860737053499,0.47452911505389,0.326884475949367,326.884475949367
0,2,1,NaN,3,Korsch,970,86,NaN,NaN,NaN,NaN,NaN,NaN,6,180,NaN,NaN,NaN,NaN,NaN,NaN,NaN,NaN,NaN,25.8238736,0,25.8238736,51.6477472,0,0,19.08168,32.5660672,0.688860737053499,0.47452911505389,0.326884475949367,326.884475949367
0,2,1,NaN,1,Korsch,740,86,NaN,NaN,NaN,NaN,NaN,NaN,6,180,NaN,NaN,NaN,NaN,NaN,NaN,NaN,NaN,NaN,25.8238736,0.10819677243693,25.9320703724369,51.8641407448739,1,7.79186485231548,19.08168,32.5660672,0.688860737053499,0.47452911505389,0.326884475949367,326.884475949367
0,2,1,NaN,3,Cassegrain,750,86,NaN,NaN,NaN,NaN,NaN,NaN,6,180,NaN,NaN,NaN,NaN,NaN,NaN,NaN,NaN,NaN,25.8238736,0.109432647874017,25.933306247874,51.866612495748,1,7.88069638064189,19.08168,32.5660672,0.688860737053499,0.47452911505389,0.326884475949367,326.884475949367
0,1,1,NaN,2,TMA,630,108,NaN,NaN,NaN,NaN,NaN,NaN,6,360,NaN,NaN,NaN,NaN,NaN,NaN,NaN,NaN,NaN,51.1443072,0.750356399379342,51.8946635993793,51.8946635993793,4,27.1559069824252,37.79136,64.4972544,0.865080925602068,0.748365007840531,0.647396293670886,647.396293670886
0,1,1,NaN,1,Cassegrain,640,108,NaN,NaN,NaN,NaN,NaN,NaN,6,360,NaN,NaN,NaN,NaN,NaN,NaN,NaN,NaN,NaN,51.1443072,0.760722280681472,51.9050294806815,51.9050294806815,4,27.5285470680792,37.79136,64.4972544,0.865080925602068,0.748365007840531,0.647396293670886,647.396293670886
0,1,2,NaN,1,Cassegrain,550,93,NaN,NaN,NaN,NaN,NaN,NaN,6,360,NaN,NaN,NaN,NaN,NaN,NaN,NaN,NaN,NaN,48.9853413,2.92987883856834,51.9152201385683,51.9152201385683,18,108.519988393358,24.13071,41.1830784,0.85273289309542,0.727153386966885,0.620067611392405,620.067611392405
0,2,1,NaN,1,Korsch,390,46,NaN,NaN,NaN,NaN,NaN,NaN,6,180,NaN,NaN,NaN,NaN,NaN,NaN,NaN,NaN,NaN,3.9518416,22.0916258985704,26.0434674985704,52.0869349971408,836,3700.19657775972,2.92008,4.9836032,0.368460394237918,0.135763062121962,0.0500233113924051,50.023311392405
0,1,2,NaN,2,Cassegrain,990,95,NaN,NaN,NaN,NaN,NaN,NaN,6,360,NaN,NaN,NaN,NaN,NaN,NaN,NaN,NaN,NaN,52.2141375,0,52.2141375,52.2141375,0,0,25.72125,43.8976,0.871071234882418,0.758765096239581,0.660938449367089,660.938449367089
0,1,2,NaN,3,Cassegrain,830,95,NaN,NaN,NaN,NaN,NaN,NaN,6,360,NaN,NaN,NaN,NaN,NaN,NaN,NaN,NaN,NaN,52.2141375,0,52.2141375,52.2141375,0,0,25.72125,43.8976,0.871071234882418,0.758765096239581,0.660938449367089,660.938449367089
0,2,2,NaN,1,Korsch,640,75,NaN,NaN,NaN,NaN,NaN,NaN,6,180,NaN,NaN,NaN,NaN,NaN,NaN,NaN,NaN,NaN,25.6921875,0.478487842889101,26.1706753428891,52.3413506857782,5,34.410683835099,12.65625,21.6,0.687687817012435,0.472914533667329,0.325217563291139,325.217563291139
0,3,1,NaN,1,Korsch,640,75,NaN,NaN,NaN,NaN,NaN,NaN,6,120,NaN,NaN,NaN,NaN,NaN,NaN,NaN,NaN,NaN,17.128125,0.318991895259401,17.4471168952594,52.3413506857782,5,34.410683835099,12.65625,21.6,0.600750642779214,0.360901334799639,0.216811708860759,216.811708860759
0,1,2,NaN,2,TMA,540,93,NaN,NaN,NaN,NaN,NaN,NaN,6,360,NaN,NaN,NaN,NaN,NaN,NaN,NaN,NaN,NaN,48.9853413,3.54254160649463,52.5278829064946,52.5278829064946,22,130.503838994773,24.13071,41.1830784,0.85273289309542,0.727153386966885,0.620067611392405,620.067611392405
0,1,1,NaN,3,Cassegrain,950,109,NaN,NaN,NaN,NaN,NaN,NaN,6,360,NaN,NaN,NaN,NaN,NaN,NaN,NaN,NaN,NaN,52.5781774,0,52.5781774,52.5781774,0,0,38.85087,66.3054848,0.873090934172458,0.762287779334135,0.665546549367089,665.546549367088
0,1,2,NaN,1,Cassegrain,560,94,NaN,NaN,NaN,NaN,NaN,NaN,6,360,NaN,NaN,NaN,NaN,NaN,NaN,NaN,NaN,NaN,50.5825656,2.55105736272721,53.1336229627272,53.1336229627272,15,91.8803963174469,24.91752,42.5259008,0.861902063988919,0.742875167908359,0.640285640506329,640.285640506329
0,1,1,NaN,1,Cassegrain,650,109,NaN,NaN,NaN,NaN,NaN,NaN,6,360,NaN,NaN,NaN,NaN,NaN,NaN,NaN,NaN,NaN,52.5781774,0.593483741095076,53.1716611410951,53.1716611410951,3,20.9246782387163,38.85087,66.3054848,0.873090934172458,0.762287779334135,0.665546549367089,665.546549367088
0,2,1,NaN,1,Cassegrain,470,79,NaN,NaN,NaN,NaN,NaN,NaN,6,180,NaN,NaN,NaN,NaN,NaN,NaN,NaN,NaN,NaN,20.0173834,6.63579845828584,26.6531818582858,53.3063637165717,103,539.890491117488,14.79117,25.2435968,0.632790677060772,0.400424040975031,0.2533846,253.3846
0,2,2,NaN,2,Korsch,980,76,NaN,NaN,NaN,NaN,NaN,NaN,6,180,NaN,NaN,NaN,NaN,NaN,NaN,NaN,NaN,NaN,26.7336384,0,26.7336384,53.4672768,0,0,13.16928,22.4755712,0.696856987905935,0.485609661593332,0.338400486075949,338.400486075949
0,2,2,NaN,2,Cassegrain,790,76,NaN,NaN,NaN,NaN,NaN,NaN,6,180,NaN,NaN,NaN,NaN,NaN,NaN,NaN,NaN,NaN,26.7336384,0,26.7336384,53.4672768,0,0,13.16928,22.4755712,0.696856987905935,0.485609661593332,0.338400486075949,338.400486075949
0,2,2,NaN,3,Korsch,850,76,NaN,NaN,NaN,NaN,NaN,NaN,6,180,NaN,NaN,NaN,NaN,NaN,NaN,NaN,NaN,NaN,26.7336384,0,26.7336384,53.4672768,0,0,13.16928,22.4755712,0.696856987905935,0.485609661593332,0.338400486075949,338.400486075949
0,2,2,NaN,3,Korsch,860,76,NaN,NaN,NaN,NaN,NaN,NaN,6,180,NaN,NaN,NaN,NaN,NaN,NaN,NaN,NaN,NaN,26.7336384,0,26.7336384,53.4672768,0,0,13.16928,22.4755712,0.696856987905935,0.485609661593332,0.338400486075949,338.400486075949
0,3,1,NaN,2,Korsch,980,76,NaN,NaN,NaN,NaN,NaN,NaN,6,120,NaN,NaN,NaN,NaN,NaN,NaN,NaN,NaN,NaN,17.8224256,0,17.8224256,53.4672768,0,0,13.16928,22.4755712,0.608760651349604,0.370589530631594,0.225600324050633,225.600324050633
0,3,1,NaN,2,Cassegrain,790,76,NaN,NaN,NaN,NaN,NaN,NaN,6,120,NaN,NaN,NaN,NaN,NaN,NaN,NaN,NaN,NaN,17.8224256,0,17.8224256,53.4672768,0,0,13.16928,22.4755712,0.608760651349604,0.370589530631594,0.225600324050633,225.600324050633
0,3,1,NaN,3,Korsch,850,76,NaN,NaN,NaN,NaN,NaN,NaN,6,120,NaN,NaN,NaN,NaN,NaN,NaN,NaN,NaN,NaN,17.8224256,0,17.8224256,53.4672768,0,0,13.16928,22.4755712,0.608760651349604,0.370589530631594,0.225600324050633,225.600324050633
0,3,1,NaN,3,Korsch,860,76,NaN,NaN,NaN,NaN,NaN,NaN,6,120,NaN,NaN,NaN,NaN,NaN,NaN,NaN,NaN,NaN,17.8224256,0,17.8224256,53.4672768,0,0,13.16928,22.4755712,0.608760651349604,0.370589530631594,0.225600324050633,225.600324050633
0,2,1,NaN,2,Cassegrain,910,87,NaN,NaN,NaN,NaN,NaN,NaN,6,180,NaN,NaN,NaN,NaN,NaN,NaN,NaN,NaN,NaN,26.7352218,0,26.7352218,53.4704436,0,0,19.75509,33.7153536,0.696870745623888,0.485628836106394,0.338420529113924,338.420529113924
0,2,1,NaN,3,Korsch,980,87,NaN,NaN,NaN,NaN,NaN,NaN,6,180,NaN,NaN,NaN,NaN,NaN,NaN,NaN,NaN,NaN,26.7352218,0,26.7352218,53.4704436,0,0,19.75509,33.7153536,0.696870745623888,0.485628836106394,0.338420529113924,338.420529113924
0,2,1,NaN,3,Cassegrain,760,87,NaN,NaN,NaN,NaN,NaN,NaN,6,180,NaN,NaN,NaN,NaN,NaN,NaN,NaN,NaN,NaN,26.7352218,0,26.7352218,53.4704436,0,0,19.75509,33.7153536,0.696870745623888,0.485628836106394,0.338420529113924,338.420529113924
0,1,2,NaN,2,TMA,550,94,NaN,NaN,NaN,NaN,NaN,NaN,6,360,NaN,NaN,NaN,NaN,NaN,NaN,NaN,NaN,NaN,50.5825656,3.0254109621144,53.6079765621144,53.6079765621144,18,108.519988393358,24.91752,42.5259008,0.861902063988919,0.742875167908359,0.640285640506329,640.285640506329
0,2,1,NaN,1,Korsch,750,87,NaN,NaN,NaN,NaN,NaN,NaN,6,180,NaN,NaN,NaN,NaN,NaN,NaN,NaN,NaN,NaN,26.7352218,0.113294626452677,26.8485164264527,53.6970328529054,1,7.88069638064189,19.75509,33.7153536,0.696870745623888,0.485628836106394,0.338420529113924,338.420529113924
0,1,2,NaN,1,Korsch,820,96,NaN,NaN,NaN,NaN,NaN,NaN,6,360,NaN,NaN,NaN,NaN,NaN,NaN,NaN,NaN,NaN,53.8804224,0,53.8804224,53.8804224,0,0,26.54208,45.2984832,0.880240405775917,0.774823171960551,0.682030663291139,682.030663291139
0,1,2,NaN,2,Cassegrain,1000,96,NaN,NaN,NaN,NaN,NaN,NaN,6,360,NaN,NaN,NaN,NaN,NaN,NaN,NaN,NaN,NaN,53.8804224,0,53.8804224,53.8804224,0,0,26.54208,45.2984832,0.880240405775917,0.774823171960551,0.682030663291139,682.030663291139
0,1,2,NaN,3,Cassegrain,840,96,NaN,NaN,NaN,NaN,NaN,NaN,6,360,NaN,NaN,NaN,NaN,NaN,NaN,NaN,NaN,NaN,53.8804224,0,53.8804224,53.8804224,0,0,26.54208,45.2984832,0.880240405775917,0.774823171960551,0.682030663291139,682.030663291139
0,2,1,NaN,1,Cassegrain,450,76,NaN,NaN,NaN,NaN,NaN,NaN,6,180,NaN,NaN,NaN,NaN,NaN,NaN,NaN,NaN,NaN,17.8224256,9.16758886899798,26.990014468998,53.980028937996,156,786.312676169186,13.16928,22.4755712,0.608760651349604,0.370589530631594,0.225600324050633,225.600324050633
0,1,1,NaN,1,Korsch,940,110,NaN,NaN,NaN,NaN,NaN,NaN,6,360,NaN,NaN,NaN,NaN,NaN,NaN,NaN,NaN,NaN,54.0386,0,54.0386,54.0386,0,0,39.93,68.1472,0.881100942742847,0.776338871302335,0.684032911392405,684.032911392405
0,1,1,NaN,3,Cassegrain,960,110,NaN,NaN,NaN,NaN,NaN,NaN,6,360,NaN,NaN,NaN,NaN,NaN,NaN,NaN,NaN,NaN,54.0386,0,54.0386,54.0386,0,0,39.93,68.1472,0.881100942742847,0.776338871302335,0.684032911392405,684.032911392405
0,2,2,NaN,3,Cassegrain,660,76,NaN,NaN,NaN,NaN,NaN,NaN,6,180,NaN,NaN,NaN,NaN,NaN,NaN,NaN,NaN,NaN,26.7336384,0.305776072390052,27.0394144723901,54.0788289447801,3,21.2017405009683,13.16928,22.4755712,0.696856987905935,0.485609661593332,0.338400486075949,338.400486075949
0,2,2,NaN,1,Korsch,650,76,NaN,NaN,NaN,NaN,NaN,NaN,6,180,NaN,NaN,NaN,NaN,NaN,NaN,NaN,NaN,NaN,26.7336384,0.403032935728902,27.1366713357289,54.2733426714578,4,27.8995709849551,13.16928,22.4755712,0.696856987905935,0.485609661593332,0.338400486075949,338.400486075949
0,3,1,NaN,3,Cassegrain,660,76,NaN,NaN,NaN,NaN,NaN,NaN,6,120,NaN,NaN,NaN,NaN,NaN,NaN,NaN,NaN,NaN,17.8224256,0.272270903744816,18.0946965037448,54.2840895112345,4,28.2689873346244,13.16928,22.4755712,0.608760651349604,0.370589530631594,0.225600324050633,225.600324050633
0,2,1,NaN,1,Cassegrain,460,78,NaN,NaN,NaN,NaN,NaN,NaN,6,180,NaN,NaN,NaN,NaN,NaN,NaN,NaN,NaN,NaN,19.2668112,7.87800517057258,27.1448163705726,54.2896327411452,126,647.801685208369,14.23656,24.2970624,0.624780668490383,0.390350883719289,0.243883686075949,243.883686075949
0,2,1,NaN,1,Cassegrain,440,74,NaN,NaN,NaN,NaN,NaN,NaN,6,180,NaN,NaN,NaN,NaN,NaN,NaN,NaN,NaN,NaN,16.4520944,10.7167631667681,27.1688575667681,54.3377151335361,193,953.26575095052,12.15672,20.7474688,0.592740634208825,0.35134145944228,0.208254359493671,208.254359493671
0,3,1,NaN,1,Korsch,650,76,NaN,NaN,NaN,NaN,NaN,NaN,6,120,NaN,NaN,NaN,NaN,NaN,NaN,NaN,NaN,NaN,17.8224256,0.336434205774627,18.1588598057746,54.4765794173239,5,34.8744637311938,13.16928,22.4755712,0.608760651349604,0.370589530631594,0.225600324050633,225.600324050633
0,2,1,NaN,1,Cassegrain,480,81,NaN,NaN,NaN,NaN,NaN,NaN,6,180,NaN,NaN,NaN,NaN,NaN,NaN,NaN,NaN,NaN,21.5765046,5.80845501477441,27.3849596147744,54.7699192295488,84,448.693090566972,15.94323,27.2097792,0.648810694201551,0.420955316910299,0.273120311392405,273.120311392405
0,1,1,NaN,2,TMA,640,110,NaN,NaN,NaN,NaN,NaN,NaN,6,360,NaN,NaN,NaN,NaN,NaN,NaN,NaN,NaN,NaN,54.0386,0.803772096786439,54.8423720967864,54.8423720967864,4,27.5285470680792,39.93,68.1472,0.881100942742847,0.776338871302335,0.684032911392405,684.032911392405
0,1,1,NaN,1,Cassegrain,380,64,NaN,NaN,NaN,NaN,NaN,NaN,6,360,NaN,NaN,NaN,NaN,NaN,NaN,NaN,NaN,NaN,10.6430464,44.2678084582284,54.9108548582284,54.9108548582284,742,3206.97494244414,7.86432,13.4217728,0.512640548504929,0.262800331971435,0.134722106329114,134.722106329114
0,2,1,NaN,2,Cassegrain,920,88,NaN,NaN,NaN,NaN,NaN,NaN,6,180,NaN,NaN,NaN,NaN,NaN,NaN,NaN,NaN,NaN,27.6677632,0,27.6677632,55.3355264,0,0,20.44416,34.8913664,0.704880754194278,0.496856877633494,0.350224850632911,350.224850632911
0,2,1,NaN,3,Korsch,990,88,NaN,NaN,NaN,NaN,NaN,NaN,6,180,NaN,NaN,NaN,NaN,NaN,NaN,NaN,NaN,NaN,27.6677632,0,27.6677632,55.3355264,0,0,20.44416,34.8913664,0.704880754194278,0.496856877633494,0.350224850632911,350.224850632911
0,2,1,NaN,3,Cassegrain,770,88,NaN,NaN,NaN,NaN,NaN,NaN,6,180,NaN,NaN,NaN,NaN,NaN,NaN,NaN,NaN,NaN,27.6677632,0,27.6677632,55.3355264,0,0,20.44416,34.8913664,0.704880754194278,0.496856877633494,0.350224850632911,350.224850632911
0,1,1,NaN,1,Korsch,950,111,NaN,NaN,NaN,NaN,NaN,NaN,6,360,NaN,NaN,NaN,NaN,NaN,NaN,NaN,NaN,NaN,55.5258186,0,55.5258186,55.5258186,0,0,41.02893,70.0227072,0.889110951313237,0.790518283745129,0.702858463291139,702.858463291139
0,1,1,NaN,3,Cassegrain,970,111,NaN,NaN,NaN,NaN,NaN,NaN,6,360,NaN,NaN,NaN,NaN,NaN,NaN,NaN,NaN,NaN,55.5258186,0,55.5258186,55.5258186,0,0,41.02893,70.0227072,0.889110951313237,0.790518283745129,0.702858463291139,702.858463291139
0,1,2,NaN,1,Korsch,830,97,NaN,NaN,NaN,NaN,NaN,NaN,6,360,NaN,NaN,NaN,NaN,NaN,NaN,NaN,NaN,NaN,55.5817857,0,55.5817857,55.5817857,0,0,27.38019,46.7288576,0.889409576669416,0.791049395071271,0.703566907594937,703.566907594937
0,1,2,NaN,3,Cassegrain,850,97,NaN,NaN,NaN,NaN,NaN,NaN,6,360,NaN,NaN,NaN,NaN,NaN,NaN,NaN,NaN,NaN,55.5817857,0,55.5817857,55.5817857,0,0,27.38019,46.7288576,0.889409576669416,0.791049395071271,0.703566907594937,703.566907594937
0,2,2,NaN,2,Korsch,990,77,NaN,NaN,NaN,NaN,NaN,NaN,6,180,NaN,NaN,NaN,NaN,NaN,NaN,NaN,NaN,NaN,27.8028597,0,27.8028597,55.6057194,0,0,13.69599,23.3744896,0.706026158799434,0.498472936909083,0.351934932911392,351.934932911392
0,2,2,NaN,2,Korsch,1000,77,NaN,NaN,NaN,NaN,NaN,NaN,6,180,NaN,NaN,NaN,NaN,NaN,NaN,NaN,NaN,NaN,27.8028597,0,27.8028597,55.6057194,0,0,13.69599,23.3744896,0.706026158799434,0.498472936909083,0.351934932911392,351.934932911392
0,2,2,NaN,2,Cassegrain,800,77,NaN,NaN,NaN,NaN,NaN,NaN,6,180,NaN,NaN,NaN,NaN,NaN,NaN,NaN,NaN,NaN,27.8028597,0,27.8028597,55.6057194,0,0,13.69599,23.3744896,0.706026158799434,0.498472936909083,0.351934932911392,351.934932911392
0,2,2,NaN,3,Korsch,870,77,NaN,NaN,NaN,NaN,NaN,NaN,6,180,NaN,NaN,NaN,NaN,NaN,NaN,NaN,NaN,NaN,27.8028597,0,27.8028597,55.6057194,0,0,13.69599,23.3744896,0.706026158799434,0.498472936909083,0.351934932911392,351.934932911392
0,3,1,NaN,2,Korsch,990,77,NaN,NaN,NaN,NaN,NaN,NaN,6,120,NaN,NaN,NaN,NaN,NaN,NaN,NaN,NaN,NaN,18.5352398,0,18.5352398,55.6057194,0,0,13.69599,23.3744896,0.616770659919993,0.380406046938144,0.234623288607595,234.623288607595
0,3,1,NaN,2,Korsch,1000,77,NaN,NaN,NaN,NaN,NaN,NaN,6,120,NaN,NaN,NaN,NaN,NaN,NaN,NaN,NaN,NaN,18.5352398,0,18.5352398,55.6057194,0,0,13.69599,23.3744896,0.616770659919993,0.380406046938144,0.234623288607595,234.623288607595
0,3,1,NaN,2,Cassegrain,800,77,NaN,NaN,NaN,NaN,NaN,NaN,6,120,NaN,NaN,NaN,NaN,NaN,NaN,NaN,NaN,NaN,18.5352398,0,18.5352398,55.6057194,0,0,13.69599,23.3744896,0.616770659919993,0.380406046938144,0.234623288607595,234.623288607595
0,3,1,NaN,3,Korsch,870,77,NaN,NaN,NaN,NaN,NaN,NaN,6,120,NaN,NaN,NaN,NaN,NaN,NaN,NaN,NaN,NaN,18.5352398,0,18.5352398,55.6057194,0,0,13.69599,23.3744896,0.616770659919993,0.380406046938144,0.234623288607595,234.623288607595
0,1,1,NaN,1,Cassegrain,750,126,NaN,NaN,NaN,NaN,NaN,NaN,6,360,NaN,NaN,NaN,NaN,NaN,NaN,NaN,NaN,NaN,55.6104528,0,55.6104528,55.6104528,0,0,60.01128,51.2096256,0.889562458953692,0.791321368379739,0.703929782278481,703.929782278481
0,2,1,NaN,2,TMA,450,77,NaN,NaN,NaN,NaN,NaN,NaN,6,180,NaN,NaN,NaN,NaN,NaN,NaN,NaN,NaN,NaN,18.5352398,9.38743447901714,27.9226742790171,55.8453485580343,154,776.231744423427,13.69599,23.3744896,0.616770659919993,0.380406046938144,0.234623288607595,234.623288607595
0,1,1,NaN,1,Cassegrain,660,111,NaN,NaN,NaN,NaN,NaN,NaN,6,360,NaN,NaN,NaN,NaN,NaN,NaN,NaN,NaN,NaN,55.5258186,0.422667944960277,55.9484865449603,55.9484865449603,2,14.1344936673122,41.02893,70.0227072,0.889110951313237,0.790518283745129,0.702858463291139,702.858463291139
0,1,2,NaN,1,Cassegrain,390,66,NaN,NaN,NaN,NaN,NaN,NaN,6,360,NaN,NaN,NaN,NaN,NaN,NaN,NaN,NaN,NaN,17.5085064,38.5516011404539,56.0601075404539,56.0601075404539,509,2252.87088287045,8.62488,14.7197952,0.605165278970943,0.36622501487198,0.221626663291139,221.626663291139
0,1,2,NaN,1,Cassegrain,570,96,NaN,NaN,NaN,NaN,NaN,NaN,6,360,NaN,NaN,NaN,NaN,NaN,NaN,NaN,NaN,NaN,53.8804224,2.19867182032236,56.0790942203224,56.0790942203224,12,74.656913951083,26.54208,45.2984832,0.880240405775917,0.774823171960551,0.682030663291139,682.030663291139
0,2,1,NaN,2,TMA,460,79,NaN,NaN,NaN,NaN,NaN,NaN,6,180,NaN,NaN,NaN,NaN,NaN,NaN,NaN,NaN,NaN,20.0173834,8.03375577689486,28.0511391768949,56.1022783537897,124,637.51911877649,14.79117,25.2435968,0.632790677060772,0.400424040975031,0.2533846,253.3846
0,1,1,NaN,2,TMA,650,111,NaN,NaN,NaN,NaN,NaN,NaN,6,360,NaN,NaN,NaN,NaN,NaN,NaN,NaN,NaN,NaN,55.5258186,0.626755665176302,56.1525742651763,56.1525742651763,3,20.9246782387163,41.02893,70.0227072,0.889110951313237,0.790518283745129,0.702858463291139,702.858463291139
0,1,1,NaN,2,TMA,380,65,NaN,NaN,NaN,NaN,NaN,NaN,6,360,NaN,NaN,NaN,NaN,NaN,NaN,NaN,NaN,NaN,11.149775,45.0308767637778,56.1806517637778,56.1806517637778,731,3159.43218723271,8.23875,14.0608,0.520650557075319,0.27107700258284,0.141136392405063,141.136392405063
0,2,2,NaN,1,Korsch,660,77,NaN,NaN,NaN,NaN,NaN,NaN,6,180,NaN,NaN,NaN,NaN,NaN,NaN,NaN,NaN,NaN,27.8028597,0.318005694289546,28.1208653942895,56.2417307885791,3,21.2017405009683,13.69599,23.3744896,0.706026158799434,0.498472936909083,0.351934932911392,351.934932911392
0,2,2,NaN,3,Cassegrain,670,77,NaN,NaN,NaN,NaN,NaN,NaN,6,180,NaN,NaN,NaN,NaN,NaN,NaN,NaN,NaN,NaN,27.8028597,0.322165091292432,28.1250247912924,56.2500495825849,3,21.4776034964843,13.69599,23.3744896,0.706026158799434,0.498472936909083,0.351934932911392,351.934932911392
0,3,1,NaN,3,Cassegrain,670,77,NaN,NaN,NaN,NaN,NaN,NaN,6,120,NaN,NaN,NaN,NaN,NaN,NaN,NaN,NaN,NaN,18.5352398,0.214776727528288,18.7500165275283,56.2500495825849,3,21.4776034964843,13.69599,23.3744896,0.616770659919993,0.380406046938144,0.234623288607595,234.623288607595
0,3,1,NaN,1,Korsch,660,77,NaN,NaN,NaN,NaN,NaN,NaN,6,120,NaN,NaN,NaN,NaN,NaN,NaN,NaN,NaN,NaN,18.5352398,0.283160474603012,18.818400274603,56.455200823809,4,28.2689873346244,13.69599,23.3744896,0.616770659919993,0.380406046938144,0.234623288607595,234.623288607595
0,2,1,NaN,1,Cassegrain,490,83,NaN,NaN,NaN,NaN,NaN,NaN,6,180,NaN,NaN,NaN,NaN,NaN,NaN,NaN,NaN,NaN,23.2145522,5.05206078932114,28.2666129893211,56.5332259786423,68,369.9929707421,17.15361,29.2754944,0.66483071134233,0.441999874743949,0.293855091139241,293.85509113924
0,1,2,NaN,2,TMA,560,96,NaN,NaN,NaN,NaN,NaN,NaN,6,360,NaN,NaN,NaN,NaN,NaN,NaN,NaN,NaN,NaN,53.8804224,2.71737992408934,56.5978023240893,56.5978023240893,15,91.8803963174469,26.54208,45.2984832,0.880240405775917,0.774823171960551,0.682030663291139,682.030663291139
0,2,1,NaN,2,TMA,480,82,NaN,NaN,NaN,NaN,NaN,NaN,6,180,NaN,NaN,NaN,NaN,NaN,NaN,NaN,NaN,NaN,22.3855408,5.94647372788501,28.332014527885,56.66402905577,83,443.351506155461,16.54104,28.2300416,0.656820702771941,0.431413435589826,0.283361275949367,283.361275949367
0,2,1,NaN,1,Cassegrain,500,84,NaN,NaN,NaN,NaN,NaN,NaN,6,180,NaN,NaN,NaN,NaN,NaN,NaN,NaN,NaN,NaN,24.0637824,4.32594786799706,28.3897302679971,56.7794605359941,56,310.246927738684,17.78112,30.3464448,0.67284071991272,0.452714634372667,0.304604840506329,304.604840506329
0,1,1,NaN,2,TMA,740,127,NaN,NaN,NaN,NaN,NaN,NaN,6,360,NaN,NaN,NaN,NaN,NaN,NaN,NaN,NaN,NaN,56.9450474,0,56.9450474,56.9450474,0,0,61.45149,52.4386048,0.896622478469198,0.803931868896247,0.720823384810127,720.823384810127
0,3,1,NaN,3,Cassegrain,400,46,NaN,NaN,NaN,NaN,NaN,NaN,6,120,NaN,NaN,NaN,NaN,NaN,NaN,NaN,NaN,NaN,3.9518416,15.0606465031354,19.0124881031354,57.0374643094062,677,3066.54834745512,2.92008,4.9836032,0.368460394237918,0.135763062121962,0.0500233113924051,50.023311392405
0,1,1,NaN,1,Korsch,960,112,NaN,NaN,NaN,NaN,NaN,NaN,6,360,NaN,NaN,NaN,NaN,NaN,NaN,NaN,NaN,NaN,57.0400768,0,57.0400768,57.0400768,0,0,42.14784,71.9323136,0.897120959883627,0.804826016662519,0.722026288607595,722.026288607595
0,1,1,NaN,3,Cassegrain,980,112,NaN,NaN,NaN,NaN,NaN,NaN,6,360,NaN,NaN,NaN,NaN,NaN,NaN,NaN,NaN,NaN,57.0400768,0,57.0400768,57.0400768,0,0,42.14784,71.9323136,0.897120959883627,0.804826016662519,0.722026288607595,722.026288607595
0,3,1,NaN,1,Refractivo,390,29,NaN,NaN,NaN,NaN,NaN,NaN,6,120,NaN,NaN,NaN,NaN,NaN,NaN,NaN,NaN,NaN,0.9901934,18.0377841839944,19.0279775839944,57.0839327519832,1327,5873.39815632434,0.73167,1.2487168,0.232290248541296,0.0539587595673771,0.0125340936708861,12.5340936708861
0,2,1,NaN,2,TMA,470,81,NaN,NaN,NaN,NaN,NaN,NaN,6,180,NaN,NaN,NaN,NaN,NaN,NaN,NaN,NaN,NaN,21.5765046,6.99507240412241,28.5715770041224,57.1431540082448,101,529.407180610352,15.94323,27.2097792,0.648810694201551,0.420955316910299,0.273120311392405,273.120311392405
0,2,1,NaN,1,Korsch,760,89,NaN,NaN,NaN,NaN,NaN,NaN,6,180,NaN,NaN,NaN,NaN,NaN,NaN,NaN,NaN,NaN,28.6217414,0,28.6217414,57.2434828,0,0,21.14907,36.0944128,0.712890762764667,0.508213239635189,0.362300524050633,362.300524050633
0,2,1,NaN,2,Cassegrain,930,89,NaN,NaN,NaN,NaN,NaN,NaN,6,180,NaN,NaN,NaN,NaN,NaN,NaN,NaN,NaN,NaN,28.6217414,0,28.6217414,57.2434828,0,0,21.14907,36.0944128,0.712890762764667,0.508213239635189,0.362300524050633,362.300524050633
0,2,1,NaN,3,Korsch,1000,89,NaN,NaN,NaN,NaN,NaN,NaN,6,180,NaN,NaN,NaN,NaN,NaN,NaN,NaN,NaN,NaN,28.6217414,0,28.6217414,57.2434828,0,0,21.14907,36.0944128,0.712890762764667,0.508213239635189,0.362300524050633,362.300524050633
0,2,1,NaN,3,Cassegrain,780,89,NaN,NaN,NaN,NaN,NaN,NaN,6,180,NaN,NaN,NaN,NaN,NaN,NaN,NaN,NaN,NaN,28.6217414,0,28.6217414,57.2434828,0,0,21.14907,36.0944128,0.712890762764667,0.508213239635189,0.362300524050633,362.300524050633
0,3,1,NaN,2,Korsch,390,30,NaN,NaN,NaN,NaN,NaN,NaN,6,120,NaN,NaN,NaN,NaN,NaN,NaN,NaN,NaN,NaN,1.0962,18.0079712009306,19.1041712009306,57.3125136027918,1282,5674.22489555976,0.81,1.3824,0.240300257111686,0.0577442135679422,0.0138759493670886,13.8759493670886
0,1,2,NaN,1,Korsch,840,98,NaN,NaN,NaN,NaN,NaN,NaN,6,360,NaN,NaN,NaN,NaN,NaN,NaN,NaN,NaN,NaN,57.3185928,0,57.3185928,57.3185928,0,0,28.23576,48.1890304,0.898578747562916,0.807443765571738,0.725551807594937,725.551807594937
0,1,2,NaN,3,Cassegrain,860,98,NaN,NaN,NaN,NaN,NaN,NaN,6,360,NaN,NaN,NaN,NaN,NaN,NaN,NaN,NaN,NaN,57.3185928,0,57.3185928,57.3185928,0,0,28.23576,48.1890304,0.898578747562916,0.807443765571738,0.725551807594937,725.551807594937
0,1,2,NaN,2,TMA,390,67,NaN,NaN,NaN,NaN,NaN,NaN,6,360,NaN,NaN,NaN,NaN,NaN,NaN,NaN,NaN,NaN,18.3164667,39.2947780367248,57.6112447367248,57.6112447367248,501,2217.46230317897,9.02289,15.3990656,0.614334449864442,0.377406816290247,0.23185400886076,231.854008860759
0,2,1,NaN,1,Cassegrain,430,73,NaN,NaN,NaN,NaN,NaN,NaN,6,180,NaN,NaN,NaN,NaN,NaN,NaN,NaN,NaN,NaN,15.7940902,13.0945529733732,28.8886431733732,57.7772863467464,238,1151.32154537889,11.67051,19.9176704,0.584730625638435,0.341909904559516,0.199925192405063,199.925192405063
0,2,2,NaN,2,Cassegrain,810,78,NaN,NaN,NaN,NaN,NaN,NaN,6,180,NaN,NaN,NaN,NaN,NaN,NaN,NaN,NaN,NaN,28.9002168,0,28.9002168,57.8004336,0,0,14.23656,24.2970624,0.715195329692933,0.511504359614583,0.365825529113924,365.825529113924
0,2,2,NaN,3,Korsch,880,78,NaN,NaN,NaN,NaN,NaN,NaN,6,180,NaN,NaN,NaN,NaN,NaN,NaN,NaN,NaN,NaN,28.9002168,0,28.9002168,57.8004336,0,0,14.23656,24.2970624,0.715195329692933,0.511504359614583,0.365825529113924,365.825529113924
0,3,1,NaN,2,Cassegrain,810,78,NaN,NaN,NaN,NaN,NaN,NaN,6,120,NaN,NaN,NaN,NaN,NaN,NaN,NaN,NaN,NaN,19.2668112,0,19.2668112,57.8004336,0,0,14.23656,24.2970624,0.624780668490383,0.390350883719289,0.243883686075949,243.883686075949
0,3,1,NaN,3,Korsch,880,78,NaN,NaN,NaN,NaN,NaN,NaN,6,120,NaN,NaN,NaN,NaN,NaN,NaN,NaN,NaN,NaN,19.2668112,0,19.2668112,57.8004336,0,0,14.23656,24.2970624,0.624780668490383,0.390350883719289,0.243883686075949,243.883686075949
0,2,1,NaN,2,TMA,440,76,NaN,NaN,NaN,NaN,NaN,NaN,6,180,NaN,NaN,NaN,NaN,NaN,NaN,NaN,NaN,NaN,17.8224256,11.2355371202172,29.0579627202172,58.1159254404345,188,928.569747039885,13.16928,22.4755712,0.608760651349604,0.370589530631594,0.225600324050633,225.600324050633
0,2,2,NaN,3,Cassegrain,680,78,NaN,NaN,NaN,NaN,NaN,NaN,6,180,NaN,NaN,NaN,NaN,NaN,NaN,NaN,NaN,NaN,28.9002168,0.225723884487291,29.1259406844873,58.2518813689746,2,14.5015157278631,14.23656,24.2970624,0.715195329692933,0.511504359614583,0.365825529113924,365.825529113924
0,1,1,NaN,1,Cassegrain,760,128,NaN,NaN,NaN,NaN,NaN,NaN,6,360,NaN,NaN,NaN,NaN,NaN,NaN,NaN,NaN,NaN,58.3008256,0,58.3008256,58.3008256,0,0,62.91456,53.6870912,0.903682497984703,0.816642057163873,0.737985134177215,737.985134177215
0,1,2,NaN,2,Cassegrain,370,36,NaN,NaN,NaN,NaN,NaN,NaN,6,360,NaN,NaN,NaN,NaN,NaN,NaN,NaN,NaN,NaN,2.8413504,55.5441500214475,58.3855004214475,58.3855004214475,1425,6010.07933386904,1.39968,2.3887872,0.330090152165969,0.108959508556953,0.0359664607594937,35.9664607594937
0,2,1,NaN,2,TMA,490,84,NaN,NaN,NaN,NaN,NaN,NaN,6,180,NaN,NaN,NaN,NaN,NaN,NaN,NaN,NaN,NaN,24.0637824,5.15281283398369,29.2165952339837,58.4331904679674,67,364.551897642951,17.78112,30.3464448,0.67284071991272,0.452714634372667,0.304604840506329,304.604840506329
0,2,2,NaN,1,Korsch,670,78,NaN,NaN,NaN,NaN,NaN,NaN,6,180,NaN,NaN,NaN,NaN,NaN,NaN,NaN,NaN,NaN,28.9002168,0.334880695158962,29.235097495159,58.4701949903179,3,21.4776034964843,14.23656,24.2970624,0.715195329692933,0.511504359614583,0.365825529113924,365.825529113924
0,3,1,NaN,1,Korsch,670,78,NaN,NaN,NaN,NaN,NaN,NaN,6,120,NaN,NaN,NaN,NaN,NaN,NaN,NaN,NaN,NaN,19.2668112,0.223253796772641,19.4900649967726,58.4701949903179,3,21.4776034964843,14.23656,24.2970624,0.624780668490383,0.390350883719289,0.243883686075949,243.883686075949
0,3,1,NaN,3,Cassegrain,680,78,NaN,NaN,NaN,NaN,NaN,NaN,6,120,NaN,NaN,NaN,NaN,NaN,NaN,NaN,NaN,NaN,19.2668112,0.226124094886605,19.4929352948866,58.4788058846598,3,21.7522735917946,14.23656,24.2970624,0.624780668490383,0.390350883719289,0.243883686075949,243.883686075949
0,1,1,NaN,1,Korsch,970,113,NaN,NaN,NaN,NaN,NaN,NaN,6,360,NaN,NaN,NaN,NaN,NaN,NaN,NaN,NaN,NaN,58.5816182,0,58.5816182,58.5816182,0,0,43.28691,73.8763264,0.905130968454016,0.819262070054505,0.741539470886076,741.539470886076
0,1,1,NaN,3,Cassegrain,990,113,NaN,NaN,NaN,NaN,NaN,NaN,6,360,NaN,NaN,NaN,NaN,NaN,NaN,NaN,NaN,NaN,58.5816182,0,58.5816182,58.5816182,0,0,43.28691,73.8763264,0.905130968454016,0.819262070054505,0.741539470886076,741.539470886076
0,1,1,NaN,1,Korsch,370,43,NaN,NaN,NaN,NaN,NaN,NaN,6,360,NaN,NaN,NaN,NaN,NaN,NaN,NaN,NaN,NaN,3.2279842,55.4819376235596,58.7099218235596,58.7099218235596,1366,5761.2409614492,2.38521,4.0707584,0.344430368526749,0.118632278763472,0.0408605594936709,40.8605594936709
0,1,1,NaN,3,Cassegrain,370,43,NaN,NaN,NaN,NaN,NaN,NaN,6,360,NaN,NaN,NaN,NaN,NaN,NaN,NaN,NaN,NaN,3.2279842,55.4819376235596,58.7099218235596,58.7099218235596,1366,5761.2409614492,2.38521,4.0707584,0.344430368526749,0.118632278763472,0.0408605594936709,40.8605594936709
0,1,2,NaN,3,Korsch,370,33,NaN,NaN,NaN,NaN,NaN,NaN,6,360,NaN,NaN,NaN,NaN,NaN,NaN,NaN,NaN,NaN,2.1885633,56.5220591666378,58.7106224666378,58.7106224666378,1554,6554.14967356666,1.07811,1.8399744,0.302582639485472,0.0915562537179949,0.0277033329113924,27.7033329113924
0,3,1,NaN,3,Refractivo,390,24,NaN,NaN,NaN,NaN,NaN,NaN,6,120,NaN,NaN,NaN,NaN,NaN,NaN,NaN,NaN,NaN,0.5612544,19.058519926552,19.619774326552,58.8593229796559,1603,7094.99415568042,0.41472,0.7077888,0.192240205689349,0.036956296683483,0.00710448607594937,7.10448607594936
0,3,1,NaN,1,Korsch,400,47,NaN,NaN,NaN,NaN,NaN,NaN,6,120,NaN,NaN,NaN,NaN,NaN,NaN,NaN,NaN,NaN,4.2152138,15.4336819190633,19.6488957190633,58.9466871571898,663,3003.13375829061,3.11469,5.3157376,0.376470402808308,0.141729964190649,0.0533571367088608,53.3571367088608
0,1,1,NaN,2,TMA,660,113,NaN,NaN,NaN,NaN,NaN,NaN,6,360,NaN,NaN,NaN,NaN,NaN,NaN,NaN,NaN,NaN,58.5816182,0.445928989456476,59.0275471894565,59.0275471894565,2,14.1344936673122,43.28691,73.8763264,0.905130968454016,0.819262070054505,0.741539470886076,741.539470886076
0,1,1,NaN,1,Cassegrain,670,113,NaN,NaN,NaN,NaN,NaN,NaN,6,360,NaN,NaN,NaN,NaN,NaN,NaN,NaN,NaN,NaN,58.5816182,0.451751412623096,59.0333696126231,59.0333696126231,2,14.3184023309896,43.28691,73.8763264,0.905130968454016,0.819262070054505,0.741539470886076,741.539470886076
0,1,2,NaN,1,Korsch,850,99,NaN,NaN,NaN,NaN,NaN,NaN,6,360,NaN,NaN,NaN,NaN,NaN,NaN,NaN,NaN,NaN,59.0912091,0,59.0912091,59.0912091,0,0,29.10897,49.6793088,0.907747918456415,0.824006283461954,0.747989988607595,747.989988607595
0,1,2,NaN,3,Cassegrain,870,99,NaN,NaN,NaN,NaN,NaN,NaN,6,360,NaN,NaN,NaN,NaN,NaN,NaN,NaN,NaN,NaN,59.0912091,0,59.0912091,59.0912091,0,0,29.10897,49.6793088,0.907747918456415,0.824006283461954,0.747989988607595,747.989988607595
0,2,1,NaN,1,Korsch,770,90,NaN,NaN,NaN,NaN,NaN,NaN,6,180,NaN,NaN,NaN,NaN,NaN,NaN,NaN,NaN,NaN,29.5974,0,29.5974,59.1948,0,0,21.87,37.3248,0.720900771335057,0.51969792211148,0.374650632911392,374.650632911392
0,2,1,NaN,2,Cassegrain,940,90,NaN,NaN,NaN,NaN,NaN,NaN,6,180,NaN,NaN,NaN,NaN,NaN,NaN,NaN,NaN,NaN,29.5974,0,29.5974,59.1948,0,0,21.87,37.3248,0.720900771335057,0.51969792211148,0.374650632911392,374.650632911392
0,2,1,NaN,3,Cassegrain,790,90,NaN,NaN,NaN,NaN,NaN,NaN,6,180,NaN,NaN,NaN,NaN,NaN,NaN,NaN,NaN,NaN,29.5974,0,29.5974,59.1948,0,0,21.87,37.3248,0.720900771335057,0.51969792211148,0.374650632911392,374.650632911392
0,1,2,NaN,1,Cassegrain,580,98,NaN,NaN,NaN,NaN,NaN,NaN,6,360,NaN,NaN,NaN,NaN,NaN,NaN,NaN,NaN,NaN,57.3185928,1.97353455674322,59.2921273567432,59.2921273567432,10,63.1703973621916,28.23576,48.1890304,0.898578747562916,0.807443765571738,0.725551807594937,725.551807594937
0,2,1,NaN,1,Cassegrain,510,86,NaN,NaN,NaN,NaN,NaN,NaN,6,180,NaN,NaN,NaN,NaN,NaN,NaN,NaN,NaN,NaN,25.8238736,3.83228095049112,29.6561545504911,59.3123091009822,46,259.381976517967,19.08168,32.5660672,0.688860737053499,0.47452911505389,0.326884475949367,326.884475949367
0,1,1,NaN,2,Cassegrain,370,36,NaN,NaN,NaN,NaN,NaN,NaN,6,360,NaN,NaN,NaN,NaN,NaN,NaN,NaN,NaN,NaN,1.8942336,57.677705041876,59.571938641876,59.571938641876,1631,6878.90483757222,1.39968,2.3887872,0.288360308534023,0.0831516675378368,0.0239776405063291,23.9776405063291
0,2,1,NaN,2,TMA,430,74,NaN,NaN,NaN,NaN,NaN,NaN,6,180,NaN,NaN,NaN,NaN,NaN,NaN,NaN,NaN,NaN,16.4520944,13.3418714755705,29.7939658755705,59.5879317511409,234,1131.97160343975,12.15672,20.7474688,0.592740634208825,0.35134145944228,0.208254359493671,208.254359493671
0,1,2,NaN,2,TMA,570,98,NaN,NaN,NaN,NaN,NaN,NaN,6,360,NaN,NaN,NaN,NaN,NaN,NaN,NaN,NaN,NaN,57.3185928,2.33897154395531,59.6575643439553,59.6575643439553,12,74.656913951083,28.23576,48.1890304,0.898578747562916,0.807443765571738,0.725551807594937,725.551807594937
0,1,1,NaN,1,Cassegrain,770,129,NaN,NaN,NaN,NaN,NaN,NaN,6,360,NaN,NaN,NaN,NaN,NaN,NaN,NaN,NaN,NaN,59.6779542,0,59.6779542,59.6779542,0,0,64.40067,54.9552384,0.910742517500209,0.829451933182618,0.755417141772152,755.417141772152
0,1,1,NaN,2,TMA,750,129,NaN,NaN,NaN,NaN,NaN,NaN,6,360,NaN,NaN,NaN,NaN,NaN,NaN,NaN,NaN,NaN,59.6779542,0,59.6779542,59.6779542,0,0,64.40067,54.9552384,0.910742517500209,0.829451933182618,0.755417141772152,755.417141772152
0,2,2,NaN,2,Cassegrain,820,79,NaN,NaN,NaN,NaN,NaN,NaN,6,180,NaN,NaN,NaN,NaN,NaN,NaN,NaN,NaN,NaN,30.0260751,0,30.0260751,60.0521502,0,0,14.79117,25.2435968,0.724364500586432,0.524703929709831,0.3800769,380.0769
0,2,2,NaN,2,Cassegrain,830,79,NaN,NaN,NaN,NaN,NaN,NaN,6,180,NaN,NaN,NaN,NaN,NaN,NaN,NaN,NaN,NaN,30.0260751,0,30.0260751,60.0521502,0,0,14.79117,25.2435968,0.724364500586432,0.524703929709831,0.3800769,380.0769
0,2,2,NaN,3,Korsch,890,79,NaN,NaN,NaN,NaN,NaN,NaN,6,180,NaN,NaN,NaN,NaN,NaN,NaN,NaN,NaN,NaN,30.0260751,0,30.0260751,60.0521502,0,0,14.79117,25.2435968,0.724364500586432,0.524703929709831,0.3800769,380.0769
0,3,1,NaN,2,Cassegrain,820,79,NaN,NaN,NaN,NaN,NaN,NaN,6,120,NaN,NaN,NaN,NaN,NaN,NaN,NaN,NaN,NaN,20.0173834,0,20.0173834,60.0521502,0,0,14.79117,25.2435968,0.632790677060772,0.400424040975031,0.2533846,253.3846
0,3,1,NaN,2,Cassegrain,830,79,NaN,NaN,NaN,NaN,NaN,NaN,6,120,NaN,NaN,NaN,NaN,NaN,NaN,NaN,NaN,NaN,20.0173834,0,20.0173834,60.0521502,0,0,14.79117,25.2435968,0.632790677060772,0.400424040975031,0.2533846,253.3846
0,3,1,NaN,3,Korsch,890,79,NaN,NaN,NaN,NaN,NaN,NaN,6,120,NaN,NaN,NaN,NaN,NaN,NaN,NaN,NaN,NaN,20.0173834,0,20.0173834,60.0521502,0,0,14.79117,25.2435968,0.632790677060772,0.400424040975031,0.2533846,253.3846
0,1,1,NaN,1,Korsch,980,114,NaN,NaN,NaN,NaN,NaN,NaN,6,360,NaN,NaN,NaN,NaN,NaN,NaN,NaN,NaN,NaN,60.1506864,0,60.1506864,60.1506864,0,0,44.44632,75.8550528,0.913140977024406,0.833826443921086,0.761401093670886,761.401093670886
0,1,1,NaN,3,Cassegrain,1000,114,NaN,NaN,NaN,NaN,NaN,NaN,6,360,NaN,NaN,NaN,NaN,NaN,NaN,NaN,NaN,NaN,60.1506864,0,60.1506864,60.1506864,0,0,44.44632,75.8550528,0.913140977024406,0.833826443921086,0.761401093670886,761.401093670886
0,2,2,NaN,3,Cassegrain,390,45,NaN,NaN,NaN,NaN,NaN,NaN,6,180,NaN,NaN,NaN,NaN,NaN,NaN,NaN,NaN,NaN,5.5495125,24.5310720470518,30.0805845470518,60.1611690941036,747,3306.276128692,2.73375,4.6656,0.412612690207461,0.170249232120238,0.0702469936708861,70.2469936708861
0,2,1,NaN,1,Cassegrain,420,71,NaN,NaN,NaN,NaN,NaN,NaN,6,180,NaN,NaN,NaN,NaN,NaN,NaN,NaN,NaN,NaN,14.5311866,15.6891131525711,30.2202997525711,60.4405995051423,296,1401.65398153364,10.73733,18.3250432,0.568710608497656,0.323431756217774,0.183939070886076,183.939070886076
0,2,2,NaN,1,Korsch,680,79,NaN,NaN,NaN,NaN,NaN,NaN,6,180,NaN,NaN,NaN,NaN,NaN,NaN,NaN,NaN,NaN,30.0260751,0.234517351699559,30.2605924516996,60.5211849033991,2,14.5015157278631,14.79117,25.2435968,0.724364500586432,0.524703929709831,0.3800769,380.0769
0,2,2,NaN,3,Cassegrain,690,79,NaN,NaN,NaN,NaN,NaN,NaN,6,180,NaN,NaN,NaN,NaN,NaN,NaN,NaN,NaN,NaN,30.0260751,0.237476428814278,30.2635515288143,60.5271030576286,2,14.6838380744121,14.79117,25.2435968,0.724364500586432,0.524703929709831,0.3800769,380.0769
0,3,1,NaN,3,Cassegrain,690,79,NaN,NaN,NaN,NaN,NaN,NaN,6,120,NaN,NaN,NaN,NaN,NaN,NaN,NaN,NaN,NaN,20.0173834,0.158317619209519,20.1757010192095,60.5271030576286,2,14.6838380744121,14.79117,25.2435968,0.632790677060772,0.400424040975031,0.2533846,253.3846
0,1,1,NaN,1,Cassegrain,680,114,NaN,NaN,NaN,NaN,NaN,NaN,6,360,NaN,NaN,NaN,NaN,NaN,NaN,NaN,NaN,NaN,60.1506864,0.469804316097201,60.6204907160972,60.6204907160972,2,14.5015157278631,44.44632,75.8550528,0.913140977024406,0.833826443921086,0.761401093670886,761.401093670886
0,1,2,NaN,1,Cassegrain,590,99,NaN,NaN,NaN,NaN,NaN,NaN,6,360,NaN,NaN,NaN,NaN,NaN,NaN,NaN,NaN,NaN,59.0912091,1.64738614247271,60.7385952424727,60.7385952424727,8,51.2980218251396,29.10897,49.6793088,0.907747918456415,0.824006283461954,0.747989988607595,747.989988607595
0,2,1,NaN,2,TMA,500,86,NaN,NaN,NaN,NaN,NaN,NaN,6,180,NaN,NaN,NaN,NaN,NaN,NaN,NaN,NaN,NaN,25.8238736,4.553148463629,30.377022063629,60.754044127258,55,304.706804029065,19.08168,32.5660672,0.688860737053499,0.47452911505389,0.326884475949367,326.884475949367
0,3,1,NaN,1,Korsch,680,79,NaN,NaN,NaN,NaN,NaN,NaN,6,120,NaN,NaN,NaN,NaN,NaN,NaN,NaN,NaN,NaN,20.0173834,0.234933152992289,20.2523165529923,60.7569496589769,3,21.7522735917946,14.79117,25.2435968,0.632790677060772,0.400424040975031,0.2533846,253.3846
0,1,2,NaN,1,Korsch,860,100,NaN,NaN,NaN,NaN,NaN,NaN,6,360,NaN,NaN,NaN,NaN,NaN,NaN,NaN,NaN,NaN,60.9,0,60.9,60.9,0,0,30,51.2,0.916917089349914,0.840736948741918,0.770886075949367,770.886075949367
0,1,1,NaN,2,TMA,760,130,NaN,NaN,NaN,NaN,NaN,NaN,6,360,NaN,NaN,NaN,NaN,NaN,NaN,NaN,NaN,NaN,61.0766,0,61.0766,61.0766,0,0,65.91,56.2432,0.917802537015714,0.842361496952481,0.773121518987342,773.121518987342
0,3,1,NaN,3,Korsch,390,35,NaN,NaN,NaN,NaN,NaN,NaN,6,120,NaN,NaN,NaN,NaN,NaN,NaN,NaN,NaN,NaN,1.740725,18.6358686020835,20.3765936020835,61.1297808062505,1099,4864.25363511714,1.28625,2.1952,0.280350299963633,0.0785962906896992,0.0220344936708861,22.0344936708861
0,2,1,NaN,1,Korsch,780,91,NaN,NaN,NaN,NaN,NaN,NaN,6,180,NaN,NaN,NaN,NaN,NaN,NaN,NaN,NaN,NaN,30.5949826,0,30.5949826,61.1899652,0,0,22.60713,38.5828352,0.728910779905447,0.531310925062366,0.387278260759494,387.278260759494
0,2,1,NaN,2,Cassegrain,950,91,NaN,NaN,NaN,NaN,NaN,NaN,6,180,NaN,NaN,NaN,NaN,NaN,NaN,NaN,NaN,NaN,30.5949826,0,30.5949826,61.1899652,0,0,22.60713,38.5828352,0.728910779905447,0.531310925062366,0.387278260759494,387.278260759494
0,1,2,NaN,1,Korsch,370,43,NaN,NaN,NaN,NaN,NaN,NaN,6,360,NaN,NaN,NaN,NaN,NaN,NaN,NaN,NaN,NaN,4.8419763,56.7003128726268,61.5422891726268,61.5422891726268,1193,5031.59624231984,2.38521,4.0707584,0.394274348420463,0.155452261822381,0.0612908392405063,61.2908392405063
0,1,2,NaN,3,Cassegrain,370,43,NaN,NaN,NaN,NaN,NaN,NaN,6,360,NaN,NaN,NaN,NaN,NaN,NaN,NaN,NaN,NaN,4.8419763,56.7003128726268,61.5422891726268,61.5422891726268,1193,5031.59624231984,2.38521,4.0707584,0.394274348420463,0.155452261822381,0.0612908392405063,61.2908392405063
0,1,1,NaN,1,Korsch,990,115,NaN,NaN,NaN,NaN,NaN,NaN,6,360,NaN,NaN,NaN,NaN,NaN,NaN,NaN,NaN,NaN,61.747525,0,61.747525,61.747525,0,0,45.62625,77.8688,0.921150985594795,0.848519138262262,0.781614240506329,781.614240506329
0,2,2,NaN,1,Korsch,390,46,NaN,NaN,NaN,NaN,NaN,NaN,6,180,NaN,NaN,NaN,NaN,NaN,NaN,NaN,NaN,NaN,5.9277624,25.0235433371755,30.9513057371755,61.902611474351,730,3231.0328968476,2.92008,4.9836032,0.42178186110096,0.17789993835379,0.0750349670886076,75.0349670886076
0,2,1,NaN,1,Cassegrain,520,88,NaN,NaN,NaN,NaN,NaN,NaN,6,180,NaN,NaN,NaN,NaN,NaN,NaN,NaN,NaN,NaN,27.6677632,3.32095706022289,30.9887202602229,61.9774405204458,37,212.26604707476,20.44416,34.8913664,0.704880754194278,0.496856877633494,0.350224850632911,350.224850632911
0,1,2,NaN,2,Korsch,370,29,NaN,NaN,NaN,NaN,NaN,NaN,6,360,NaN,NaN,NaN,NaN,NaN,NaN,NaN,NaN,NaN,1.4852901,60.6143041358851,62.0995942358851,62.0995942358851,1769,7460.93357306269,0.73167,1.2487168,0.265905955911475,0.0707059773891953,0.0188011405063291,18.8011405063291
0,1,1,NaN,2,TMA,670,115,NaN,NaN,NaN,NaN,NaN,NaN,6,360,NaN,NaN,NaN,NaN,NaN,NaN,NaN,NaN,NaN,61.747525,0.476165263129074,62.2236902631291,62.2236902631291,2,14.3184023309896,45.62625,77.8688,0.921150985594795,0.848519138262262,0.781614240506329,781.614240506329
0,2,2,NaN,2,Cassegrain,840,80,NaN,NaN,NaN,NaN,NaN,NaN,6,180,NaN,NaN,NaN,NaN,NaN,NaN,NaN,NaN,NaN,31.1808,0,31.1808,62.3616,0,0,15.36,26.2144,0.733533671479931,0.538071647194828,0.394693670886076,394.693670886076
0,2,2,NaN,3,Korsch,900,80,NaN,NaN,NaN,NaN,NaN,NaN,6,180,NaN,NaN,NaN,NaN,NaN,NaN,NaN,NaN,NaN,31.1808,0,31.1808,62.3616,0,0,15.36,26.2144,0.733533671479931,0.538071647194828,0.394693670886076,394.693670886076
0,3,1,NaN,2,Cassegrain,840,80,NaN,NaN,NaN,NaN,NaN,NaN,6,120,NaN,NaN,NaN,NaN,NaN,NaN,NaN,NaN,NaN,20.7872,0,20.7872,62.3616,0,0,15.36,26.2144,0.640800685631162,0.410625518705367,0.263129113924051,263.129113924051
0,3,1,NaN,3,Korsch,900,80,NaN,NaN,NaN,NaN,NaN,NaN,6,120,NaN,NaN,NaN,NaN,NaN,NaN,NaN,NaN,NaN,20.7872,0,20.7872,62.3616,0,0,15.36,26.2144,0.640800685631162,0.410625518705367,0.263129113924051,263.129113924051
0,1,1,NaN,3,Korsch,370,33,NaN,NaN,NaN,NaN,NaN,NaN,6,360,NaN,NaN,NaN,NaN,NaN,NaN,NaN,NaN,NaN,1.4590422,60.9430386453381,62.4020808453381,62.4020808453381,1780,7507.32716792063,1.07811,1.8399744,0.264330282822854,0.0698704984172101,0.0184688886075949,18.4688886075949
0,2,1,NaN,2,TMA,420,72,NaN,NaN,NaN,NaN,NaN,NaN,6,180,NaN,NaN,NaN,NaN,NaN,NaN,NaN,NaN,NaN,15.1538688,16.0575676269944,31.2114364269944,62.4228728539887,292,1382.71271151292,11.19744,19.1102976,0.576720617068046,0.332606670151347,0.191821124050633,191.821124050633
0,1,1,NaN,1,Cassegrain,780,131,NaN,NaN,NaN,NaN,NaN,NaN,6,360,NaN,NaN,NaN,NaN,NaN,NaN,NaN,NaN,NaN,62.4969298,0,62.4969298,62.4969298,0,0,67.44273,57.5511296,0.92486255653122,0.855370748473463,0.79110037721519,791.10037721519
0,2,2,NaN,3,Cassegrain,700,80,NaN,NaN,NaN,NaN,NaN,NaN,6,180,NaN,NaN,NaN,NaN,NaN,NaN,NaN,NaN,NaN,31.1808,0.124608169185349,31.3054081691854,62.6108163383707,1,7.43268677971719,15.36,26.2144,0.733533671479931,0.538071647194828,0.394693670886076,394.693670886076
0,1,2,NaN,1,Korsch,870,101,NaN,NaN,NaN,NaN,NaN,NaN,6,360,NaN,NaN,NaN,NaN,NaN,NaN,NaN,NaN,NaN,62.7453309,0,62.7453309,62.7453309,0,0,30.90903,52.7514112,0.926086260243413,0.85763576141163,0.794244694936709,794.244694936709
0,1,2,NaN,3,Cassegrain,880,101,NaN,NaN,NaN,NaN,NaN,NaN,6,360,NaN,NaN,NaN,NaN,NaN,NaN,NaN,NaN,NaN,62.7453309,0,62.7453309,62.7453309,0,0,30.90903,52.7514112,0.926086260243413,0.85763576141163,0.794244694936709,794.244694936709
0,3,1,NaN,3,Cassegrain,700,80,NaN,NaN,NaN,NaN,NaN,NaN,6,120,NaN,NaN,NaN,NaN,NaN,NaN,NaN,NaN,NaN,20.7872,0.166446027385221,20.9536460273852,62.8609380821557,2,14.8653735594344,15.36,26.2144,0.640800685631162,0.410625518705367,0.263129113924051,263.129113924051
0,1,2,NaN,2,TMA,580,100,NaN,NaN,NaN,NaN,NaN,NaN,6,360,NaN,NaN,NaN,NaN,NaN,NaN,NaN,NaN,NaN,60.9,2.09684586858284,62.9968458685829,62.9968458685829,10,63.1703973621916,30,51.2,0.916917089349914,0.840736948741918,0.770886075949367,770.886075949367
0,2,1,NaN,1,Cassegrain,530,89,NaN,NaN,NaN,NaN,NaN,NaN,6,180,NaN,NaN,NaN,NaN,NaN,NaN,NaN,NaN,NaN,28.6217414,2.90471701197629,31.5264584119763,63.0529168239526,31,180.874793826306,21.14907,36.0944128,0.712890762764667,0.508213239635189,0.362300524050633,362.300524050633
0,2,1,NaN,1,Korsch,790,92,NaN,NaN,NaN,NaN,NaN,NaN,6,180,NaN,NaN,NaN,NaN,NaN,NaN,NaN,NaN,NaN,31.6147328,0,31.6147328,63.2294656,0,0,23.36064,39.8688256,0.736920788475836,0.543052248487848,0.40018649113924,400.18649113924
0,2,1,NaN,2,Cassegrain,960,92,NaN,NaN,NaN,NaN,NaN,NaN,6,180,NaN,NaN,NaN,NaN,NaN,NaN,NaN,NaN,NaN,31.6147328,0,31.6147328,63.2294656,0,0,23.36064,39.8688256,0.736920788475836,0.543052248487848,0.40018649113924,400.18649113924
0,2,1,NaN,3,Cassegrain,800,92,NaN,NaN,NaN,NaN,NaN,NaN,6,180,NaN,NaN,NaN,NaN,NaN,NaN,NaN,NaN,NaN,31.6147328,0,31.6147328,63.2294656,0,0,23.36064,39.8688256,0.736920788475836,0.543052248487848,0.40018649113924,400.18649113924
0,2,1,NaN,2,TMA,510,88,NaN,NaN,NaN,NaN,NaN,NaN,6,180,NaN,NaN,NaN,NaN,NaN,NaN,NaN,NaN,NaN,27.6677632,4.01101992322255,31.6787831232225,63.3575662464451,45,253.743237898011,20.44416,34.8913664,0.704880754194278,0.496856877633494,0.350224850632911,350.224850632911
0,1,1,NaN,1,Korsch,1000,116,NaN,NaN,NaN,NaN,NaN,NaN,6,360,NaN,NaN,NaN,NaN,NaN,NaN,NaN,NaN,NaN,63.3723776,0,63.3723776,63.3723776,0,0,46.82688,79.9178752,0.929160994165185,0.863340153078034,0.802181994936709,802.181994936709
0,1,1,NaN,1,Cassegrain,690,116,NaN,NaN,NaN,NaN,NaN,NaN,6,360,NaN,NaN,NaN,NaN,NaN,NaN,NaN,NaN,NaN,63.3723776,0.250157426187284,63.6225350261873,63.6225350261873,1,7.34191903720603,46.82688,79.9178752,0.929160994165185,0.863340153078034,0.802181994936709,802.181994936709
0,1,2,NaN,1,Refractivo,370,28,NaN,NaN,NaN,NaN,NaN,NaN,6,360,NaN,NaN,NaN,NaN,NaN,NaN,NaN,NaN,NaN,1.3368768,62.312926748361,63.649803548361,63.649803548361,1832,7726.64234361269,0.65856,1.1239424,0.256736785017976,0.0659137767813664,0.0169224911392405,16.9224911392405
0,1,1,NaN,2,TMA,770,132,NaN,NaN,NaN,NaN,NaN,NaN,6,360,NaN,NaN,NaN,NaN,NaN,NaN,NaN,NaN,NaN,63.9391104,0,63.9391104,63.9391104,0,0,68.99904,58.8791808,0.931922576046725,0.868479687745564,0.809355827848101,809.355827848101
0,2,1,NaN,2,TMA,520,89,NaN,NaN,NaN,NaN,NaN,NaN,6,180,NaN,NaN,NaN,NaN,NaN,NaN,NaN,NaN,NaN,28.6217414,3.43546290645583,32.0572043064558,64.1144086129117,37,212.26604707476,21.14907,36.0944128,0.712890762764667,0.508213239635189,0.362300524050633,362.300524050633
0,1,2,NaN,1,Cassegrain,600,101,NaN,NaN,NaN,NaN,NaN,NaN,6,360,NaN,NaN,NaN,NaN,NaN,NaN,NaN,NaN,NaN,62.7453309,1.55104396708952,64.2963748670895,64.2963748670895,7,45.5493549663388,30.90903,52.7514112,0.926086260243413,0.85763576141163,0.794244694936709,794.244694936709
0,1,2,NaN,2,TMA,590,101,NaN,NaN,NaN,NaN,NaN,NaN,6,360,NaN,NaN,NaN,NaN,NaN,NaN,NaN,NaN,NaN,62.7453309,1.74925831107296,64.494589211073,64.494589211073,8,51.2980218251396,30.90903,52.7514112,0.926086260243413,0.85763576141163,0.794244694936709,794.244694936709
0,1,2,NaN,3,Cassegrain,890,102,NaN,NaN,NaN,NaN,NaN,NaN,6,360,NaN,NaN,NaN,NaN,NaN,NaN,NaN,NaN,NaN,64.6275672,0,64.6275672,64.6275672,0,0,31.83624,54.3338496,0.935255431136912,0.874702721471091,0.818070470886076,818.070470886076
0,3,1,NaN,2,Cassegrain,390,38,NaN,NaN,NaN,NaN,NaN,NaN,6,120,NaN,NaN,NaN,NaN,NaN,NaN,NaN,NaN,NaN,2.2278032,19.3455340933999,21.5733372933999,64.7200118801996,1012,4479.18533097229,1.64616,2.8094464,0.304380325674802,0.0926473826578985,0.0282000405063291,28.2000405063291
0,3,1,NaN,2,Refractivo,390,21,NaN,NaN,NaN,NaN,NaN,NaN,6,120,NaN,NaN,NaN,NaN,NaN,NaN,NaN,NaN,NaN,0.3759966,21.2000301390643,21.5760267390643,64.7280802171928,1832,8108.56474934905,0.27783,0.4741632,0.16821017997818,0.0282946646482917,0.00475945063291139,4.75945063291139
0,2,2,NaN,2,Cassegrain,850,81,NaN,NaN,NaN,NaN,NaN,NaN,6,180,NaN,NaN,NaN,NaN,NaN,NaN,NaN,NaN,NaN,32.3647569,0,32.3647569,64.7295138,0,0,15.94323,27.2097792,0.74270284237343,0.551607512069572,0.409680467088608,409.680467088608
0,2,2,NaN,3,Korsch,910,81,NaN,NaN,NaN,NaN,NaN,NaN,6,180,NaN,NaN,NaN,NaN,NaN,NaN,NaN,NaN,NaN,32.3647569,0,32.3647569,64.7295138,0,0,15.94323,27.2097792,0.74270284237343,0.551607512069572,0.409680467088608,409.680467088608
0,3,1,NaN,2,Cassegrain,850,81,NaN,NaN,NaN,NaN,NaN,NaN,6,120,NaN,NaN,NaN,NaN,NaN,NaN,NaN,NaN,NaN,21.5765046,0,21.5765046,64.7295138,0,0,15.94323,27.2097792,0.648810694201551,0.420955316910299,0.273120311392405,273.120311392405
0,3,1,NaN,3,Korsch,910,81,NaN,NaN,NaN,NaN,NaN,NaN,6,120,NaN,NaN,NaN,NaN,NaN,NaN,NaN,NaN,NaN,21.5765046,0,21.5765046,64.7295138,0,0,15.94323,27.2097792,0.648810694201551,0.420955316910299,0.273120311392405,273.120311392405
0,3,1,NaN,3,Cassegrain,710,81,NaN,NaN,NaN,NaN,NaN,NaN,6,120,NaN,NaN,NaN,NaN,NaN,NaN,NaN,NaN,NaN,21.5765046,0.0872767990411517,21.6637813990412,64.9913441971235,1,7.52306317215698,15.94323,27.2097792,0.648810694201551,0.420955316910299,0.273120311392405,273.120311392405
0,2,2,NaN,3,Cassegrain,710,81,NaN,NaN,NaN,NaN,NaN,NaN,6,180,NaN,NaN,NaN,NaN,NaN,NaN,NaN,NaN,NaN,32.3647569,0.130915198561728,32.4956720985617,64.9913441971235,1,7.52306317215698,15.94323,27.2097792,0.74270284237343,0.551607512069572,0.409680467088608,409.680467088608
0,2,1,NaN,1,Cassegrain,410,69,NaN,NaN,NaN,NaN,NaN,NaN,6,180,NaN,NaN,NaN,NaN,NaN,NaN,NaN,NaN,NaN,13.3374654,19.1876024116362,32.5250678116362,65.0501356232723,370,1714.09690976612,9.85527,16.8196608,0.552690591356877,0.305466889774414,0.168828675949367,168.828675949367
0,3,1,NaN,1,Korsch,690,81,NaN,NaN,NaN,NaN,NaN,NaN,6,120,NaN,NaN,NaN,NaN,NaN,NaN,NaN,NaN,NaN,21.5765046,0.170648719209486,21.7471533192095,65.2414599576285,2,14.6838380744121,15.94323,27.2097792,0.648810694201551,0.420955316910299,0.273120311392405,273.120311392405
0,2,2,NaN,1,Korsch,690,81,NaN,NaN,NaN,NaN,NaN,NaN,6,180,NaN,NaN,NaN,NaN,NaN,NaN,NaN,NaN,NaN,32.3647569,0.255973078814229,32.6207299788142,65.2414599576285,2,14.6838380744121,15.94323,27.2097792,0.74270284237343,0.551607512069572,0.409680467088608,409.680467088608
0,2,1,NaN,1,Korsch,800,93,NaN,NaN,NaN,NaN,NaN,NaN,6,180,NaN,NaN,NaN,NaN,NaN,NaN,NaN,NaN,NaN,32.6568942,0,32.6568942,65.3137884,0,0,24.13071,41.1830784,0.744930797046226,0.554921892387925,0.413378407594937,413.378407594937
0,2,1,NaN,2,Cassegrain,970,93,NaN,NaN,NaN,NaN,NaN,NaN,6,180,NaN,NaN,NaN,NaN,NaN,NaN,NaN,NaN,NaN,32.6568942,0,32.6568942,65.3137884,0,0,24.13071,41.1830784,0.744930797046226,0.554921892387925,0.413378407594937,413.378407594937
0,2,1,NaN,3,Cassegrain,810,93,NaN,NaN,NaN,NaN,NaN,NaN,6,180,NaN,NaN,NaN,NaN,NaN,NaN,NaN,NaN,NaN,32.6568942,0,32.6568942,65.3137884,0,0,24.13071,41.1830784,0.744930797046226,0.554921892387925,0.413378407594937,413.378407594937
0,1,1,NaN,1,Cassegrain,790,133,NaN,NaN,NaN,NaN,NaN,NaN,6,360,NaN,NaN,NaN,NaN,NaN,NaN,NaN,NaN,NaN,65.4033086,0,65.4033086,65.4033086,0,0,70.57911,60.2275072,0.938982595562231,0.881688314768783,0.827889982278481,827.889982278481
0,1,1,NaN,2,TMA,680,117,NaN,NaN,NaN,NaN,NaN,NaN,6,360,NaN,NaN,NaN,NaN,NaN,NaN,NaN,NaN,NaN,65.0254878,0.507878740096404,65.5333665400964,65.5333665400964,2,14.5015157278631,48.04839,82.0025856,0.937171002735574,0.878289488368402,0.823107440506329,823.107440506329
0,2,1,NaN,1,Cassegrain,540,91,NaN,NaN,NaN,NaN,NaN,NaN,6,180,NaN,NaN,NaN,NaN,NaN,NaN,NaN,NaN,NaN,30.5949826,2.52535917631629,33.1203417763163,66.2406835526326,25,148.299817039515,22.60713,38.5828352,0.728910779905447,0.531310925062366,0.387278260759494,387.278260759494
0,1,2,NaN,1,Korsch,880,103,NaN,NaN,NaN,NaN,NaN,NaN,6,360,NaN,NaN,NaN,NaN,NaN,NaN,NaN,NaN,NaN,66.5470743,0,66.5470743,66.5470743,0,0,32.78181,55.9476224,0.944424602030411,0.891937828920301,0.842368029113924,842.368029113924
0,1,2,NaN,3,Cassegrain,900,103,NaN,NaN,NaN,NaN,NaN,NaN,6,360,NaN,NaN,NaN,NaN,NaN,NaN,NaN,NaN,NaN,66.5470743,0,66.5470743,66.5470743,0,0,32.78181,55.9476224,0.944424602030411,0.891937828920301,0.842368029113924,842.368029113924
0,2,1,NaN,3,Korsch,380,34,NaN,NaN,NaN,NaN,NaN,NaN,6,180,NaN,NaN,NaN,NaN,NaN,NaN,NaN,NaN,NaN,1.5957424,31.7156727222717,33.3114151222717,66.6228302445433,1398,6042.25198050797,1.17912,2.0123648,0.272340291393244,0.0741692343161569,0.020199270886076,20.1992708860759
0,2,2,NaN,2,Korsch,380,30,NaN,NaN,NaN,NaN,NaN,NaN,6,180,NaN,NaN,NaN,NaN,NaN,NaN,NaN,NaN,NaN,1.6443,31.6774320588512,33.3217320588512,66.6434641177024,1384,5981.74301932978,0.81,1.3824,0.275075126804974,0.0756663253867726,0.0208139240506329,20.8139240506329
0,2,2,NaN,1,Refractivo,380,28,NaN,NaN,NaN,NaN,NaN,NaN,6,180,NaN,NaN,NaN,NaN,NaN,NaN,NaN,NaN,NaN,1.3368768,32.0048401068854,33.3417169068854,66.6834338137707,1482,6405.30574757712,0.65856,1.1239424,0.256736785017976,0.0659137767813664,0.0169224911392405,16.9224911392405
0,1,1,NaN,2,TMA,780,134,NaN,NaN,NaN,NaN,NaN,NaN,6,360,NaN,NaN,NaN,NaN,NaN,NaN,NaN,NaN,NaN,66.8896912,0,66.8896912,66.8896912,0,0,72.18312,61.5962624,0.946042615077736,0.894996629543121,0.846704951898734,846.704951898734
0,1,1,NaN,2,TMA,690,118,NaN,NaN,NaN,NaN,NaN,NaN,6,360,NaN,NaN,NaN,NaN,NaN,NaN,NaN,NaN,NaN,66.7070992,0.26332097478842,66.9704201747884,66.9704201747884,1,7.34191903720603,49.29096,84.1232384,0.945181011305964,0.893367144133364,0.844393660759494,844.393660759493
0,1,1,NaN,1,Cassegrain,700,118,NaN,NaN,NaN,NaN,NaN,NaN,6,360,NaN,NaN,NaN,NaN,NaN,NaN,NaN,NaN,NaN,66.7070992,0.266582303949143,66.9736815039491,66.9736815039491,1,7.43268677971719,49.29096,84.1232384,0.945181011305964,0.893367144133364,0.844393660759494,844.393660759493
0,2,2,NaN,2,Cassegrain,860,82,NaN,NaN,NaN,NaN,NaN,NaN,6,180,NaN,NaN,NaN,NaN,NaN,NaN,NaN,NaN,NaN,33.5783112,0,33.5783112,67.1566224,0,0,16.54104,28.2300416,0.751872013266929,0.565311524334066,0.425041913924051,425.041913924051
0,2,2,NaN,3,Korsch,920,82,NaN,NaN,NaN,NaN,NaN,NaN,6,180,NaN,NaN,NaN,NaN,NaN,NaN,NaN,NaN,NaN,33.5783112,0,33.5783112,67.1566224,0,0,16.54104,28.2300416,0.751872013266929,0.565311524334066,0.425041913924051,425.041913924051
0,3,1,NaN,2,Cassegrain,860,82,NaN,NaN,NaN,NaN,NaN,NaN,6,120,NaN,NaN,NaN,NaN,NaN,NaN,NaN,NaN,NaN,22.3855408,0,22.3855408,67.1566224,0,0,16.54104,28.2300416,0.656820702771941,0.431413435589826,0.283361275949367,283.361275949367
0,3,1,NaN,3,Korsch,920,82,NaN,NaN,NaN,NaN,NaN,NaN,6,120,NaN,NaN,NaN,NaN,NaN,NaN,NaN,NaN,NaN,22.3855408,0,22.3855408,67.1566224,0,0,16.54104,28.2300416,0.656820702771941,0.431413435589826,0.283361275949367,283.361275949367
0,2,1,NaN,2,TMA,530,91,NaN,NaN,NaN,NaN,NaN,NaN,6,180,NaN,NaN,NaN,NaN,NaN,NaN,NaN,NaN,NaN,30.5949826,3.00047793819185,33.5954605381919,67.1909210763837,30,175.040123057715,22.60713,38.5828352,0.728910779905447,0.531310925062366,0.387278260759494,387.278260759494
0,1,2,NaN,1,Cassegrain,380,64,NaN,NaN,NaN,NaN,NaN,NaN,6,360,NaN,NaN,NaN,NaN,NaN,NaN,NaN,NaN,NaN,15.9645696,51.3041617448203,67.2687313448203,67.2687313448203,648,2800.70048881914,7.86432,13.4217728,0.586826937183945,0.34436585420469,0.202083159493671,202.083159493671
0,2,2,NaN,1,Korsch,700,82,NaN,NaN,NaN,NaN,NaN,NaN,6,180,NaN,NaN,NaN,NaN,NaN,NaN,NaN,NaN,NaN,33.5783112,0.134189369194116,33.7125005691941,67.4250011383882,1,7.43268677971719,16.54104,28.2300416,0.751872013266929,0.565311524334066,0.425041913924051,425.041913924051
0,2,1,NaN,2,Cassegrain,380,37,NaN,NaN,NaN,NaN,NaN,NaN,6,180,NaN,NaN,NaN,NaN,NaN,NaN,NaN,NaN,NaN,2.0565118,31.6561121233188,33.7126239233188,67.4252478466376,1284,5549.53615377127,1.51959,2.5934336,0.296370317104412,0.0878353648605699,0.0260317949367089,26.0317949367089
0,2,2,NaN,3,Cassegrain,720,82,NaN,NaN,NaN,NaN,NaN,NaN,6,180,NaN,NaN,NaN,NaN,NaN,NaN,NaN,NaN,NaN,33.5783112,0.137451694598899,33.7157628945989,67.4315257891978,1,7.61305028159222,16.54104,28.2300416,0.751872013266929,0.565311524334066,0.425041913924051,425.041913924051
0,3,1,NaN,3,Cassegrain,720,82,NaN,NaN,NaN,NaN,NaN,NaN,6,120,NaN,NaN,NaN,NaN,NaN,NaN,NaN,NaN,NaN,22.3855408,0.0916344630659325,22.4771752630659,67.4315257891978,1,7.61305028159222,16.54104,28.2300416,0.656820702771941,0.431413435589826,0.283361275949367,283.361275949367
0,2,1,NaN,1,Korsch,810,94,NaN,NaN,NaN,NaN,NaN,NaN,6,180,NaN,NaN,NaN,NaN,NaN,NaN,NaN,NaN,NaN,33.7217104,0,33.7217104,67.4434208,0,0,24.91752,42.5259008,0.752940805616615,0.566919856762597,0.426857093670886,426.857093670886
0,2,1,NaN,2,Cassegrain,980,94,NaN,NaN,NaN,NaN,NaN,NaN,6,180,NaN,NaN,NaN,NaN,NaN,NaN,NaN,NaN,NaN,33.7217104,0,33.7217104,67.4434208,0,0,24.91752,42.5259008,0.752940805616615,0.566919856762597,0.426857093670886,426.857093670886
0,2,1,NaN,3,Cassegrain,820,94,NaN,NaN,NaN,NaN,NaN,NaN,6,180,NaN,NaN,NaN,NaN,NaN,NaN,NaN,NaN,NaN,33.7217104,0,33.7217104,67.4434208,0,0,24.91752,42.5259008,0.752940805616615,0.566919856762597,0.426857093670886,426.857093670886
0,3,1,NaN,1,Korsch,700,82,NaN,NaN,NaN,NaN,NaN,NaN,6,120,NaN,NaN,NaN,NaN,NaN,NaN,NaN,NaN,NaN,22.3855408,0.179244166459638,22.5647849664596,67.6943548993789,2,14.8653735594344,16.54104,28.2300416,0.656820702771941,0.431413435589826,0.283361275949367,283.361275949367
0,2,1,NaN,2,Korsch,380,30,NaN,NaN,NaN,NaN,NaN,NaN,6,180,NaN,NaN,NaN,NaN,NaN,NaN,NaN,NaN,NaN,1.0962,32.8301119281152,33.9263119281152,67.8526238562304,1584,6846.1567504468,0.81,1.3824,0.240300257111686,0.0577442135679422,0.0138759493670886,13.8759493670886
0,1,2,NaN,1,Cassegrain,610,103,NaN,NaN,NaN,NaN,NaN,NaN,6,360,NaN,NaN,NaN,NaN,NaN,NaN,NaN,NaN,NaN,66.5470743,1.4283923340867,67.9754666340867,67.9754666340867,6,39.6086154188706,32.78181,55.9476224,0.944424602030411,0.891937828920301,0.842368029113924,842.368029113924
0,1,2,NaN,2,TMA,600,103,NaN,NaN,NaN,NaN,NaN,NaN,6,360,NaN,NaN,NaN,NaN,NaN,NaN,NaN,NaN,NaN,66.5470743,1.64502181500923,68.1920961150092,68.1920961150092,7,45.5493549663388,32.78181,55.9476224,0.944424602030411,0.891937828920301,0.842368029113924,842.368029113924
0,1,1,NaN,1,Cassegrain,800,135,NaN,NaN,NaN,NaN,NaN,NaN,6,360,NaN,NaN,NaN,NaN,NaN,NaN,NaN,NaN,NaN,68.398425,0,68.398425,68.398425,0,0,73.81125,62.9856,0.953102634593242,0.908404632068578,0.865802848101266,865.802848101266
0,1,1,NaN,2,TMA,790,135,NaN,NaN,NaN,NaN,NaN,NaN,6,360,NaN,NaN,NaN,NaN,NaN,NaN,NaN,NaN,NaN,68.398425,0,68.398425,68.398425,0,0,73.81125,62.9856,0.953102634593242,0.908404632068578,0.865802848101266,865.802848101266
0,1,2,NaN,1,Korsch,890,104,NaN,NaN,NaN,NaN,NaN,NaN,6,360,NaN,NaN,NaN,NaN,NaN,NaN,NaN,NaN,NaN,68.5042176,0,68.5042176,68.5042176,0,0,33.74592,57.5930368,0.95359377292391,0.909341083759258,0.867141994936709,867.141994936709
0,1,2,NaN,3,Cassegrain,910,104,NaN,NaN,NaN,NaN,NaN,NaN,6,360,NaN,NaN,NaN,NaN,NaN,NaN,NaN,NaN,NaN,68.5042176,0,68.5042176,68.5042176,0,0,33.74592,57.5930368,0.95359377292391,0.909341083759258,0.867141994936709,867.141994936709
0,2,2,NaN,3,Korsch,380,34,NaN,NaN,NaN,NaN,NaN,NaN,6,180,NaN,NaN,NaN,NaN,NaN,NaN,NaN,NaN,NaN,2.3936136,31.9338972512587,34.3275108512587,68.6550217025174,1221,5277.24582846941,1.17912,2.0123648,0.311751810378971,0.0971891912745657,0.0302989063291139,30.2989063291139
0,1,1,NaN,1,Cassegrain,710,119,NaN,NaN,NaN,NaN,NaN,NaN,6,360,NaN,NaN,NaN,NaN,NaN,NaN,NaN,NaN,NaN,68.4174554,0.276748093194519,68.6942034931945,68.6942034931945,1,7.52306317215698,50.55477,86.2801408,0.953191019876353,0.908573120372922,0.866043739240506,866.043739240506
0,1,2,NaN,2,TMA,380,65,NaN,NaN,NaN,NaN,NaN,NaN,6,360,NaN,NaN,NaN,NaN,NaN,NaN,NaN,NaN,NaN,16.7246625,52.2414106636715,68.9660731636715,68.9660731636715,638,2757.47980226329,8.23875,14.0608,0.595996108077444,0.35521136084346,0.211704588607595,211.704588607595
0,2,1,NaN,2,TMA,410,71,NaN,NaN,NaN,NaN,NaN,NaN,6,180,NaN,NaN,NaN,NaN,NaN,NaN,NaN,NaN,NaN,14.5311866,19.9990379514612,34.5302245514612,69.0604491029224,359,1663.13727190821,10.73733,18.3250432,0.568710608497656,0.323431756217774,0.183939070886076,183.939070886076
0,2,1,NaN,2,Cassegrain,990,95,NaN,NaN,NaN,NaN,NaN,NaN,6,180,NaN,NaN,NaN,NaN,NaN,NaN,NaN,NaN,NaN,34.809425,0,34.809425,69.61885,0,0,25.72125,43.8976,0.760950814187005,0.579046141611865,0.440625632911392,440.625632911392
0,2,1,NaN,3,Cassegrain,830,95,NaN,NaN,NaN,NaN,NaN,NaN,6,180,NaN,NaN,NaN,NaN,NaN,NaN,NaN,NaN,NaN,34.809425,0,34.809425,69.61885,0,0,25.72125,43.8976,0.760950814187005,0.579046141611865,0.440625632911392,440.625632911392
0,2,2,NaN,2,Cassegrain,870,83,NaN,NaN,NaN,NaN,NaN,NaN,6,180,NaN,NaN,NaN,NaN,NaN,NaN,NaN,NaN,NaN,34.8218283,0,34.8218283,69.6436566,0,0,17.15361,29.2754944,0.761041184160429,0.579183683988307,0.440782636708861,440.782636708861
0,2,2,NaN,3,Korsch,930,83,NaN,NaN,NaN,NaN,NaN,NaN,6,180,NaN,NaN,NaN,NaN,NaN,NaN,NaN,NaN,NaN,34.8218283,0,34.8218283,69.6436566,0,0,17.15361,29.2754944,0.761041184160429,0.579183683988307,0.440782636708861,440.782636708861
0,2,2,NaN,3,Korsch,940,83,NaN,NaN,NaN,NaN,NaN,NaN,6,180,NaN,NaN,NaN,NaN,NaN,NaN,NaN,NaN,NaN,34.8218283,0,34.8218283,69.6436566,0,0,17.15361,29.2754944,0.761041184160429,0.579183683988307,0.440782636708861,440.782636708861
0,3,1,NaN,2,Cassegrain,870,83,NaN,NaN,NaN,NaN,NaN,NaN,6,120,NaN,NaN,NaN,NaN,NaN,NaN,NaN,NaN,NaN,23.2145522,0,23.2145522,69.6436566,0,0,17.15361,29.2754944,0.66483071134233,0.441999874743949,0.293855091139241,293.85509113924
0,3,1,NaN,3,Korsch,930,83,NaN,NaN,NaN,NaN,NaN,NaN,6,120,NaN,NaN,NaN,NaN,NaN,NaN,NaN,NaN,NaN,23.2145522,0,23.2145522,69.6436566,0,0,17.15361,29.2754944,0.66483071134233,0.441999874743949,0.293855091139241,293.85509113924
0,3,1,NaN,3,Korsch,940,83,NaN,NaN,NaN,NaN,NaN,NaN,6,120,NaN,NaN,NaN,NaN,NaN,NaN,NaN,NaN,NaN,23.2145522,0,23.2145522,69.6436566,0,0,17.15361,29.2754944,0.66483071134233,0.441999874743949,0.293855091139241,293.85509113924
0,1,2,NaN,1,Cassegrain,620,104,NaN,NaN,NaN,NaN,NaN,NaN,6,360,NaN,NaN,NaN,NaN,NaN,NaN,NaN,NaN,NaN,68.5042176,1.2409144983383,69.7451320983383,69.7451320983383,5,33.4770525866725,33.74592,57.5930368,0.95359377292391,0.909341083759258,0.867141994936709,867.141994936709
0,2,1,NaN,1,Cassegrain,550,93,NaN,NaN,NaN,NaN,NaN,NaN,6,180,NaN,NaN,NaN,NaN,NaN,NaN,NaN,NaN,NaN,32.6568942,2.28896805453501,34.945862254535,69.89172450907,21,126.606653125585,24.13071,41.1830784,0.744930797046226,0.554921892387925,0.413378407594937,413.378407594937
0,2,2,NaN,1,Korsch,710,83,NaN,NaN,NaN,NaN,NaN,NaN,6,180,NaN,NaN,NaN,NaN,NaN,NaN,NaN,NaN,NaN,34.8218283,0.140854033919127,34.9626823339191,69.9253646678383,1,7.52306317215698,17.15361,29.2754944,0.761041184160429,0.579183683988307,0.440782636708861,440.782636708861
0,3,1,NaN,1,Korsch,710,83,NaN,NaN,NaN,NaN,NaN,NaN,6,120,NaN,NaN,NaN,NaN,NaN,NaN,NaN,NaN,NaN,23.2145522,0.0939026892794177,23.3084548892794,69.9253646678383,1,7.52306317215698,17.15361,29.2754944,0.66483071134233,0.441999874743949,0.293855091139241,293.85509113924
0,1,1,NaN,1,Cassegrain,810,136,NaN,NaN,NaN,NaN,NaN,NaN,6,360,NaN,NaN,NaN,NaN,NaN,NaN,NaN,NaN,NaN,69.9296768,0,69.9296768,69.9296768,0,0,75.46368,64.3956736,0.960162654108747,0.921912322345153,0.885185782278481,885.185782278481
0,2,1,NaN,1,Refractivo,380,28,NaN,NaN,NaN,NaN,NaN,NaN,6,180,NaN,NaN,NaN,NaN,NaN,NaN,NaN,NaN,NaN,0.8912512,34.1380762392245,35.0293274392245,70.058654878449,1697,7334.55050852791,0.65856,1.1239424,0.224280239970907,0.0503016260414075,0.0112816607594937,11.2816607594937
0,1,1,NaN,2,Korsch,370,29,NaN,NaN,NaN,NaN,NaN,NaN,6,360,NaN,NaN,NaN,NaN,NaN,NaN,NaN,NaN,NaN,0.9901934,69.1884688811423,70.1786622811423,70.1786622811423,2025,8540.63905339285,0.73167,1.2487168,0.232290248541296,0.0539587595673771,0.0125340936708861,12.5340936708861
0,1,1,NaN,2,TMA,700,120,NaN,NaN,NaN,NaN,NaN,NaN,6,360,NaN,NaN,NaN,NaN,NaN,NaN,NaN,NaN,NaN,70.1568,0.280368380667034,70.437168380667,70.437168380667,1,7.43268677971719,51.84,88.4736,0.961201028446743,0.923907417087076,0.888060759493671,888.060759493671
0,1,2,NaN,1,Korsch,900,105,NaN,NaN,NaN,NaN,NaN,NaN,6,360,NaN,NaN,NaN,NaN,NaN,NaN,NaN,NaN,NaN,70.4993625,0,70.4993625,70.4993625,0,0,34.72875,59.2704,0.96276294381741,0.926912485987964,0.892396993670886,892.396993670886
0,1,2,NaN,3,Cassegrain,920,105,NaN,NaN,NaN,NaN,NaN,NaN,6,360,NaN,NaN,NaN,NaN,NaN,NaN,NaN,NaN,NaN,70.4993625,0,70.4993625,70.4993625,0,0,34.72875,59.2704,0.96276294381741,0.926912485987964,0.892396993670886,892.396993670886
0,2,1,NaN,2,TMA,540,93,NaN,NaN,NaN,NaN,NaN,NaN,6,180,NaN,NaN,NaN,NaN,NaN,NaN,NaN,NaN,NaN,32.6568942,2.69555268313701,35.352446883137,70.704893766274,25,148.299817039515,24.13071,41.1830784,0.744930797046226,0.554921892387925,0.413378407594937,413.378407594937
0,2,1,NaN,1,Cassegrain,560,94,NaN,NaN,NaN,NaN,NaN,NaN,6,180,NaN,NaN,NaN,NaN,NaN,NaN,NaN,NaN,NaN,33.7217104,1.93328060476248,35.6549910047625,71.309982009525,17,104.13111582644,24.91752,42.5259008,0.752940805616615,0.566919856762597,0.426857093670886,426.857093670886
0,1,1,NaN,2,TMA,800,137,NaN,NaN,NaN,NaN,NaN,NaN,6,360,NaN,NaN,NaN,NaN,NaN,NaN,NaN,NaN,NaN,71.4836134,0,71.4836134,71.4836134,0,0,77.14059,65.8266368,0.967222673624253,0.935519700372847,0.904855865822785,904.855865822785
0,2,2,NaN,2,Cassegrain,380,37,NaN,NaN,NaN,NaN,NaN,NaN,6,180,NaN,NaN,NaN,NaN,NaN,NaN,NaN,NaN,NaN,3.0847677,32.7612719843719,35.8460396843719,71.6920793687438,1122,4849.36103156648,1.51959,2.5934336,0.339259323059468,0.115096888282769,0.0390476924050633,39.0476924050633
0,1,2,NaN,2,TMA,610,105,NaN,NaN,NaN,NaN,NaN,NaN,6,360,NaN,NaN,NaN,NaN,NaN,NaN,NaN,NaN,NaN,70.4993625,1.25898635334269,71.7583488533427,71.7583488533427,5,33.0071795157255,34.72875,59.2704,0.96276294381741,0.926912485987964,0.892396993670886,892.396993670886
0,2,1,NaN,1,Korsch,820,96,NaN,NaN,NaN,NaN,NaN,NaN,6,180,NaN,NaN,NaN,NaN,NaN,NaN,NaN,NaN,NaN,35.9202816,0,35.9202816,71.8405632,0,0,26.54208,45.2984832,0.768960822757394,0.591300746935728,0.454687108860759,454.687108860759
0,2,1,NaN,2,Cassegrain,1000,96,NaN,NaN,NaN,NaN,NaN,NaN,6,180,NaN,NaN,NaN,NaN,NaN,NaN,NaN,NaN,NaN,35.9202816,0,35.9202816,71.8405632,0,0,26.54208,45.2984832,0.768960822757394,0.591300746935728,0.454687108860759,454.687108860759
0,2,1,NaN,3,Cassegrain,840,96,NaN,NaN,NaN,NaN,NaN,NaN,6,180,NaN,NaN,NaN,NaN,NaN,NaN,NaN,NaN,NaN,35.9202816,0,35.9202816,71.8405632,0,0,26.54208,45.2984832,0.768960822757394,0.591300746935728,0.454687108860759,454.687108860759
0,2,1,NaN,2,TMA,550,94,NaN,NaN,NaN,NaN,NaN,NaN,6,180,NaN,NaN,NaN,NaN,NaN,NaN,NaN,NaN,NaN,33.7217104,2.36360253296473,36.0853129329647,72.1706258659295,21,126.606653125585,24.91752,42.5259008,0.752940805616615,0.566919856762597,0.426857093670886,426.857093670886
0,2,2,NaN,2,Cassegrain,880,84,NaN,NaN,NaN,NaN,NaN,NaN,6,180,NaN,NaN,NaN,NaN,NaN,NaN,NaN,NaN,NaN,36.0956736,0,36.0956736,72.1913472,0,0,17.78112,30.3464448,0.770210355053928,0.593223991032297,0.456907260759494,456.907260759494
0,2,2,NaN,3,Korsch,950,84,NaN,NaN,NaN,NaN,NaN,NaN,6,180,NaN,NaN,NaN,NaN,NaN,NaN,NaN,NaN,NaN,36.0956736,0,36.0956736,72.1913472,0,0,17.78112,30.3464448,0.770210355053928,0.593223991032297,0.456907260759494,456.907260759494
0,3,1,NaN,2,Cassegrain,880,84,NaN,NaN,NaN,NaN,NaN,NaN,6,120,NaN,NaN,NaN,NaN,NaN,NaN,NaN,NaN,NaN,24.0637824,0,24.0637824,72.1913472,0,0,17.78112,30.3464448,0.67284071991272,0.452714634372667,0.304604840506329,304.604840506329
0,3,1,NaN,3,Korsch,950,84,NaN,NaN,NaN,NaN,NaN,NaN,6,120,NaN,NaN,NaN,NaN,NaN,NaN,NaN,NaN,NaN,24.0637824,0,24.0637824,72.1913472,0,0,17.78112,30.3464448,0.67284071991272,0.452714634372667,0.304604840506329,304.604840506329
0,1,1,NaN,1,Cassegrain,720,121,NaN,NaN,NaN,NaN,NaN,NaN,6,360,NaN,NaN,NaN,NaN,NaN,NaN,NaN,NaN,NaN,71.9253766,0.294424125127948,72.2198007251279,72.2198007251279,1,7.61305028159222,53.14683,90.7039232,0.969211037017132,0.939370034275825,0.910447805063291,910.447805063291
0,2,2,NaN,1,Korsch,720,84,NaN,NaN,NaN,NaN,NaN,NaN,6,180,NaN,NaN,NaN,NaN,NaN,NaN,NaN,NaN,NaN,36.0956736,0.147756433444715,36.2434300334447,72.4868600668894,1,7.61305028159222,17.78112,30.3464448,0.770210355053928,0.593223991032297,0.456907260759494,456.907260759494
0,3,1,NaN,1,Korsch,720,84,NaN,NaN,NaN,NaN,NaN,NaN,6,120,NaN,NaN,NaN,NaN,NaN,NaN,NaN,NaN,NaN,24.0637824,0.0985042889631434,24.1622866889631,72.4868600668894,1,7.61305028159222,17.78112,30.3464448,0.67284071991272,0.452714634372667,0.304604840506329,304.604840506329
0,2,2,NaN,3,Cassegrain,730,84,NaN,NaN,NaN,NaN,NaN,NaN,6,180,NaN,NaN,NaN,NaN,NaN,NaN,NaN,NaN,NaN,36.0956736,0.149498685357317,36.2451722853573,72.4903445707146,1,7.7026501615901,17.78112,30.3464448,0.770210355053928,0.593223991032297,0.456907260759494,456.907260759494
0,3,1,NaN,3,Cassegrain,730,84,NaN,NaN,NaN,NaN,NaN,NaN,6,120,NaN,NaN,NaN,NaN,NaN,NaN,NaN,NaN,NaN,24.0637824,0.0996657902382116,24.1634481902382,72.4903445707146,1,7.7026501615901,17.78112,30.3464448,0.67284071991272,0.452714634372667,0.304604840506329,304.604840506329
0,1,2,NaN,1,Korsch,910,106,NaN,NaN,NaN,NaN,NaN,NaN,6,360,NaN,NaN,NaN,NaN,NaN,NaN,NaN,NaN,NaN,72.5328744,0,72.5328744,72.5328744,0,0,35.73048,60.9800192,0.971932114710909,0.944652035606419,0.918137650632911,918.137650632911
0,1,2,NaN,3,Cassegrain,930,106,NaN,NaN,NaN,NaN,NaN,NaN,6,360,NaN,NaN,NaN,NaN,NaN,NaN,NaN,NaN,NaN,72.5328744,0,72.5328744,72.5328744,0,0,35.73048,60.9800192,0.971932114710909,0.944652035606419,0.918137650632911,918.137650632911
0,1,1,NaN,1,Cassegrain,820,138,NaN,NaN,NaN,NaN,NaN,NaN,6,360,NaN,NaN,NaN,NaN,NaN,NaN,NaN,NaN,NaN,73.0604016,0,73.0604016,73.0604016,0,0,78.84216,67.2786432,0.974282693139758,0.94922676615166,0.924815210126582,924.815210126582
0,2,2,NaN,3,Refractivo,380,23,NaN,NaN,NaN,NaN,NaN,NaN,6,180,NaN,NaN,NaN,NaN,NaN,NaN,NaN,NaN,NaN,0.7409703,35.8493131265969,36.5902834265969,73.1805668531938,1805,7801.3339233311,0.36501,0.6229504,0.21089093055048,0.0444749845884475,0.00937937088607595,9.37937088607595
0,1,1,NaN,1,Refractivo,370,28,NaN,NaN,NaN,NaN,NaN,NaN,6,360,NaN,NaN,NaN,NaN,NaN,NaN,NaN,NaN,NaN,0.8912512,72.3767961118545,73.2680473118545,73.2680473118545,2097,8844.30621973571,0.65856,1.1239424,0.224280239970907,0.0503016260414075,0.0112816607594937,11.2816607594937
0,2,1,NaN,3,Cassegrain,380,44,NaN,NaN,NaN,NaN,NaN,NaN,6,180,NaN,NaN,NaN,NaN,NaN,NaN,NaN,NaN,NaN,3.4584704,33.2944784674684,36.7529488674684,73.5058977349368,1080,4667.83414803191,2.55552,4.3614208,0.352440377097139,0.124214219408374,0.0437781063291139,43.7781063291139
0,1,2,NaN,1,Cassegrain,630,106,NaN,NaN,NaN,NaN,NaN,NaN,6,360,NaN,NaN,NaN,NaN,NaN,NaN,NaN,NaN,NaN,72.5328744,1.06415570864196,73.597030108642,73.597030108642,4,27.1559069824252,35.73048,60.9800192,0.971932114710909,0.944652035606419,0.918137650632911,918.137650632911
0,1,1,NaN,1,Cassegrain,370,62,NaN,NaN,NaN,NaN,NaN,NaN,6,360,NaN,NaN,NaN,NaN,NaN,NaN,NaN,NaN,NaN,9.6761168,64.0716526777482,73.7477694777482,73.7477694777482,947,3994.06675731508,7.14984,12.2023936,0.49662053136415,0.246631952172411,0.12248249113924,122.48249113924
0,1,2,NaN,2,TMA,620,106,NaN,NaN,NaN,NaN,NaN,NaN,6,360,NaN,NaN,NaN,NaN,NaN,NaN,NaN,NaN,NaN,72.5328744,1.31389129899515,73.8467656989952,73.8467656989952,5,33.4770525866725,35.73048,60.9800192,0.971932114710909,0.944652035606419,0.918137650632911,918.137650632911
0,1,1,NaN,2,TMA,710,122,NaN,NaN,NaN,NaN,NaN,NaN,6,360,NaN,NaN,NaN,NaN,NaN,NaN,NaN,NaN,NaN,73.7234288,0.298210715743191,74.0216395157432,74.0216395157432,1,7.52306317215698,54.47544,92.9714176,0.977221045587522,0.954960971939169,0.933207959493671,933.207959493671
0,2,1,NaN,1,Korsch,830,97,NaN,NaN,NaN,NaN,NaN,NaN,6,180,NaN,NaN,NaN,NaN,NaN,NaN,NaN,NaN,NaN,37.0545238,0,37.0545238,74.1090476,0,0,27.38019,46.7288576,0.776970831327784,0.603683672734187,0.469044605063291,469.044605063291
0,2,1,NaN,3,Cassegrain,850,97,NaN,NaN,NaN,NaN,NaN,NaN,6,180,NaN,NaN,NaN,NaN,NaN,NaN,NaN,NaN,NaN,37.0545238,0,37.0545238,74.1090476,0,0,27.38019,46.7288576,0.776970831327784,0.603683672734187,0.469044605063291,469.044605063291
0,1,2,NaN,1,Korsch,920,107,NaN,NaN,NaN,NaN,NaN,NaN,6,360,NaN,NaN,NaN,NaN,NaN,NaN,NaN,NaN,NaN,74.6051187,0,74.6051187,74.6051187,0,0,36.75129,62.7222016,0.981101285604408,0.962559732614622,0.94436859113924,944.36859113924
0,1,2,NaN,3,Cassegrain,940,107,NaN,NaN,NaN,NaN,NaN,NaN,6,360,NaN,NaN,NaN,NaN,NaN,NaN,NaN,NaN,NaN,74.6051187,0,74.6051187,74.6051187,0,0,36.75129,62.7222016,0.981101285604408,0.962559732614622,0.94436859113924,944.36859113924
0,1,1,NaN,2,TMA,810,139,NaN,NaN,NaN,NaN,NaN,NaN,6,360,NaN,NaN,NaN,NaN,NaN,NaN,NaN,NaN,NaN,74.6602082,0,74.6602082,74.6602082,0,0,80.56857,68.7518464,0.981342712655263,0.963033519681591,0.945065926582279,945.065926582278
0,2,1,NaN,1,Korsch,380,45,NaN,NaN,NaN,NaN,NaN,NaN,6,180,NaN,NaN,NaN,NaN,NaN,NaN,NaN,NaN,NaN,3.699675,33.6580029756765,37.3576779756765,74.7153559513529,1056,4564.10450029786,2.73375,4.6656,0.360450385667529,0.12992448052787,0.046831329113924,46.831329113924
0,2,1,NaN,1,Cassegrain,400,68,NaN,NaN,NaN,NaN,NaN,NaN,6,180,NaN,NaN,NaN,NaN,NaN,NaN,NaN,NaN,NaN,12.7659392,24.5969742670889,37.3629134670889,74.7258269341778,458,2074.56298838175,9.43296,16.0989184,0.544680582786488,0.296676937264628,0.161594167088608,161.594167088608
0,2,2,NaN,2,Cassegrain,890,85,NaN,NaN,NaN,NaN,NaN,NaN,6,180,NaN,NaN,NaN,NaN,NaN,NaN,NaN,NaN,NaN,37.4002125,0,37.4002125,74.800425,0,0,18.42375,31.4432,0.779379525947427,0.607432445466036,0.473420411392405,473.420411392405
0,2,2,NaN,3,Korsch,960,85,NaN,NaN,NaN,NaN,NaN,NaN,6,180,NaN,NaN,NaN,NaN,NaN,NaN,NaN,NaN,NaN,37.4002125,0,37.4002125,74.800425,0,0,18.42375,31.4432,0.779379525947427,0.607432445466036,0.473420411392405,473.420411392405
0,3,1,NaN,2,Cassegrain,890,85,NaN,NaN,NaN,NaN,NaN,NaN,6,120,NaN,NaN,NaN,NaN,NaN,NaN,NaN,NaN,NaN,24.933475,0,24.933475,74.800425,0,0,18.42375,31.4432,0.680850728483109,0.463557714475981,0.315613607594937,315.613607594937
0,3,1,NaN,3,Korsch,960,85,NaN,NaN,NaN,NaN,NaN,NaN,6,120,NaN,NaN,NaN,NaN,NaN,NaN,NaN,NaN,NaN,24.933475,0,24.933475,74.800425,0,0,18.42375,31.4432,0.680850728483109,0.463557714475981,0.315613607594937,315.613607594937
0,2,2,NaN,1,Korsch,730,85,NaN,NaN,NaN,NaN,NaN,NaN,6,180,NaN,NaN,NaN,NaN,NaN,NaN,NaN,NaN,NaN,37.4002125,0.154901738717914,37.5551142387179,75.1102284774358,1,7.7026501615901,18.42375,31.4432,0.779379525947427,0.607432445466036,0.473420411392405,473.420411392405
0,3,1,NaN,1,Korsch,730,85,NaN,NaN,NaN,NaN,NaN,NaN,6,120,NaN,NaN,NaN,NaN,NaN,NaN,NaN,NaN,NaN,24.933475,0.103267825811943,25.0367428258119,75.1102284774358,1,7.7026501615901,18.42375,31.4432,0.680850728483109,0.463557714475981,0.315613607594937,315.613607594937
0,2,2,NaN,3,Cassegrain,740,85,NaN,NaN,NaN,NaN,NaN,NaN,6,180,NaN,NaN,NaN,NaN,NaN,NaN,NaN,NaN,NaN,37.4002125,0.156699275392803,37.5569117753928,75.1138235507856,1,7.79186485231548,18.42375,31.4432,0.779379525947427,0.607432445466036,0.473420411392405,473.420411392405
0,3,1,NaN,3,Cassegrain,740,85,NaN,NaN,NaN,NaN,NaN,NaN,6,120,NaN,NaN,NaN,NaN,NaN,NaN,NaN,NaN,NaN,24.933475,0.104466183595202,25.0379411835952,75.1138235507856,1,7.79186485231548,18.42375,31.4432,0.680850728483109,0.463557714475981,0.315613607594937,315.613607594937
0,2,1,NaN,1,Cassegrain,570,96,NaN,NaN,NaN,NaN,NaN,NaN,6,180,NaN,NaN,NaN,NaN,NaN,NaN,NaN,NaN,NaN,35.9202816,1.71531105248576,37.6355926524858,75.2711853049715,14,87.0997329429301,26.54208,45.2984832,0.768960822757394,0.591300746935728,0.454687108860759,454.687108860759
0,1,1,NaN,1,Cassegrain,730,123,NaN,NaN,NaN,NaN,NaN,NaN,6,360,NaN,NaN,NaN,NaN,NaN,NaN,NaN,NaN,NaN,75.5512002,0,75.5512002,75.5512002,0,0,55.82601,95.2763904,0.985231054157911,0.970680230077109,0.956344306329114,956.344306329114
0,1,1,NaN,2,TMA,720,123,NaN,NaN,NaN,NaN,NaN,NaN,6,360,NaN,NaN,NaN,NaN,NaN,NaN,NaN,NaN,NaN,75.5512002,0.309266312847522,75.8604665128475,75.8604665128475,1,7.61305028159222,55.82601,95.2763904,0.985231054157911,0.970680230077109,0.956344306329114,956.344306329114
0,2,1,NaN,2,TMA,560,96,NaN,NaN,NaN,NaN,NaN,NaN,6,180,NaN,NaN,NaN,NaN,NaN,NaN,NaN,NaN,NaN,35.9202816,2.05932566620009,37.9796072662001,75.9592145324002,17,104.13111582644,26.54208,45.2984832,0.768960822757394,0.591300746935728,0.454687108860759,454.687108860759
0,1,1,NaN,2,TMA,370,64,NaN,NaN,NaN,NaN,NaN,NaN,6,360,NaN,NaN,NaN,NaN,NaN,NaN,NaN,NaN,NaN,10.6430464,65.5543791726475,76.1974255726475,76.1974255726475,917,3867.53877133889,7.86432,13.4217728,0.512640548504929,0.262800331971435,0.134722106329114,134.722106329114
0,3,1,NaN,3,Cassegrain,390,45,NaN,NaN,NaN,NaN,NaN,NaN,6,120,NaN,NaN,NaN,NaN,NaN,NaN,NaN,NaN,NaN,3.699675,21.7186508114394,25.4183258114394,76.2549774343182,855,3784.29195452698,2.73375,4.6656,0.360450385667529,0.12992448052787,0.046831329113924,46.831329113924
0,1,1,NaN,1,Cassegrain,830,140,NaN,NaN,NaN,NaN,NaN,NaN,6,360,NaN,NaN,NaN,NaN,NaN,NaN,NaN,NaN,NaN,76.2832,0,76.2832,76.2832,0,0,82.32,70.2464,0.988402732170769,0.976939960962641,0.965610126582278,965.610126582278
0,2,1,NaN,1,Korsch,840,98,NaN,NaN,NaN,NaN,NaN,NaN,6,180,NaN,NaN,NaN,NaN,NaN,NaN,NaN,NaN,NaN,38.2123952,0,38.2123952,76.4247904,0,0,28.23576,48.1890304,0.784980839898173,0.616194919007242,0.483701205063291,483.701205063291
0,2,1,NaN,3,Cassegrain,860,98,NaN,NaN,NaN,NaN,NaN,NaN,6,180,NaN,NaN,NaN,NaN,NaN,NaN,NaN,NaN,NaN,38.2123952,0,38.2123952,76.4247904,0,0,28.23576,48.1890304,0.784980839898173,0.616194919007242,0.483701205063291,483.701205063291
0,2,2,NaN,1,Cassegrain,440,74,NaN,NaN,NaN,NaN,NaN,NaN,6,180,NaN,NaN,NaN,NaN,NaN,NaN,NaN,NaN,NaN,24.6781416,13.6463081176425,38.3244497176425,76.6488994352849,169,834.724932179471,12.15672,20.7474688,0.678518646118936,0.460387553131074,0.312381539240506,312.381539240506
0,1,2,NaN,1,Korsch,930,108,NaN,NaN,NaN,NaN,NaN,NaN,6,360,NaN,NaN,NaN,NaN,NaN,NaN,NaN,NaN,NaN,76.7164608,0,76.7164608,76.7164608,0,0,37.79136,64.4972544,0.990270456497907,0.980635577012573,0.971094440506329,971.094440506329
0,2,2,NaN,1,Cassegrain,450,76,NaN,NaN,NaN,NaN,NaN,NaN,6,180,NaN,NaN,NaN,NaN,NaN,NaN,NaN,NaN,NaN,26.7336384,11.6799914400165,38.4136298400165,76.8272596800329,136,685.503358711598,13.16928,22.4755712,0.696856987905935,0.485609661593332,0.338400486075949,338.400486075949
0,2,1,NaN,2,TMA,400,69,NaN,NaN,NaN,NaN,NaN,NaN,6,180,NaN,NaN,NaN,NaN,NaN,NaN,NaN,NaN,NaN,13.3374654,25.0784601052616,38.4159255052616,76.8318510105231,451,2042.85569379949,9.85527,16.8196608,0.552690591356877,0.305466889774414,0.168828675949367,168.828675949367
0,2,2,NaN,1,Cassegrain,470,79,NaN,NaN,NaN,NaN,NaN,NaN,6,180,NaN,NaN,NaN,NaN,NaN,NaN,NaN,NaN,NaN,30.0260751,8.54818121309372,38.5742563130937,77.1485126261874,90,471.748972821106,14.79117,25.2435968,0.724364500586432,0.524703929709831,0.3800769,380.0769
0,1,1,NaN,1,Cassegrain,740,124,NaN,NaN,NaN,NaN,NaN,NaN,6,360,NaN,NaN,NaN,NaN,NaN,NaN,NaN,NaN,NaN,77.4089344,0,77.4089344,77.4089344,0,0,57.19872,97.6191488,0.993241062728301,0.986527808689644,0.979859929113924,979.859929113924
0,2,2,NaN,2,Cassegrain,900,86,NaN,NaN,NaN,NaN,NaN,NaN,6,180,NaN,NaN,NaN,NaN,NaN,NaN,NaN,NaN,NaN,38.7358104,0,38.7358104,77.4716208,0,0,19.08168,32.5660672,0.788548696840926,0.621809047289522,0.490326713924051,490.32671392405
0,2,2,NaN,3,Korsch,970,86,NaN,NaN,NaN,NaN,NaN,NaN,6,180,NaN,NaN,NaN,NaN,NaN,NaN,NaN,NaN,NaN,38.7358104,0,38.7358104,77.4716208,0,0,19.08168,32.5660672,0.788548696840926,0.621809047289522,0.490326713924051,490.32671392405
0,2,2,NaN,3,Cassegrain,750,86,NaN,NaN,NaN,NaN,NaN,NaN,6,180,NaN,NaN,NaN,NaN,NaN,NaN,NaN,NaN,NaN,38.7358104,0,38.7358104,77.4716208,0,0,19.08168,32.5660672,0.788548696840926,0.621809047289522,0.490326713924051,490.32671392405
0,3,1,NaN,2,Cassegrain,900,86,NaN,NaN,NaN,NaN,NaN,NaN,6,120,NaN,NaN,NaN,NaN,NaN,NaN,NaN,NaN,NaN,25.8238736,0,25.8238736,77.4716208,0,0,19.08168,32.5660672,0.688860737053499,0.47452911505389,0.326884475949367,326.884475949367
0,3,1,NaN,3,Korsch,970,86,NaN,NaN,NaN,NaN,NaN,NaN,6,120,NaN,NaN,NaN,NaN,NaN,NaN,NaN,NaN,NaN,25.8238736,0,25.8238736,77.4716208,0,0,19.08168,32.5660672,0.688860737053499,0.47452911505389,0.326884475949367,326.884475949367
0,1,2,NaN,1,Cassegrain,640,108,NaN,NaN,NaN,NaN,NaN,NaN,6,360,NaN,NaN,NaN,NaN,NaN,NaN,NaN,NaN,NaN,76.7164608,0.854374132903357,77.5708349329034,77.5708349329034,3,20.6464103010594,37.79136,64.4972544,0.990270456497907,0.980635577012573,0.971094440506329,971.094440506329
0,2,2,NaN,1,Korsch,740,86,NaN,NaN,NaN,NaN,NaN,NaN,6,180,NaN,NaN,NaN,NaN,NaN,NaN,NaN,NaN,NaN,38.7358104,0.162295158655395,38.8981055586554,77.7962111173108,1,7.79186485231548,19.08168,32.5660672,0.788548696840926,0.621809047289522,0.490326713924051,490.32671392405
0,3,1,NaN,1,Korsch,740,86,NaN,NaN,NaN,NaN,NaN,NaN,6,120,NaN,NaN,NaN,NaN,NaN,NaN,NaN,NaN,NaN,25.8238736,0.10819677243693,25.9320703724369,77.7962111173108,1,7.79186485231548,19.08168,32.5660672,0.688860737053499,0.47452911505389,0.326884475949367,326.884475949367
0,3,1,NaN,3,Cassegrain,750,86,NaN,NaN,NaN,NaN,NaN,NaN,6,120,NaN,NaN,NaN,NaN,NaN,NaN,NaN,NaN,NaN,25.8238736,0.109432647874017,25.933306247874,77.799918743622,1,7.88069638064189,19.08168,32.5660672,0.688860737053499,0.47452911505389,0.326884475949367,326.884475949367
0,1,2,NaN,2,TMA,630,108,NaN,NaN,NaN,NaN,NaN,NaN,6,360,NaN,NaN,NaN,NaN,NaN,NaN,NaN,NaN,NaN,76.7164608,1.12553459906901,77.841995399069,77.841995399069,4,27.1559069824252,37.79136,64.4972544,0.990270456497907,0.980635577012573,0.971094440506329,971.094440506329
0,1,1,NaN,1,Cassegrain,840,141,NaN,NaN,NaN,NaN,NaN,NaN,6,360,NaN,NaN,NaN,NaN,NaN,NaN,NaN,NaN,NaN,77.9295438,0,77.9295438,77.9295438,0,0,84.09663,71.7624576,0.995462751686274,0.990946089994809,0.986449921518987,986.449921518987
0,1,1,NaN,2,TMA,820,141,NaN,NaN,NaN,NaN,NaN,NaN,6,360,NaN,NaN,NaN,NaN,NaN,NaN,NaN,NaN,NaN,77.9295438,0,77.9295438,77.9295438,0,0,84.09663,71.7624576,0.995462751686274,0.990946089994809,0.986449921518987,986.449921518987
0,2,2,NaN,1,Cassegrain,460,78,NaN,NaN,NaN,NaN,NaN,NaN,6,180,NaN,NaN,NaN,NaN,NaN,NaN,NaN,NaN,NaN,28.9002168,10.1014824460531,39.0016992460531,78.0033984921061,110,565.541153753338,14.23656,24.2970624,0.715195329692933,0.511504359614583,0.365825529113924,365.825529113924
0,3,1,NaN,1,Korsch,390,46,NaN,NaN,NaN,NaN,NaN,NaN,6,120,NaN,NaN,NaN,NaN,NaN,NaN,NaN,NaN,NaN,3.9518416,22.0916258985704,26.0434674985704,78.1304024957111,836,3700.19657775972,2.92008,4.9836032,0.368460394237918,0.135763062121962,0.0500233113924051,50.023311392405
0,2,1,NaN,1,Korsch,850,99,NaN,NaN,NaN,NaN,NaN,NaN,6,180,NaN,NaN,NaN,NaN,NaN,NaN,NaN,NaN,NaN,39.3941394,0,39.3941394,78.7882788,0,0,29.10897,49.6793088,0.792990848468563,0.628834485754891,0.498659992405063,498.659992405063
0,2,1,NaN,3,Cassegrain,870,99,NaN,NaN,NaN,NaN,NaN,NaN,6,180,NaN,NaN,NaN,NaN,NaN,NaN,NaN,NaN,NaN,39.3941394,0,39.3941394,78.7882788,0,0,29.10897,49.6793088,0.792990848468563,0.628834485754891,0.498659992405063,498.659992405063
0,1,1,NaN,3,TMA,450,129,NaN,NaN,NaN,NaN,NaN,NaN,6,360,NaN,NaN,NaN,NaN,NaN,NaN,NaN,NaN,NaN,59.6779542,19.1321987575009,78.8101529575009,78.8101529575009,104,524.208450779457,64.40067,54.9552384,0.910742517500209,0.829451933182618,0.755417141772152,755.417141772152
0,1,2,NaN,3,Cassegrain,950,109,NaN,NaN,NaN,NaN,NaN,NaN,6,360,NaN,NaN,NaN,NaN,NaN,NaN,NaN,NaN,NaN,78.8672661,0,78.8672661,78.8672661,0,0,38.85087,66.3054848,0.999439627391406,0.998879568800273,0.998319824050633,998.319824050633
0,1,1,NaN,2,TMA,730,125,NaN,NaN,NaN,NaN,NaN,NaN,6,360,NaN,NaN,NaN,NaN,NaN,NaN,NaN,NaN,NaN,79.296875,0,79.296875,79.296875,0,0,58.59375,100,1.00125107129869,1.00250370777678,1.00375791139241,1003.7579113924
0,2,2,NaN,2,TMA,450,77,NaN,NaN,NaN,NaN,NaN,NaN,6,180,NaN,NaN,NaN,NaN,NaN,NaN,NaN,NaN,NaN,27.8028597,11.9374834363694,39.7403431363694,79.4806862727389,134,675.422426965839,13.69599,23.3744896,0.706026158799434,0.498472936909083,0.351934932911392,351.934932911392
0,1,1,NaN,3,TMA,440,127,NaN,NaN,NaN,NaN,NaN,NaN,6,360,NaN,NaN,NaN,NaN,NaN,NaN,NaN,NaN,NaN,56.9450474,22.6334154739877,79.5784628739877,79.5784628739877,128,632.217700112262,61.45149,52.4386048,0.896622478469198,0.803931868896247,0.720823384810127,720.823384810127
0,2,1,NaN,1,Cassegrain,580,98,NaN,NaN,NaN,NaN,NaN,NaN,6,180,NaN,NaN,NaN,NaN,NaN,NaN,NaN,NaN,NaN,38.2123952,1.58372883639918,39.7961240363992,79.5922480727984,12,75.8044768346299,28.23576,48.1890304,0.784980839898173,0.616194919007242,0.483701205063291,483.701205063291
0,1,1,NaN,2,TMA,830,142,NaN,NaN,NaN,NaN,NaN,NaN,6,360,NaN,NaN,NaN,NaN,NaN,NaN,NaN,NaN,NaN,79.5994064,0,79.5994064,79.5994064,0,0,85.89864,73.3001728,1.00252277120178,1.0050519067781,1.00758742278481,1007.58742278481
0,2,2,NaN,1,Cassegrain,480,81,NaN,NaN,NaN,NaN,NaN,NaN,6,180,NaN,NaN,NaN,NaN,NaN,NaN,NaN,NaN,NaN,32.3647569,7.46033270142843,39.8250896014284,79.6501792028569,73,389.935662040345,15.94323,27.2097792,0.74270284237343,0.551607512069572,0.409680467088608,409.680467088608
0,1,2,NaN,1,Cassegrain,650,109,NaN,NaN,NaN,NaN,NaN,NaN,6,360,NaN,NaN,NaN,NaN,NaN,NaN,NaN,NaN,NaN,78.8672661,0.890225611642615,79.7574917116426,79.7574917116426,3,20.9246782387163,38.85087,66.3054848,0.999439627391406,0.998879568800273,0.998319824050633,998.319824050633
0,3,1,NaN,1,Cassegrain,470,79,NaN,NaN,NaN,NaN,NaN,NaN,6,120,NaN,NaN,NaN,NaN,NaN,NaN,NaN,NaN,NaN,20.0173834,6.63579845828584,26.6531818582858,79.9595455748575,103,539.890491117488,14.79117,25.2435968,0.632790677060772,0.400424040975031,0.2533846,253.3846
0,2,1,NaN,2,TMA,570,98,NaN,NaN,NaN,NaN,NaN,NaN,6,180,NaN,NaN,NaN,NaN,NaN,NaN,NaN,NaN,NaN,38.2123952,1.82476698146247,40.0371621814625,80.0743243629249,14,87.0997329429301,28.23576,48.1890304,0.784980839898173,0.616194919007242,0.483701205063291,483.701205063291
0,2,2,NaN,2,Refractivo,380,21,NaN,NaN,NaN,NaN,NaN,NaN,6,180,NaN,NaN,NaN,NaN,NaN,NaN,NaN,NaN,NaN,0.5639949,39.4883774166925,40.0523723166925,80.104744633385,1977,8544.72973209174,0.27783,0.4741632,0.192552588763482,0.0370764994395186,0.00713917594936709,7.13917594936709
0,2,2,NaN,1,Korsch,750,87,NaN,NaN,NaN,NaN,NaN,NaN,6,180,NaN,NaN,NaN,NaN,NaN,NaN,NaN,NaN,NaN,40.1028327,0,40.1028327,80.2056654,0,0,19.75509,33.7153536,0.797717867734425,0.636353796502758,0.507630793670886,507.630793670886
0,2,2,NaN,2,Cassegrain,910,87,NaN,NaN,NaN,NaN,NaN,NaN,6,180,NaN,NaN,NaN,NaN,NaN,NaN,NaN,NaN,NaN,40.1028327,0,40.1028327,80.2056654,0,0,19.75509,33.7153536,0.797717867734425,0.636353796502758,0.507630793670886,507.630793670886
0,2,2,NaN,3,Korsch,980,87,NaN,NaN,NaN,NaN,NaN,NaN,6,180,NaN,NaN,NaN,NaN,NaN,NaN,NaN,NaN,NaN,40.1028327,0,40.1028327,80.2056654,0,0,19.75509,33.7153536,0.797717867734425,0.636353796502758,0.507630793670886,507.630793670886
0,2,2,NaN,3,Cassegrain,760,87,NaN,NaN,NaN,NaN,NaN,NaN,6,180,NaN,NaN,NaN,NaN,NaN,NaN,NaN,NaN,NaN,40.1028327,0,40.1028327,80.2056654,0,0,19.75509,33.7153536,0.797717867734425,0.636353796502758,0.507630793670886,507.630793670886
0,3,1,NaN,2,Cassegrain,910,87,NaN,NaN,NaN,NaN,NaN,NaN,6,120,NaN,NaN,NaN,NaN,NaN,NaN,NaN,NaN,NaN,26.7352218,0,26.7352218,80.2056654,0,0,19.75509,33.7153536,0.696870745623888,0.485628836106394,0.338420529113924,338.420529113924
0,3,1,NaN,3,Korsch,980,87,NaN,NaN,NaN,NaN,NaN,NaN,6,120,NaN,NaN,NaN,NaN,NaN,NaN,NaN,NaN,NaN,26.7352218,0,26.7352218,80.2056654,0,0,19.75509,33.7153536,0.696870745623888,0.485628836106394,0.338420529113924,338.420529113924
0,3,1,NaN,3,Cassegrain,760,87,NaN,NaN,NaN,NaN,NaN,NaN,6,120,NaN,NaN,NaN,NaN,NaN,NaN,NaN,NaN,NaN,26.7352218,0,26.7352218,80.2056654,0,0,19.75509,33.7153536,0.696870745623888,0.485628836106394,0.338420529113924,338.420529113924
0,1,2,NaN,3,Refractivo,370,23,NaN,NaN,NaN,NaN,NaN,NaN,6,360,NaN,NaN,NaN,NaN,NaN,NaN,NaN,NaN,NaN,0.7409703,79.536907625227,80.277877925227,80.277877925227,2231,9409.46455709603,0.36501,0.6229504,0.21089093055048,0.0444749845884475,0.00937937088607595,9.37937088607595
0,2,2,NaN,1,Cassegrain,430,73,NaN,NaN,NaN,NaN,NaN,NaN,6,180,NaN,NaN,NaN,NaN,NaN,NaN,NaN,NaN,NaN,23.6911353,16.5177276968277,40.2088629968277,80.4177259936554,208,1006.19698083533,11.67051,19.9176704,0.669349475225437,0.448028719984568,0.299887788607595,299.887788607595
0,1,1,NaN,3,TMA,460,132,NaN,NaN,NaN,NaN,NaN,NaN,6,360,NaN,NaN,NaN,NaN,NaN,NaN,NaN,NaN,NaN,63.9391104,16.4968568432906,80.4359672432906,80.4359672432906,84,431.867790138913,68.99904,58.8791808,0.931922576046725,0.868479687745564,0.809355827848101,809.355827848101
0,3,1,NaN,1,Korsch,750,87,NaN,NaN,NaN,NaN,NaN,NaN,6,120,NaN,NaN,NaN,NaN,NaN,NaN,NaN,NaN,NaN,26.7352218,0.113294626452677,26.8485164264527,80.545549279358,1,7.88069638064189,19.75509,33.7153536,0.696870745623888,0.485628836106394,0.338420529113924,338.420529113924
0,2,2,NaN,2,TMA,460,79,NaN,NaN,NaN,NaN,NaN,NaN,6,180,NaN,NaN,NaN,NaN,NaN,NaN,NaN,NaN,NaN,30.0260751,10.2771965718645,40.3032716718645,80.6065433437291,108,555.258587321459,14.79117,25.2435968,0.724364500586432,0.524703929709831,0.3800769,380.0769
0,3,1,NaN,1,Cassegrain,450,76,NaN,NaN,NaN,NaN,NaN,NaN,6,120,NaN,NaN,NaN,NaN,NaN,NaN,NaN,NaN,NaN,17.8224256,9.16758886899798,26.990014468998,80.9700434069939,156,786.312676169186,13.16928,22.4755712,0.608760651349604,0.370589530631594,0.225600324050633,225.600324050633
0,1,2,NaN,1,Korsch,940,110,NaN,NaN,NaN,NaN,NaN,NaN,6,360,NaN,NaN,NaN,NaN,NaN,NaN,NaN,NaN,NaN,81.0579,0,81.0579,81.0579,0,0,39.93,68.1472,1.00860879828491,1.01729170797772,1.02604936708861,1026.04936708861
0,1,2,NaN,3,Cassegrain,960,110,NaN,NaN,NaN,NaN,NaN,NaN,6,360,NaN,NaN,NaN,NaN,NaN,NaN,NaN,NaN,NaN,81.0579,0,81.0579,81.0579,0,0,39.93,68.1472,1.00860879828491,1.01729170797772,1.02604936708861,1026.04936708861
0,2,1,NaN,1,Korsch,860,100,NaN,NaN,NaN,NaN,NaN,NaN,6,180,NaN,NaN,NaN,NaN,NaN,NaN,NaN,NaN,NaN,40.6,0,40.6,81.2,0,0,30,51.2,0.801000857038952,0.641602372977136,0.513924050632911,513.924050632911
0,1,1,NaN,1,Cassegrain,850,143,NaN,NaN,NaN,NaN,NaN,NaN,6,360,NaN,NaN,NaN,NaN,NaN,NaN,NaN,NaN,NaN,81.2929546,0,81.2929546,81.2929546,0,0,87.72621,74.8596992,1.00958279071729,1.0192574113125,1.02902474177215,1029.02474177215
0,3,1,NaN,1,Cassegrain,460,78,NaN,NaN,NaN,NaN,NaN,NaN,6,120,NaN,NaN,NaN,NaN,NaN,NaN,NaN,NaN,NaN,19.2668112,7.87800517057258,27.1448163705726,81.4344491117177,126,647.801685208369,14.23656,24.2970624,0.624780668490383,0.390350883719289,0.243883686075949,243.883686075949
0,3,1,NaN,1,Cassegrain,440,74,NaN,NaN,NaN,NaN,NaN,NaN,6,120,NaN,NaN,NaN,NaN,NaN,NaN,NaN,NaN,NaN,16.4520944,10.7167631667681,27.1688575667681,81.5065727003041,193,953.26575095052,12.15672,20.7474688,0.592740634208825,0.35134145944228,0.208254359493671,208.254359493671
0,2,1,NaN,1,Cassegrain,590,99,NaN,NaN,NaN,NaN,NaN,NaN,6,180,NaN,NaN,NaN,NaN,NaN,NaN,NaN,NaN,NaN,39.3941394,1.37714367661446,40.7712830766145,81.5425661532289,10,64.1225272814245,29.10897,49.6793088,0.792990848468563,0.628834485754891,0.498659992405063,498.659992405063
0,1,2,NaN,2,TMA,640,110,NaN,NaN,NaN,NaN,NaN,NaN,6,360,NaN,NaN,NaN,NaN,NaN,NaN,NaN,NaN,NaN,81.0579,0.902723774080399,81.9606237740804,81.9606237740804,3,20.6464103010594,39.93,68.1472,1.00860879828491,1.01729170797772,1.02604936708861,1026.04936708861
0,3,1,NaN,1,Cassegrain,480,81,NaN,NaN,NaN,NaN,NaN,NaN,6,120,NaN,NaN,NaN,NaN,NaN,NaN,NaN,NaN,NaN,21.5765046,5.80845501477441,27.3849596147744,82.1548788443232,84,448.693090566972,15.94323,27.2097792,0.648810694201551,0.420955316910299,0.273120311392405,273.120311392405
0,2,2,NaN,2,TMA,440,76,NaN,NaN,NaN,NaN,NaN,NaN,6,180,NaN,NaN,NaN,NaN,NaN,NaN,NaN,NaN,NaN,26.7336384,14.3590213971111,41.0926597971111,82.1853195942222,165,814.968129050962,13.16928,22.4755712,0.696856987905935,0.485609661593332,0.338400486075949,338.400486075949
0,2,2,NaN,3,Cassegrain,380,44,NaN,NaN,NaN,NaN,NaN,NaN,6,180,NaN,NaN,NaN,NaN,NaN,NaN,NaN,NaN,NaN,5.1877056,35.9789316633684,41.1666372633684,82.3332745267369,943,4075.71074221675,2.55552,4.3614208,0.403443519313962,0.162766673276435,0.0656671594936709,65.6671594936709
0,2,2,NaN,2,TMA,480,82,NaN,NaN,NaN,NaN,NaN,NaN,6,180,NaN,NaN,NaN,NaN,NaN,NaN,NaN,NaN,NaN,33.5783112,7.62378426646579,41.2020954664658,82.4041909329316,72,384.594077628833,16.54104,28.2300416,0.751872013266929,0.565311524334066,0.425041913924051,425.041913924051
0,2,2,NaN,1,Cassegrain,490,83,NaN,NaN,NaN,NaN,NaN,NaN,6,180,NaN,NaN,NaN,NaN,NaN,NaN,NaN,NaN,NaN,34.8218283,6.49484897430021,41.3166772743002,82.6333545486004,59,321.023312849763,17.15361,29.2754944,0.761041184160429,0.579183683988307,0.440782636708861,440.782636708861
0,1,1,NaN,3,TMA,470,135,NaN,NaN,NaN,NaN,NaN,NaN,6,360,NaN,NaN,NaN,NaN,NaN,NaN,NaN,NaN,NaN,68.398425,14.2908861693595,82.6893111693595,82.6893111693595,68,356.432557242613,73.81125,62.9856,0.953102634593242,0.908404632068578,0.865802848101266,865.802848101266
0,2,2,NaN,2,TMA,470,81,NaN,NaN,NaN,NaN,NaN,NaN,6,180,NaN,NaN,NaN,NaN,NaN,NaN,NaN,NaN,NaN,32.3647569,8.98534789334463,41.3501047933446,82.7002095866893,88,461.26566231397,15.94323,27.2097792,0.74270284237343,0.551607512069572,0.409680467088608,409.680467088608
0,2,2,NaN,1,Cassegrain,420,71,NaN,NaN,NaN,NaN,NaN,NaN,6,180,NaN,NaN,NaN,NaN,NaN,NaN,NaN,NaN,NaN,21.7967799,19.6410702940124,41.4378501940124,82.8757003880249,259,1226.44723384194,10.73733,18.3250432,0.651011133438439,0.423815495860801,0.275908606329114,275.908606329114
0,2,2,NaN,2,Cassegrain,920,88,NaN,NaN,NaN,NaN,NaN,NaN,6,180,NaN,NaN,NaN,NaN,NaN,NaN,NaN,NaN,NaN,41.5016448,0,41.5016448,83.0032896,0,0,20.44416,34.8913664,0.806887038627924,0.651066693105741,0.525337275949367,525.337275949367
0,2,2,NaN,3,Korsch,990,88,NaN,NaN,NaN,NaN,NaN,NaN,6,180,NaN,NaN,NaN,NaN,NaN,NaN,NaN,NaN,NaN,41.5016448,0,41.5016448,83.0032896,0,0,20.44416,34.8913664,0.806887038627924,0.651066693105741,0.525337275949367,525.337275949367
0,2,2,NaN,3,Cassegrain,770,88,NaN,NaN,NaN,NaN,NaN,NaN,6,180,NaN,NaN,NaN,NaN,NaN,NaN,NaN,NaN,NaN,41.5016448,0,41.5016448,83.0032896,0,0,20.44416,34.8913664,0.806887038627924,0.651066693105741,0.525337275949367,525.337275949367
0,3,1,NaN,2,Cassegrain,920,88,NaN,NaN,NaN,NaN,NaN,NaN,6,120,NaN,NaN,NaN,NaN,NaN,NaN,NaN,NaN,NaN,27.6677632,0,27.6677632,83.0032896,0,0,20.44416,34.8913664,0.704880754194278,0.496856877633494,0.350224850632911,350.224850632911
0,3,1,NaN,3,Korsch,990,88,NaN,NaN,NaN,NaN,NaN,NaN,6,120,NaN,NaN,NaN,NaN,NaN,NaN,NaN,NaN,NaN,27.6677632,0,27.6677632,83.0032896,0,0,20.44416,34.8913664,0.704880754194278,0.496856877633494,0.350224850632911,350.224850632911
0,3,1,NaN,3,Cassegrain,770,88,NaN,NaN,NaN,NaN,NaN,NaN,6,120,NaN,NaN,NaN,NaN,NaN,NaN,NaN,NaN,NaN,27.6677632,0,27.6677632,83.0032896,0,0,20.44416,34.8913664,0.704880754194278,0.496856877633494,0.350224850632911,350.224850632911
0,1,1,NaN,2,TMA,840,144,NaN,NaN,NaN,NaN,NaN,NaN,6,360,NaN,NaN,NaN,NaN,NaN,NaN,NaN,NaN,NaN,83.0103552,0,83.0103552,83.0103552,0,0,89.57952,76.4411904,1.01664281023279,1.03356260359803,1.05076398987342,1050.76398987342
0,2,2,NaN,2,TMA,430,74,NaN,NaN,NaN,NaN,NaN,NaN,6,180,NaN,NaN,NaN,NaN,NaN,NaN,NaN,NaN,NaN,24.6781416,16.8929484180443,41.5710900180443,83.1421800360887,205,991.684524380976,12.15672,20.7474688,0.678518646118936,0.460387553131074,0.312381539240506,312.381539240506
0,1,2,NaN,1,Korsch,950,111,NaN,NaN,NaN,NaN,NaN,NaN,6,360,NaN,NaN,NaN,NaN,NaN,NaN,NaN,NaN,NaN,83.2887279,0,83.2887279,83.2887279,0,0,41.02893,70.0227072,1.0177779691784,1.03587199454492,1.05428769493671,1054.28769493671
0,1,2,NaN,3,Cassegrain,970,111,NaN,NaN,NaN,NaN,NaN,NaN,6,360,NaN,NaN,NaN,NaN,NaN,NaN,NaN,NaN,NaN,83.2887279,0,83.2887279,83.2887279,0,0,41.02893,70.0227072,1.0177779691784,1.03587199454492,1.05428769493671,1054.28769493671
0,1,2,NaN,1,Cassegrain,750,126,NaN,NaN,NaN,NaN,NaN,NaN,6,360,NaN,NaN,NaN,NaN,NaN,NaN,NaN,NaN,NaN,83.4156792,0,83.4156792,83.4156792,0,0,60.01128,51.2096256,1.01829481640505,1.0369243331174,1.05589467341772,1055.89467341772
0,2,2,NaN,1,Cassegrain,500,84,NaN,NaN,NaN,NaN,NaN,NaN,6,180,NaN,NaN,NaN,NaN,NaN,NaN,NaN,NaN,NaN,36.0956736,5.62308624767471,41.7187598476747,83.4375196953494,49,271.466061771349,17.78112,30.3464448,0.770210355053928,0.593223991032297,0.456907260759494,456.907260759494
0,2,1,NaN,1,Korsch,870,101,NaN,NaN,NaN,NaN,NaN,NaN,6,180,NaN,NaN,NaN,NaN,NaN,NaN,NaN,NaN,NaN,41.8302206,0,41.8302206,83.6604412,0,0,30.90903,52.7514112,0.809010865609342,0.654498580673976,0.529496463291139,529.496463291139
0,2,1,NaN,3,Cassegrain,880,101,NaN,NaN,NaN,NaN,NaN,NaN,6,180,NaN,NaN,NaN,NaN,NaN,NaN,NaN,NaN,NaN,41.8302206,0,41.8302206,83.6604412,0,0,30.90903,52.7514112,0.809010865609342,0.654498580673976,0.529496463291139,529.496463291139
0,3,1,NaN,2,TMA,450,77,NaN,NaN,NaN,NaN,NaN,NaN,6,120,NaN,NaN,NaN,NaN,NaN,NaN,NaN,NaN,NaN,18.5352398,9.38743447901714,27.9226742790171,83.7680228370514,154,776.231744423427,13.69599,23.3744896,0.616770659919993,0.380406046938144,0.234623288607595,234.623288607595
0,1,2,NaN,1,Cassegrain,660,111,NaN,NaN,NaN,NaN,NaN,NaN,6,360,NaN,NaN,NaN,NaN,NaN,NaN,NaN,NaN,NaN,83.2887279,0.634001917440416,83.9227298174404,83.9227298174404,2,14.1344936673122,41.02893,70.0227072,1.0177779691784,1.03587199454492,1.05428769493671,1054.28769493671
0,3,1,NaN,2,TMA,460,79,NaN,NaN,NaN,NaN,NaN,NaN,6,120,NaN,NaN,NaN,NaN,NaN,NaN,NaN,NaN,NaN,20.0173834,8.03375577689486,28.0511391768949,84.1534175306846,124,637.51911877649,14.79117,25.2435968,0.632790677060772,0.400424040975031,0.2533846,253.3846
0,2,2,NaN,1,Korsch,380,45,NaN,NaN,NaN,NaN,NaN,NaN,6,180,NaN,NaN,NaN,NaN,NaN,NaN,NaN,NaN,NaN,5.5495125,36.5565720541592,42.1060845541592,84.2121691083184,922,3984.94730044946,2.73375,4.6656,0.412612690207461,0.170249232120238,0.0702469936708861,70.2469936708861
0,1,2,NaN,2,TMA,650,111,NaN,NaN,NaN,NaN,NaN,NaN,6,360,NaN,NaN,NaN,NaN,NaN,NaN,NaN,NaN,NaN,83.2887279,0.940133497764452,84.2288613977645,84.2288613977645,3,20.9246782387163,41.02893,70.0227072,1.0177779691784,1.03587199454492,1.05428769493671,1054.28769493671
0,2,1,NaN,2,TMA,580,100,NaN,NaN,NaN,NaN,NaN,NaN,6,180,NaN,NaN,NaN,NaN,NaN,NaN,NaN,NaN,NaN,40.6,1.54007124985763,42.1400712498576,84.2801424997153,11,69.4874370984107,30,51.2,0.801000857038952,0.641602372977136,0.513924050632911,513.924050632911
0,2,1,NaN,3,Refractivo,380,23,NaN,NaN,NaN,NaN,NaN,NaN,6,180,NaN,NaN,NaN,NaN,NaN,NaN,NaN,NaN,NaN,0.4939802,41.838626877867,42.332607077867,84.6652141557341,2066,8929.39384243881,0.36501,0.6229504,0.184230197118959,0.0339407655304905,0.00625291392405063,6.25291392405063
0,1,1,NaN,1,Cassegrain,860,145,NaN,NaN,NaN,NaN,NaN,NaN,6,360,NaN,NaN,NaN,NaN,NaN,NaN,NaN,NaN,NaN,84.751775,0,84.751775,84.751775,0,0,91.45875,78.0448,1.0237028297483,1.04796748363467,1.07280727848101,1072.80727848101
0,3,1,NaN,1,Cassegrain,490,83,NaN,NaN,NaN,NaN,NaN,NaN,6,120,NaN,NaN,NaN,NaN,NaN,NaN,NaN,NaN,NaN,23.2145522,5.05206078932114,28.2666129893211,84.7998389679634,68,369.9929707421,17.15361,29.2754944,0.66483071134233,0.441999874743949,0.293855091139241,293.85509113924
0,3,1,NaN,2,TMA,480,82,NaN,NaN,NaN,NaN,NaN,NaN,6,120,NaN,NaN,NaN,NaN,NaN,NaN,NaN,NaN,NaN,22.3855408,5.94647372788501,28.332014527885,84.996043583655,83,443.351506155461,16.54104,28.2300416,0.656820702771941,0.431413435589826,0.283361275949367,283.361275949367
0,3,1,NaN,1,Cassegrain,500,84,NaN,NaN,NaN,NaN,NaN,NaN,6,120,NaN,NaN,NaN,NaN,NaN,NaN,NaN,NaN,NaN,24.0637824,4.32594786799706,28.3897302679971,85.1691908039912,56,310.246927738684,17.78112,30.3464448,0.67284071991272,0.452714634372667,0.304604840506329,304.604840506329
0,1,2,NaN,2,TMA,740,127,NaN,NaN,NaN,NaN,NaN,NaN,6,360,NaN,NaN,NaN,NaN,NaN,NaN,NaN,NaN,NaN,85.4175711,0,85.4175711,85.4175711,0,0,61.45149,52.4386048,1.02637652129716,1.05344876347006,1.08123507721519,1081.23507721519
0,1,2,NaN,1,Korsch,960,112,NaN,NaN,NaN,NaN,NaN,NaN,6,360,NaN,NaN,NaN,NaN,NaN,NaN,NaN,NaN,NaN,85.5601152,0,85.5601152,85.5601152,0,0,42.14784,71.9323136,1.0269471400719,1.05462042850186,1.08303943291139,1083.03943291139
0,1,2,NaN,3,Cassegrain,980,112,NaN,NaN,NaN,NaN,NaN,NaN,6,360,NaN,NaN,NaN,NaN,NaN,NaN,NaN,NaN,NaN,85.5601152,0,85.5601152,85.5601152,0,0,42.14784,71.9323136,1.0269471400719,1.05462042850186,1.08303943291139,1083.03943291139
0,2,2,NaN,2,TMA,420,72,NaN,NaN,NaN,NaN,NaN,NaN,6,180,NaN,NaN,NaN,NaN,NaN,NaN,NaN,NaN,NaN,22.7308032,20.064290662281,42.795093862281,85.5901877245619,255,1207.50596382121,11.19744,19.1102976,0.660180304331938,0.43583803422781,0.287731686075949,287.731686075949
0,2,2,NaN,2,TMA,490,84,NaN,NaN,NaN,NaN,NaN,NaN,6,180,NaN,NaN,NaN,NaN,NaN,NaN,NaN,NaN,NaN,36.0956736,6.73244226689944,42.8281158668994,85.6562317337989,59,321.023312849763,17.78112,30.3464448,0.770210355053928,0.593223991032297,0.456907260759494,456.907260759494
0,1,1,NaN,3,TMA,480,138,NaN,NaN,NaN,NaN,NaN,NaN,6,360,NaN,NaN,NaN,NaN,NaN,NaN,NaN,NaN,NaN,73.0604016,12.6282440817922,85.6886456817922,85.6886456817922,56,299.128727044648,78.84216,67.2786432,0.974282693139758,0.94922676615166,0.924815210126582,924.815210126582
0,3,1,NaN,2,TMA,470,81,NaN,NaN,NaN,NaN,NaN,NaN,6,120,NaN,NaN,NaN,NaN,NaN,NaN,NaN,NaN,NaN,21.5765046,6.99507240412241,28.5715770041224,85.7147310123672,101,529.407180610352,15.94323,27.2097792,0.648810694201551,0.420955316910299,0.273120311392405,273.120311392405
0,2,2,NaN,1,Korsch,760,89,NaN,NaN,NaN,NaN,NaN,NaN,6,180,NaN,NaN,NaN,NaN,NaN,NaN,NaN,NaN,NaN,42.9326121,0,42.9326121,85.8652242,0,0,21.14907,36.0944128,0.816056209521423,0.665947737098473,0.543450786075949,543.450786075949
0,2,2,NaN,2,Cassegrain,930,89,NaN,NaN,NaN,NaN,NaN,NaN,6,180,NaN,NaN,NaN,NaN,NaN,NaN,NaN,NaN,NaN,42.9326121,0,42.9326121,85.8652242,0,0,21.14907,36.0944128,0.816056209521423,0.665947737098473,0.543450786075949,543.450786075949
0,2,2,NaN,3,Korsch,1000,89,NaN,NaN,NaN,NaN,NaN,NaN,6,180,NaN,NaN,NaN,NaN,NaN,NaN,NaN,NaN,NaN,42.9326121,0,42.9326121,85.8652242,0,0,21.14907,36.0944128,0.816056209521423,0.665947737098473,0.543450786075949,543.450786075949
0,2,2,NaN,3,Cassegrain,780,89,NaN,NaN,NaN,NaN,NaN,NaN,6,180,NaN,NaN,NaN,NaN,NaN,NaN,NaN,NaN,NaN,42.9326121,0,42.9326121,85.8652242,0,0,21.14907,36.0944128,0.816056209521423,0.665947737098473,0.543450786075949,543.450786075949
0,3,1,NaN,1,Korsch,760,89,NaN,NaN,NaN,NaN,NaN,NaN,6,120,NaN,NaN,NaN,NaN,NaN,NaN,NaN,NaN,NaN,28.6217414,0,28.6217414,85.8652242,0,0,21.14907,36.0944128,0.712890762764667,0.508213239635189,0.362300524050633,362.300524050633
0,3,1,NaN,2,Cassegrain,930,89,NaN,NaN,NaN,NaN,NaN,NaN,6,120,NaN,NaN,NaN,NaN,NaN,NaN,NaN,NaN,NaN,28.6217414,0,28.6217414,85.8652242,0,0,21.14907,36.0944128,0.712890762764667,0.508213239635189,0.362300524050633,362.300524050633
0,3,1,NaN,3,Korsch,1000,89,NaN,NaN,NaN,NaN,NaN,NaN,6,120,NaN,NaN,NaN,NaN,NaN,NaN,NaN,NaN,NaN,28.6217414,0,28.6217414,85.8652242,0,0,21.14907,36.0944128,0.712890762764667,0.508213239635189,0.362300524050633,362.300524050633
0,3,1,NaN,3,Cassegrain,780,89,NaN,NaN,NaN,NaN,NaN,NaN,6,120,NaN,NaN,NaN,NaN,NaN,NaN,NaN,NaN,NaN,28.6217414,0,28.6217414,85.8652242,0,0,21.14907,36.0944128,0.712890762764667,0.508213239635189,0.362300524050633,362.300524050633
0,2,1,NaN,1,Cassegrain,600,101,NaN,NaN,NaN,NaN,NaN,NaN,6,180,NaN,NaN,NaN,NaN,NaN,NaN,NaN,NaN,NaN,41.8302206,1.18363264063244,43.0138532406324,86.0277064812649,8,52.0564056758158,30.90903,52.7514112,0.809010865609342,0.654498580673976,0.529496463291139,529.496463291139
0,1,2,NaN,1,Cassegrain,370,62,NaN,NaN,NaN,NaN,NaN,NaN,6,360,NaN,NaN,NaN,NaN,NaN,NaN,NaN,NaN,NaN,14.5141752,71.5850854664528,86.0992606664528,86.0992606664528,827,3487.95481341032,7.14984,12.2023936,0.568488595396947,0.323179283096393,0.183723736708861,183.723736708861
0,2,1,NaN,3,Cassegrain,890,102,NaN,NaN,NaN,NaN,NaN,NaN,6,180,NaN,NaN,NaN,NaN,NaN,NaN,NaN,NaN,NaN,43.0850448,0,43.0850448,86.1700896,0,0,31.83624,54.3338496,0.817020874179731,0.667523108845412,0.545380313924051,545.38031392405
0,2,1,NaN,2,TMA,590,101,NaN,NaN,NaN,NaN,NaN,NaN,6,180,NaN,NaN,NaN,NaN,NaN,NaN,NaN,NaN,NaN,41.8302206,1.31400669270264,43.1442272927026,86.2884545854053,9,57.710274553282,30.90903,52.7514112,0.809010865609342,0.654498580673976,0.529496463291139,529.496463291139
0,1,1,NaN,1,Cassegrain,870,146,NaN,NaN,NaN,NaN,NaN,NaN,6,360,NaN,NaN,NaN,NaN,NaN,NaN,NaN,NaN,NaN,86.5173808,0,86.5173808,86.5173808,0,0,93.36408,79.6706816,1.0307628492638,1.06247205142243,1.09515671898734,1095.15671898734
0,1,1,NaN,2,TMA,850,146,NaN,NaN,NaN,NaN,NaN,NaN,6,360,NaN,NaN,NaN,NaN,NaN,NaN,NaN,NaN,NaN,86.5173808,0,86.5173808,86.5173808,0,0,93.36408,79.6706816,1.0307628492638,1.06247205142243,1.09515671898734,1095.15671898734
0,3,1,NaN,1,Cassegrain,430,73,NaN,NaN,NaN,NaN,NaN,NaN,6,120,NaN,NaN,NaN,NaN,NaN,NaN,NaN,NaN,NaN,15.7940902,13.0945529733732,28.8886431733732,86.6659295201197,238,1151.32154537889,11.67051,19.9176704,0.584730625638435,0.341909904559516,0.199925192405063,199.925192405063
0,3,1,NaN,2,TMA,440,76,NaN,NaN,NaN,NaN,NaN,NaN,6,120,NaN,NaN,NaN,NaN,NaN,NaN,NaN,NaN,NaN,17.8224256,11.2355371202172,29.0579627202172,87.1738881606517,188,928.569747039885,13.16928,22.4755712,0.608760651349604,0.370589530631594,0.225600324050633,225.600324050633
0,2,2,NaN,1,Cassegrain,410,69,NaN,NaN,NaN,NaN,NaN,NaN,6,180,NaN,NaN,NaN,NaN,NaN,NaN,NaN,NaN,NaN,20.0061981,23.6626611697324,43.6688592697325,87.3377185394649,323,1496.36027528232,9.85527,16.8196608,0.632672791651441,0.400274861296027,0.253243013924051,253.243013924051
0,2,2,NaN,1,Cassegrain,510,86,NaN,NaN,NaN,NaN,NaN,NaN,6,180,NaN,NaN,NaN,NaN,NaN,NaN,NaN,NaN,NaN,38.7358104,4.95673463387081,43.6925450338708,87.3850900677416,40,225.549544798232,19.08168,32.5660672,0.788548696840926,0.621809047289522,0.490326713924051,490.32671392405
0,1,2,NaN,1,Cassegrain,760,128,NaN,NaN,NaN,NaN,NaN,NaN,6,360,NaN,NaN,NaN,NaN,NaN,NaN,NaN,NaN,NaN,87.4512384,0,87.4512384,87.4512384,0,0,62.91456,53.6870912,1.03445822618926,1.07010382173063,1.10697770126582,1106.97770126582
0,3,1,NaN,2,TMA,490,84,NaN,NaN,NaN,NaN,NaN,NaN,6,120,NaN,NaN,NaN,NaN,NaN,NaN,NaN,NaN,NaN,24.0637824,5.15281283398369,29.2165952339837,87.6497857019511,67,364.551897642951,17.78112,30.3464448,0.67284071991272,0.452714634372667,0.304604840506329,304.604840506329
0,1,2,NaN,1,Korsch,970,113,NaN,NaN,NaN,NaN,NaN,NaN,6,360,NaN,NaN,NaN,NaN,NaN,NaN,NaN,NaN,NaN,87.8724273,0,87.8724273,87.8724273,0,0,43.28691,73.8763264,1.0361163109654,1.07353700984855,1.11230920632911,1112.30920632911
0,1,2,NaN,3,Cassegrain,990,113,NaN,NaN,NaN,NaN,NaN,NaN,6,360,NaN,NaN,NaN,NaN,NaN,NaN,NaN,NaN,NaN,87.8724273,0,87.8724273,87.8724273,0,0,43.28691,73.8763264,1.0361163109654,1.07353700984855,1.11230920632911,1112.30920632911
0,2,1,NaN,1,Cassegrain,390,66,NaN,NaN,NaN,NaN,NaN,NaN,6,180,NaN,NaN,NaN,NaN,NaN,NaN,NaN,NaN,NaN,11.6723376,32.3793507608214,44.0516883608214,88.1033767216427,583,2580.40024501665,8.62488,14.7197952,0.528660565645709,0.27948199366884,0.14775110886076,147.751108860759
0,1,1,NaN,2,TMA,860,147,NaN,NaN,NaN,NaN,NaN,NaN,6,360,NaN,NaN,NaN,NaN,NaN,NaN,NaN,NaN,NaN,88.3073394,0,88.3073394,88.3073394,0,0,95.29569,81.3189888,1.03782286877931,1.07707630696131,1.11781442278481,1117.81442278481
0,1,2,NaN,2,TMA,660,113,NaN,NaN,NaN,NaN,NaN,NaN,6,360,NaN,NaN,NaN,NaN,NaN,NaN,NaN,NaN,NaN,87.8724273,0.668893484184713,88.5413207841847,88.5413207841847,2,14.1344936673122,43.28691,73.8763264,1.0361163109654,1.07353700984855,1.11230920632911,1112.30920632911
0,1,2,NaN,1,Cassegrain,670,113,NaN,NaN,NaN,NaN,NaN,NaN,6,360,NaN,NaN,NaN,NaN,NaN,NaN,NaN,NaN,NaN,87.8724273,0.677627118934644,88.5500544189346,88.5500544189346,2,14.3184023309896,43.28691,73.8763264,1.0361163109654,1.07353700984855,1.11230920632911,1112.30920632911
0,2,1,NaN,1,Korsch,880,103,NaN,NaN,NaN,NaN,NaN,NaN,6,180,NaN,NaN,NaN,NaN,NaN,NaN,NaN,NaN,NaN,44.3647162,0,44.3647162,88.7294324,0,0,32.78181,55.9476224,0.825030882750121,0.680675957491443,0.561578686075949,561.578686075949
0,2,1,NaN,3,Cassegrain,900,103,NaN,NaN,NaN,NaN,NaN,NaN,6,180,NaN,NaN,NaN,NaN,NaN,NaN,NaN,NaN,NaN,44.3647162,0,44.3647162,88.7294324,0,0,32.78181,55.9476224,0.825030882750121,0.680675957491443,0.561578686075949,561.578686075949
0,2,2,NaN,1,Korsch,770,90,NaN,NaN,NaN,NaN,NaN,NaN,6,180,NaN,NaN,NaN,NaN,NaN,NaN,NaN,NaN,NaN,44.3961,0,44.3961,88.7922,0,0,21.87,37.3248,0.825225380414923,0.680996928480954,0.561975949367089,561.975949367088
0,2,2,NaN,2,Cassegrain,940,90,NaN,NaN,NaN,NaN,NaN,NaN,6,180,NaN,NaN,NaN,NaN,NaN,NaN,NaN,NaN,NaN,44.3961,0,44.3961,88.7922,0,0,21.87,37.3248,0.825225380414923,0.680996928480954,0.561975949367089,561.975949367088
0,2,2,NaN,3,Cassegrain,790,90,NaN,NaN,NaN,NaN,NaN,NaN,6,180,NaN,NaN,NaN,NaN,NaN,NaN,NaN,NaN,NaN,44.3961,0,44.3961,88.7922,0,0,21.87,37.3248,0.825225380414923,0.680996928480954,0.561975949367089,561.975949367088
0,3,1,NaN,1,Korsch,770,90,NaN,NaN,NaN,NaN,NaN,NaN,6,120,NaN,NaN,NaN,NaN,NaN,NaN,NaN,NaN,NaN,29.5974,0,29.5974,88.7922,0,0,21.87,37.3248,0.720900771335057,0.51969792211148,0.374650632911392,374.650632911392
0,3,1,NaN,2,Cassegrain,940,90,NaN,NaN,NaN,NaN,NaN,NaN,6,120,NaN,NaN,NaN,NaN,NaN,NaN,NaN,NaN,NaN,29.5974,0,29.5974,88.7922,0,0,21.87,37.3248,0.720900771335057,0.51969792211148,0.374650632911392,374.650632911392
0,3,1,NaN,3,Cassegrain,790,90,NaN,NaN,NaN,NaN,NaN,NaN,6,120,NaN,NaN,NaN,NaN,NaN,NaN,NaN,NaN,NaN,29.5974,0,29.5974,88.7922,0,0,21.87,37.3248,0.720900771335057,0.51969792211148,0.374650632911392,374.650632911392
0,1,1,NaN,3,TMA,490,141,NaN,NaN,NaN,NaN,NaN,NaN,6,360,NaN,NaN,NaN,NaN,NaN,NaN,NaN,NaN,NaN,77.9295438,10.877372723203,88.8069165232029,88.8069165232029,45,244.848289461684,84.09663,71.7624576,0.995462751686274,0.990946089994809,0.986449921518987,986.449921518987
0,3,1,NaN,1,Cassegrain,510,86,NaN,NaN,NaN,NaN,NaN,NaN,6,120,NaN,NaN,NaN,NaN,NaN,NaN,NaN,NaN,NaN,25.8238736,3.83228095049112,29.6561545504911,88.9684636514733,46,259.381976517967,19.08168,32.5660672,0.688860737053499,0.47452911505389,0.326884475949367,326.884475949367
0,2,2,NaN,2,TMA,500,86,NaN,NaN,NaN,NaN,NaN,NaN,6,180,NaN,NaN,NaN,NaN,NaN,NaN,NaN,NaN,NaN,38.7358104,5.90306572769752,44.6388761276975,89.277752255395,48,265.92593806173,19.08168,32.5660672,0.788548696840926,0.621809047289522,0.490326713924051,490.32671392405
0,3,1,NaN,2,TMA,430,74,NaN,NaN,NaN,NaN,NaN,NaN,6,120,NaN,NaN,NaN,NaN,NaN,NaN,NaN,NaN,NaN,16.4520944,13.3418714755705,29.7939658755705,89.3818976267114,234,1131.97160343975,12.15672,20.7474688,0.592740634208825,0.35134145944228,0.208254359493671,208.254359493671
0,1,2,NaN,1,Cassegrain,770,129,NaN,NaN,NaN,NaN,NaN,NaN,6,360,NaN,NaN,NaN,NaN,NaN,NaN,NaN,NaN,NaN,89.5169313,0,89.5169313,89.5169313,0,0,64.40067,54.9552384,1.04253993108137,1.08688950789914,1.13312571265823,1133.12571265823
0,1,2,NaN,2,TMA,750,129,NaN,NaN,NaN,NaN,NaN,NaN,6,360,NaN,NaN,NaN,NaN,NaN,NaN,NaN,NaN,NaN,89.5169313,0,89.5169313,89.5169313,0,0,64.40067,54.9552384,1.04253993108137,1.08688950789914,1.13312571265823,1133.12571265823
0,1,2,NaN,2,TMA,370,64,NaN,NaN,NaN,NaN,NaN,NaN,6,360,NaN,NaN,NaN,NaN,NaN,NaN,NaN,NaN,NaN,15.9645696,73.7217103972186,89.6862799972186,89.6862799972186,801,3378.29722556428,7.86432,13.4217728,0.586826937183945,0.34436585420469,0.202083159493671,202.083159493671
0,1,1,NaN,1,Cassegrain,880,148,NaN,NaN,NaN,NaN,NaN,NaN,6,360,NaN,NaN,NaN,NaN,NaN,NaN,NaN,NaN,NaN,90.1218176,0,90.1218176,90.1218176,0,0,97.25376,82.9898752,1.04488288829481,1.09178025025131,1.14078250126582,1140.78250126582
0,1,2,NaN,1,Korsch,980,114,NaN,NaN,NaN,NaN,NaN,NaN,6,360,NaN,NaN,NaN,NaN,NaN,NaN,NaN,NaN,NaN,90.2260296,0,90.2260296,90.2260296,0,0,44.44632,75.8550528,1.0452854818589,1.092621738585,1.14210164050633,1142.10164050633
0,1,2,NaN,3,Cassegrain,1000,114,NaN,NaN,NaN,NaN,NaN,NaN,6,360,NaN,NaN,NaN,NaN,NaN,NaN,NaN,NaN,NaN,90.2260296,0,90.2260296,90.2260296,0,0,44.44632,75.8550528,1.0452854818589,1.092621738585,1.14210164050633,1142.10164050633
0,2,1,NaN,2,TMA,390,67,NaN,NaN,NaN,NaN,NaN,NaN,6,180,NaN,NaN,NaN,NaN,NaN,NaN,NaN,NaN,NaN,12.2109778,32.9630237691475,45.1740015691475,90.3480031382951,574,2540.56559286373,9.02289,15.3990656,0.536670574216098,0.288015305229436,0.154569339240506,154.569339240506
0,1,2,NaN,1,Cassegrain,680,114,NaN,NaN,NaN,NaN,NaN,NaN,6,360,NaN,NaN,NaN,NaN,NaN,NaN,NaN,NaN,NaN,90.2260296,0.351729984244993,90.577759584245,90.577759584245,1,7.25075786393154,44.44632,75.8550528,1.0452854818589,1.092621738585,1.14210164050633,1142.10164050633
0,2,1,NaN,1,Cassegrain,610,103,NaN,NaN,NaN,NaN,NaN,NaN,6,180,NaN,NaN,NaN,NaN,NaN,NaN,NaN,NaN,NaN,44.3647162,0.952261556057802,45.3169777560578,90.6339555121156,6,39.6086154188706,32.78181,55.9476224,0.825030882750121,0.680675957491443,0.561578686075949,561.578686075949
0,3,1,NaN,1,Cassegrain,420,71,NaN,NaN,NaN,NaN,NaN,NaN,6,120,NaN,NaN,NaN,NaN,NaN,NaN,NaN,NaN,NaN,14.5311866,15.6891131525711,30.2202997525711,90.6608992577134,296,1401.65398153364,10.73733,18.3250432,0.568710608497656,0.323431756217774,0.183939070886076,183.939070886076
0,3,1,NaN,2,TMA,500,86,NaN,NaN,NaN,NaN,NaN,NaN,6,120,NaN,NaN,NaN,NaN,NaN,NaN,NaN,NaN,NaN,25.8238736,4.553148463629,30.377022063629,91.131066190887,55,304.706804029065,19.08168,32.5660672,0.688860737053499,0.47452911505389,0.326884475949367,326.884475949367
0,2,1,NaN,2,TMA,600,103,NaN,NaN,NaN,NaN,NaN,NaN,6,180,NaN,NaN,NaN,NaN,NaN,NaN,NaN,NaN,NaN,44.3647162,1.25534901402635,45.6200652140263,91.2401304280527,8,52.0564056758158,32.78181,55.9476224,0.825030882750121,0.680675957491443,0.561578686075949,561.578686075949
0,2,1,NaN,1,Korsch,890,104,NaN,NaN,NaN,NaN,NaN,NaN,6,180,NaN,NaN,NaN,NaN,NaN,NaN,NaN,NaN,NaN,45.6694784,0,45.6694784,91.3389568,0,0,33.74592,57.5930368,0.83304089132051,0.69395712661207,0.578094663291139,578.094663291139
0,2,1,NaN,3,Cassegrain,910,104,NaN,NaN,NaN,NaN,NaN,NaN,6,180,NaN,NaN,NaN,NaN,NaN,NaN,NaN,NaN,NaN,45.6694784,0,45.6694784,91.3389568,0,0,33.74592,57.5930368,0.83304089132051,0.69395712661207,0.578094663291139,578.094663291139
0,1,2,NaN,2,TMA,760,130,NaN,NaN,NaN,NaN,NaN,NaN,6,360,NaN,NaN,NaN,NaN,NaN,NaN,NaN,NaN,NaN,91.6149,0,91.6149,91.6149,0,0,65.91,56.2432,1.05062163597347,1.10380582197557,1.15968227848101,1159.68227848101
0,2,2,NaN,1,Korsch,780,91,NaN,NaN,NaN,NaN,NaN,NaN,6,180,NaN,NaN,NaN,NaN,NaN,NaN,NaN,NaN,NaN,45.8924739,0,45.8924739,91.7849478,0,0,22.60713,38.5828352,0.834394551308422,0.696214267253182,0.58091739113924,580.91739113924
0,2,2,NaN,2,Cassegrain,950,91,NaN,NaN,NaN,NaN,NaN,NaN,6,180,NaN,NaN,NaN,NaN,NaN,NaN,NaN,NaN,NaN,45.8924739,0,45.8924739,91.7849478,0,0,22.60713,38.5828352,0.834394551308422,0.696214267253182,0.58091739113924,580.91739113924
0,3,1,NaN,1,Korsch,780,91,NaN,NaN,NaN,NaN,NaN,NaN,6,120,NaN,NaN,NaN,NaN,NaN,NaN,NaN,NaN,NaN,30.5949826,0,30.5949826,91.7849478,0,0,22.60713,38.5828352,0.728910779905447,0.531310925062366,0.387278260759494,387.278260759494
0,3,1,NaN,2,Cassegrain,950,91,NaN,NaN,NaN,NaN,NaN,NaN,6,120,NaN,NaN,NaN,NaN,NaN,NaN,NaN,NaN,NaN,30.5949826,0,30.5949826,91.7849478,0,0,22.60713,38.5828352,0.728910779905447,0.531310925062366,0.387278260759494,387.278260759494
0,2,2,NaN,1,Cassegrain,520,88,NaN,NaN,NaN,NaN,NaN,NaN,6,180,NaN,NaN,NaN,NaN,NaN,NaN,NaN,NaN,NaN,41.5016448,4.41769586952981,45.9193406695298,91.8386813390596,33,189.318366309921,20.44416,34.8913664,0.806887038627924,0.651066693105741,0.525337275949367,525.337275949367
0,1,1,NaN,2,TMA,870,149,NaN,NaN,NaN,NaN,NaN,NaN,6,360,NaN,NaN,NaN,NaN,NaN,NaN,NaN,NaN,NaN,91.9609822,0,91.9609822,91.9609822,0,0,99.23847,84.6834944,1.05194290781032,1.10658388129243,1.16406306582278,1164.06306582278
0,1,1,NaN,3,TMA,500,144,NaN,NaN,NaN,NaN,NaN,NaN,6,360,NaN,NaN,NaN,NaN,NaN,NaN,NaN,NaN,NaN,83.0103552,9.60456287454696,92.6149180745469,92.6149180745469,37,204.984577255917,89.57952,76.4411904,1.01664281023279,1.03356260359803,1.05076398987342,1050.76398987342
0,1,2,NaN,1,Korsch,990,115,NaN,NaN,NaN,NaN,NaN,NaN,6,360,NaN,NaN,NaN,NaN,NaN,NaN,NaN,NaN,NaN,92.6212875,0,92.6212875,92.6212875,0,0,45.62625,77.8688,1.0544546527524,1.11187461471119,1.17242136075949,1172.42136075949
0,3,1,NaN,1,Cassegrain,520,88,NaN,NaN,NaN,NaN,NaN,NaN,6,120,NaN,NaN,NaN,NaN,NaN,NaN,NaN,NaN,NaN,27.6677632,3.32095706022289,30.9887202602229,92.9661607806686,37,212.26604707476,20.44416,34.8913664,0.704880754194278,0.496856877633494,0.350224850632911,350.224850632911
0,2,1,NaN,1,Cassegrain,620,104,NaN,NaN,NaN,NaN,NaN,NaN,6,180,NaN,NaN,NaN,NaN,NaN,NaN,NaN,NaN,NaN,45.6694784,0.827276332225532,46.4967547322255,92.9935094644511,5,33.4770525866725,33.74592,57.5930368,0.83304089132051,0.69395712661207,0.578094663291139,578.094663291139
0,2,2,NaN,2,TMA,410,71,NaN,NaN,NaN,NaN,NaN,NaN,6,180,NaN,NaN,NaN,NaN,NaN,NaN,NaN,NaN,NaN,21.7967799,24.7785349838293,46.5753148838293,93.1506297676585,314,1454.66602612584,10.73733,18.3250432,0.651011133438439,0.423815495860801,0.275908606329114,275.908606329114
0,1,2,NaN,2,TMA,670,115,NaN,NaN,NaN,NaN,NaN,NaN,6,360,NaN,NaN,NaN,NaN,NaN,NaN,NaN,NaN,NaN,92.6212875,0.714247894693611,93.3355353946936,93.3355353946936,2,14.3184023309896,45.62625,77.8688,1.0544546527524,1.11187461471119,1.17242136075949,1172.42136075949
0,2,2,NaN,2,TMA,510,88,NaN,NaN,NaN,NaN,NaN,NaN,6,180,NaN,NaN,NaN,NaN,NaN,NaN,NaN,NaN,NaN,41.5016448,5.1706450267238,46.6722898267238,93.3445796534476,39,219.910806178276,20.44416,34.8913664,0.806887038627924,0.651066693105741,0.525337275949367,525.337275949367
0,2,2,NaN,1,Cassegrain,530,89,NaN,NaN,NaN,NaN,NaN,NaN,6,180,NaN,NaN,NaN,NaN,NaN,NaN,NaN,NaN,NaN,42.9326121,3.77303195604602,46.705644056046,93.411288112092,27,157.536110751944,21.14907,36.0944128,0.816056209521423,0.665947737098473,0.543450786075949,543.450786075949
0,3,1,NaN,2,TMA,420,72,NaN,NaN,NaN,NaN,NaN,NaN,6,120,NaN,NaN,NaN,NaN,NaN,NaN,NaN,NaN,NaN,15.1538688,16.0575676269944,31.2114364269944,93.6343092809831,292,1382.71271151292,11.19744,19.1102976,0.576720617068046,0.332606670151347,0.191821124050633,191.821124050633
0,1,2,NaN,1,Cassegrain,780,131,NaN,NaN,NaN,NaN,NaN,NaN,6,360,NaN,NaN,NaN,NaN,NaN,NaN,NaN,NaN,NaN,93.7453947,0,93.7453947,93.7453947,0,0,67.44273,57.5511296,1.05870334086557,1.12085276395993,1.18665056582278,1186.65056582278
0,1,1,NaN,1,Cassegrain,890,150,NaN,NaN,NaN,NaN,NaN,NaN,6,360,NaN,NaN,NaN,NaN,NaN,NaN,NaN,NaN,NaN,93.825,0,93.825,93.825,0,0,101.25,86.4,1.05900292732582,1.12148720008466,1.1876582278481,1187.6582278481
0,2,1,NaN,1,Korsch,900,105,NaN,NaN,NaN,NaN,NaN,NaN,6,180,NaN,NaN,NaN,NaN,NaN,NaN,NaN,NaN,NaN,46.999575,0,46.999575,93.99915,0,0,34.72875,59.2704,0.8410508998909,0.707366616207292,0.594931329113924,594.931329113924
0,2,1,NaN,3,Cassegrain,920,105,NaN,NaN,NaN,NaN,NaN,NaN,6,180,NaN,NaN,NaN,NaN,NaN,NaN,NaN,NaN,NaN,46.999575,0,46.999575,93.99915,0,0,34.72875,59.2704,0.8410508998909,0.707366616207292,0.594931329113924,594.931329113924
0,3,1,NaN,1,Cassegrain,530,89,NaN,NaN,NaN,NaN,NaN,NaN,6,120,NaN,NaN,NaN,NaN,NaN,NaN,NaN,NaN,NaN,28.6217414,2.90471701197629,31.5264584119763,94.5793752359289,31,180.874793826306,21.14907,36.0944128,0.712890762764667,0.508213239635189,0.362300524050633,362.300524050633
0,2,2,NaN,2,TMA,520,89,NaN,NaN,NaN,NaN,NaN,NaN,6,180,NaN,NaN,NaN,NaN,NaN,NaN,NaN,NaN,NaN,42.9326121,4.42524005109551,47.3578521510955,94.715704302191,32,183.581446118711,21.14907,36.0944128,0.816056209521423,0.665947737098473,0.543450786075949,543.450786075949
0,2,2,NaN,1,Korsch,790,92,NaN,NaN,NaN,NaN,NaN,NaN,6,180,NaN,NaN,NaN,NaN,NaN,NaN,NaN,NaN,NaN,47.4220992,0,47.4220992,94.8441984,0,0,23.36064,39.8688256,0.843563722201921,0.711599753415159,0.600279736708861,600.279736708861
0,2,2,NaN,2,Cassegrain,960,92,NaN,NaN,NaN,NaN,NaN,NaN,6,180,NaN,NaN,NaN,NaN,NaN,NaN,NaN,NaN,NaN,47.4220992,0,47.4220992,94.8441984,0,0,23.36064,39.8688256,0.843563722201921,0.711599753415159,0.600279736708861,600.279736708861
0,2,2,NaN,3,Cassegrain,800,92,NaN,NaN,NaN,NaN,NaN,NaN,6,180,NaN,NaN,NaN,NaN,NaN,NaN,NaN,NaN,NaN,47.4220992,0,47.4220992,94.8441984,0,0,23.36064,39.8688256,0.843563722201921,0.711599753415159,0.600279736708861,600.279736708861
0,3,1,NaN,1,Korsch,790,92,NaN,NaN,NaN,NaN,NaN,NaN,6,120,NaN,NaN,NaN,NaN,NaN,NaN,NaN,NaN,NaN,31.6147328,0,31.6147328,94.8441984,0,0,23.36064,39.8688256,0.736920788475836,0.543052248487848,0.40018649113924,400.18649113924
0,3,1,NaN,2,Cassegrain,960,92,NaN,NaN,NaN,NaN,NaN,NaN,6,120,NaN,NaN,NaN,NaN,NaN,NaN,NaN,NaN,NaN,31.6147328,0,31.6147328,94.8441984,0,0,23.36064,39.8688256,0.736920788475836,0.543052248487848,0.40018649113924,400.18649113924
0,3,1,NaN,3,Cassegrain,800,92,NaN,NaN,NaN,NaN,NaN,NaN,6,120,NaN,NaN,NaN,NaN,NaN,NaN,NaN,NaN,NaN,31.6147328,0,31.6147328,94.8441984,0,0,23.36064,39.8688256,0.736920788475836,0.543052248487848,0.40018649113924,400.18649113924
0,3,1,NaN,2,TMA,510,88,NaN,NaN,NaN,NaN,NaN,NaN,6,120,NaN,NaN,NaN,NaN,NaN,NaN,NaN,NaN,NaN,27.6677632,4.01101992322255,31.6787831232225,95.0363493696676,45,253.743237898011,20.44416,34.8913664,0.704880754194278,0.496856877633494,0.350224850632911,350.224850632911
0,1,2,NaN,1,Korsch,1000,116,NaN,NaN,NaN,NaN,NaN,NaN,6,360,NaN,NaN,NaN,NaN,NaN,NaN,NaN,NaN,NaN,95.0585664,0,95.0585664,95.0585664,0,0,46.82688,79.9178752,1.0636238236459,1.13129563822712,1.20327299240506,1203.27299240506
0,1,2,NaN,1,Cassegrain,690,116,NaN,NaN,NaN,NaN,NaN,NaN,6,360,NaN,NaN,NaN,NaN,NaN,NaN,NaN,NaN,NaN,95.0585664,0.375236139280926,95.4338025392809,95.4338025392809,1,7.34191903720603,46.82688,79.9178752,1.0636238236459,1.13129563822712,1.20327299240506,1203.27299240506
0,1,1,NaN,1,Cassegrain,900,151,NaN,NaN,NaN,NaN,NaN,NaN,6,360,NaN,NaN,NaN,NaN,NaN,NaN,NaN,NaN,NaN,95.7140378,0,95.7140378,95.7140378,0,0,103.28853,88.1395456,1.06606294684133,1.13649020662802,1.21157009873418,1211.57009873418
0,1,1,NaN,2,TMA,880,151,NaN,NaN,NaN,NaN,NaN,NaN,6,360,NaN,NaN,NaN,NaN,NaN,NaN,NaN,NaN,NaN,95.7140378,0,95.7140378,95.7140378,0,0,103.28853,88.1395456,1.06606294684133,1.13649020662802,1.21157009873418,1211.57009873418
0,1,2,NaN,2,TMA,770,132,NaN,NaN,NaN,NaN,NaN,NaN,6,360,NaN,NaN,NaN,NaN,NaN,NaN,NaN,NaN,NaN,95.9086656,0,95.9086656,95.9086656,0,0,68.99904,58.8791808,1.06678504575768,1.13803033385221,1.21403374177215,1214.03374177215
0,2,1,NaN,2,TMA,610,105,NaN,NaN,NaN,NaN,NaN,NaN,6,180,NaN,NaN,NaN,NaN,NaN,NaN,NaN,NaN,NaN,46.999575,1.00881719206299,48.008392192063,96.016784384126,6,39.6086154188706,34.72875,59.2704,0.8410508998909,0.707366616207292,0.594931329113924,594.931329113924
0,3,1,NaN,2,TMA,520,89,NaN,NaN,NaN,NaN,NaN,NaN,6,120,NaN,NaN,NaN,NaN,NaN,NaN,NaN,NaN,NaN,28.6217414,3.43546290645583,32.0572043064558,96.1716129193675,37,212.26604707476,21.14907,36.0944128,0.712890762764667,0.508213239635189,0.362300524050633,362.300524050633
0,1,1,NaN,3,TMA,510,147,NaN,NaN,NaN,NaN,NaN,NaN,6,360,NaN,NaN,NaN,NaN,NaN,NaN,NaN,NaN,NaN,88.3073394,8.35739965394794,96.6647390539479,96.6647390539479,30,169.162158598674,95.29569,81.3189888,1.03782286877931,1.07707630696131,1.11781442278481,1117.81442278481
0,2,1,NaN,1,Korsch,910,106,NaN,NaN,NaN,NaN,NaN,NaN,6,180,NaN,NaN,NaN,NaN,NaN,NaN,NaN,NaN,NaN,48.3552496,0,48.3552496,96.7104992,0,0,35.73048,60.9800192,0.849060908461289,0.72090442627711,0.612091767088607,612.091767088607
0,2,1,NaN,3,Cassegrain,930,106,NaN,NaN,NaN,NaN,NaN,NaN,6,180,NaN,NaN,NaN,NaN,NaN,NaN,NaN,NaN,NaN,48.3552496,0,48.3552496,96.7104992,0,0,35.73048,60.9800192,0.849060908461289,0.72090442627711,0.612091767088607,612.091767088607
0,3,1,NaN,1,Cassegrain,410,69,NaN,NaN,NaN,NaN,NaN,NaN,6,120,NaN,NaN,NaN,NaN,NaN,NaN,NaN,NaN,NaN,13.3374654,19.1876024116362,32.5250678116362,97.5752034349085,370,1714.09690976612,9.85527,16.8196608,0.552690591356877,0.305466889774414,0.168828675949367,168.828675949367
0,1,1,NaN,2,TMA,890,152,NaN,NaN,NaN,NaN,NaN,NaN,6,360,NaN,NaN,NaN,NaN,NaN,NaN,NaN,NaN,NaN,97.6282624,0,97.6282624,97.6282624,0,0,105.35424,89.9022848,1.07312296635683,1.15159290092249,1.23580078987342,1235.80078987342
0,2,1,NaN,2,Refractivo,380,21,NaN,NaN,NaN,NaN,NaN,NaN,6,180,NaN,NaN,NaN,NaN,NaN,NaN,NaN,NaN,NaN,0.3759966,48.4597362708124,48.8357328708124,97.6714657416248,2263,9780.84136758908,0.27783,0.4741632,0.16821017997818,0.0282946646482917,0.00475945063291139,4.75945063291139
0,1,2,NaN,2,TMA,680,117,NaN,NaN,NaN,NaN,NaN,NaN,6,360,NaN,NaN,NaN,NaN,NaN,NaN,NaN,NaN,NaN,97.5382317,0.380235291868872,97.9184669918689,97.9184669918689,1,7.25075786393154,48.04839,82.0025856,1.0727929945394,1.15088480913281,1.23466116075949,1234.66116075949
0,2,2,NaN,1,Korsch,800,93,NaN,NaN,NaN,NaN,NaN,NaN,6,180,NaN,NaN,NaN,NaN,NaN,NaN,NaN,NaN,NaN,48.9853413,0,48.9853413,97.9706826,0,0,24.13071,41.1830784,0.85273289309542,0.727153386966885,0.620067611392405,620.067611392405
0,2,2,NaN,2,Cassegrain,970,93,NaN,NaN,NaN,NaN,NaN,NaN,6,180,NaN,NaN,NaN,NaN,NaN,NaN,NaN,NaN,NaN,48.9853413,0,48.9853413,97.9706826,0,0,24.13071,41.1830784,0.85273289309542,0.727153386966885,0.620067611392405,620.067611392405
0,2,2,NaN,3,Cassegrain,810,93,NaN,NaN,NaN,NaN,NaN,NaN,6,180,NaN,NaN,NaN,NaN,NaN,NaN,NaN,NaN,NaN,48.9853413,0,48.9853413,97.9706826,0,0,24.13071,41.1830784,0.85273289309542,0.727153386966885,0.620067611392405,620.067611392405
0,3,1,NaN,1,Korsch,800,93,NaN,NaN,NaN,NaN,NaN,NaN,6,120,NaN,NaN,NaN,NaN,NaN,NaN,NaN,NaN,NaN,32.6568942,0,32.6568942,97.9706826,0,0,24.13071,41.1830784,0.744930797046226,0.554921892387925,0.413378407594937,413.378407594937
0,3,1,NaN,2,Cassegrain,970,93,NaN,NaN,NaN,NaN,NaN,NaN,6,120,NaN,NaN,NaN,NaN,NaN,NaN,NaN,NaN,NaN,32.6568942,0,32.6568942,97.9706826,0,0,24.13071,41.1830784,0.744930797046226,0.554921892387925,0.413378407594937,413.378407594937
0,3,1,NaN,3,Cassegrain,810,93,NaN,NaN,NaN,NaN,NaN,NaN,6,120,NaN,NaN,NaN,NaN,NaN,NaN,NaN,NaN,NaN,32.6568942,0,32.6568942,97.9706826,0,0,24.13071,41.1830784,0.744930797046226,0.554921892387925,0.413378407594937,413.378407594937
0,1,2,NaN,1,Cassegrain,790,133,NaN,NaN,NaN,NaN,NaN,NaN,6,360,NaN,NaN,NaN,NaN,NaN,NaN,NaN,NaN,NaN,98.1049629,0,98.1049629,98.1049629,0,0,70.57911,60.2275072,1.07486675064978,1.15533853165242,1.24183497341772,1241.83497341772
0,2,1,NaN,1,Cassegrain,630,106,NaN,NaN,NaN,NaN,NaN,NaN,6,180,NaN,NaN,NaN,NaN,NaN,NaN,NaN,NaN,NaN,48.3552496,0.709437139094639,49.0646867390946,98.1293734781893,4,27.1559069824252,35.73048,60.9800192,0.849060908461289,0.72090442627711,0.612091767088607,612.091767088607
0,2,2,NaN,1,Cassegrain,400,68,NaN,NaN,NaN,NaN,NaN,NaN,6,180,NaN,NaN,NaN,NaN,NaN,NaN,NaN,NaN,NaN,19.1489088,29.9226448685255,49.0715536685255,98.143107337051,400,1811.84540470022,9.43296,16.0989184,0.623503620757941,0.388756765098263,0.242391250632911,242.391250632911
0,2,2,NaN,1,Cassegrain,540,91,NaN,NaN,NaN,NaN,NaN,NaN,6,180,NaN,NaN,NaN,NaN,NaN,NaN,NaN,NaN,NaN,45.8924739,3.31887037838642,49.2113442783864,98.4226885567728,22,130.503838994773,22.60713,38.5828352,0.834394551308422,0.696214267253182,0.58091739113924,580.91739113924
0,2,1,NaN,2,TMA,620,106,NaN,NaN,NaN,NaN,NaN,NaN,6,180,NaN,NaN,NaN,NaN,NaN,NaN,NaN,NaN,NaN,48.3552496,0.875927532663436,49.2311771326634,98.4623542653269,5,33.4770525866725,35.73048,60.9800192,0.849060908461289,0.72090442627711,0.612091767088607,612.091767088607
0,1,1,NaN,3,TMA,520,149,NaN,NaN,NaN,NaN,NaN,NaN,6,360,NaN,NaN,NaN,NaN,NaN,NaN,NaN,NaN,NaN,91.9609822,7.33216007709056,99.2931422770906,99.2931422770906,25,143.423004780243,99.23847,84.6834944,1.05194290781032,1.10658388129243,1.16406306582278,1164.06306582278
0,3,1,NaN,1,Cassegrain,540,91,NaN,NaN,NaN,NaN,NaN,NaN,6,120,NaN,NaN,NaN,NaN,NaN,NaN,NaN,NaN,NaN,30.5949826,2.52535917631629,33.1203417763163,99.3610253289489,25,148.299817039515,22.60713,38.5828352,0.728910779905447,0.531310925062366,0.387278260759494,387.278260759494
0,2,1,NaN,1,Korsch,920,107,NaN,NaN,NaN,NaN,NaN,NaN,6,180,NaN,NaN,NaN,NaN,NaN,NaN,NaN,NaN,NaN,49.7367458,0,49.7367458,99.4734916,0,0,36.75129,62.7222016,0.857070917031679,0.734570556821523,0.629579060759494,629.579060759493
0,2,1,NaN,3,Cassegrain,940,107,NaN,NaN,NaN,NaN,NaN,NaN,6,180,NaN,NaN,NaN,NaN,NaN,NaN,NaN,NaN,NaN,49.7367458,0,49.7367458,99.4734916,0,0,36.75129,62.7222016,0.857070917031679,0.734570556821523,0.629579060759494,629.579060759493
0,2,2,NaN,2,TMA,530,91,NaN,NaN,NaN,NaN,NaN,NaN,6,180,NaN,NaN,NaN,NaN,NaN,NaN,NaN,NaN,NaN,45.8924739,3.87818291539056,49.7706568153906,99.5413136307811,26,151.701439983353,22.60713,38.5828352,0.834394551308422,0.696214267253182,0.58091739113924,580.91739113924
0,1,1,NaN,1,Cassegrain,910,153,NaN,NaN,NaN,NaN,NaN,NaN,6,360,NaN,NaN,NaN,NaN,NaN,NaN,NaN,NaN,NaN,99.5678406,0,99.5678406,99.5678406,0,0,107.44731,91.6883712,1.08018298587234,1.16679528296808,1.26035241265823,1260.35241265823
0,3,1,NaN,3,Korsch,380,34,NaN,NaN,NaN,NaN,NaN,NaN,6,120,NaN,NaN,NaN,NaN,NaN,NaN,NaN,NaN,NaN,1.5957424,31.7156727222717,33.3114151222717,99.934245366815,1398,6042.25198050797,1.17912,2.0123648,0.272340291393244,0.0741692343161569,0.020199270886076,20.1992708860759
0,1,2,NaN,2,TMA,780,134,NaN,NaN,NaN,NaN,NaN,NaN,6,360,NaN,NaN,NaN,NaN,NaN,NaN,NaN,NaN,NaN,100.3345368,0,100.3345368,100.3345368,0,0,72.18312,61.5962624,1.08294845554188,1.17277735736055,1.2700574278481,1270.0574278481
0,1,2,NaN,2,TMA,690,118,NaN,NaN,NaN,NaN,NaN,NaN,6,360,NaN,NaN,NaN,NaN,NaN,NaN,NaN,NaN,NaN,100.0606488,0.39498146218263,100.455630262183,100.455630262183,1,7.34191903720603,49.29096,84.1232384,1.0819621654329,1.17064212742825,1.26659049113924,1266.59049113924
0,1,2,NaN,1,Cassegrain,700,118,NaN,NaN,NaN,NaN,NaN,NaN,6,360,NaN,NaN,NaN,NaN,NaN,NaN,NaN,NaN,NaN,100.0606488,0.399873455923714,100.460522255924,100.460522255924,1,7.43268677971719,49.29096,84.1232384,1.0819621654329,1.17064212742825,1.26659049113924,1266.59049113924
0,3,1,NaN,2,TMA,530,91,NaN,NaN,NaN,NaN,NaN,NaN,6,120,NaN,NaN,NaN,NaN,NaN,NaN,NaN,NaN,NaN,30.5949826,3.00047793819185,33.5954605381919,100.786381614576,30,175.040123057715,22.60713,38.5828352,0.728910779905447,0.531310925062366,0.387278260759494,387.278260759494
0,2,2,NaN,2,TMA,400,69,NaN,NaN,NaN,NaN,NaN,NaN,6,180,NaN,NaN,NaN,NaN,NaN,NaN,NaN,NaN,NaN,20.0061981,30.5605814785155,50.5667795785155,101.133559157031,394,1784.66772362971,9.85527,16.8196608,0.632672791651441,0.400274861296027,0.253243013924051,253.243013924051
0,3,1,NaN,2,Cassegrain,380,37,NaN,NaN,NaN,NaN,NaN,NaN,6,120,NaN,NaN,NaN,NaN,NaN,NaN,NaN,NaN,NaN,2.0565118,31.6561121233188,33.7126239233188,101.137871769956,1284,5549.53615377127,1.51959,2.5934336,0.296370317104412,0.0878353648605699,0.0260317949367089,26.0317949367089
0,2,2,NaN,1,Korsch,810,94,NaN,NaN,NaN,NaN,NaN,NaN,6,180,NaN,NaN,NaN,NaN,NaN,NaN,NaN,NaN,NaN,50.5825656,0,50.5825656,101.1651312,0,0,24.91752,42.5259008,0.861902063988919,0.742875167908359,0.640285640506329,640.285640506329
0,2,2,NaN,2,Cassegrain,980,94,NaN,NaN,NaN,NaN,NaN,NaN,6,180,NaN,NaN,NaN,NaN,NaN,NaN,NaN,NaN,NaN,50.5825656,0,50.5825656,101.1651312,0,0,24.91752,42.5259008,0.861902063988919,0.742875167908359,0.640285640506329,640.285640506329
0,2,2,NaN,3,Cassegrain,820,94,NaN,NaN,NaN,NaN,NaN,NaN,6,180,NaN,NaN,NaN,NaN,NaN,NaN,NaN,NaN,NaN,50.5825656,0,50.5825656,101.1651312,0,0,24.91752,42.5259008,0.861902063988919,0.742875167908359,0.640285640506329,640.285640506329
0,3,1,NaN,1,Korsch,810,94,NaN,NaN,NaN,NaN,NaN,NaN,6,120,NaN,NaN,NaN,NaN,NaN,NaN,NaN,NaN,NaN,33.7217104,0,33.7217104,101.1651312,0,0,24.91752,42.5259008,0.752940805616615,0.566919856762597,0.426857093670886,426.857093670886
0,3,1,NaN,2,Cassegrain,980,94,NaN,NaN,NaN,NaN,NaN,NaN,6,120,NaN,NaN,NaN,NaN,NaN,NaN,NaN,NaN,NaN,33.7217104,0,33.7217104,101.1651312,0,0,24.91752,42.5259008,0.752940805616615,0.566919856762597,0.426857093670886,426.857093670886
0,3,1,NaN,3,Cassegrain,820,94,NaN,NaN,NaN,NaN,NaN,NaN,6,120,NaN,NaN,NaN,NaN,NaN,NaN,NaN,NaN,NaN,33.7217104,0,33.7217104,101.1651312,0,0,24.91752,42.5259008,0.752940805616615,0.566919856762597,0.426857093670886,426.857093670886
0,1,1,NaN,2,TMA,900,154,NaN,NaN,NaN,NaN,NaN,NaN,6,360,NaN,NaN,NaN,NaN,NaN,NaN,NaN,NaN,NaN,101.5329392,0,101.5329392,101.5329392,0,0,109.56792,93.4979584,1.08724300538785,1.1820973527648,1.28522707848101,1285.22707848101
0,3,1,NaN,2,Korsch,380,30,NaN,NaN,NaN,NaN,NaN,NaN,6,120,NaN,NaN,NaN,NaN,NaN,NaN,NaN,NaN,NaN,1.0962,32.8301119281152,33.9263119281152,101.778935784346,1584,6846.1567504468,0.81,1.3824,0.240300257111686,0.0577442135679422,0.0138759493670886,13.8759493670886
0,1,2,NaN,1,Korsch,360,42,NaN,NaN,NaN,NaN,NaN,NaN,6,360,NaN,NaN,NaN,NaN,NaN,NaN,NaN,NaN,NaN,4.5119592,97.7535621642636,102.265521364264,102.265521364264,1510,6210.12039463692,2.22264,3.7933056,0.385105177526964,0.148305997758074,0.0571134075949367,57.1134075949367
0,2,1,NaN,1,Korsch,930,108,NaN,NaN,NaN,NaN,NaN,NaN,6,180,NaN,NaN,NaN,NaN,NaN,NaN,NaN,NaN,NaN,51.1443072,0,51.1443072,102.2886144,0,0,37.79136,64.4972544,0.865080925602068,0.748365007840531,0.647396293670886,647.396293670886
0,1,2,NaN,3,Cassegrain,360,41,NaN,NaN,NaN,NaN,NaN,NaN,6,360,NaN,NaN,NaN,NaN,NaN,NaN,NaN,NaN,NaN,4.1972889,98.3002689048095,102.49755780481,102.49755780481,1547,6362.28890761808,2.06763,3.5287552,0.375936006633465,0.141327881083516,0.0531302392405063,53.1302392405063
0,1,2,NaN,1,Cassegrain,800,135,NaN,NaN,NaN,NaN,NaN,NaN,6,360,NaN,NaN,NaN,NaN,NaN,NaN,NaN,NaN,NaN,102.5976375,0,102.5976375,102.5976375,0,0,73.81125,62.9856,1.09103016043399,1.19034681097661,1.2987042721519,1298.7042721519
0,1,2,NaN,2,TMA,790,135,NaN,NaN,NaN,NaN,NaN,NaN,6,360,NaN,NaN,NaN,NaN,NaN,NaN,NaN,NaN,NaN,102.5976375,0,102.5976375,102.5976375,0,0,73.81125,62.9856,1.09103016043399,1.19034681097661,1.2987042721519,1298.7042721519
0,1,2,NaN,1,Cassegrain,710,119,NaN,NaN,NaN,NaN,NaN,NaN,6,360,NaN,NaN,NaN,NaN,NaN,NaN,NaN,NaN,NaN,102.6261831,0.415122139791778,103.041305239792,103.041305239792,1,7.52306317215698,50.55477,86.2801408,1.0911313363264,1.19056759311343,1.29906560886076,1299.06560886076
0,1,1,NaN,1,Cassegrain,920,155,NaN,NaN,NaN,NaN,NaN,NaN,6,360,NaN,NaN,NaN,NaN,NaN,NaN,NaN,NaN,NaN,103.523725,0,103.523725,103.523725,0,0,111.71625,95.3312,1.09430302490335,1.19749911031262,1.31042689873418,1310.42689873418
0,3,1,NaN,2,TMA,410,71,NaN,NaN,NaN,NaN,NaN,NaN,6,120,NaN,NaN,NaN,NaN,NaN,NaN,NaN,NaN,NaN,14.5311866,19.9990379514612,34.5302245514612,103.590673654384,359,1663.13727190821,10.73733,18.3250432,0.568710608497656,0.323431756217774,0.183939070886076,183.939070886076
0,2,1,NaN,2,TMA,630,108,NaN,NaN,NaN,NaN,NaN,NaN,6,180,NaN,NaN,NaN,NaN,NaN,NaN,NaN,NaN,NaN,51.1443072,0.750356399379342,51.8946635993793,103.789327198759,4,27.1559069824252,37.79136,64.4972544,0.865080925602068,0.748365007840531,0.647396293670886,647.396293670886
0,2,1,NaN,1,Cassegrain,640,108,NaN,NaN,NaN,NaN,NaN,NaN,6,180,NaN,NaN,NaN,NaN,NaN,NaN,NaN,NaN,NaN,51.1443072,0.760722280681472,51.9050294806815,103.810058961363,4,27.5285470680792,37.79136,64.4972544,0.865080925602068,0.748365007840531,0.647396293670886,647.396293670886
0,2,2,NaN,1,Cassegrain,550,93,NaN,NaN,NaN,NaN,NaN,NaN,6,180,NaN,NaN,NaN,NaN,NaN,NaN,NaN,NaN,NaN,48.9853413,2.92987883856834,51.9152201385683,103.830440277137,18,108.519988393358,24.13071,41.1830784,0.85273289309542,0.727153386966885,0.620067611392405,620.067611392405
0,1,1,NaN,3,Refractivo,370,23,NaN,NaN,NaN,NaN,NaN,NaN,6,360,NaN,NaN,NaN,NaN,NaN,NaN,NaN,NaN,NaN,0.4939802,103.36981437133,103.86379457133,103.86379457133,2553,10767.5316065738,0.36501,0.6229504,0.184230197118959,0.0339407655304905,0.00625291392405063,6.25291392405063
0,1,1,NaN,3,TMA,530,152,NaN,NaN,NaN,NaN,NaN,NaN,6,360,NaN,NaN,NaN,NaN,NaN,NaN,NaN,NaN,NaN,97.6282624,6.29172266806088,103.919985068061,103.919985068061,20,116.69341537181,105.35424,89.9022848,1.07312296635683,1.15159290092249,1.23580078987342,1235.80078987342
0,2,2,NaN,2,Cassegrain,990,95,NaN,NaN,NaN,NaN,NaN,NaN,6,180,NaN,NaN,NaN,NaN,NaN,NaN,NaN,NaN,NaN,52.2141375,0,52.2141375,104.428275,0,0,25.72125,43.8976,0.871071234882418,0.758765096239581,0.660938449367089,660.938449367089
0,2,2,NaN,3,Cassegrain,830,95,NaN,NaN,NaN,NaN,NaN,NaN,6,180,NaN,NaN,NaN,NaN,NaN,NaN,NaN,NaN,NaN,52.2141375,0,52.2141375,104.428275,0,0,25.72125,43.8976,0.871071234882418,0.758765096239581,0.660938449367089,660.938449367089
0,3,1,NaN,2,Cassegrain,990,95,NaN,NaN,NaN,NaN,NaN,NaN,6,120,NaN,NaN,NaN,NaN,NaN,NaN,NaN,NaN,NaN,34.809425,0,34.809425,104.428275,0,0,25.72125,43.8976,0.760950814187005,0.579046141611865,0.440625632911392,440.625632911392
0,3,1,NaN,3,Cassegrain,830,95,NaN,NaN,NaN,NaN,NaN,NaN,6,120,NaN,NaN,NaN,NaN,NaN,NaN,NaN,NaN,NaN,34.809425,0,34.809425,104.428275,0,0,25.72125,43.8976,0.760950814187005,0.579046141611865,0.440625632911392,440.625632911392
0,3,1,NaN,1,Cassegrain,550,93,NaN,NaN,NaN,NaN,NaN,NaN,6,120,NaN,NaN,NaN,NaN,NaN,NaN,NaN,NaN,NaN,32.6568942,2.28896805453501,34.945862254535,104.837586763605,21,126.606653125585,24.13071,41.1830784,0.744930797046226,0.554921892387925,0.413378407594937,413.378407594937
0,1,2,NaN,1,Cassegrain,810,136,NaN,NaN,NaN,NaN,NaN,NaN,6,360,NaN,NaN,NaN,NaN,NaN,NaN,NaN,NaN,NaN,104.8945152,0,104.8945152,104.8945152,0,0,75.46368,64.3956736,1.09911186532609,1.2080468925006,1.32777867341772,1327.77867341772
0,1,2,NaN,2,Refractivo,370,20,NaN,NaN,NaN,NaN,NaN,NaN,6,360,NaN,NaN,NaN,NaN,NaN,NaN,NaN,NaN,NaN,0.4872,104.513244398473,105.000444398473,105.000444398473,2565,10818.1428009643,0.24,0.4096,0.183383417869983,0.0336294779496767,0.00616708860759494,6.16708860759494
0,2,2,NaN,2,TMA,540,93,NaN,NaN,NaN,NaN,NaN,NaN,6,180,NaN,NaN,NaN,NaN,NaN,NaN,NaN,NaN,NaN,48.9853413,3.54254160649463,52.5278829064946,105.055765812989,22,130.503838994773,24.13071,41.1830784,0.85273289309542,0.727153386966885,0.620067611392405,620.067611392405
0,3,1,NaN,1,Refractivo,380,28,NaN,NaN,NaN,NaN,NaN,NaN,6,120,NaN,NaN,NaN,NaN,NaN,NaN,NaN,NaN,NaN,0.8912512,34.1380762392245,35.0293274392245,105.087982317674,1697,7334.55050852791,0.65856,1.1239424,0.224280239970907,0.0503016260414075,0.0112816607594937,11.2816607594937
0,2,1,NaN,3,Cassegrain,950,109,NaN,NaN,NaN,NaN,NaN,NaN,6,180,NaN,NaN,NaN,NaN,NaN,NaN,NaN,NaN,NaN,52.5781774,0,52.5781774,105.1563548,0,0,38.85087,66.3054848,0.873090934172458,0.762287779334135,0.665546549367089,665.546549367088
0,1,1,NaN,1,Cassegrain,930,156,NaN,NaN,NaN,NaN,NaN,NaN,6,360,NaN,NaN,NaN,NaN,NaN,NaN,NaN,NaN,NaN,105.5403648,0,105.5403648,105.5403648,0,0,113.89248,97.1882496,1.10136304441886,1.21300055561157,1.33595398481013,1335.95398481013
0,1,1,NaN,2,TMA,910,156,NaN,NaN,NaN,NaN,NaN,NaN,6,360,NaN,NaN,NaN,NaN,NaN,NaN,NaN,NaN,NaN,105.5403648,0,105.5403648,105.5403648,0,0,113.89248,97.1882496,1.10136304441886,1.21300055561157,1.33595398481013,1335.95398481013
0,1,2,NaN,2,TMA,700,120,NaN,NaN,NaN,NaN,NaN,NaN,6,360,NaN,NaN,NaN,NaN,NaN,NaN,NaN,NaN,NaN,105.2352,0.420552571000552,105.655752571001,105.655752571001,1,7.43268677971719,51.84,88.4736,1.1003005072199,1.21066120618836,1.33209113924051,1332.09113924051
0,1,1,NaN,1,Korsch,360,42,NaN,NaN,NaN,NaN,NaN,NaN,6,360,NaN,NaN,NaN,NaN,NaN,NaN,NaN,NaN,NaN,3.0079728,102.95776507698,105.96573787698,105.96573787698,1729,7110.79348498492,2.22264,3.7933056,0.33642035995636,0.113178658593167,0.0380756050632911,38.0756050632911
0,3,1,NaN,2,TMA,540,93,NaN,NaN,NaN,NaN,NaN,NaN,6,120,NaN,NaN,NaN,NaN,NaN,NaN,NaN,NaN,NaN,32.6568942,2.69555268313701,35.352446883137,106.057340649411,25,148.299817039515,24.13071,41.1830784,0.744930797046226,0.554921892387925,0.413378407594937,413.378407594937
0,2,2,NaN,1,Cassegrain,560,94,NaN,NaN,NaN,NaN,NaN,NaN,6,180,NaN,NaN,NaN,NaN,NaN,NaN,NaN,NaN,NaN,50.5825656,2.55105736272721,53.1336229627272,106.267245925454,15,91.8803963174469,24.91752,42.5259008,0.861902063988919,0.742875167908359,0.640285640506329,640.285640506329
0,2,1,NaN,1,Cassegrain,650,109,NaN,NaN,NaN,NaN,NaN,NaN,6,180,NaN,NaN,NaN,NaN,NaN,NaN,NaN,NaN,NaN,52.5781774,0.593483741095076,53.1716611410951,106.34332228219,3,20.9246782387163,38.85087,66.3054848,0.873090934172458,0.762287779334135,0.665546549367089,665.546549367088
0,3,1,NaN,1,Cassegrain,560,94,NaN,NaN,NaN,NaN,NaN,NaN,6,120,NaN,NaN,NaN,NaN,NaN,NaN,NaN,NaN,NaN,33.7217104,1.93328060476248,35.6549910047625,106.964973014287,17,104.13111582644,24.91752,42.5259008,0.752940805616615,0.566919856762597,0.426857093670886,426.857093670886
0,2,2,NaN,2,TMA,550,94,NaN,NaN,NaN,NaN,NaN,NaN,6,180,NaN,NaN,NaN,NaN,NaN,NaN,NaN,NaN,NaN,50.5825656,3.0254109621144,53.6079765621144,107.215953124229,18,108.519988393358,24.91752,42.5259008,0.861902063988919,0.742875167908359,0.640285640506329,640.285640506329
0,1,2,NaN,2,TMA,800,137,NaN,NaN,NaN,NaN,NaN,NaN,6,360,NaN,NaN,NaN,NaN,NaN,NaN,NaN,NaN,NaN,107.2254201,0,107.2254201,107.2254201,0,0,77.14059,65.8266368,1.10719357021819,1.22587760193251,1.35728379873418,1357.28379873418
0,1,1,NaN,3,Cassegrain,360,41,NaN,NaN,NaN,NaN,NaN,NaN,6,360,NaN,NaN,NaN,NaN,NaN,NaN,NaN,NaN,NaN,2.7981926,104.469643443501,107.267836043501,107.267836043501,1771,7283.52531053111,2.06763,3.5287552,0.32841035138597,0.107853358897457,0.0354201594936709,35.4201594936709
0,2,2,NaN,1,Korsch,820,96,NaN,NaN,NaN,NaN,NaN,NaN,6,180,NaN,NaN,NaN,NaN,NaN,NaN,NaN,NaN,NaN,53.8804224,0,53.8804224,107.7608448,0,0,26.54208,45.2984832,0.880240405775917,0.774823171960551,0.682030663291139,682.030663291139
0,2,2,NaN,2,Cassegrain,1000,96,NaN,NaN,NaN,NaN,NaN,NaN,6,180,NaN,NaN,NaN,NaN,NaN,NaN,NaN,NaN,NaN,53.8804224,0,53.8804224,107.7608448,0,0,26.54208,45.2984832,0.880240405775917,0.774823171960551,0.682030663291139,682.030663291139
0,2,2,NaN,3,Cassegrain,840,96,NaN,NaN,NaN,NaN,NaN,NaN,6,180,NaN,NaN,NaN,NaN,NaN,NaN,NaN,NaN,NaN,53.8804224,0,53.8804224,107.7608448,0,0,26.54208,45.2984832,0.880240405775917,0.774823171960551,0.682030663291139,682.030663291139
0,3,1,NaN,1,Korsch,820,96,NaN,NaN,NaN,NaN,NaN,NaN,6,120,NaN,NaN,NaN,NaN,NaN,NaN,NaN,NaN,NaN,35.9202816,0,35.9202816,107.7608448,0,0,26.54208,45.2984832,0.768960822757394,0.591300746935728,0.454687108860759,454.687108860759
0,3,1,NaN,2,Cassegrain,1000,96,NaN,NaN,NaN,NaN,NaN,NaN,6,120,NaN,NaN,NaN,NaN,NaN,NaN,NaN,NaN,NaN,35.9202816,0,35.9202816,107.7608448,0,0,26.54208,45.2984832,0.768960822757394,0.591300746935728,0.454687108860759,454.687108860759
0,3,1,NaN,3,Cassegrain,840,96,NaN,NaN,NaN,NaN,NaN,NaN,6,120,NaN,NaN,NaN,NaN,NaN,NaN,NaN,NaN,NaN,35.9202816,0,35.9202816,107.7608448,0,0,26.54208,45.2984832,0.768960822757394,0.591300746935728,0.454687108860759,454.687108860759
0,1,2,NaN,1,Cassegrain,720,121,NaN,NaN,NaN,NaN,NaN,NaN,6,360,NaN,NaN,NaN,NaN,NaN,NaN,NaN,NaN,NaN,107.8880649,0,107.8880649,107.8880649,0,0,53.14683,90.7039232,1.1094696781134,1.23092296665304,1.36567170759494,1365.67170759494
0,2,1,NaN,1,Korsch,940,110,NaN,NaN,NaN,NaN,NaN,NaN,6,180,NaN,NaN,NaN,NaN,NaN,NaN,NaN,NaN,NaN,54.0386,0,54.0386,108.0772,0,0,39.93,68.1472,0.881100942742847,0.776338871302335,0.684032911392405,684.032911392405
0,2,1,NaN,3,Cassegrain,960,110,NaN,NaN,NaN,NaN,NaN,NaN,6,180,NaN,NaN,NaN,NaN,NaN,NaN,NaN,NaN,NaN,54.0386,0,54.0386,108.0772,0,0,39.93,68.1472,0.881100942742847,0.776338871302335,0.684032911392405,684.032911392405
0,3,1,NaN,2,TMA,550,94,NaN,NaN,NaN,NaN,NaN,NaN,6,120,NaN,NaN,NaN,NaN,NaN,NaN,NaN,NaN,NaN,33.7217104,2.36360253296473,36.0853129329647,108.255938798894,21,126.606653125585,24.91752,42.5259008,0.752940805616615,0.566919856762597,0.426857093670886,426.857093670886
0,1,2,NaN,2,Cassegrain,360,35,NaN,NaN,NaN,NaN,NaN,NaN,6,360,NaN,NaN,NaN,NaN,NaN,NaN,NaN,NaN,NaN,2.6110875,106.308408512327,108.919496012327,108.919496012327,1813,7456.2571360773,1.28625,2.1952,0.32092098127247,0.102990276220885,0.0330517405063291,33.0517405063291
0,1,1,NaN,3,TMA,540,155,NaN,NaN,NaN,NaN,NaN,NaN,6,360,NaN,NaN,NaN,NaN,NaN,NaN,NaN,NaN,NaN,103.523725,5.74305560612805,109.266780606128,109.266780606128,17,100.84387558687,111.71625,95.3312,1.09430302490335,1.19749911031262,1.31042689873418,1310.42689873418
0,1,1,NaN,1,Cassegrain,360,61,NaN,NaN,NaN,NaN,NaN,NaN,6,360,NaN,NaN,NaN,NaN,NaN,NaN,NaN,NaN,NaN,9.2154286,100.252797347127,109.468225947127,109.468225947127,1190,4894.06839047545,6.80943,11.6214272,0.488610522793761,0.238740242984792,0.116650994936709,116.650994936709
0,1,2,NaN,1,Cassegrain,820,138,NaN,NaN,NaN,NaN,NaN,NaN,6,360,NaN,NaN,NaN,NaN,NaN,NaN,NaN,NaN,NaN,109.5906024,0,109.5906024,109.5906024,0,0,78.84216,67.2786432,1.1152752751103,1.24383893927235,1.38722281518987,1387.22281518987
0,1,1,NaN,1,Cassegrain,940,158,NaN,NaN,NaN,NaN,NaN,NaN,6,360,NaN,NaN,NaN,NaN,NaN,NaN,NaN,NaN,NaN,109.6518736,0,109.6518736,109.6518736,0,0,118.32936,100.9743872,1.11548308344987,1.24430250946283,1.3879984,1387.9984
0,1,1,NaN,2,TMA,920,158,NaN,NaN,NaN,NaN,NaN,NaN,6,360,NaN,NaN,NaN,NaN,NaN,NaN,NaN,NaN,NaN,109.6518736,0,109.6518736,109.6518736,0,0,118.32936,100.9743872,1.11548308344987,1.24430250946283,1.3879984,1387.9984
0,2,1,NaN,2,TMA,640,110,NaN,NaN,NaN,NaN,NaN,NaN,6,180,NaN,NaN,NaN,NaN,NaN,NaN,NaN,NaN,NaN,54.0386,0.803772096786439,54.8423720967864,109.684744193573,4,27.5285470680792,39.93,68.1472,0.881100942742847,0.776338871302335,0.684032911392405,684.032911392405
0,2,1,NaN,1,Cassegrain,380,64,NaN,NaN,NaN,NaN,NaN,NaN,6,180,NaN,NaN,NaN,NaN,NaN,NaN,NaN,NaN,NaN,10.6430464,44.2678084582284,54.9108548582284,109.821709716457,742,3206.97494244414,7.86432,13.4217728,0.512640548504929,0.262800331971435,0.134722106329114,134.722106329114
0,3,1,NaN,3,Cassegrain,380,44,NaN,NaN,NaN,NaN,NaN,NaN,6,120,NaN,NaN,NaN,NaN,NaN,NaN,NaN,NaN,NaN,3.4584704,33.2944784674684,36.7529488674684,110.258846602405,1080,4667.83414803191,2.55552,4.3614208,0.352440377097139,0.124214219408374,0.0437781063291139,43.7781063291139
0,1,1,NaN,2,TMA,360,62,NaN,NaN,NaN,NaN,NaN,NaN,6,360,NaN,NaN,NaN,NaN,NaN,NaN,NaN,NaN,NaN,9.6761168,100.92870757116,110.60482437116,110.60482437116,1171,4815.92780272836,7.14984,12.2023936,0.49662053136415,0.246631952172411,0.12248249113924,122.48249113924
0,1,1,NaN,3,TMA,430,124,NaN,NaN,NaN,NaN,NaN,NaN,6,360,NaN,NaN,NaN,NaN,NaN,NaN,NaN,NaN,NaN,77.4089344,33.3419245431574,110.750858943157,110.750858943157,140,677.247967869935,57.19872,97.6191488,0.993241062728301,0.986527808689644,0.979859929113924,979.859929113924
0,1,2,NaN,2,TMA,710,122,NaN,NaN,NaN,NaN,NaN,NaN,6,360,NaN,NaN,NaN,NaN,NaN,NaN,NaN,NaN,NaN,110.5851432,0.447316073614787,111.032459273615,111.032459273615,1,7.52306317215698,54.47544,92.9714176,1.11863884900689,1.25135287450747,1.39981193924051,1399.81193924051
0,2,1,NaN,1,Korsch,950,111,NaN,NaN,NaN,NaN,NaN,NaN,6,180,NaN,NaN,NaN,NaN,NaN,NaN,NaN,NaN,NaN,55.5258186,0,55.5258186,111.0516372,0,0,41.02893,70.0227072,0.889110951313237,0.790518283745129,0.702858463291139,702.858463291139
0,2,1,NaN,3,Cassegrain,970,111,NaN,NaN,NaN,NaN,NaN,NaN,6,180,NaN,NaN,NaN,NaN,NaN,NaN,NaN,NaN,NaN,55.5258186,0,55.5258186,111.0516372,0,0,41.02893,70.0227072,0.889110951313237,0.790518283745129,0.702858463291139,702.858463291139
0,1,1,NaN,3,TMA,420,121,NaN,NaN,NaN,NaN,NaN,NaN,6,360,NaN,NaN,NaN,NaN,NaN,NaN,NaN,NaN,NaN,71.9253766,39.1490249016157,111.074401501616,111.074401501616,174,823.945245901534,53.14683,90.7039232,0.969211037017132,0.939370034275825,0.910447805063291,910.447805063291
0,2,2,NaN,1,Korsch,830,97,NaN,NaN,NaN,NaN,NaN,NaN,6,180,NaN,NaN,NaN,NaN,NaN,NaN,NaN,NaN,NaN,55.5817857,0,55.5817857,111.1635714,0,0,27.38019,46.7288576,0.889409576669416,0.791049395071271,0.703566907594937,703.566907594937
0,2,2,NaN,3,Cassegrain,850,97,NaN,NaN,NaN,NaN,NaN,NaN,6,180,NaN,NaN,NaN,NaN,NaN,NaN,NaN,NaN,NaN,55.5817857,0,55.5817857,111.1635714,0,0,27.38019,46.7288576,0.889409576669416,0.791049395071271,0.703566907594937,703.566907594937
0,3,1,NaN,1,Korsch,830,97,NaN,NaN,NaN,NaN,NaN,NaN,6,120,NaN,NaN,NaN,NaN,NaN,NaN,NaN,NaN,NaN,37.0545238,0,37.0545238,111.1635714,0,0,27.38019,46.7288576,0.776970831327784,0.603683672734187,0.469044605063291,469.044605063291
0,3,1,NaN,3,Cassegrain,850,97,NaN,NaN,NaN,NaN,NaN,NaN,6,120,NaN,NaN,NaN,NaN,NaN,NaN,NaN,NaN,NaN,37.0545238,0,37.0545238,111.1635714,0,0,27.38019,46.7288576,0.776970831327784,0.603683672734187,0.469044605063291,469.044605063291
0,2,1,NaN,1,Cassegrain,750,126,NaN,NaN,NaN,NaN,NaN,NaN,6,180,NaN,NaN,NaN,NaN,NaN,NaN,NaN,NaN,NaN,55.6104528,0,55.6104528,111.2209056,0,0,60.01128,51.2096256,0.889562458953692,0.791321368379739,0.703929782278481,703.929782278481
0,1,1,NaN,2,TMA,930,159,NaN,NaN,NaN,NaN,NaN,NaN,6,360,NaN,NaN,NaN,NaN,NaN,NaN,NaN,NaN,NaN,111.7470762,0,111.7470762,111.7470762,0,0,120.59037,102.9037824,1.12254310296537,1.26010301801513,1.41451995189873,1414.51995189873
0,2,1,NaN,1,Cassegrain,660,111,NaN,NaN,NaN,NaN,NaN,NaN,6,180,NaN,NaN,NaN,NaN,NaN,NaN,NaN,NaN,NaN,55.5258186,0.422667944960277,55.9484865449603,111.896973089921,2,14.1344936673122,41.02893,70.0227072,0.889110951313237,0.790518283745129,0.702858463291139,702.858463291139
0,1,2,NaN,2,TMA,810,139,NaN,NaN,NaN,NaN,NaN,NaN,6,360,NaN,NaN,NaN,NaN,NaN,NaN,NaN,NaN,NaN,111.9903123,0,111.9903123,111.9903123,0,0,80.56857,68.7518464,1.1233569800024,1.26193090452012,1.41759888987342,1417.59888987342
0,3,1,NaN,1,Korsch,380,45,NaN,NaN,NaN,NaN,NaN,NaN,6,120,NaN,NaN,NaN,NaN,NaN,NaN,NaN,NaN,NaN,3.699675,33.6580029756765,37.3576779756765,112.073033927029,1056,4564.10450029786,2.73375,4.6656,0.360450385667529,0.12992448052787,0.046831329113924,46.831329113924
0,3,1,NaN,1,Cassegrain,400,68,NaN,NaN,NaN,NaN,NaN,NaN,6,120,NaN,NaN,NaN,NaN,NaN,NaN,NaN,NaN,NaN,12.7659392,24.5969742670889,37.3629134670889,112.088740401267,458,2074.56298838175,9.43296,16.0989184,0.544680582786488,0.296676937264628,0.161594167088608,161.594167088608
0,2,2,NaN,1,Cassegrain,390,66,NaN,NaN,NaN,NaN,NaN,NaN,6,180,NaN,NaN,NaN,NaN,NaN,NaN,NaN,NaN,NaN,17.5085064,38.5516011404539,56.0601075404539,112.120215080908,509,2252.87088287045,8.62488,14.7197952,0.605165278970943,0.36622501487198,0.221626663291139,221.626663291139
0,2,2,NaN,1,Cassegrain,570,96,NaN,NaN,NaN,NaN,NaN,NaN,6,180,NaN,NaN,NaN,NaN,NaN,NaN,NaN,NaN,NaN,53.8804224,2.19867182032236,56.0790942203224,112.158188440645,12,74.656913951083,26.54208,45.2984832,0.880240405775917,0.774823171960551,0.682030663291139,682.030663291139
0,2,1,NaN,2,TMA,650,111,NaN,NaN,NaN,NaN,NaN,NaN,6,180,NaN,NaN,NaN,NaN,NaN,NaN,NaN,NaN,NaN,55.5258186,0.626755665176302,56.1525742651763,112.305148530353,3,20.9246782387163,41.02893,70.0227072,0.889110951313237,0.790518283745129,0.702858463291139,702.858463291139
0,2,1,NaN,2,TMA,380,65,NaN,NaN,NaN,NaN,NaN,NaN,6,180,NaN,NaN,NaN,NaN,NaN,NaN,NaN,NaN,NaN,11.149775,45.0308767637778,56.1806517637778,112.361303527556,731,3159.43218723271,8.23875,14.0608,0.520650557075319,0.27107700258284,0.141136392405063,141.136392405063
0,1,1,NaN,3,TMA,410,118,NaN,NaN,NaN,NaN,NaN,NaN,6,360,NaN,NaN,NaN,NaN,NaN,NaN,NaN,NaN,NaN,66.7070992,46.1856223312018,112.892721531202,112.892721531202,216,1000.66197975536,49.29096,84.1232384,0.945181011305964,0.893367144133364,0.844393660759494,844.393660759493
0,3,1,NaN,1,Cassegrain,570,96,NaN,NaN,NaN,NaN,NaN,NaN,6,120,NaN,NaN,NaN,NaN,NaN,NaN,NaN,NaN,NaN,35.9202816,1.71531105248576,37.6355926524858,112.906777957457,14,87.0997329429301,26.54208,45.2984832,0.768960822757394,0.591300746935728,0.454687108860759,454.687108860759
0,2,2,NaN,2,TMA,560,96,NaN,NaN,NaN,NaN,NaN,NaN,6,180,NaN,NaN,NaN,NaN,NaN,NaN,NaN,NaN,NaN,53.8804224,2.71737992408934,56.5978023240893,113.195604648179,15,91.8803963174469,26.54208,45.2984832,0.880240405775917,0.774823171960551,0.682030663291139,682.030663291139
0,1,2,NaN,1,Cassegrain,730,123,NaN,NaN,NaN,NaN,NaN,NaN,6,360,NaN,NaN,NaN,NaN,NaN,NaN,NaN,NaN,NaN,113.3268003,0,113.3268003,113.3268003,0,0,55.82601,95.2763904,1.12780801990039,1.27195092975165,1.43451645949367,1434.51645949367
0,1,2,NaN,2,TMA,720,123,NaN,NaN,NaN,NaN,NaN,NaN,6,360,NaN,NaN,NaN,NaN,NaN,NaN,NaN,NaN,NaN,113.3268003,0,113.3268003,113.3268003,0,0,55.82601,95.2763904,1.12780801990039,1.27195092975165,1.43451645949367,1434.51645949367
0,1,1,NaN,1,Cassegrain,950,160,NaN,NaN,NaN,NaN,NaN,NaN,6,360,NaN,NaN,NaN,NaN,NaN,NaN,NaN,NaN,NaN,113.8688,0,113.8688,113.8688,0,0,122.88,104.8576,1.12960312248088,1.27600321431855,1.44137721518987,1441.37721518987
0,2,1,NaN,2,TMA,740,127,NaN,NaN,NaN,NaN,NaN,NaN,6,180,NaN,NaN,NaN,NaN,NaN,NaN,NaN,NaN,NaN,56.9450474,0,56.9450474,113.8900948,0,0,61.45149,52.4386048,0.896622478469198,0.803931868896247,0.720823384810127,720.823384810127
0,3,1,NaN,2,TMA,560,96,NaN,NaN,NaN,NaN,NaN,NaN,6,120,NaN,NaN,NaN,NaN,NaN,NaN,NaN,NaN,NaN,35.9202816,2.05932566620009,37.9796072662001,113.9388217986,17,104.13111582644,26.54208,45.2984832,0.768960822757394,0.591300746935728,0.454687108860759,454.687108860759
0,2,1,NaN,1,Korsch,960,112,NaN,NaN,NaN,NaN,NaN,NaN,6,180,NaN,NaN,NaN,NaN,NaN,NaN,NaN,NaN,NaN,57.0400768,0,57.0400768,114.0801536,0,0,42.14784,71.9323136,0.897120959883627,0.804826016662519,0.722026288607595,722.026288607595
0,2,1,NaN,3,Cassegrain,980,112,NaN,NaN,NaN,NaN,NaN,NaN,6,180,NaN,NaN,NaN,NaN,NaN,NaN,NaN,NaN,NaN,57.0400768,0,57.0400768,114.0801536,0,0,42.14784,71.9323136,0.897120959883627,0.804826016662519,0.722026288607595,722.026288607595
0,1,2,NaN,3,TMA,450,129,NaN,NaN,NaN,NaN,NaN,NaN,6,360,NaN,NaN,NaN,NaN,NaN,NaN,NaN,NaN,NaN,89.5169313,24.6970318209676,114.213963120968,114.213963120968,91,458.682394432025,64.40067,54.9552384,1.04253993108137,1.08688950789914,1.13312571265823,1133.12571265823
0,1,2,NaN,1,Cassegrain,830,140,NaN,NaN,NaN,NaN,NaN,NaN,6,360,NaN,NaN,NaN,NaN,NaN,NaN,NaN,NaN,NaN,114.4248,0,114.4248,114.4248,0,0,82.32,70.2464,1.13143868489451,1.28015349767581,1.44841518987342,1448.41518987342
0,1,2,NaN,3,TMA,440,127,NaN,NaN,NaN,NaN,NaN,NaN,6,360,NaN,NaN,NaN,NaN,NaN,NaN,NaN,NaN,NaN,85.4175711,29.1121153516832,114.529686451683,114.529686451683,112,553.190487598229,61.45149,52.4386048,1.02637652129716,1.05344876347006,1.08123507721519,1081.23507721519
0,2,2,NaN,1,Korsch,840,98,NaN,NaN,NaN,NaN,NaN,NaN,6,180,NaN,NaN,NaN,NaN,NaN,NaN,NaN,NaN,NaN,57.3185928,0,57.3185928,114.6371856,0,0,28.23576,48.1890304,0.898578747562916,0.807443765571738,0.725551807594937,725.551807594937
0,2,2,NaN,3,Cassegrain,860,98,NaN,NaN,NaN,NaN,NaN,NaN,6,180,NaN,NaN,NaN,NaN,NaN,NaN,NaN,NaN,NaN,57.3185928,0,57.3185928,114.6371856,0,0,28.23576,48.1890304,0.898578747562916,0.807443765571738,0.725551807594937,725.551807594937
0,3,1,NaN,1,Korsch,840,98,NaN,NaN,NaN,NaN,NaN,NaN,6,120,NaN,NaN,NaN,NaN,NaN,NaN,NaN,NaN,NaN,38.2123952,0,38.2123952,114.6371856,0,0,28.23576,48.1890304,0.784980839898173,0.616194919007242,0.483701205063291,483.701205063291
0,3,1,NaN,3,Cassegrain,860,98,NaN,NaN,NaN,NaN,NaN,NaN,6,120,NaN,NaN,NaN,NaN,NaN,NaN,NaN,NaN,NaN,38.2123952,0,38.2123952,114.6371856,0,0,28.23576,48.1890304,0.784980839898173,0.616194919007242,0.483701205063291,483.701205063291
0,1,1,NaN,3,TMA,550,158,NaN,NaN,NaN,NaN,NaN,NaN,6,360,NaN,NaN,NaN,NaN,NaN,NaN,NaN,NaN,NaN,109.6518736,5.07084232787305,114.722715927873,114.722715927873,14,84.4044354170564,118.32936,100.9743872,1.11548308344987,1.24430250946283,1.3879984,1387.9984
0,2,2,NaN,2,TMA,390,67,NaN,NaN,NaN,NaN,NaN,NaN,6,180,NaN,NaN,NaN,NaN,NaN,NaN,NaN,NaN,NaN,18.3164667,39.2947780367248,57.6112447367248,115.22248947345,501,2217.46230317897,9.02289,15.3990656,0.614334449864442,0.377406816290247,0.23185400886076,231.854008860759
0,3,1,NaN,2,TMA,400,69,NaN,NaN,NaN,NaN,NaN,NaN,6,120,NaN,NaN,NaN,NaN,NaN,NaN,NaN,NaN,NaN,13.3374654,25.0784601052616,38.4159255052616,115.247776515785,451,2042.85569379949,9.85527,16.8196608,0.552690591356877,0.305466889774414,0.168828675949367,168.828675949367
0,1,1,NaN,1,Cassegrain,960,161,NaN,NaN,NaN,NaN,NaN,NaN,6,360,NaN,NaN,NaN,NaN,NaN,NaN,NaN,NaN,NaN,116.0172118,0,116.0172118,116.0172118,0,0,125.19843,106.8359936,1.13666314199638,1.29200309837309,1.46857230126582,1468.57230126582
0,1,1,NaN,2,TMA,940,161,NaN,NaN,NaN,NaN,NaN,NaN,6,360,NaN,NaN,NaN,NaN,NaN,NaN,NaN,NaN,NaN,116.0172118,0,116.0172118,116.0172118,0,0,125.19843,106.8359936,1.13666314199638,1.29200309837309,1.46857230126582,1468.57230126582
0,1,2,NaN,1,Cassegrain,740,124,NaN,NaN,NaN,NaN,NaN,NaN,6,360,NaN,NaN,NaN,NaN,NaN,NaN,NaN,NaN,NaN,116.1134016,0,116.1134016,116.1134016,0,0,57.19872,97.6191488,1.13697719079389,1.29271713238557,1.46978989367089,1469.78989367089
0,2,1,NaN,1,Cassegrain,760,128,NaN,NaN,NaN,NaN,NaN,NaN,6,180,NaN,NaN,NaN,NaN,NaN,NaN,NaN,NaN,NaN,58.3008256,0,58.3008256,116.6016512,0,0,62.91456,53.6870912,0.903682497984703,0.816642057163873,0.737985134177215,737.985134177215
0,2,2,NaN,2,Cassegrain,370,36,NaN,NaN,NaN,NaN,NaN,NaN,6,180,NaN,NaN,NaN,NaN,NaN,NaN,NaN,NaN,NaN,2.8413504,55.5441500214475,58.3855004214475,116.771000842895,1425,6010.07933386904,1.39968,2.3887872,0.330090152165969,0.108959508556953,0.0359664607594937,35.9664607594937
0,1,2,NaN,1,Cassegrain,840,141,NaN,NaN,NaN,NaN,NaN,NaN,6,360,NaN,NaN,NaN,NaN,NaN,NaN,NaN,NaN,NaN,116.8943157,0,116.8943157,116.8943157,0,0,84.09663,71.7624576,1.13952038978661,1.29850671873943,1.47967488227848,1479.67488227848
0,1,2,NaN,2,TMA,820,141,NaN,NaN,NaN,NaN,NaN,NaN,6,360,NaN,NaN,NaN,NaN,NaN,NaN,NaN,NaN,NaN,116.8943157,0,116.8943157,116.8943157,0,0,84.09663,71.7624576,1.13952038978661,1.29850671873943,1.47967488227848,1479.67488227848
0,1,2,NaN,3,TMA,460,132,NaN,NaN,NaN,NaN,NaN,NaN,6,360,NaN,NaN,NaN,NaN,NaN,NaN,NaN,NaN,NaN,95.9086656,21.2005830254662,117.109248625466,117.109248625466,73,375.313674763579,68.99904,58.8791808,1.06678504575768,1.13803033385221,1.21403374177215,1214.03374177215
0,2,1,NaN,1,Korsch,970,113,NaN,NaN,NaN,NaN,NaN,NaN,6,180,NaN,NaN,NaN,NaN,NaN,NaN,NaN,NaN,NaN,58.5816182,0,58.5816182,117.1632364,0,0,43.28691,73.8763264,0.905130968454016,0.819262070054505,0.741539470886076,741.539470886076
0,2,1,NaN,3,Cassegrain,990,113,NaN,NaN,NaN,NaN,NaN,NaN,6,180,NaN,NaN,NaN,NaN,NaN,NaN,NaN,NaN,NaN,58.5816182,0,58.5816182,117.1632364,0,0,43.28691,73.8763264,0.905130968454016,0.819262070054505,0.741539470886076,741.539470886076
0,1,2,NaN,3,Korsch,360,32,NaN,NaN,NaN,NaN,NaN,NaN,6,360,NaN,NaN,NaN,NaN,NaN,NaN,NaN,NaN,NaN,1.9955712,115.169464799189,117.165035999189,117.165035999189,1983,8155.40976328808,0.98304,1.6777216,0.293413468591972,0.0860914635511724,0.0252603949367089,25.2603949367089
0,2,1,NaN,1,Korsch,370,43,NaN,NaN,NaN,NaN,NaN,NaN,6,180,NaN,NaN,NaN,NaN,NaN,NaN,NaN,NaN,NaN,3.2279842,55.4819376235596,58.7099218235596,117.419843647119,1366,5761.2409614492,2.38521,4.0707584,0.344430368526749,0.118632278763472,0.0408605594936709,40.8605594936709
0,2,1,NaN,3,Cassegrain,370,43,NaN,NaN,NaN,NaN,NaN,NaN,6,180,NaN,NaN,NaN,NaN,NaN,NaN,NaN,NaN,NaN,3.2279842,55.4819376235596,58.7099218235596,117.419843647119,1366,5761.2409614492,2.38521,4.0707584,0.344430368526749,0.118632278763472,0.0408605594936709,40.8605594936709
0,2,2,NaN,3,Korsch,370,33,NaN,NaN,NaN,NaN,NaN,NaN,6,180,NaN,NaN,NaN,NaN,NaN,NaN,NaN,NaN,NaN,2.1885633,56.5220591666378,58.7106224666378,117.421244933276,1554,6554.14967356666,1.07811,1.8399744,0.302582639485472,0.0915562537179949,0.0277033329113924,27.7033329113924
0,1,1,NaN,3,TMA,400,115,NaN,NaN,NaN,NaN,NaN,NaN,6,360,NaN,NaN,NaN,NaN,NaN,NaN,NaN,NaN,NaN,61.747525,55.7056797099787,117.453204709979,117.453204709979,271,1227.5252616844,45.62625,77.8688,0.921150985594795,0.848519138262262,0.781614240506329,781.614240506329
0,2,1,NaN,2,TMA,660,113,NaN,NaN,NaN,NaN,NaN,NaN,6,180,NaN,NaN,NaN,NaN,NaN,NaN,NaN,NaN,NaN,58.5816182,0.445928989456476,59.0275471894565,118.055094378913,2,14.1344936673122,43.28691,73.8763264,0.905130968454016,0.819262070054505,0.741539470886076,741.539470886076
0,2,1,NaN,1,Cassegrain,670,113,NaN,NaN,NaN,NaN,NaN,NaN,6,180,NaN,NaN,NaN,NaN,NaN,NaN,NaN,NaN,NaN,58.5816182,0.451751412623096,59.0333696126231,118.066739225246,2,14.3184023309896,43.28691,73.8763264,0.905130968454016,0.819262070054505,0.741539470886076,741.539470886076
0,2,2,NaN,1,Korsch,850,99,NaN,NaN,NaN,NaN,NaN,NaN,6,180,NaN,NaN,NaN,NaN,NaN,NaN,NaN,NaN,NaN,59.0912091,0,59.0912091,118.1824182,0,0,29.10897,49.6793088,0.907747918456415,0.824006283461954,0.747989988607595,747.989988607595
0,2,2,NaN,3,Cassegrain,870,99,NaN,NaN,NaN,NaN,NaN,NaN,6,180,NaN,NaN,NaN,NaN,NaN,NaN,NaN,NaN,NaN,59.0912091,0,59.0912091,118.1824182,0,0,29.10897,49.6793088,0.907747918456415,0.824006283461954,0.747989988607595,747.989988607595
0,3,1,NaN,1,Korsch,850,99,NaN,NaN,NaN,NaN,NaN,NaN,6,120,NaN,NaN,NaN,NaN,NaN,NaN,NaN,NaN,NaN,39.3941394,0,39.3941394,118.1824182,0,0,29.10897,49.6793088,0.792990848468563,0.628834485754891,0.498659992405063,498.659992405063
0,3,1,NaN,3,Cassegrain,870,99,NaN,NaN,NaN,NaN,NaN,NaN,6,120,NaN,NaN,NaN,NaN,NaN,NaN,NaN,NaN,NaN,39.3941394,0,39.3941394,118.1824182,0,0,29.10897,49.6793088,0.792990848468563,0.628834485754891,0.498659992405063,498.659992405063
0,2,2,NaN,1,Cassegrain,580,98,NaN,NaN,NaN,NaN,NaN,NaN,6,180,NaN,NaN,NaN,NaN,NaN,NaN,NaN,NaN,NaN,57.3185928,1.97353455674322,59.2921273567432,118.584254713486,10,63.1703973621916,28.23576,48.1890304,0.898578747562916,0.807443765571738,0.725551807594937,725.551807594937
0,1,2,NaN,2,TMA,730,125,NaN,NaN,NaN,NaN,NaN,NaN,6,360,NaN,NaN,NaN,NaN,NaN,NaN,NaN,NaN,NaN,118.9453125,0,118.9453125,118.9453125,0,0,58.59375,100,1.14614636168739,1.31365148240925,1.50563686708861,1505.63686708861
0,2,1,NaN,2,Cassegrain,370,36,NaN,NaN,NaN,NaN,NaN,NaN,6,180,NaN,NaN,NaN,NaN,NaN,NaN,NaN,NaN,NaN,1.8942336,57.677705041876,59.571938641876,119.143877283752,1631,6878.90483757222,1.39968,2.3887872,0.288360308534023,0.0831516675378368,0.0239776405063291,23.9776405063291
0,2,2,NaN,2,TMA,570,98,NaN,NaN,NaN,NaN,NaN,NaN,6,180,NaN,NaN,NaN,NaN,NaN,NaN,NaN,NaN,NaN,57.3185928,2.33897154395531,59.6575643439553,119.315128687911,12,74.656913951083,28.23576,48.1890304,0.898578747562916,0.807443765571738,0.725551807594937,725.551807594937
0,2,1,NaN,1,Cassegrain,770,129,NaN,NaN,NaN,NaN,NaN,NaN,6,180,NaN,NaN,NaN,NaN,NaN,NaN,NaN,NaN,NaN,59.6779542,0,59.6779542,119.3559084,0,0,64.40067,54.9552384,0.910742517500209,0.829451933182618,0.755417141772152,755.417141772152
0,2,1,NaN,2,TMA,750,129,NaN,NaN,NaN,NaN,NaN,NaN,6,180,NaN,NaN,NaN,NaN,NaN,NaN,NaN,NaN,NaN,59.6779542,0,59.6779542,119.3559084,0,0,64.40067,54.9552384,0.910742517500209,0.829451933182618,0.755417141772152,755.417141772152
0,3,1,NaN,1,Cassegrain,580,98,NaN,NaN,NaN,NaN,NaN,NaN,6,120,NaN,NaN,NaN,NaN,NaN,NaN,NaN,NaN,NaN,38.2123952,1.58372883639918,39.7961240363992,119.388372109198,12,75.8044768346299,28.23576,48.1890304,0.784980839898173,0.616194919007242,0.483701205063291,483.701205063291
0,1,2,NaN,2,TMA,830,142,NaN,NaN,NaN,NaN,NaN,NaN,6,360,NaN,NaN,NaN,NaN,NaN,NaN,NaN,NaN,NaN,119.3991096,0,119.3991096,119.3991096,0,0,85.89864,73.3001728,1.14760209467871,1.31699056771097,1.51138113417721,1511.38113417721
0,3,1,NaN,2,TMA,570,98,NaN,NaN,NaN,NaN,NaN,NaN,6,120,NaN,NaN,NaN,NaN,NaN,NaN,NaN,NaN,NaN,38.2123952,1.82476698146247,40.0371621814625,120.111486544387,14,87.0997329429301,28.23576,48.1890304,0.784980839898173,0.616194919007242,0.483701205063291,483.701205063291
0,1,1,NaN,3,TMA,560,161,NaN,NaN,NaN,NaN,NaN,NaN,6,360,NaN,NaN,NaN,NaN,NaN,NaN,NaN,NaN,NaN,116.0172118,4.26511324127608,120.282325041276,120.282325041276,11,67.378957299461,125.19843,106.8359936,1.13666314199638,1.29200309837309,1.46857230126582,1468.57230126582
0,2,1,NaN,1,Korsch,980,114,NaN,NaN,NaN,NaN,NaN,NaN,6,180,NaN,NaN,NaN,NaN,NaN,NaN,NaN,NaN,NaN,60.1506864,0,60.1506864,120.3013728,0,0,44.44632,75.8550528,0.913140977024406,0.833826443921086,0.761401093670886,761.401093670886
0,2,1,NaN,3,Cassegrain,1000,114,NaN,NaN,NaN,NaN,NaN,NaN,6,180,NaN,NaN,NaN,NaN,NaN,NaN,NaN,NaN,NaN,60.1506864,0,60.1506864,120.3013728,0,0,44.44632,75.8550528,0.913140977024406,0.833826443921086,0.761401093670886,761.401093670886
0,1,1,NaN,1,Cassegrain,970,163,NaN,NaN,NaN,NaN,NaN,NaN,6,360,NaN,NaN,NaN,NaN,NaN,NaN,NaN,NaN,NaN,120.3947666,0,120.3947666,120.3947666,0,0,129.92241,110.8671232,1.1507831810274,1.32430192973553,1.52398438734177,1523.98438734177
0,1,1,NaN,2,TMA,950,163,NaN,NaN,NaN,NaN,NaN,NaN,6,360,NaN,NaN,NaN,NaN,NaN,NaN,NaN,NaN,NaN,120.3947666,0,120.3947666,120.3947666,0,0,129.92241,110.8671232,1.1507831810274,1.32430192973553,1.52398438734177,1523.98438734177
0,1,2,NaN,1,Cassegrain,360,61,NaN,NaN,NaN,NaN,NaN,NaN,6,360,NaN,NaN,NaN,NaN,NaN,NaN,NaN,NaN,NaN,13.8231429,107.341688545883,121.164831445883,121.164831445883,1040,4277.16901352476,6.80943,11.6214272,0.559319424503447,0.312838218626868,0.174976492405063,174.976492405063
0,2,1,NaN,1,Cassegrain,680,114,NaN,NaN,NaN,NaN,NaN,NaN,6,180,NaN,NaN,NaN,NaN,NaN,NaN,NaN,NaN,NaN,60.1506864,0.469804316097201,60.6204907160972,121.240981432194,2,14.5015157278631,44.44632,75.8550528,0.913140977024406,0.833826443921086,0.761401093670886,761.401093670886
0,1,2,NaN,3,TMA,470,135,NaN,NaN,NaN,NaN,NaN,NaN,6,360,NaN,NaN,NaN,NaN,NaN,NaN,NaN,NaN,NaN,102.5976375,18.7166849716961,121.314322471696,121.314322471696,60,314.499315214071,73.81125,62.9856,1.09103016043399,1.19034681097661,1.2987042721519,1298.7042721519
0,2,2,NaN,1,Cassegrain,590,99,NaN,NaN,NaN,NaN,NaN,NaN,6,180,NaN,NaN,NaN,NaN,NaN,NaN,NaN,NaN,NaN,59.0912091,1.64738614247271,60.7385952424727,121.477190484945,8,51.2980218251396,29.10897,49.6793088,0.907747918456415,0.824006283461954,0.747989988607595,747.989988607595
0,2,2,NaN,1,Korsch,860,100,NaN,NaN,NaN,NaN,NaN,NaN,6,180,NaN,NaN,NaN,NaN,NaN,NaN,NaN,NaN,NaN,60.9,0,60.9,121.8,0,0,30,51.2,0.916917089349914,0.840736948741918,0.770886075949367,770.886075949367
0,3,1,NaN,1,Korsch,860,100,NaN,NaN,NaN,NaN,NaN,NaN,6,120,NaN,NaN,NaN,NaN,NaN,NaN,NaN,NaN,NaN,40.6,0,40.6,121.8,0,0,30,51.2,0.801000857038952,0.641602372977136,0.513924050632911,513.924050632911
0,1,2,NaN,1,Cassegrain,850,143,NaN,NaN,NaN,NaN,NaN,NaN,6,360,NaN,NaN,NaN,NaN,NaN,NaN,NaN,NaN,NaN,121.9394319,0,121.9394319,121.9394319,0,0,87.72621,74.8596992,1.15568379957082,1.33560504459044,1.54353711265823,1543.53711265823
0,2,1,NaN,2,TMA,760,130,NaN,NaN,NaN,NaN,NaN,NaN,6,180,NaN,NaN,NaN,NaN,NaN,NaN,NaN,NaN,NaN,61.0766,0,61.0766,122.1532,0,0,65.91,56.2432,0.917802537015714,0.842361496952481,0.773121518987342,773.121518987342
0,3,1,NaN,1,Cassegrain,590,99,NaN,NaN,NaN,NaN,NaN,NaN,6,120,NaN,NaN,NaN,NaN,NaN,NaN,NaN,NaN,NaN,39.3941394,1.37714367661446,40.7712830766145,122.313849229843,10,64.1225272814245,29.10897,49.6793088,0.792990848468563,0.628834485754891,0.498659992405063,498.659992405063
0,1,1,NaN,2,TMA,960,164,NaN,NaN,NaN,NaN,NaN,NaN,6,360,NaN,NaN,NaN,NaN,NaN,NaN,NaN,NaN,NaN,122.6242432,0,122.6242432,122.6242432,0,0,132.32832,112.9201664,1.1578432005429,1.34060087704343,1.55220561012658,1552.20561012658
0,1,2,NaN,2,TMA,360,62,NaN,NaN,NaN,NaN,NaN,NaN,6,360,NaN,NaN,NaN,NaN,NaN,NaN,NaN,NaN,NaN,14.5141752,108.392537597567,122.906712797567,122.906712797567,1023,4207.25375080368,7.14984,12.2023936,0.568488595396947,0.323179283096393,0.183723736708861,183.723736708861
0,1,1,NaN,2,Cassegrain,360,35,NaN,NaN,NaN,NaN,NaN,NaN,6,360,NaN,NaN,NaN,NaN,NaN,NaN,NaN,NaN,NaN,1.740725,121.217804714696,122.958529714696,122.958529714696,2075,8533.7747144845,1.28625,2.1952,0.280350299963633,0.0785962906896992,0.0220344936708861,22.0344936708861
0,2,2,NaN,1,Korsch,370,43,NaN,NaN,NaN,NaN,NaN,NaN,6,180,NaN,NaN,NaN,NaN,NaN,NaN,NaN,NaN,NaN,4.8419763,56.7003128726268,61.5422891726268,123.084578345254,1193,5031.59624231984,2.38521,4.0707584,0.394274348420463,0.155452261822381,0.0612908392405063,61.2908392405063
0,2,2,NaN,3,Cassegrain,370,43,NaN,NaN,NaN,NaN,NaN,NaN,6,180,NaN,NaN,NaN,NaN,NaN,NaN,NaN,NaN,NaN,4.8419763,56.7003128726268,61.5422891726268,123.084578345254,1193,5031.59624231984,2.38521,4.0707584,0.394274348420463,0.155452261822381,0.0612908392405063,61.2908392405063
0,2,1,NaN,1,Korsch,990,115,NaN,NaN,NaN,NaN,NaN,NaN,6,180,NaN,NaN,NaN,NaN,NaN,NaN,NaN,NaN,NaN,61.747525,0,61.747525,123.49505,0,0,45.62625,77.8688,0.921150985594795,0.848519138262262,0.781614240506329,781.614240506329
0,2,2,NaN,2,Korsch,370,29,NaN,NaN,NaN,NaN,NaN,NaN,6,180,NaN,NaN,NaN,NaN,NaN,NaN,NaN,NaN,NaN,1.4852901,60.6143041358851,62.0995942358851,124.19918847177,1769,7460.93357306269,0.73167,1.2487168,0.265905955911475,0.0707059773891953,0.0188011405063291,18.8011405063291
0,2,1,NaN,2,TMA,670,115,NaN,NaN,NaN,NaN,NaN,NaN,6,180,NaN,NaN,NaN,NaN,NaN,NaN,NaN,NaN,NaN,61.747525,0.476165263129074,62.2236902631291,124.447380526258,2,14.3184023309896,45.62625,77.8688,0.921150985594795,0.848519138262262,0.781614240506329,781.614240506329
0,1,2,NaN,2,TMA,840,144,NaN,NaN,NaN,NaN,NaN,NaN,6,360,NaN,NaN,NaN,NaN,NaN,NaN,NaN,NaN,NaN,124.5155328,0,124.5155328,124.5155328,0,0,89.57952,76.4411904,1.16376550446292,1.35435014937783,1.57614598481013,1576.14598481013
0,2,1,NaN,3,Korsch,370,33,NaN,NaN,NaN,NaN,NaN,NaN,6,180,NaN,NaN,NaN,NaN,NaN,NaN,NaN,NaN,NaN,1.4590422,60.9430386453381,62.4020808453381,124.804161690676,1780,7507.32716792063,1.07811,1.8399744,0.264330282822854,0.0698704984172101,0.0184688886075949,18.4688886075949
0,1,1,NaN,1,Cassegrain,980,165,NaN,NaN,NaN,NaN,NaN,NaN,6,360,NaN,NaN,NaN,NaN,NaN,NaN,NaN,NaN,NaN,124.881075,0,124.881075,124.881075,0,0,134.76375,114.9984,1.16490322005841,1.35699951210244,1.58077310126582,1580.77310126582
0,2,1,NaN,1,Cassegrain,780,131,NaN,NaN,NaN,NaN,NaN,NaN,6,180,NaN,NaN,NaN,NaN,NaN,NaN,NaN,NaN,NaN,62.4969298,0,62.4969298,124.9938596,0,0,67.44273,57.5511296,0.92486255653122,0.855370748473463,0.79110037721519,791.10037721519
0,2,2,NaN,1,Korsch,870,101,NaN,NaN,NaN,NaN,NaN,NaN,6,180,NaN,NaN,NaN,NaN,NaN,NaN,NaN,NaN,NaN,62.7453309,0,62.7453309,125.4906618,0,0,30.90903,52.7514112,0.926086260243413,0.85763576141163,0.794244694936709,794.244694936709
0,2,2,NaN,3,Cassegrain,880,101,NaN,NaN,NaN,NaN,NaN,NaN,6,180,NaN,NaN,NaN,NaN,NaN,NaN,NaN,NaN,NaN,62.7453309,0,62.7453309,125.4906618,0,0,30.90903,52.7514112,0.926086260243413,0.85763576141163,0.794244694936709,794.244694936709
0,3,1,NaN,1,Korsch,870,101,NaN,NaN,NaN,NaN,NaN,NaN,6,120,NaN,NaN,NaN,NaN,NaN,NaN,NaN,NaN,NaN,41.8302206,0,41.8302206,125.4906618,0,0,30.90903,52.7514112,0.809010865609342,0.654498580673976,0.529496463291139,529.496463291139
0,3,1,NaN,3,Cassegrain,880,101,NaN,NaN,NaN,NaN,NaN,NaN,6,120,NaN,NaN,NaN,NaN,NaN,NaN,NaN,NaN,NaN,41.8302206,0,41.8302206,125.4906618,0,0,30.90903,52.7514112,0.809010865609342,0.654498580673976,0.529496463291139,529.496463291139
0,1,2,NaN,3,TMA,480,138,NaN,NaN,NaN,NaN,NaN,NaN,6,360,NaN,NaN,NaN,NaN,NaN,NaN,NaN,NaN,NaN,109.5906024,16.0641527095961,125.654755109596,125.654755109596,48,256.396051752556,78.84216,67.2786432,1.1152752751103,1.24383893927235,1.38722281518987,1387.22281518987
0,1,1,NaN,3,TMA,390,112,NaN,NaN,NaN,NaN,NaN,NaN,6,360,NaN,NaN,NaN,NaN,NaN,NaN,NaN,NaN,NaN,57.0400768,68.8563061969884,125.896382996988,125.896382996988,343,1518.14285427223,42.14784,71.9323136,0.897120959883627,0.804826016662519,0.722026288607595,722.026288607595
0,2,2,NaN,2,TMA,580,100,NaN,NaN,NaN,NaN,NaN,NaN,6,180,NaN,NaN,NaN,NaN,NaN,NaN,NaN,NaN,NaN,60.9,2.09684586858284,62.9968458685829,125.993691737166,10,63.1703973621916,30,51.2,0.916917089349914,0.840736948741918,0.770886075949367,770.886075949367
0,1,1,NaN,3,TMA,570,164,NaN,NaN,NaN,NaN,NaN,NaN,6,360,NaN,NaN,NaN,NaN,NaN,NaN,NaN,NaN,NaN,122.6242432,3.73576118142246,126.360004381422,126.360004381422,9,55.9926854633122,132.32832,112.9201664,1.1578432005429,1.34060087704343,1.55220561012658,1552.20561012658
0,3,1,NaN,2,TMA,580,100,NaN,NaN,NaN,NaN,NaN,NaN,6,120,NaN,NaN,NaN,NaN,NaN,NaN,NaN,NaN,NaN,40.6,1.54007124985763,42.1400712498576,126.420213749573,11,69.4874370984107,30,51.2,0.801000857038952,0.641602372977136,0.513924050632911,513.924050632911
0,2,1,NaN,1,Korsch,1000,116,NaN,NaN,NaN,NaN,NaN,NaN,6,180,NaN,NaN,NaN,NaN,NaN,NaN,NaN,NaN,NaN,63.3723776,0,63.3723776,126.7447552,0,0,46.82688,79.9178752,0.929160994165185,0.863340153078034,0.802181994936709,802.181994936709
0,3,1,NaN,3,Refractivo,380,23,NaN,NaN,NaN,NaN,NaN,NaN,6,120,NaN,NaN,NaN,NaN,NaN,NaN,NaN,NaN,NaN,0.4939802,41.838626877867,42.332607077867,126.997821233601,2066,8929.39384243881,0.36501,0.6229504,0.184230197118959,0.0339407655304905,0.00625291392405063,6.25291392405063
0,1,2,NaN,1,Cassegrain,860,145,NaN,NaN,NaN,NaN,NaN,NaN,6,360,NaN,NaN,NaN,NaN,NaN,NaN,NaN,NaN,NaN,127.1276625,0,127.1276625,127.1276625,0,0,91.45875,78.0448,1.17184720935502,1.37322588207316,1.60921091772152,1609.21091772152
0,1,1,NaN,1,Cassegrain,990,166,NaN,NaN,NaN,NaN,NaN,NaN,6,360,NaN,NaN,NaN,NaN,NaN,NaN,NaN,NaN,NaN,127.1654288,0,127.1654288,127.1654288,0,0,137.22888,117.1019776,1.17196323957391,1.37349783491258,1.6096889721519,1609.6889721519
0,1,1,NaN,2,TMA,970,166,NaN,NaN,NaN,NaN,NaN,NaN,6,360,NaN,NaN,NaN,NaN,NaN,NaN,NaN,NaN,NaN,127.1654288,0,127.1654288,127.1654288,0,0,137.22888,117.1019776,1.17196323957391,1.37349783491258,1.6096889721519,1609.6889721519
0,2,1,NaN,1,Cassegrain,690,116,NaN,NaN,NaN,NaN,NaN,NaN,6,180,NaN,NaN,NaN,NaN,NaN,NaN,NaN,NaN,NaN,63.3723776,0.250157426187284,63.6225350261873,127.245070052375,1,7.34191903720603,46.82688,79.9178752,0.929160994165185,0.863340153078034,0.802181994936709,802.181994936709
0,2,2,NaN,1,Refractivo,370,28,NaN,NaN,NaN,NaN,NaN,NaN,6,180,NaN,NaN,NaN,NaN,NaN,NaN,NaN,NaN,NaN,1.3368768,62.312926748361,63.649803548361,127.299607096722,1832,7726.64234361269,0.65856,1.1239424,0.256736785017976,0.0659137767813664,0.0169224911392405,16.9224911392405
0,2,1,NaN,2,TMA,770,132,NaN,NaN,NaN,NaN,NaN,NaN,6,180,NaN,NaN,NaN,NaN,NaN,NaN,NaN,NaN,NaN,63.9391104,0,63.9391104,127.8782208,0,0,68.99904,58.8791808,0.931922576046725,0.868479687745564,0.809355827848101,809.355827848101
0,2,2,NaN,1,Cassegrain,600,101,NaN,NaN,NaN,NaN,NaN,NaN,6,180,NaN,NaN,NaN,NaN,NaN,NaN,NaN,NaN,NaN,62.7453309,1.55104396708952,64.2963748670895,128.592749734179,7,45.5493549663388,30.90903,52.7514112,0.926086260243413,0.85763576141163,0.794244694936709,794.244694936709
0,2,2,NaN,2,TMA,590,101,NaN,NaN,NaN,NaN,NaN,NaN,6,180,NaN,NaN,NaN,NaN,NaN,NaN,NaN,NaN,NaN,62.7453309,1.74925831107296,64.494589211073,128.989178422146,8,51.2980218251396,30.90903,52.7514112,0.926086260243413,0.85763576141163,0.794244694936709,794.244694936709
0,3,1,NaN,1,Cassegrain,600,101,NaN,NaN,NaN,NaN,NaN,NaN,6,120,NaN,NaN,NaN,NaN,NaN,NaN,NaN,NaN,NaN,41.8302206,1.18363264063244,43.0138532406324,129.041559721897,8,52.0564056758158,30.90903,52.7514112,0.809010865609342,0.654498580673976,0.529496463291139,529.496463291139
0,2,2,NaN,3,Cassegrain,890,102,NaN,NaN,NaN,NaN,NaN,NaN,6,180,NaN,NaN,NaN,NaN,NaN,NaN,NaN,NaN,NaN,64.6275672,0,64.6275672,129.2551344,0,0,31.83624,54.3338496,0.935255431136912,0.874702721471091,0.818070470886076,818.070470886076
0,3,1,NaN,3,Cassegrain,890,102,NaN,NaN,NaN,NaN,NaN,NaN,6,120,NaN,NaN,NaN,NaN,NaN,NaN,NaN,NaN,NaN,43.0850448,0,43.0850448,129.2551344,0,0,31.83624,54.3338496,0.817020874179731,0.667523108845412,0.545380313924051,545.38031392405
0,3,1,NaN,2,TMA,590,101,NaN,NaN,NaN,NaN,NaN,NaN,6,120,NaN,NaN,NaN,NaN,NaN,NaN,NaN,NaN,NaN,41.8302206,1.31400669270264,43.1442272927026,129.432681878108,9,57.710274553282,30.90903,52.7514112,0.809010865609342,0.654498580673976,0.529496463291139,529.496463291139
0,1,2,NaN,1,Cassegrain,870,146,NaN,NaN,NaN,NaN,NaN,NaN,6,360,NaN,NaN,NaN,NaN,NaN,NaN,NaN,NaN,NaN,129.7760712,0,129.7760712,129.7760712,0,0,93.36408,79.6706816,1.17992891424713,1.3922322426764,1.64273507848101,1642.73507848101
0,1,2,NaN,2,TMA,850,146,NaN,NaN,NaN,NaN,NaN,NaN,6,360,NaN,NaN,NaN,NaN,NaN,NaN,NaN,NaN,NaN,129.7760712,0,129.7760712,129.7760712,0,0,93.36408,79.6706816,1.17992891424713,1.3922322426764,1.64273507848101,1642.73507848101
0,2,1,NaN,1,Cassegrain,790,133,NaN,NaN,NaN,NaN,NaN,NaN,6,180,NaN,NaN,NaN,NaN,NaN,NaN,NaN,NaN,NaN,65.4033086,0,65.4033086,130.8066172,0,0,70.57911,60.2275072,0.938982595562231,0.881688314768783,0.827889982278481,827.889982278481
0,1,2,NaN,3,TMA,490,141,NaN,NaN,NaN,NaN,NaN,NaN,6,360,NaN,NaN,NaN,NaN,NaN,NaN,NaN,NaN,NaN,116.8943157,14.0263386315225,130.920654331522,130.920654331522,39,212.201850866792,84.09663,71.7624576,1.13952038978661,1.29850671873943,1.47967488227848,1479.67488227848
0,2,1,NaN,2,TMA,680,117,NaN,NaN,NaN,NaN,NaN,NaN,6,180,NaN,NaN,NaN,NaN,NaN,NaN,NaN,NaN,NaN,65.0254878,0.507878740096404,65.5333665400964,131.066733080193,2,14.5015157278631,48.04839,82.0025856,0.937171002735574,0.878289488368402,0.823107440506329,823.107440506329
0,1,1,NaN,1,Cassegrain,1000,168,NaN,NaN,NaN,NaN,NaN,NaN,6,360,NaN,NaN,NaN,NaN,NaN,NaN,NaN,NaN,NaN,131.8173696,0,131.8173696,131.8173696,0,0,142.24896,121.3857792,1.18608327860492,1.4067935437862,1.66857429873418,1668.57429873418
0,1,1,NaN,2,TMA,980,168,NaN,NaN,NaN,NaN,NaN,NaN,6,360,NaN,NaN,NaN,NaN,NaN,NaN,NaN,NaN,NaN,131.8173696,0,131.8173696,131.8173696,0,0,142.24896,121.3857792,1.18608327860492,1.4067935437862,1.66857429873418,1668.57429873418
0,3,1,NaN,1,Cassegrain,390,66,NaN,NaN,NaN,NaN,NaN,NaN,6,120,NaN,NaN,NaN,NaN,NaN,NaN,NaN,NaN,NaN,11.6723376,32.3793507608214,44.0516883608214,132.155065082464,583,2580.40024501665,8.62488,14.7197952,0.528660565645709,0.27948199366884,0.14775110886076,147.751108860759
0,1,2,NaN,2,TMA,860,147,NaN,NaN,NaN,NaN,NaN,NaN,6,360,NaN,NaN,NaN,NaN,NaN,NaN,NaN,NaN,NaN,132.4610091,0,132.4610091,132.4610091,0,0,95.29569,81.3189888,1.18801061913923,1.41136923118758,1.67672163417722,1676.72163417721
0,1,1,NaN,3,TMA,580,167,NaN,NaN,NaN,NaN,NaN,NaN,6,360,NaN,NaN,NaN,NaN,NaN,NaN,NaN,NaN,NaN,129.4774714,3.55540177587383,133.032873175874,133.032873175874,8,50.5363178897533,139.72389,119.2310528,1.17902325908942,1.39009584547383,1.63895533417722,1638.95533417722
0,2,2,NaN,1,Korsch,880,103,NaN,NaN,NaN,NaN,NaN,NaN,6,180,NaN,NaN,NaN,NaN,NaN,NaN,NaN,NaN,NaN,66.5470743,0,66.5470743,133.0941486,0,0,32.78181,55.9476224,0.944424602030411,0.891937828920301,0.842368029113924,842.368029113924
0,2,2,NaN,3,Cassegrain,900,103,NaN,NaN,NaN,NaN,NaN,NaN,6,180,NaN,NaN,NaN,NaN,NaN,NaN,NaN,NaN,NaN,66.5470743,0,66.5470743,133.0941486,0,0,32.78181,55.9476224,0.944424602030411,0.891937828920301,0.842368029113924,842.368029113924
0,3,1,NaN,1,Korsch,880,103,NaN,NaN,NaN,NaN,NaN,NaN,6,120,NaN,NaN,NaN,NaN,NaN,NaN,NaN,NaN,NaN,44.3647162,0,44.3647162,133.0941486,0,0,32.78181,55.9476224,0.825030882750121,0.680675957491443,0.561578686075949,561.578686075949
0,3,1,NaN,3,Cassegrain,900,103,NaN,NaN,NaN,NaN,NaN,NaN,6,120,NaN,NaN,NaN,NaN,NaN,NaN,NaN,NaN,NaN,44.3647162,0,44.3647162,133.0941486,0,0,32.78181,55.9476224,0.825030882750121,0.680675957491443,0.561578686075949,561.578686075949
0,2,1,NaN,2,TMA,780,134,NaN,NaN,NaN,NaN,NaN,NaN,6,180,NaN,NaN,NaN,NaN,NaN,NaN,NaN,NaN,NaN,66.8896912,0,66.8896912,133.7793824,0,0,72.18312,61.5962624,0.946042615077736,0.894996629543121,0.846704951898734,846.704951898734
0,2,1,NaN,2,TMA,690,118,NaN,NaN,NaN,NaN,NaN,NaN,6,180,NaN,NaN,NaN,NaN,NaN,NaN,NaN,NaN,NaN,66.7070992,0.26332097478842,66.9704201747884,133.940840349577,1,7.34191903720603,49.29096,84.1232384,0.945181011305964,0.893367144133364,0.844393660759494,844.393660759493
0,2,1,NaN,1,Cassegrain,700,118,NaN,NaN,NaN,NaN,NaN,NaN,6,180,NaN,NaN,NaN,NaN,NaN,NaN,NaN,NaN,NaN,66.7070992,0.266582303949143,66.9736815039491,133.947363007898,1,7.43268677971719,49.29096,84.1232384,0.945181011305964,0.893367144133364,0.844393660759494,844.393660759493
0,2,2,NaN,1,Cassegrain,380,64,NaN,NaN,NaN,NaN,NaN,NaN,6,180,NaN,NaN,NaN,NaN,NaN,NaN,NaN,NaN,NaN,15.9645696,51.3041617448203,67.2687313448203,134.537462689641,648,2800.70048881914,7.86432,13.4217728,0.586826937183945,0.34436585420469,0.202083159493671,202.083159493671
0,1,2,NaN,1,Cassegrain,880,148,NaN,NaN,NaN,NaN,NaN,NaN,6,360,NaN,NaN,NaN,NaN,NaN,NaN,NaN,NaN,NaN,135.1827264,0,135.1827264,135.1827264,0,0,97.25376,82.9898752,1.19609232403133,1.43063684760668,1.71117375189873,1711.17375189873
0,3,1,NaN,2,TMA,390,67,NaN,NaN,NaN,NaN,NaN,NaN,6,120,NaN,NaN,NaN,NaN,NaN,NaN,NaN,NaN,NaN,12.2109778,32.9630237691475,45.1740015691475,135.522004707443,574,2540.56559286373,9.02289,15.3990656,0.536670574216098,0.288015305229436,0.154569339240506,154.569339240506
0,3,1,NaN,1,Cassegrain,610,103,NaN,NaN,NaN,NaN,NaN,NaN,6,120,NaN,NaN,NaN,NaN,NaN,NaN,NaN,NaN,NaN,44.3647162,0.952261556057802,45.3169777560578,135.950933268173,6,39.6086154188706,32.78181,55.9476224,0.825030882750121,0.680675957491443,0.561578686075949,561.578686075949
0,2,2,NaN,1,Cassegrain,610,103,NaN,NaN,NaN,NaN,NaN,NaN,6,180,NaN,NaN,NaN,NaN,NaN,NaN,NaN,NaN,NaN,66.5470743,1.4283923340867,67.9754666340867,135.950933268173,6,39.6086154188706,32.78181,55.9476224,0.944424602030411,0.891937828920301,0.842368029113924,842.368029113924
0,2,2,NaN,2,TMA,600,103,NaN,NaN,NaN,NaN,NaN,NaN,6,180,NaN,NaN,NaN,NaN,NaN,NaN,NaN,NaN,NaN,66.5470743,1.64502181500923,68.1920961150092,136.384192230018,7,45.5493549663388,32.78181,55.9476224,0.944424602030411,0.891937828920301,0.842368029113924,842.368029113924
0,1,1,NaN,2,TMA,990,170,NaN,NaN,NaN,NaN,NaN,NaN,6,360,NaN,NaN,NaN,NaN,NaN,NaN,NaN,NaN,NaN,136.5814,0,136.5814,136.5814,0,0,147.39,125.7728,1.20020331763593,1.4404880036643,1.72887848101266,1728.87848101266
0,2,1,NaN,1,Cassegrain,800,135,NaN,NaN,NaN,NaN,NaN,NaN,6,180,NaN,NaN,NaN,NaN,NaN,NaN,NaN,NaN,NaN,68.398425,0,68.398425,136.79685,0,0,73.81125,62.9856,0.953102634593242,0.908404632068578,0.865802848101266,865.802848101266
0,2,1,NaN,2,TMA,790,135,NaN,NaN,NaN,NaN,NaN,NaN,6,180,NaN,NaN,NaN,NaN,NaN,NaN,NaN,NaN,NaN,68.398425,0,68.398425,136.79685,0,0,73.81125,62.9856,0.953102634593242,0.908404632068578,0.865802848101266,865.802848101266
0,3,1,NaN,2,TMA,600,103,NaN,NaN,NaN,NaN,NaN,NaN,6,120,NaN,NaN,NaN,NaN,NaN,NaN,NaN,NaN,NaN,44.3647162,1.25534901402635,45.6200652140263,136.860195642079,8,52.0564056758158,32.78181,55.9476224,0.825030882750121,0.680675957491443,0.561578686075949,561.578686075949
0,1,2,NaN,3,TMA,500,144,NaN,NaN,NaN,NaN,NaN,NaN,6,360,NaN,NaN,NaN,NaN,NaN,NaN,NaN,NaN,NaN,124.5155328,12.3747581921166,136.890290992117,136.890290992117,32,177.28395870782,89.57952,76.4411904,1.16376550446292,1.35435014937783,1.57614598481013,1576.14598481013
0,1,1,NaN,3,TMA,590,169,NaN,NaN,NaN,NaN,NaN,NaN,6,360,NaN,NaN,NaN,NaN,NaN,NaN,NaN,NaN,NaN,134.1852902,2.79688772016273,136.982177920163,136.982177920163,6,38.4735163688547,144.80427,123.5663104,1.19314329812043,1.42359092984969,1.69854797721519,1698.54797721519
0,2,2,NaN,1,Korsch,890,104,NaN,NaN,NaN,NaN,NaN,NaN,6,180,NaN,NaN,NaN,NaN,NaN,NaN,NaN,NaN,NaN,68.5042176,0,68.5042176,137.0084352,0,0,33.74592,57.5930368,0.95359377292391,0.909341083759258,0.867141994936709,867.141994936709
0,2,2,NaN,3,Cassegrain,910,104,NaN,NaN,NaN,NaN,NaN,NaN,6,180,NaN,NaN,NaN,NaN,NaN,NaN,NaN,NaN,NaN,68.5042176,0,68.5042176,137.0084352,0,0,33.74592,57.5930368,0.95359377292391,0.909341083759258,0.867141994936709,867.141994936709
0,3,1,NaN,1,Korsch,890,104,NaN,NaN,NaN,NaN,NaN,NaN,6,120,NaN,NaN,NaN,NaN,NaN,NaN,NaN,NaN,NaN,45.6694784,0,45.6694784,137.0084352,0,0,33.74592,57.5930368,0.83304089132051,0.69395712661207,0.578094663291139,578.094663291139
0,3,1,NaN,3,Cassegrain,910,104,NaN,NaN,NaN,NaN,NaN,NaN,6,120,NaN,NaN,NaN,NaN,NaN,NaN,NaN,NaN,NaN,45.6694784,0,45.6694784,137.0084352,0,0,33.74592,57.5930368,0.83304089132051,0.69395712661207,0.578094663291139,578.094663291139
0,2,1,NaN,1,Cassegrain,710,119,NaN,NaN,NaN,NaN,NaN,NaN,6,180,NaN,NaN,NaN,NaN,NaN,NaN,NaN,NaN,NaN,68.4174554,0.276748093194519,68.6942034931945,137.388406986389,1,7.52306317215698,50.55477,86.2801408,0.953191019876353,0.908573120372922,0.866043739240506,866.043739240506
0,2,2,NaN,2,TMA,380,65,NaN,NaN,NaN,NaN,NaN,NaN,6,180,NaN,NaN,NaN,NaN,NaN,NaN,NaN,NaN,NaN,16.7246625,52.2414106636715,68.9660731636715,137.932146327343,638,2757.47980226329,8.23875,14.0608,0.595996108077444,0.35521136084346,0.211704588607595,211.704588607595
0,1,2,NaN,2,TMA,870,149,NaN,NaN,NaN,NaN,NaN,NaN,6,360,NaN,NaN,NaN,NaN,NaN,NaN,NaN,NaN,NaN,137.9414733,0,137.9414733,137.9414733,0,0,99.23847,84.6834944,1.20417402892344,1.4500350919337,1.74609459873418,1746.09459873418
0,1,2,NaN,2,Korsch,360,28,NaN,NaN,NaN,NaN,NaN,NaN,6,360,NaN,NaN,NaN,NaN,NaN,NaN,NaN,NaN,NaN,1.3368768,137.262647499459,138.599524299459,138.599524299459,2266,9319.29325446838,0.65856,1.1239424,0.256736785017976,0.0659137767813664,0.0169224911392405,16.9224911392405
0,1,1,NaN,2,TMA,1000,171,NaN,NaN,NaN,NaN,NaN,NaN,6,360,NaN,NaN,NaN,NaN,NaN,NaN,NaN,NaN,NaN,139.0058658,0,139.0058658,139.0058658,0,0,150.00633,128.0054016,1.20726333715144,1.45748476523003,1.75956792151899,1759.56792151899
0,1,1,NaN,3,Korsch,360,32,NaN,NaN,NaN,NaN,NaN,NaN,6,360,NaN,NaN,NaN,NaN,NaN,NaN,NaN,NaN,NaN,1.3303808,137.708240883769,139.038621683769,139.038621683769,2270,9335.7439045204,0.98304,1.6777216,0.256320274252465,0.0657000829928587,0.0168402632911392,16.8402632911392
0,2,2,NaN,1,Cassegrain,620,104,NaN,NaN,NaN,NaN,NaN,NaN,6,180,NaN,NaN,NaN,NaN,NaN,NaN,NaN,NaN,NaN,68.5042176,1.2409144983383,69.7451320983383,139.490264196677,5,33.4770525866725,33.74592,57.5930368,0.95359377292391,0.909341083759258,0.867141994936709,867.141994936709
0,3,1,NaN,1,Cassegrain,620,104,NaN,NaN,NaN,NaN,NaN,NaN,6,120,NaN,NaN,NaN,NaN,NaN,NaN,NaN,NaN,NaN,45.6694784,0.827276332225532,46.4967547322255,139.490264196677,5,33.4770525866725,33.74592,57.5930368,0.83304089132051,0.69395712661207,0.578094663291139,578.094663291139
0,1,1,NaN,3,TMA,380,109,NaN,NaN,NaN,NaN,NaN,NaN,6,360,NaN,NaN,NaN,NaN,NaN,NaN,NaN,NaN,NaN,52.5781774,87.2063154268119,139.784492826812,139.784492826812,436,1884.4219338351,38.85087,66.3054848,0.873090934172458,0.762287779334135,0.665546549367089,665.546549367088
0,2,1,NaN,1,Cassegrain,810,136,NaN,NaN,NaN,NaN,NaN,NaN,6,180,NaN,NaN,NaN,NaN,NaN,NaN,NaN,NaN,NaN,69.9296768,0,69.9296768,139.8593536,0,0,75.46368,64.3956736,0.960162654108747,0.921912322345153,0.885185782278481,885.185782278481
0,2,1,NaN,2,Korsch,370,29,NaN,NaN,NaN,NaN,NaN,NaN,6,180,NaN,NaN,NaN,NaN,NaN,NaN,NaN,NaN,NaN,0.9901934,69.1884688811423,70.1786622811423,140.357324562285,2025,8540.63905339285,0.73167,1.2487168,0.232290248541296,0.0539587595673771,0.0125340936708861,12.5340936708861
0,1,2,NaN,1,Cassegrain,890,150,NaN,NaN,NaN,NaN,NaN,NaN,6,360,NaN,NaN,NaN,NaN,NaN,NaN,NaN,NaN,NaN,140.7375,0,140.7375,140.7375,0,0,101.25,86.4,1.21225573381554,1.46956396416866,1.78148734177215,1781.48734177215
0,2,1,NaN,2,TMA,700,120,NaN,NaN,NaN,NaN,NaN,NaN,6,180,NaN,NaN,NaN,NaN,NaN,NaN,NaN,NaN,NaN,70.1568,0.280368380667034,70.437168380667,140.874336761334,1,7.43268677971719,51.84,88.4736,0.961201028446743,0.923907417087076,0.888060759493671,888.060759493671
0,2,2,NaN,1,Korsch,900,105,NaN,NaN,NaN,NaN,NaN,NaN,6,180,NaN,NaN,NaN,NaN,NaN,NaN,NaN,NaN,NaN,70.4993625,0,70.4993625,140.998725,0,0,34.72875,59.2704,0.96276294381741,0.926912485987964,0.892396993670886,892.396993670886
0,2,2,NaN,3,Cassegrain,920,105,NaN,NaN,NaN,NaN,NaN,NaN,6,180,NaN,NaN,NaN,NaN,NaN,NaN,NaN,NaN,NaN,70.4993625,0,70.4993625,140.998725,0,0,34.72875,59.2704,0.96276294381741,0.926912485987964,0.892396993670886,892.396993670886
0,3,1,NaN,1,Korsch,900,105,NaN,NaN,NaN,NaN,NaN,NaN,6,120,NaN,NaN,NaN,NaN,NaN,NaN,NaN,NaN,NaN,46.999575,0,46.999575,140.998725,0,0,34.72875,59.2704,0.8410508998909,0.707366616207292,0.594931329113924,594.931329113924
0,3,1,NaN,3,Cassegrain,920,105,NaN,NaN,NaN,NaN,NaN,NaN,6,120,NaN,NaN,NaN,NaN,NaN,NaN,NaN,NaN,NaN,46.999575,0,46.999575,140.998725,0,0,34.72875,59.2704,0.8410508998909,0.707366616207292,0.594931329113924,594.931329113924
0,2,1,NaN,2,TMA,800,137,NaN,NaN,NaN,NaN,NaN,NaN,6,180,NaN,NaN,NaN,NaN,NaN,NaN,NaN,NaN,NaN,71.4836134,0,71.4836134,142.9672268,0,0,77.14059,65.8266368,0.967222673624253,0.935519700372847,0.904855865822785,904.855865822785
0,1,2,NaN,3,TMA,510,147,NaN,NaN,NaN,NaN,NaN,NaN,6,360,NaN,NaN,NaN,NaN,NaN,NaN,NaN,NaN,NaN,132.4610091,10.8042400264933,143.265249126493,143.265249126493,26,146.607204118851,95.29569,81.3189888,1.18801061913923,1.41136923118758,1.67672163417722,1676.72163417721
0,2,2,NaN,2,TMA,610,105,NaN,NaN,NaN,NaN,NaN,NaN,6,180,NaN,NaN,NaN,NaN,NaN,NaN,NaN,NaN,NaN,70.4993625,1.25898635334269,71.7583488533427,143.516697706685,5,33.0071795157255,34.72875,59.2704,0.96276294381741,0.926912485987964,0.892396993670886,892.396993670886
0,1,2,NaN,1,Cassegrain,900,151,NaN,NaN,NaN,NaN,NaN,NaN,6,360,NaN,NaN,NaN,NaN,NaN,NaN,NaN,NaN,NaN,143.5710567,0,143.5710567,143.5710567,0,0,103.28853,88.1395456,1.22033743870765,1.48922346431154,1.81735514810127,1817.35514810127
0,1,2,NaN,2,TMA,880,151,NaN,NaN,NaN,NaN,NaN,NaN,6,360,NaN,NaN,NaN,NaN,NaN,NaN,NaN,NaN,NaN,143.5710567,0,143.5710567,143.5710567,0,0,103.28853,88.1395456,1.22033743870765,1.48922346431154,1.81735514810127,1817.35514810127
0,1,1,NaN,3,TMA,600,172,NaN,NaN,NaN,NaN,NaN,NaN,6,360,NaN,NaN,NaN,NaN,NaN,NaN,NaN,NaN,NaN,141.4588544,2.48978368956051,143.94863808956,143.94863808956,5,32.5352535473849,152.65344,130.2642688,1.21432335666694,1.47458121454688,1.79061841012658,1790.61841012658
0,3,1,NaN,2,TMA,610,105,NaN,NaN,NaN,NaN,NaN,NaN,6,120,NaN,NaN,NaN,NaN,NaN,NaN,NaN,NaN,NaN,46.999575,1.00881719206299,48.008392192063,144.025176576189,6,39.6086154188706,34.72875,59.2704,0.8410508998909,0.707366616207292,0.594931329113924,594.931329113924
0,2,1,NaN,1,Cassegrain,720,121,NaN,NaN,NaN,NaN,NaN,NaN,6,180,NaN,NaN,NaN,NaN,NaN,NaN,NaN,NaN,NaN,71.9253766,0.294424125127948,72.2198007251279,144.439601450256,1,7.61305028159222,53.14683,90.7039232,0.969211037017132,0.939370034275825,0.910447805063291,910.447805063291
0,2,2,NaN,1,Korsch,910,106,NaN,NaN,NaN,NaN,NaN,NaN,6,180,NaN,NaN,NaN,NaN,NaN,NaN,NaN,NaN,NaN,72.5328744,0,72.5328744,145.0657488,0,0,35.73048,60.9800192,0.971932114710909,0.944652035606419,0.918137650632911,918.137650632911
0,2,2,NaN,3,Cassegrain,930,106,NaN,NaN,NaN,NaN,NaN,NaN,6,180,NaN,NaN,NaN,NaN,NaN,NaN,NaN,NaN,NaN,72.5328744,0,72.5328744,145.0657488,0,0,35.73048,60.9800192,0.971932114710909,0.944652035606419,0.918137650632911,918.137650632911
0,3,1,NaN,1,Korsch,910,106,NaN,NaN,NaN,NaN,NaN,NaN,6,120,NaN,NaN,NaN,NaN,NaN,NaN,NaN,NaN,NaN,48.3552496,0,48.3552496,145.0657488,0,0,35.73048,60.9800192,0.849060908461289,0.72090442627711,0.612091767088607,612.091767088607
0,3,1,NaN,3,Cassegrain,930,106,NaN,NaN,NaN,NaN,NaN,NaN,6,120,NaN,NaN,NaN,NaN,NaN,NaN,NaN,NaN,NaN,48.3552496,0,48.3552496,145.0657488,0,0,35.73048,60.9800192,0.849060908461289,0.72090442627711,0.612091767088607,612.091767088607
0,2,1,NaN,1,Cassegrain,820,138,NaN,NaN,NaN,NaN,NaN,NaN,6,180,NaN,NaN,NaN,NaN,NaN,NaN,NaN,NaN,NaN,73.0604016,0,73.0604016,146.1208032,0,0,78.84216,67.2786432,0.974282693139758,0.94922676615166,0.924815210126582,924.815210126582
0,1,2,NaN,2,TMA,890,152,NaN,NaN,NaN,NaN,NaN,NaN,6,360,NaN,NaN,NaN,NaN,NaN,NaN,NaN,NaN,NaN,146.4423936,0,146.4423936,146.4423936,0,0,105.35424,89.9022848,1.22841914359975,1.50901359236234,1.85370118481013,1853.70118481013
0,3,1,NaN,2,Refractivo,380,21,NaN,NaN,NaN,NaN,NaN,NaN,6,120,NaN,NaN,NaN,NaN,NaN,NaN,NaN,NaN,NaN,0.3759966,48.4597362708124,48.8357328708124,146.507198612437,2263,9780.84136758908,0.27783,0.4741632,0.16821017997818,0.0282946646482917,0.00475945063291139,4.75945063291139
0,2,1,NaN,1,Refractivo,370,28,NaN,NaN,NaN,NaN,NaN,NaN,6,180,NaN,NaN,NaN,NaN,NaN,NaN,NaN,NaN,NaN,0.8912512,72.3767961118545,73.2680473118545,146.536094623709,2097,8844.30621973571,0.65856,1.1239424,0.224280239970907,0.0503016260414075,0.0112816607594937,11.2816607594937
0,1,2,NaN,1,Refractivo,360,27,NaN,NaN,NaN,NaN,NaN,NaN,6,360,NaN,NaN,NaN,NaN,NaN,NaN,NaN,NaN,NaN,1.1986947,145.912378872595,147.111073572595,147.111073572595,2350,9664.75690556076,0.59049,1.0077696,0.247567614124477,0.0612897235632858,0.0151733506329114,15.1733506329114
0,3,1,NaN,1,Cassegrain,630,106,NaN,NaN,NaN,NaN,NaN,NaN,6,120,NaN,NaN,NaN,NaN,NaN,NaN,NaN,NaN,NaN,48.3552496,0.709437139094639,49.0646867390946,147.194060217284,4,27.1559069824252,35.73048,60.9800192,0.849060908461289,0.72090442627711,0.612091767088607,612.091767088607
0,2,2,NaN,1,Cassegrain,630,106,NaN,NaN,NaN,NaN,NaN,NaN,6,180,NaN,NaN,NaN,NaN,NaN,NaN,NaN,NaN,NaN,72.5328744,1.06415570864196,73.597030108642,147.194060217284,4,27.1559069824252,35.73048,60.9800192,0.971932114710909,0.944652035606419,0.918137650632911,918.137650632911
0,2,1,NaN,1,Cassegrain,370,62,NaN,NaN,NaN,NaN,NaN,NaN,6,180,NaN,NaN,NaN,NaN,NaN,NaN,NaN,NaN,NaN,9.6761168,64.0716526777482,73.7477694777482,147.495538955496,947,3994.06675731508,7.14984,12.2023936,0.49662053136415,0.246631952172411,0.12248249113924,122.48249113924
0,1,2,NaN,3,TMA,520,149,NaN,NaN,NaN,NaN,NaN,NaN,6,360,NaN,NaN,NaN,NaN,NaN,NaN,NaN,NaN,NaN,137.9414733,9.63745709332544,147.578930393325,147.578930393325,22,126.212244206614,99.23847,84.6834944,1.20417402892344,1.4500350919337,1.74609459873418,1746.09459873418
0,3,1,NaN,2,TMA,620,106,NaN,NaN,NaN,NaN,NaN,NaN,6,120,NaN,NaN,NaN,NaN,NaN,NaN,NaN,NaN,NaN,48.3552496,0.875927532663436,49.2311771326634,147.69353139799,5,33.4770525866725,35.73048,60.9800192,0.849060908461289,0.72090442627711,0.612091767088607,612.091767088607
0,2,2,NaN,2,TMA,620,106,NaN,NaN,NaN,NaN,NaN,NaN,6,180,NaN,NaN,NaN,NaN,NaN,NaN,NaN,NaN,NaN,72.5328744,1.31389129899515,73.8467656989952,147.69353139799,5,33.4770525866725,35.73048,60.9800192,0.971932114710909,0.944652035606419,0.918137650632911,918.137650632911
0,2,1,NaN,2,TMA,710,122,NaN,NaN,NaN,NaN,NaN,NaN,6,180,NaN,NaN,NaN,NaN,NaN,NaN,NaN,NaN,NaN,73.7234288,0.298210715743191,74.0216395157432,148.043279031486,1,7.52306317215698,54.47544,92.9714176,0.977221045587522,0.954960971939169,0.933207959493671,933.207959493671
0,2,2,NaN,1,Korsch,920,107,NaN,NaN,NaN,NaN,NaN,NaN,6,180,NaN,NaN,NaN,NaN,NaN,NaN,NaN,NaN,NaN,74.6051187,0,74.6051187,149.2102374,0,0,36.75129,62.7222016,0.981101285604408,0.962559732614622,0.94436859113924,944.36859113924
0,2,2,NaN,3,Cassegrain,940,107,NaN,NaN,NaN,NaN,NaN,NaN,6,180,NaN,NaN,NaN,NaN,NaN,NaN,NaN,NaN,NaN,74.6051187,0,74.6051187,149.2102374,0,0,36.75129,62.7222016,0.981101285604408,0.962559732614622,0.94436859113924,944.36859113924
0,3,1,NaN,1,Korsch,920,107,NaN,NaN,NaN,NaN,NaN,NaN,6,120,NaN,NaN,NaN,NaN,NaN,NaN,NaN,NaN,NaN,49.7367458,0,49.7367458,149.2102374,0,0,36.75129,62.7222016,0.857070917031679,0.734570556821523,0.629579060759494,629.579060759493
0,3,1,NaN,3,Cassegrain,940,107,NaN,NaN,NaN,NaN,NaN,NaN,6,120,NaN,NaN,NaN,NaN,NaN,NaN,NaN,NaN,NaN,49.7367458,0,49.7367458,149.2102374,0,0,36.75129,62.7222016,0.857070917031679,0.734570556821523,0.629579060759494,629.579060759493
0,2,1,NaN,2,TMA,810,139,NaN,NaN,NaN,NaN,NaN,NaN,6,180,NaN,NaN,NaN,NaN,NaN,NaN,NaN,NaN,NaN,74.6602082,0,74.6602082,149.3204164,0,0,80.56857,68.7518464,0.981342712655263,0.963033519681591,0.945065926582279,945.065926582278
0,1,2,NaN,1,Cassegrain,910,153,NaN,NaN,NaN,NaN,NaN,NaN,6,360,NaN,NaN,NaN,NaN,NaN,NaN,NaN,NaN,NaN,149.3517609,0,149.3517609,149.3517609,0,0,107.44731,91.6883712,1.23650084849185,1.52893434832107,1.89052861898734,1890.52861898734
0,1,1,NaN,2,Refractivo,370,20,NaN,NaN,NaN,NaN,NaN,NaN,6,360,NaN,NaN,NaN,NaN,NaN,NaN,NaN,NaN,NaN,0.3248,150.217002252638,150.541802252638,150.541802252638,2937,12387.089827069,0.24,0.4096,0.16020017140779,0.0256640949190854,0.00411139240506329,4.11139240506329
0,2,1,NaN,1,Cassegrain,730,123,NaN,NaN,NaN,NaN,NaN,NaN,6,180,NaN,NaN,NaN,NaN,NaN,NaN,NaN,NaN,NaN,75.5512002,0,75.5512002,151.1024004,0,0,55.82601,95.2763904,0.985231054157911,0.970680230077109,0.956344306329114,956.344306329114
0,1,1,NaN,3,TMA,610,175,NaN,NaN,NaN,NaN,NaN,NaN,6,360,NaN,NaN,NaN,NaN,NaN,NaN,NaN,NaN,NaN,148.990625,2.12512104468189,151.115746044682,151.115746044682,4,26.4057436125804,160.78125,137.2,1.23550341521346,1.52646868900413,1.88595727848101,1885.95727848101
0,2,1,NaN,2,TMA,720,123,NaN,NaN,NaN,NaN,NaN,NaN,6,180,NaN,NaN,NaN,NaN,NaN,NaN,NaN,NaN,NaN,75.5512002,0.309266312847522,75.8604665128475,151.720933025695,1,7.61305028159222,55.82601,95.2763904,0.985231054157911,0.970680230077109,0.956344306329114,956.344306329114
0,1,2,NaN,2,TMA,900,154,NaN,NaN,NaN,NaN,NaN,NaN,6,360,NaN,NaN,NaN,NaN,NaN,NaN,NaN,NaN,NaN,152.2994088,0,152.2994088,152.2994088,0,0,109.56792,93.4979584,1.24458255338396,1.54898573218773,1.92784061772152,1927.84061772152
0,2,1,NaN,2,TMA,370,64,NaN,NaN,NaN,NaN,NaN,NaN,6,180,NaN,NaN,NaN,NaN,NaN,NaN,NaN,NaN,NaN,10.6430464,65.5543791726475,76.1974255726475,152.394851145295,917,3867.53877133889,7.86432,13.4217728,0.512640548504929,0.262800331971435,0.134722106329114,134.722106329114
0,2,1,NaN,1,Cassegrain,830,140,NaN,NaN,NaN,NaN,NaN,NaN,6,180,NaN,NaN,NaN,NaN,NaN,NaN,NaN,NaN,NaN,76.2832,0,76.2832,152.5664,0,0,82.32,70.2464,0.988402732170769,0.976939960962641,0.965610126582278,965.610126582278
0,2,2,NaN,1,Korsch,930,108,NaN,NaN,NaN,NaN,NaN,NaN,6,180,NaN,NaN,NaN,NaN,NaN,NaN,NaN,NaN,NaN,76.7164608,0,76.7164608,153.4329216,0,0,37.79136,64.4972544,0.990270456497907,0.980635577012573,0.971094440506329,971.094440506329
0,3,1,NaN,1,Korsch,930,108,NaN,NaN,NaN,NaN,NaN,NaN,6,120,NaN,NaN,NaN,NaN,NaN,NaN,NaN,NaN,NaN,51.1443072,0,51.1443072,153.4329216,0,0,37.79136,64.4972544,0.865080925602068,0.748365007840531,0.647396293670886,647.396293670886
0,2,1,NaN,1,Cassegrain,740,124,NaN,NaN,NaN,NaN,NaN,NaN,6,180,NaN,NaN,NaN,NaN,NaN,NaN,NaN,NaN,NaN,77.4089344,0,77.4089344,154.8178688,0,0,57.19872,97.6191488,0.993241062728301,0.986527808689644,0.979859929113924,979.859929113924
0,1,2,NaN,3,TMA,530,152,NaN,NaN,NaN,NaN,NaN,NaN,6,360,NaN,NaN,NaN,NaN,NaN,NaN,NaN,NaN,NaN,146.4423936,8.46946284372663,154.911856443727,154.911856443727,18,105.024073834629,105.35424,89.9022848,1.22841914359975,1.50901359236234,1.85370118481013,1853.70118481013
0,2,2,NaN,1,Cassegrain,640,108,NaN,NaN,NaN,NaN,NaN,NaN,6,180,NaN,NaN,NaN,NaN,NaN,NaN,NaN,NaN,NaN,76.7164608,0.854374132903357,77.5708349329034,155.141669865807,3,20.6464103010594,37.79136,64.4972544,0.990270456497907,0.980635577012573,0.971094440506329,971.094440506329
0,1,2,NaN,1,Cassegrain,920,155,NaN,NaN,NaN,NaN,NaN,NaN,6,360,NaN,NaN,NaN,NaN,NaN,NaN,NaN,NaN,NaN,155.2855875,0,155.2855875,155.2855875,0,0,111.71625,95.3312,1.25266425827606,1.56916774396231,1.96564034810127,1965.64034810127
0,2,2,NaN,2,TMA,630,108,NaN,NaN,NaN,NaN,NaN,NaN,6,180,NaN,NaN,NaN,NaN,NaN,NaN,NaN,NaN,NaN,76.7164608,1.12553459906901,77.841995399069,155.683990798138,4,27.1559069824252,37.79136,64.4972544,0.990270456497907,0.980635577012573,0.971094440506329,971.094440506329
0,3,1,NaN,2,TMA,630,108,NaN,NaN,NaN,NaN,NaN,NaN,6,120,NaN,NaN,NaN,NaN,NaN,NaN,NaN,NaN,NaN,51.1443072,0.750356399379342,51.8946635993793,155.683990798138,4,27.1559069824252,37.79136,64.4972544,0.865080925602068,0.748365007840531,0.647396293670886,647.396293670886
0,3,1,NaN,1,Cassegrain,640,108,NaN,NaN,NaN,NaN,NaN,NaN,6,120,NaN,NaN,NaN,NaN,NaN,NaN,NaN,NaN,NaN,51.1443072,0.760722280681472,51.9050294806815,155.715088442044,4,27.5285470680792,37.79136,64.4972544,0.865080925602068,0.748365007840531,0.647396293670886,647.396293670886
0,2,1,NaN,1,Cassegrain,840,141,NaN,NaN,NaN,NaN,NaN,NaN,6,180,NaN,NaN,NaN,NaN,NaN,NaN,NaN,NaN,NaN,77.9295438,0,77.9295438,155.8590876,0,0,84.09663,71.7624576,0.995462751686274,0.990946089994809,0.986449921518987,986.449921518987
0,2,1,NaN,2,TMA,820,141,NaN,NaN,NaN,NaN,NaN,NaN,6,180,NaN,NaN,NaN,NaN,NaN,NaN,NaN,NaN,NaN,77.9295438,0,77.9295438,155.8590876,0,0,84.09663,71.7624576,0.995462751686274,0.990946089994809,0.986449921518987,986.449921518987
0,2,1,NaN,3,TMA,450,129,NaN,NaN,NaN,NaN,NaN,NaN,6,180,NaN,NaN,NaN,NaN,NaN,NaN,NaN,NaN,NaN,59.6779542,19.1321987575009,78.8101529575009,157.620305915002,104,524.208450779457,64.40067,54.9552384,0.910742517500209,0.829451933182618,0.755417141772152,755.417141772152
0,2,2,NaN,3,Cassegrain,950,109,NaN,NaN,NaN,NaN,NaN,NaN,6,180,NaN,NaN,NaN,NaN,NaN,NaN,NaN,NaN,NaN,78.8672661,0,78.8672661,157.7345322,0,0,38.85087,66.3054848,0.999439627391406,0.998879568800273,0.998319824050633,998.319824050633
0,3,1,NaN,3,Cassegrain,950,109,NaN,NaN,NaN,NaN,NaN,NaN,6,120,NaN,NaN,NaN,NaN,NaN,NaN,NaN,NaN,NaN,52.5781774,0,52.5781774,157.7345322,0,0,38.85087,66.3054848,0.873090934172458,0.762287779334135,0.665546549367089,665.546549367088
0,1,2,NaN,3,TMA,420,121,NaN,NaN,NaN,NaN,NaN,NaN,6,360,NaN,NaN,NaN,NaN,NaN,NaN,NaN,NaN,NaN,107.8880649,49.9319158489808,157.819980748981,157.819980748981,152,719.768260787547,53.14683,90.7039232,1.1094696781134,1.23092296665304,1.36567170759494,1365.67170759494
0,1,2,NaN,1,Cassegrain,930,156,NaN,NaN,NaN,NaN,NaN,NaN,6,360,NaN,NaN,NaN,NaN,NaN,NaN,NaN,NaN,NaN,158.3105472,0,158.3105472,158.3105472,0,0,113.89248,97.1882496,1.26074596316816,1.58948038364482,2.00393097721519,2003.93097721519
0,1,2,NaN,2,TMA,910,156,NaN,NaN,NaN,NaN,NaN,NaN,6,360,NaN,NaN,NaN,NaN,NaN,NaN,NaN,NaN,NaN,158.3105472,0,158.3105472,158.3105472,0,0,113.89248,97.1882496,1.26074596316816,1.58948038364482,2.00393097721519,2003.93097721519
0,1,1,NaN,3,TMA,620,178,NaN,NaN,NaN,NaN,NaN,NaN,6,360,NaN,NaN,NaN,NaN,NaN,NaN,NaN,NaN,NaN,156.7851056,1.69847359156201,158.483579191562,158.483579191562,3,20.0862315520035,169.19256,144.3776512,1.25668347375998,1.57925335322144,1.98462158987342,1984.62158987342
0,2,1,NaN,2,TMA,730,125,NaN,NaN,NaN,NaN,NaN,NaN,6,180,NaN,NaN,NaN,NaN,NaN,NaN,NaN,NaN,NaN,79.296875,0,79.296875,158.59375,0,0,58.59375,100,1.00125107129869,1.00250370777678,1.00375791139241,1003.7579113924
0,1,2,NaN,3,TMA,410,118,NaN,NaN,NaN,NaN,NaN,NaN,6,360,NaN,NaN,NaN,NaN,NaN,NaN,NaN,NaN,NaN,100.0606488,58.6606131663879,158.721261966388,158.721261966388,189,875.579232285938,49.29096,84.1232384,1.0819621654329,1.17064212742825,1.26659049113924,1266.59049113924
0,1,2,NaN,3,TMA,430,124,NaN,NaN,NaN,NaN,NaN,NaN,6,360,NaN,NaN,NaN,NaN,NaN,NaN,NaN,NaN,NaN,116.1134016,42.6200353552674,158.733436955267,158.733436955267,122,590.1732291438,57.19872,97.6191488,1.13697719079389,1.29271713238557,1.46978989367089,1469.78989367089
0,2,1,NaN,3,TMA,440,127,NaN,NaN,NaN,NaN,NaN,NaN,6,180,NaN,NaN,NaN,NaN,NaN,NaN,NaN,NaN,NaN,56.9450474,22.6334154739877,79.5784628739877,159.156925747975,128,632.217700112262,61.45149,52.4386048,0.896622478469198,0.803931868896247,0.720823384810127,720.823384810127
0,2,1,NaN,2,TMA,830,142,NaN,NaN,NaN,NaN,NaN,NaN,6,180,NaN,NaN,NaN,NaN,NaN,NaN,NaN,NaN,NaN,79.5994064,0,79.5994064,159.1988128,0,0,85.89864,73.3001728,1.00252277120178,1.0050519067781,1.00758742278481,1007.58742278481
0,2,2,NaN,1,Cassegrain,650,109,NaN,NaN,NaN,NaN,NaN,NaN,6,180,NaN,NaN,NaN,NaN,NaN,NaN,NaN,NaN,NaN,78.8672661,0.890225611642615,79.7574917116426,159.514983423285,3,20.9246782387163,38.85087,66.3054848,0.999439627391406,0.998879568800273,0.998319824050633,998.319824050633
0,3,1,NaN,1,Cassegrain,650,109,NaN,NaN,NaN,NaN,NaN,NaN,6,120,NaN,NaN,NaN,NaN,NaN,NaN,NaN,NaN,NaN,52.5781774,0.593483741095076,53.1716611410951,159.514983423285,3,20.9246782387163,38.85087,66.3054848,0.873090934172458,0.762287779334135,0.665546549367089,665.546549367088
0,2,2,NaN,3,Refractivo,370,23,NaN,NaN,NaN,NaN,NaN,NaN,6,180,NaN,NaN,NaN,NaN,NaN,NaN,NaN,NaN,NaN,0.7409703,79.536907625227,80.277877925227,160.555755850454,2231,9409.46455709603,0.36501,0.6229504,0.21089093055048,0.0444749845884475,0.00937937088607595,9.37937088607595
0,2,1,NaN,3,TMA,460,132,NaN,NaN,NaN,NaN,NaN,NaN,6,180,NaN,NaN,NaN,NaN,NaN,NaN,NaN,NaN,NaN,63.9391104,16.4968568432906,80.4359672432906,160.871934486581,84,431.867790138913,68.99904,58.8791808,0.931922576046725,0.868479687745564,0.809355827848101,809.355827848101
0,1,1,NaN,3,TMA,370,106,NaN,NaN,NaN,NaN,NaN,NaN,6,360,NaN,NaN,NaN,NaN,NaN,NaN,NaN,NaN,NaN,48.3552496,113.125893913509,161.481143513509,161.481143513509,554,2336.55014102698,35.73048,60.9800192,0.849060908461289,0.72090442627711,0.612091767088607,612.091767088607
0,2,2,NaN,1,Korsch,940,110,NaN,NaN,NaN,NaN,NaN,NaN,6,180,NaN,NaN,NaN,NaN,NaN,NaN,NaN,NaN,NaN,81.0579,0,81.0579,162.1158,0,0,39.93,68.1472,1.00860879828491,1.01729170797772,1.02604936708861,1026.04936708861
0,2,2,NaN,3,Cassegrain,960,110,NaN,NaN,NaN,NaN,NaN,NaN,6,180,NaN,NaN,NaN,NaN,NaN,NaN,NaN,NaN,NaN,81.0579,0,81.0579,162.1158,0,0,39.93,68.1472,1.00860879828491,1.01729170797772,1.02604936708861,1026.04936708861
0,3,1,NaN,1,Korsch,940,110,NaN,NaN,NaN,NaN,NaN,NaN,6,120,NaN,NaN,NaN,NaN,NaN,NaN,NaN,NaN,NaN,54.0386,0,54.0386,162.1158,0,0,39.93,68.1472,0.881100942742847,0.776338871302335,0.684032911392405,684.032911392405
0,3,1,NaN,3,Cassegrain,960,110,NaN,NaN,NaN,NaN,NaN,NaN,6,120,NaN,NaN,NaN,NaN,NaN,NaN,NaN,NaN,NaN,54.0386,0,54.0386,162.1158,0,0,39.93,68.1472,0.881100942742847,0.776338871302335,0.684032911392405,684.032911392405
0,1,2,NaN,3,TMA,400,115,NaN,NaN,NaN,NaN,NaN,NaN,6,360,NaN,NaN,NaN,NaN,NaN,NaN,NaN,NaN,NaN,92.6212875,69.7552480334397,162.37653553344,162.37653553344,236,1068.98878877313,45.62625,77.8688,1.0544546527524,1.11187461471119,1.17242136075949,1172.42136075949
0,2,1,NaN,1,Cassegrain,850,143,NaN,NaN,NaN,NaN,NaN,NaN,6,180,NaN,NaN,NaN,NaN,NaN,NaN,NaN,NaN,NaN,81.2929546,0,81.2929546,162.5859092,0,0,87.72621,74.8596992,1.00958279071729,1.0192574113125,1.02902474177215,1029.02474177215
0,1,2,NaN,3,TMA,540,155,NaN,NaN,NaN,NaN,NaN,NaN,6,360,NaN,NaN,NaN,NaN,NaN,NaN,NaN,NaN,NaN,155.2855875,7.57896615058754,162.864553650588,162.864553650588,15,88.9798902237089,111.71625,95.3312,1.25266425827606,1.56916774396231,1.96564034810127,1965.64034810127
0,2,2,NaN,2,TMA,640,110,NaN,NaN,NaN,NaN,NaN,NaN,6,180,NaN,NaN,NaN,NaN,NaN,NaN,NaN,NaN,NaN,81.0579,0.902723774080399,81.9606237740804,163.921247548161,3,20.6464103010594,39.93,68.1472,1.00860879828491,1.01729170797772,1.02604936708861,1026.04936708861
0,1,2,NaN,1,Cassegrain,940,158,NaN,NaN,NaN,NaN,NaN,NaN,6,360,NaN,NaN,NaN,NaN,NaN,NaN,NaN,NaN,NaN,164.4778104,0,164.4778104,164.4778104,0,0,118.32936,100.9743872,1.27690937295237,1.63049754673362,2.0819976,2081.9976
0,1,2,NaN,2,TMA,920,158,NaN,NaN,NaN,NaN,NaN,NaN,6,360,NaN,NaN,NaN,NaN,NaN,NaN,NaN,NaN,NaN,164.4778104,0,164.4778104,164.4778104,0,0,118.32936,100.9743872,1.27690937295237,1.63049754673362,2.0819976,2081.9976
0,3,1,NaN,2,TMA,640,110,NaN,NaN,NaN,NaN,NaN,NaN,6,120,NaN,NaN,NaN,NaN,NaN,NaN,NaN,NaN,NaN,54.0386,0.803772096786439,54.8423720967864,164.527116290359,4,27.5285470680792,39.93,68.1472,0.881100942742847,0.776338871302335,0.684032911392405,684.032911392405
0,3,1,NaN,1,Cassegrain,380,64,NaN,NaN,NaN,NaN,NaN,NaN,6,120,NaN,NaN,NaN,NaN,NaN,NaN,NaN,NaN,NaN,10.6430464,44.2678084582284,54.9108548582284,164.732564574685,742,3206.97494244414,7.86432,13.4217728,0.512640548504929,0.262800331971435,0.134722106329114,134.722106329114
0,2,1,NaN,3,TMA,470,135,NaN,NaN,NaN,NaN,NaN,NaN,6,180,NaN,NaN,NaN,NaN,NaN,NaN,NaN,NaN,NaN,68.398425,14.2908861693595,82.6893111693595,165.378622338719,68,356.432557242613,73.81125,62.9856,0.953102634593242,0.908404632068578,0.865802848101266,865.802848101266
0,2,1,NaN,2,TMA,840,144,NaN,NaN,NaN,NaN,NaN,NaN,6,180,NaN,NaN,NaN,NaN,NaN,NaN,NaN,NaN,NaN,83.0103552,0,83.0103552,166.0207104,0,0,89.57952,76.4411904,1.01664281023279,1.03356260359803,1.05076398987342,1050.76398987342
0,2,2,NaN,1,Korsch,950,111,NaN,NaN,NaN,NaN,NaN,NaN,6,180,NaN,NaN,NaN,NaN,NaN,NaN,NaN,NaN,NaN,83.2887279,0,83.2887279,166.5774558,0,0,41.02893,70.0227072,1.0177779691784,1.03587199454492,1.05428769493671,1054.28769493671
0,2,2,NaN,3,Cassegrain,970,111,NaN,NaN,NaN,NaN,NaN,NaN,6,180,NaN,NaN,NaN,NaN,NaN,NaN,NaN,NaN,NaN,83.2887279,0,83.2887279,166.5774558,0,0,41.02893,70.0227072,1.0177779691784,1.03587199454492,1.05428769493671,1054.28769493671
0,3,1,NaN,1,Korsch,950,111,NaN,NaN,NaN,NaN,NaN,NaN,6,120,NaN,NaN,NaN,NaN,NaN,NaN,NaN,NaN,NaN,55.5258186,0,55.5258186,166.5774558,0,0,41.02893,70.0227072,0.889110951313237,0.790518283745129,0.702858463291139,702.858463291139
0,3,1,NaN,3,Cassegrain,970,111,NaN,NaN,NaN,NaN,NaN,NaN,6,120,NaN,NaN,NaN,NaN,NaN,NaN,NaN,NaN,NaN,55.5258186,0,55.5258186,166.5774558,0,0,41.02893,70.0227072,0.889110951313237,0.790518283745129,0.702858463291139,702.858463291139
0,1,1,NaN,3,TMA,630,181,NaN,NaN,NaN,NaN,NaN,NaN,6,360,NaN,NaN,NaN,NaN,NaN,NaN,NaN,NaN,NaN,164.8467998,1.81088726801357,166.657687068014,166.657687068014,3,20.3669302368189,177.89223,151.8013696,1.27786353230649,1.63293520719883,2.08666835189873,2086.66835189873
0,2,2,NaN,1,Cassegrain,750,126,NaN,NaN,NaN,NaN,NaN,NaN,6,180,NaN,NaN,NaN,NaN,NaN,NaN,NaN,NaN,NaN,83.4156792,0,83.4156792,166.8313584,0,0,60.01128,51.2096256,1.01829481640505,1.0369243331174,1.05589467341772,1055.89467341772
0,3,1,NaN,1,Cassegrain,750,126,NaN,NaN,NaN,NaN,NaN,NaN,6,120,NaN,NaN,NaN,NaN,NaN,NaN,NaN,NaN,NaN,55.6104528,0,55.6104528,166.8313584,0,0,60.01128,51.2096256,0.889562458953692,0.791321368379739,0.703929782278481,703.929782278481
0,1,2,NaN,2,TMA,930,159,NaN,NaN,NaN,NaN,NaN,NaN,6,360,NaN,NaN,NaN,NaN,NaN,NaN,NaN,NaN,NaN,167.6206143,0,167.6206143,167.6206143,0,0,120.59037,102.9037824,1.28499107784447,1.6512020701399,2.1217799278481,2121.7799278481
0,2,2,NaN,1,Cassegrain,660,111,NaN,NaN,NaN,NaN,NaN,NaN,6,180,NaN,NaN,NaN,NaN,NaN,NaN,NaN,NaN,NaN,83.2887279,0.634001917440416,83.9227298174404,167.845459634881,2,14.1344936673122,41.02893,70.0227072,1.0177779691784,1.03587199454492,1.05428769493671,1054.28769493671
0,3,1,NaN,1,Cassegrain,660,111,NaN,NaN,NaN,NaN,NaN,NaN,6,120,NaN,NaN,NaN,NaN,NaN,NaN,NaN,NaN,NaN,55.5258186,0.422667944960277,55.9484865449603,167.845459634881,2,14.1344936673122,41.02893,70.0227072,0.889110951313237,0.790518283745129,0.702858463291139,702.858463291139
0,2,2,NaN,2,TMA,650,111,NaN,NaN,NaN,NaN,NaN,NaN,6,180,NaN,NaN,NaN,NaN,NaN,NaN,NaN,NaN,NaN,83.2887279,0.940133497764452,84.2288613977645,168.457722795529,3,20.9246782387163,41.02893,70.0227072,1.0177779691784,1.03587199454492,1.05428769493671,1054.28769493671
0,3,1,NaN,2,TMA,650,111,NaN,NaN,NaN,NaN,NaN,NaN,6,120,NaN,NaN,NaN,NaN,NaN,NaN,NaN,NaN,NaN,55.5258186,0.626755665176302,56.1525742651763,168.457722795529,3,20.9246782387163,41.02893,70.0227072,0.889110951313237,0.790518283745129,0.702858463291139,702.858463291139
0,3,1,NaN,2,TMA,380,65,NaN,NaN,NaN,NaN,NaN,NaN,6,120,NaN,NaN,NaN,NaN,NaN,NaN,NaN,NaN,NaN,11.149775,45.0308767637778,56.1806517637778,168.541955291333,731,3159.43218723271,8.23875,14.0608,0.520650557075319,0.27107700258284,0.141136392405063,141.136392405063
0,2,1,NaN,1,Cassegrain,860,145,NaN,NaN,NaN,NaN,NaN,NaN,6,180,NaN,NaN,NaN,NaN,NaN,NaN,NaN,NaN,NaN,84.751775,0,84.751775,169.50355,0,0,91.45875,78.0448,1.0237028297483,1.04796748363467,1.07280727848101,1072.80727848101
0,1,2,NaN,1,Cassegrain,950,160,NaN,NaN,NaN,NaN,NaN,NaN,6,360,NaN,NaN,NaN,NaN,NaN,NaN,NaN,NaN,NaN,170.8032,0,170.8032,170.8032,0,0,122.88,104.8576,1.29307278273658,1.67203722145412,2.16206582278481,2162.06582278481
0,2,2,NaN,2,TMA,740,127,NaN,NaN,NaN,NaN,NaN,NaN,6,180,NaN,NaN,NaN,NaN,NaN,NaN,NaN,NaN,NaN,85.4175711,0,85.4175711,170.8351422,0,0,61.45149,52.4386048,1.02637652129716,1.05344876347006,1.08123507721519,1081.23507721519
0,3,1,NaN,2,TMA,740,127,NaN,NaN,NaN,NaN,NaN,NaN,6,120,NaN,NaN,NaN,NaN,NaN,NaN,NaN,NaN,NaN,56.9450474,0,56.9450474,170.8351422,0,0,61.45149,52.4386048,0.896622478469198,0.803931868896247,0.720823384810127,720.823384810127
0,1,2,NaN,3,TMA,550,158,NaN,NaN,NaN,NaN,NaN,NaN,6,360,NaN,NaN,NaN,NaN,NaN,NaN,NaN,NaN,NaN,164.4778104,6.50038311227464,170.978193512275,170.978193512275,12,72.3466589289055,118.32936,100.9743872,1.27690937295237,1.63049754673362,2.0819976,2081.9976
0,2,2,NaN,1,Korsch,960,112,NaN,NaN,NaN,NaN,NaN,NaN,6,180,NaN,NaN,NaN,NaN,NaN,NaN,NaN,NaN,NaN,85.5601152,0,85.5601152,171.1202304,0,0,42.14784,71.9323136,1.0269471400719,1.05462042850186,1.08303943291139,1083.03943291139
0,2,2,NaN,3,Cassegrain,980,112,NaN,NaN,NaN,NaN,NaN,NaN,6,180,NaN,NaN,NaN,NaN,NaN,NaN,NaN,NaN,NaN,85.5601152,0,85.5601152,171.1202304,0,0,42.14784,71.9323136,1.0269471400719,1.05462042850186,1.08303943291139,1083.03943291139
0,3,1,NaN,1,Korsch,960,112,NaN,NaN,NaN,NaN,NaN,NaN,6,120,NaN,NaN,NaN,NaN,NaN,NaN,NaN,NaN,NaN,57.0400768,0,57.0400768,171.1202304,0,0,42.14784,71.9323136,0.897120959883627,0.804826016662519,0.722026288607595,722.026288607595
0,3,1,NaN,3,Cassegrain,980,112,NaN,NaN,NaN,NaN,NaN,NaN,6,120,NaN,NaN,NaN,NaN,NaN,NaN,NaN,NaN,NaN,57.0400768,0,57.0400768,171.1202304,0,0,42.14784,71.9323136,0.897120959883627,0.804826016662519,0.722026288607595,722.026288607595
0,1,2,NaN,3,TMA,390,112,NaN,NaN,NaN,NaN,NaN,NaN,6,360,NaN,NaN,NaN,NaN,NaN,NaN,NaN,NaN,NaN,85.5601152,85.7795211165417,171.339636316542,171.339636316542,300,1327.82173843052,42.14784,71.9323136,1.0269471400719,1.05462042850186,1.08303943291139,1083.03943291139
0,2,1,NaN,3,TMA,480,138,NaN,NaN,NaN,NaN,NaN,NaN,6,180,NaN,NaN,NaN,NaN,NaN,NaN,NaN,NaN,NaN,73.0604016,12.6282440817922,85.6886456817922,171.377291363584,56,299.128727044648,78.84216,67.2786432,0.974282693139758,0.94922676615166,0.924815210126582,924.815210126582
0,2,2,NaN,1,Cassegrain,370,62,NaN,NaN,NaN,NaN,NaN,NaN,6,180,NaN,NaN,NaN,NaN,NaN,NaN,NaN,NaN,NaN,14.5141752,71.5850854664528,86.0992606664528,172.198521332906,827,3487.95481341032,7.14984,12.2023936,0.568488595396947,0.323179283096393,0.183723736708861,183.723736708861
0,2,1,NaN,1,Cassegrain,870,146,NaN,NaN,NaN,NaN,NaN,NaN,6,180,NaN,NaN,NaN,NaN,NaN,NaN,NaN,NaN,NaN,86.5173808,0,86.5173808,173.0347616,0,0,93.36408,79.6706816,1.0307628492638,1.06247205142243,1.09515671898734,1095.15671898734
0,2,1,NaN,2,TMA,850,146,NaN,NaN,NaN,NaN,NaN,NaN,6,180,NaN,NaN,NaN,NaN,NaN,NaN,NaN,NaN,NaN,86.5173808,0,86.5173808,173.0347616,0,0,93.36408,79.6706816,1.0307628492638,1.06247205142243,1.09515671898734,1095.15671898734
0,1,2,NaN,1,Cassegrain,960,161,NaN,NaN,NaN,NaN,NaN,NaN,6,360,NaN,NaN,NaN,NaN,NaN,NaN,NaN,NaN,NaN,174.0258177,0,174.0258177,174.0258177,0,0,125.19843,106.8359936,1.30115448762868,1.69300300067626,2.20285845189873,2202.85845189873
0,1,2,NaN,2,TMA,940,161,NaN,NaN,NaN,NaN,NaN,NaN,6,360,NaN,NaN,NaN,NaN,NaN,NaN,NaN,NaN,NaN,174.0258177,0,174.0258177,174.0258177,0,0,125.19843,106.8359936,1.30115448762868,1.69300300067626,2.20285845189873,2202.85845189873
0,1,1,NaN,3,TMA,640,184,NaN,NaN,NaN,NaN,NaN,NaN,6,360,NaN,NaN,NaN,NaN,NaN,NaN,NaN,NaN,NaN,173.1802112,1.2836197135482,174.463830913548,174.463830913548,2,13.7642735340396,186.88512,159.4753024,1.29904359085301,1.68751425093628,2.1921545721519,2192.1545721519
0,2,2,NaN,1,Cassegrain,760,128,NaN,NaN,NaN,NaN,NaN,NaN,6,180,NaN,NaN,NaN,NaN,NaN,NaN,NaN,NaN,NaN,87.4512384,0,87.4512384,174.9024768,0,0,62.91456,53.6870912,1.03445822618926,1.07010382173063,1.10697770126582,1106.97770126582
0,3,1,NaN,1,Cassegrain,760,128,NaN,NaN,NaN,NaN,NaN,NaN,6,120,NaN,NaN,NaN,NaN,NaN,NaN,NaN,NaN,NaN,58.3008256,0,58.3008256,174.9024768,0,0,62.91456,53.6870912,0.903682497984703,0.816642057163873,0.737985134177215,737.985134177215
0,2,2,NaN,1,Korsch,970,113,NaN,NaN,NaN,NaN,NaN,NaN,6,180,NaN,NaN,NaN,NaN,NaN,NaN,NaN,NaN,NaN,87.8724273,0,87.8724273,175.7448546,0,0,43.28691,73.8763264,1.0361163109654,1.07353700984855,1.11230920632911,1112.30920632911
0,2,2,NaN,3,Cassegrain,990,113,NaN,NaN,NaN,NaN,NaN,NaN,6,180,NaN,NaN,NaN,NaN,NaN,NaN,NaN,NaN,NaN,87.8724273,0,87.8724273,175.7448546,0,0,43.28691,73.8763264,1.0361163109654,1.07353700984855,1.11230920632911,1112.30920632911
0,3,1,NaN,1,Korsch,970,113,NaN,NaN,NaN,NaN,NaN,NaN,6,120,NaN,NaN,NaN,NaN,NaN,NaN,NaN,NaN,NaN,58.5816182,0,58.5816182,175.7448546,0,0,43.28691,73.8763264,0.905130968454016,0.819262070054505,0.741539470886076,741.539470886076
0,3,1,NaN,3,Cassegrain,990,113,NaN,NaN,NaN,NaN,NaN,NaN,6,120,NaN,NaN,NaN,NaN,NaN,NaN,NaN,NaN,NaN,58.5816182,0,58.5816182,175.7448546,0,0,43.28691,73.8763264,0.905130968454016,0.819262070054505,0.741539470886076,741.539470886076
0,3,1,NaN,1,Korsch,370,43,NaN,NaN,NaN,NaN,NaN,NaN,6,120,NaN,NaN,NaN,NaN,NaN,NaN,NaN,NaN,NaN,3.2279842,55.4819376235596,58.7099218235596,176.129765470679,1366,5761.2409614492,2.38521,4.0707584,0.344430368526749,0.118632278763472,0.0408605594936709,40.8605594936709
0,3,1,NaN,3,Cassegrain,370,43,NaN,NaN,NaN,NaN,NaN,NaN,6,120,NaN,NaN,NaN,NaN,NaN,NaN,NaN,NaN,NaN,3.2279842,55.4819376235596,58.7099218235596,176.129765470679,1366,5761.2409614492,2.38521,4.0707584,0.344430368526749,0.118632278763472,0.0408605594936709,40.8605594936709
0,2,1,NaN,2,TMA,860,147,NaN,NaN,NaN,NaN,NaN,NaN,6,180,NaN,NaN,NaN,NaN,NaN,NaN,NaN,NaN,NaN,88.3073394,0,88.3073394,176.6146788,0,0,95.29569,81.3189888,1.03782286877931,1.07707630696131,1.11781442278481,1117.81442278481
0,2,2,NaN,2,TMA,660,113,NaN,NaN,NaN,NaN,NaN,NaN,6,180,NaN,NaN,NaN,NaN,NaN,NaN,NaN,NaN,NaN,87.8724273,0.668893484184713,88.5413207841847,177.082641568369,2,14.1344936673122,43.28691,73.8763264,1.0361163109654,1.07353700984855,1.11230920632911,1112.30920632911
0,3,1,NaN,2,TMA,660,113,NaN,NaN,NaN,NaN,NaN,NaN,6,120,NaN,NaN,NaN,NaN,NaN,NaN,NaN,NaN,NaN,58.5816182,0.445928989456476,59.0275471894565,177.082641568369,2,14.1344936673122,43.28691,73.8763264,0.905130968454016,0.819262070054505,0.741539470886076,741.539470886076
0,2,2,NaN,1,Cassegrain,670,113,NaN,NaN,NaN,NaN,NaN,NaN,6,180,NaN,NaN,NaN,NaN,NaN,NaN,NaN,NaN,NaN,87.8724273,0.677627118934644,88.5500544189346,177.100108837869,2,14.3184023309896,43.28691,73.8763264,1.0361163109654,1.07353700984855,1.11230920632911,1112.30920632911
0,3,1,NaN,1,Cassegrain,670,113,NaN,NaN,NaN,NaN,NaN,NaN,6,120,NaN,NaN,NaN,NaN,NaN,NaN,NaN,NaN,NaN,58.5816182,0.451751412623096,59.0333696126231,177.100108837869,2,14.3184023309896,43.28691,73.8763264,0.905130968454016,0.819262070054505,0.741539470886076,741.539470886076
0,2,1,NaN,3,TMA,490,141,NaN,NaN,NaN,NaN,NaN,NaN,6,180,NaN,NaN,NaN,NaN,NaN,NaN,NaN,NaN,NaN,77.9295438,10.877372723203,88.8069165232029,177.613833046406,45,244.848289461684,84.09663,71.7624576,0.995462751686274,0.990946089994809,0.986449921518987,986.449921518987
0,1,1,NaN,2,Korsch,360,28,NaN,NaN,NaN,NaN,NaN,NaN,6,360,NaN,NaN,NaN,NaN,NaN,NaN,NaN,NaN,NaN,0.8912512,177.636887238009,178.528138438009,178.528138438009,2594,10668.2465587339,0.65856,1.1239424,0.224280239970907,0.0503016260414075,0.0112816607594937,11.2816607594937
0,3,1,NaN,2,Cassegrain,370,36,NaN,NaN,NaN,NaN,NaN,NaN,6,120,NaN,NaN,NaN,NaN,NaN,NaN,NaN,NaN,NaN,1.8942336,57.677705041876,59.571938641876,178.715815925628,1631,6878.90483757222,1.39968,2.3887872,0.288360308534023,0.0831516675378368,0.0239776405063291,23.9776405063291
1,2,2,2,2,TMA,750,129,180,5.3484525680542,327.68,147.68,82.0444444444445,98.3936706563978,6,180,0.250189180645898,1897.07538583571,0.16875,1.30813953488372,22.379232825,0.41925,0.185131125,0.0854650558125,16.261169175,89.5169313,0,89.5169313,179.0338626,0,0,64.40067,54.9552384,1.04253993108137,1.08688950789914,1.13312571265823,1133.12571265823
0,2,2,NaN,1,Cassegrain,770,129,NaN,NaN,NaN,NaN,NaN,NaN,6,180,NaN,NaN,NaN,NaN,NaN,NaN,NaN,NaN,NaN,89.5169313,0,89.5169313,179.0338626,0,0,64.40067,54.9552384,1.04253993108137,1.08688950789914,1.13312571265823,1133.12571265823
0,3,1,NaN,1,Cassegrain,770,129,NaN,NaN,NaN,NaN,NaN,NaN,6,120,NaN,NaN,NaN,NaN,NaN,NaN,NaN,NaN,NaN,59.6779542,0,59.6779542,179.0338626,0,0,64.40067,54.9552384,0.910742517500209,0.829451933182618,0.755417141772152,755.417141772152
0,3,1,NaN,2,TMA,750,129,NaN,NaN,NaN,NaN,NaN,NaN,6,120,NaN,NaN,NaN,NaN,NaN,NaN,NaN,NaN,NaN,59.6779542,0,59.6779542,179.0338626,0,0,64.40067,54.9552384,0.910742517500209,0.829451933182618,0.755417141772152,755.417141772152
0,1,1,NaN,2,TMA,350,60,NaN,NaN,NaN,NaN,NaN,NaN,6,360,NaN,NaN,NaN,NaN,NaN,NaN,NaN,NaN,NaN,8.7696,170.444117927237,179.213717927237,179.213717927237,1497,5998.8607348754,6.48,11.0592,0.480600514223371,0.230976854271769,0.111007594936709,111.007594936709
0,1,1,NaN,1,Cassegrain,350,59,NaN,NaN,NaN,NaN,NaN,NaN,6,360,NaN,NaN,NaN,NaN,NaN,NaN,NaN,NaN,NaN,8.3383874,170.992761271784,179.331148671784,179.331148671784,1523,6103.04936487324,6.16137,10.5154048,0.472590505652982,0.223341786033341,0.105549207594937,105.549207594937
0,2,2,NaN,2,TMA,370,64,NaN,NaN,NaN,NaN,NaN,NaN,6,180,NaN,NaN,NaN,NaN,NaN,NaN,NaN,NaN,NaN,15.9645696,73.7217103972186,89.6862799972186,179.372559994437,801,3378.29722556428,7.86432,13.4217728,0.586826937183945,0.34436585420469,0.202083159493671,202.083159493671
0,1,2,NaN,3,TMA,560,161,NaN,NaN,NaN,NaN,NaN,NaN,6,360,NaN,NaN,NaN,NaN,NaN,NaN,NaN,NaN,NaN,174.0258177,5.80733373571892,179.833151435719,179.833151435719,10,61.2535975449646,125.19843,106.8359936,1.30115448762868,1.69300300067626,2.20285845189873,2202.85845189873
0,2,1,NaN,1,Cassegrain,880,148,NaN,NaN,NaN,NaN,NaN,NaN,6,180,NaN,NaN,NaN,NaN,NaN,NaN,NaN,NaN,NaN,90.1218176,0,90.1218176,180.2436352,0,0,97.25376,82.9898752,1.04488288829481,1.09178025025131,1.14078250126582,1140.78250126582
0,2,2,NaN,1,Korsch,980,114,NaN,NaN,NaN,NaN,NaN,NaN,6,180,NaN,NaN,NaN,NaN,NaN,NaN,NaN,NaN,NaN,90.2260296,0,90.2260296,180.4520592,0,0,44.44632,75.8550528,1.0452854818589,1.092621738585,1.14210164050633,1142.10164050633
0,2,2,NaN,3,Cassegrain,1000,114,NaN,NaN,NaN,NaN,NaN,NaN,6,180,NaN,NaN,NaN,NaN,NaN,NaN,NaN,NaN,NaN,90.2260296,0,90.2260296,180.4520592,0,0,44.44632,75.8550528,1.0452854818589,1.092621738585,1.14210164050633,1142.10164050633
0,3,1,NaN,1,Korsch,980,114,NaN,NaN,NaN,NaN,NaN,NaN,6,120,NaN,NaN,NaN,NaN,NaN,NaN,NaN,NaN,NaN,60.1506864,0,60.1506864,180.4520592,0,0,44.44632,75.8550528,0.913140977024406,0.833826443921086,0.761401093670886,761.401093670886
0,3,1,NaN,3,Cassegrain,1000,114,NaN,NaN,NaN,NaN,NaN,NaN,6,120,NaN,NaN,NaN,NaN,NaN,NaN,NaN,NaN,NaN,60.1506864,0,60.1506864,180.4520592,0,0,44.44632,75.8550528,0.913140977024406,0.833826443921086,0.761401093670886,761.401093670886
0,1,2,NaN,1,Cassegrain,970,163,NaN,NaN,NaN,NaN,NaN,NaN,6,360,NaN,NaN,NaN,NaN,NaN,NaN,NaN,NaN,NaN,180.5921499,0,180.5921499,180.5921499,0,0,129.92241,110.8671232,1.31731789741289,1.73532644284431,2.28597658101266,2285.97658101266
0,1,2,NaN,2,TMA,950,163,NaN,NaN,NaN,NaN,NaN,NaN,6,360,NaN,NaN,NaN,NaN,NaN,NaN,NaN,NaN,NaN,180.5921499,0,180.5921499,180.5921499,0,0,129.92241,110.8671232,1.31731789741289,1.73532644284431,2.28597658101266,2285.97658101266
0,2,2,NaN,1,Cassegrain,680,114,NaN,NaN,NaN,NaN,NaN,NaN,6,180,NaN,NaN,NaN,NaN,NaN,NaN,NaN,NaN,NaN,90.2260296,0.351729984244993,90.577759584245,181.15551916849,1,7.25075786393154,44.44632,75.8550528,1.0452854818589,1.092621738585,1.14210164050633,1142.10164050633
0,3,1,NaN,1,Cassegrain,680,114,NaN,NaN,NaN,NaN,NaN,NaN,6,120,NaN,NaN,NaN,NaN,NaN,NaN,NaN,NaN,NaN,60.1506864,0.469804316097201,60.6204907160972,181.861472148292,2,14.5015157278631,44.44632,75.8550528,0.913140977024406,0.833826443921086,0.761401093670886,761.401093670886
0,1,1,NaN,3,TMA,650,187,NaN,NaN,NaN,NaN,NaN,NaN,6,360,NaN,NaN,NaN,NaN,NaN,NaN,NaN,NaN,NaN,181.7898434,1.36565701585845,183.155500415858,183.155500415858,2,13.9497854924775,196.17609,167.4035968,1.32022364939953,1.74299048443381,2.30113725822785,2301.13725822785
0,2,2,NaN,2,TMA,760,130,NaN,NaN,NaN,NaN,NaN,NaN,6,180,NaN,NaN,NaN,NaN,NaN,NaN,NaN,NaN,NaN,91.6149,0,91.6149,183.2298,0,0,65.91,56.2432,1.05062163597347,1.10380582197557,1.15968227848101,1159.68227848101
0,3,1,NaN,2,TMA,760,130,NaN,NaN,NaN,NaN,NaN,NaN,6,120,NaN,NaN,NaN,NaN,NaN,NaN,NaN,NaN,NaN,61.0766,0,61.0766,183.2298,0,0,65.91,56.2432,0.917802537015714,0.842361496952481,0.773121518987342,773.121518987342
0,2,1,NaN,2,TMA,870,149,NaN,NaN,NaN,NaN,NaN,NaN,6,180,NaN,NaN,NaN,NaN,NaN,NaN,NaN,NaN,NaN,91.9609822,0,91.9609822,183.9219644,0,0,99.23847,84.6834944,1.05194290781032,1.10658388129243,1.16406306582278,1164.06306582278
0,1,2,NaN,2,TMA,960,164,NaN,NaN,NaN,NaN,NaN,NaN,6,360,NaN,NaN,NaN,NaN,NaN,NaN,NaN,NaN,NaN,183.9363648,0,183.9363648,183.9363648,0,0,132.32832,112.9201664,1.32539960230499,1.75668410579023,2.32830841518987,2328.30841518987
0,1,2,NaN,1,Cassegrain,350,59,NaN,NaN,NaN,NaN,NaN,NaN,6,360,NaN,NaN,NaN,NaN,NaN,NaN,NaN,NaN,NaN,12.5075811,171.545016358503,184.052597458503,184.052597458503,1330,5329.6491498893,6.16137,10.5154048,0.540981082716449,0.292660531857062,0.158323811392405,158.323811392405
0,2,1,NaN,3,TMA,500,144,NaN,NaN,NaN,NaN,NaN,NaN,6,180,NaN,NaN,NaN,NaN,NaN,NaN,NaN,NaN,NaN,83.0103552,9.60456287454696,92.6149180745469,185.229836149094,37,204.984577255917,89.57952,76.4411904,1.01664281023279,1.03356260359803,1.05076398987342,1050.76398987342
0,2,2,NaN,1,Korsch,990,115,NaN,NaN,NaN,NaN,NaN,NaN,6,180,NaN,NaN,NaN,NaN,NaN,NaN,NaN,NaN,NaN,92.6212875,0,92.6212875,185.242575,0,0,45.62625,77.8688,1.0544546527524,1.11187461471119,1.17242136075949,1172.42136075949
0,3,1,NaN,1,Korsch,990,115,NaN,NaN,NaN,NaN,NaN,NaN,6,120,NaN,NaN,NaN,NaN,NaN,NaN,NaN,NaN,NaN,61.747525,0,61.747525,185.242575,0,0,45.62625,77.8688,0.921150985594795,0.848519138262262,0.781614240506329,781.614240506329
0,1,2,NaN,2,TMA,350,60,NaN,NaN,NaN,NaN,NaN,NaN,6,360,NaN,NaN,NaN,NaN,NaN,NaN,NaN,NaN,NaN,13.1544,172.211351437993,185.365751437993,185.365751437993,1308,5241.48953989113,6.48,11.0592,0.550150253609948,0.30266530154709,0.166511392405063,166.511392405063
0,1,2,NaN,3,TMA,380,109,NaN,NaN,NaN,NaN,NaN,NaN,6,360,NaN,NaN,NaN,NaN,NaN,NaN,NaN,NaN,NaN,78.8672661,106.576420881238,185.443686981238,185.443686981238,380,1642.38608912234,38.85087,66.3054848,0.999439627391406,0.998879568800273,0.998319824050633,998.319824050633
0,2,2,NaN,2,TMA,670,115,NaN,NaN,NaN,NaN,NaN,NaN,6,180,NaN,NaN,NaN,NaN,NaN,NaN,NaN,NaN,NaN,92.6212875,0.714247894693611,93.3355353946936,186.671070789387,2,14.3184023309896,45.62625,77.8688,1.0544546527524,1.11187461471119,1.17242136075949,1172.42136075949
0,3,1,NaN,2,TMA,670,115,NaN,NaN,NaN,NaN,NaN,NaN,6,120,NaN,NaN,NaN,NaN,NaN,NaN,NaN,NaN,NaN,61.747525,0.476165263129074,62.2236902631291,186.671070789387,2,14.3184023309896,45.62625,77.8688,0.921150985594795,0.848519138262262,0.781614240506329,781.614240506329
0,3,1,NaN,3,Korsch,370,33,NaN,NaN,NaN,NaN,NaN,NaN,6,120,NaN,NaN,NaN,NaN,NaN,NaN,NaN,NaN,NaN,1.4590422,60.9430386453381,62.4020808453381,187.206242536014,1780,7507.32716792063,1.07811,1.8399744,0.264330282822854,0.0698704984172101,0.0184688886075949,18.4688886075949
0,1,2,NaN,1,Cassegrain,980,165,NaN,NaN,NaN,NaN,NaN,NaN,6,360,NaN,NaN,NaN,NaN,NaN,NaN,NaN,NaN,NaN,187.3216125,0,187.3216125,187.3216125,0,0,134.76375,114.9984,1.3334813071971,1.77817239664408,2.37115965189873,2371.15965189873
0,2,2,NaN,1,Cassegrain,780,131,NaN,NaN,NaN,NaN,NaN,NaN,6,180,NaN,NaN,NaN,NaN,NaN,NaN,NaN,NaN,NaN,93.7453947,0,93.7453947,187.4907894,0,0,67.44273,57.5511296,1.05870334086557,1.12085276395993,1.18665056582278,1186.65056582278
0,3,1,NaN,1,Cassegrain,780,131,NaN,NaN,NaN,NaN,NaN,NaN,6,120,NaN,NaN,NaN,NaN,NaN,NaN,NaN,NaN,NaN,62.4969298,0,62.4969298,187.4907894,0,0,67.44273,57.5511296,0.92486255653122,0.855370748473463,0.79110037721519,791.10037721519
0,2,1,NaN,1,Cassegrain,890,150,NaN,NaN,NaN,NaN,NaN,NaN,6,180,NaN,NaN,NaN,NaN,NaN,NaN,NaN,NaN,NaN,93.825,0,93.825,187.65,0,0,101.25,86.4,1.05900292732582,1.12148720008466,1.1876582278481,1187.6582278481
0,1,2,NaN,3,TMA,570,164,NaN,NaN,NaN,NaN,NaN,NaN,6,360,NaN,NaN,NaN,NaN,NaN,NaN,NaN,NaN,NaN,183.9363648,4.9734283946244,188.909793194624,188.909793194624,8,49.7712759673886,132.32832,112.9201664,1.32539960230499,1.75668410579023,2.32830841518987,2328.30841518987
0,2,2,NaN,1,Korsch,1000,116,NaN,NaN,NaN,NaN,NaN,NaN,6,180,NaN,NaN,NaN,NaN,NaN,NaN,NaN,NaN,NaN,95.0585664,0,95.0585664,190.1171328,0,0,46.82688,79.9178752,1.0636238236459,1.13129563822712,1.20327299240506,1203.27299240506
0,3,1,NaN,1,Korsch,1000,116,NaN,NaN,NaN,NaN,NaN,NaN,6,120,NaN,NaN,NaN,NaN,NaN,NaN,NaN,NaN,NaN,63.3723776,0,63.3723776,190.1171328,0,0,46.82688,79.9178752,0.929160994165185,0.863340153078034,0.802181994936709,802.181994936709
0,1,2,NaN,1,Cassegrain,990,166,NaN,NaN,NaN,NaN,NaN,NaN,6,360,NaN,NaN,NaN,NaN,NaN,NaN,NaN,NaN,NaN,190.7481432,0,190.7481432,190.7481432,0,0,137.22888,117.1019776,1.3415630120892,1.79979131540584,2.41453345822785,2414.53345822785
0,1,2,NaN,2,TMA,970,166,NaN,NaN,NaN,NaN,NaN,NaN,6,360,NaN,NaN,NaN,NaN,NaN,NaN,NaN,NaN,NaN,190.7481432,0,190.7481432,190.7481432,0,0,137.22888,117.1019776,1.3415630120892,1.79979131540584,2.41453345822785,2414.53345822785
0,2,2,NaN,1,Cassegrain,690,116,NaN,NaN,NaN,NaN,NaN,NaN,6,180,NaN,NaN,NaN,NaN,NaN,NaN,NaN,NaN,NaN,95.0585664,0.375236139280926,95.4338025392809,190.867605078562,1,7.34191903720603,46.82688,79.9178752,1.0636238236459,1.13129563822712,1.20327299240506,1203.27299240506
0,3,1,NaN,1,Cassegrain,690,116,NaN,NaN,NaN,NaN,NaN,NaN,6,120,NaN,NaN,NaN,NaN,NaN,NaN,NaN,NaN,NaN,63.3723776,0.250157426187284,63.6225350261873,190.867605078562,1,7.34191903720603,46.82688,79.9178752,0.929160994165185,0.863340153078034,0.802181994936709,802.181994936709
0,1,1,NaN,3,TMA,660,190,NaN,NaN,NaN,NaN,NaN,NaN,6,360,NaN,NaN,NaN,NaN,NaN,NaN,NaN,NaN,NaN,190.6802,0.724486919354102,191.404686919354,191.404686919354,1,7.0672468336561,205.77,175.5904,1.34140370794604,1.79936390769139,2.41367341772152,2413.67341772152
0,2,1,NaN,1,Cassegrain,900,151,NaN,NaN,NaN,NaN,NaN,NaN,6,180,NaN,NaN,NaN,NaN,NaN,NaN,NaN,NaN,NaN,95.7140378,0,95.7140378,191.4280756,0,0,103.28853,88.1395456,1.06606294684133,1.13649020662802,1.21157009873418,1211.57009873418
0,2,1,NaN,2,TMA,880,151,NaN,NaN,NaN,NaN,NaN,NaN,6,180,NaN,NaN,NaN,NaN,NaN,NaN,NaN,NaN,NaN,95.7140378,0,95.7140378,191.4280756,0,0,103.28853,88.1395456,1.06606294684133,1.13649020662802,1.21157009873418,1211.57009873418
1,2,2,1,2,TMA,770,132,160,6.54184055328369,163.84,3.84,2.4,98.4769938343495,6,180,0.250103911843503,1892.88761694616,0.17325,1.3125,23.9771664,0.429,0.193842,0.091567476,17.4222576,95.9086656,0,95.9086656,191.8173312,0,0,68.99904,58.8791808,1.06678504575768,1.13803033385221,1.21403374177215,1214.03374177215
0,3,1,NaN,2,TMA,770,132,NaN,NaN,NaN,NaN,NaN,NaN,6,120,NaN,NaN,NaN,NaN,NaN,NaN,NaN,NaN,NaN,63.9391104,0,63.9391104,191.8173312,0,0,68.99904,58.8791808,0.931922576046725,0.868479687745564,0.809355827848101,809.355827848101
0,2,1,NaN,3,TMA,510,147,NaN,NaN,NaN,NaN,NaN,NaN,6,180,NaN,NaN,NaN,NaN,NaN,NaN,NaN,NaN,NaN,88.3073394,8.35739965394794,96.6647390539479,193.329478107896,30,169.162158598674,95.29569,81.3189888,1.03782286877931,1.07707630696131,1.11781442278481,1117.81442278481
0,1,1,NaN,1,Refractivo,360,27,NaN,NaN,NaN,NaN,NaN,NaN,6,360,NaN,NaN,NaN,NaN,NaN,NaN,NaN,NaN,NaN,0.7991298,193.298693947363,194.097823747363,194.097823747363,2690,11063.0621599823,0.59049,1.0077696,0.216270231400517,0.0467728129900332,0.0101155670886076,10.1155670886076
0,1,2,NaN,1,Korsch,350,41,NaN,NaN,NaN,NaN,NaN,NaN,6,360,NaN,NaN,NaN,NaN,NaN,NaN,NaN,NaN,NaN,4.1972889,190.169765387265,194.367054287265,194.367054287265,1914,7669.88606984069,2.06763,3.5287552,0.375936006633465,0.141327881083516,0.0531302392405063,53.1302392405063
0,2,1,NaN,2,TMA,890,152,NaN,NaN,NaN,NaN,NaN,NaN,6,180,NaN,NaN,NaN,NaN,NaN,NaN,NaN,NaN,NaN,97.6282624,0,97.6282624,195.2565248,0,0,105.35424,89.9022848,1.07312296635683,1.15159290092249,1.23580078987342,1235.80078987342
0,2,2,NaN,2,TMA,680,117,NaN,NaN,NaN,NaN,NaN,NaN,6,180,NaN,NaN,NaN,NaN,NaN,NaN,NaN,NaN,NaN,97.5382317,0.380235291868872,97.9184669918689,195.836933983738,1,7.25075786393154,48.04839,82.0025856,1.0727929945394,1.15088480913281,1.23466116075949,1234.66116075949
0,2,2,NaN,1,Cassegrain,790,133,NaN,NaN,NaN,NaN,NaN,NaN,6,180,NaN,NaN,NaN,NaN,NaN,NaN,NaN,NaN,NaN,98.1049629,0,98.1049629,196.2099258,0,0,70.57911,60.2275072,1.07486675064978,1.15533853165242,1.24183497341772,1241.83497341772
0,3,1,NaN,1,Cassegrain,790,133,NaN,NaN,NaN,NaN,NaN,NaN,6,120,NaN,NaN,NaN,NaN,NaN,NaN,NaN,NaN,NaN,65.4033086,0,65.4033086,196.2099258,0,0,70.57911,60.2275072,0.938982595562231,0.881688314768783,0.827889982278481,827.889982278481
0,3,1,NaN,2,TMA,680,117,NaN,NaN,NaN,NaN,NaN,NaN,6,120,NaN,NaN,NaN,NaN,NaN,NaN,NaN,NaN,NaN,65.0254878,0.507878740096404,65.5333665400964,196.600099620289,2,14.5015157278631,48.04839,82.0025856,0.937171002735574,0.878289488368402,0.823107440506329,823.107440506329
0,1,1,NaN,3,TMA,670,192,NaN,NaN,NaN,NaN,NaN,NaN,6,360,NaN,NaN,NaN,NaN,NaN,NaN,NaN,NaN,NaN,196.7652864,0.757351492583348,197.522637892583,197.522637892583,1,7.15920116549478,212.33664,181.1939328,1.35552374697705,1.83744462861871,2.4906998278481,2490.6998278481
0,1,2,NaN,1,Cassegrain,1000,168,NaN,NaN,NaN,NaN,NaN,NaN,6,360,NaN,NaN,NaN,NaN,NaN,NaN,NaN,NaN,NaN,197.7260544,0,197.7260544,197.7260544,0,0,142.24896,121.3857792,1.35772642187341,1.84342103665316,2.50286144810127,2502.86144810127
0,1,2,NaN,2,TMA,980,168,NaN,NaN,NaN,NaN,NaN,NaN,6,360,NaN,NaN,NaN,NaN,NaN,NaN,NaN,NaN,NaN,197.7260544,0,197.7260544,197.7260544,0,0,142.24896,121.3857792,1.35772642187341,1.84342103665316,2.50286144810127,2502.86144810127
0,1,2,NaN,3,Cassegrain,350,40,NaN,NaN,NaN,NaN,NaN,NaN,6,360,NaN,NaN,NaN,NaN,NaN,NaN,NaN,NaN,NaN,3.8976,194.388546993483,198.286146993483,198.286146993483,1962,7862.2343098367,1.92,3.2768,0.366766835739966,0.134517911798707,0.0493367088607595,49.3367088607595
0,2,1,NaN,3,TMA,520,149,NaN,NaN,NaN,NaN,NaN,NaN,6,180,NaN,NaN,NaN,NaN,NaN,NaN,NaN,NaN,NaN,91.9609822,7.33216007709056,99.2931422770906,198.586284554181,25,143.423004780243,99.23847,84.6834944,1.05194290781032,1.10658388129243,1.16406306582278,1164.06306582278
0,1,2,NaN,3,TMA,580,167,NaN,NaN,NaN,NaN,NaN,NaN,6,360,NaN,NaN,NaN,NaN,NaN,NaN,NaN,NaN,NaN,194.2162071,4.65925145249067,198.875458552491,198.875458552491,7,44.2192781535341,139.72389,119.2310528,1.3496447169813,1.82154086207554,2.45843300126582,2458.43300126582
0,2,1,NaN,1,Cassegrain,910,153,NaN,NaN,NaN,NaN,NaN,NaN,6,180,NaN,NaN,NaN,NaN,NaN,NaN,NaN,NaN,NaN,99.5678406,0,99.5678406,199.1356812,0,0,107.44731,91.6883712,1.08018298587234,1.16679528296808,1.26035241265823,1260.35241265823
0,1,1,NaN,3,TMA,360,104,NaN,NaN,NaN,NaN,NaN,NaN,6,360,NaN,NaN,NaN,NaN,NaN,NaN,NaN,NaN,NaN,45.6694784,153.602894068467,199.272372468467,199.272372468467,698,2870.6384340772,33.74592,57.5930368,0.83304089132051,0.69395712661207,0.578094663291139,578.094663291139
0,2,2,NaN,2,TMA,780,134,NaN,NaN,NaN,NaN,NaN,NaN,6,180,NaN,NaN,NaN,NaN,NaN,NaN,NaN,NaN,NaN,100.3345368,0,100.3345368,200.6690736,0,0,72.18312,61.5962624,1.08294845554188,1.17277735736055,1.2700574278481,1270.0574278481
0,3,1,NaN,2,TMA,780,134,NaN,NaN,NaN,NaN,NaN,NaN,6,120,NaN,NaN,NaN,NaN,NaN,NaN,NaN,NaN,NaN,66.8896912,0,66.8896912,200.6690736,0,0,72.18312,61.5962624,0.946042615077736,0.894996629543121,0.846704951898734,846.704951898734
0,2,2,NaN,2,TMA,690,118,NaN,NaN,NaN,NaN,NaN,NaN,6,180,NaN,NaN,NaN,NaN,NaN,NaN,NaN,NaN,NaN,100.0606488,0.39498146218263,100.455630262183,200.911260524365,1,7.34191903720603,49.29096,84.1232384,1.0819621654329,1.17064212742825,1.26659049113924,1266.59049113924
0,3,1,NaN,2,TMA,690,118,NaN,NaN,NaN,NaN,NaN,NaN,6,120,NaN,NaN,NaN,NaN,NaN,NaN,NaN,NaN,NaN,66.7070992,0.26332097478842,66.9704201747884,200.911260524365,1,7.34191903720603,49.29096,84.1232384,0.945181011305964,0.893367144133364,0.844393660759494,844.393660759493
0,2,2,NaN,1,Cassegrain,700,118,NaN,NaN,NaN,NaN,NaN,NaN,6,180,NaN,NaN,NaN,NaN,NaN,NaN,NaN,NaN,NaN,100.0606488,0.399873455923714,100.460522255924,200.921044511847,1,7.43268677971719,49.29096,84.1232384,1.0819621654329,1.17064212742825,1.26659049113924,1266.59049113924
0,3,1,NaN,1,Cassegrain,700,118,NaN,NaN,NaN,NaN,NaN,NaN,6,120,NaN,NaN,NaN,NaN,NaN,NaN,NaN,NaN,NaN,66.7070992,0.266582303949143,66.9736815039491,200.921044511847,1,7.43268677971719,49.29096,84.1232384,0.945181011305964,0.893367144133364,0.844393660759494,844.393660759493
0,2,1,NaN,2,TMA,900,154,NaN,NaN,NaN,NaN,NaN,NaN,6,180,NaN,NaN,NaN,NaN,NaN,NaN,NaN,NaN,NaN,101.5329392,0,101.5329392,203.0658784,0,0,109.56792,93.4979584,1.08724300538785,1.1820973527648,1.28522707848101,1285.22707848101
0,2,2,NaN,1,Korsch,360,42,NaN,NaN,NaN,NaN,NaN,NaN,6,180,NaN,NaN,NaN,NaN,NaN,NaN,NaN,NaN,NaN,4.5119592,97.7535621642636,102.265521364264,204.531042728527,1510,6210.12039463692,2.22264,3.7933056,0.385105177526964,0.148305997758074,0.0571134075949367,57.1134075949367
0,1,2,NaN,3,TMA,590,169,NaN,NaN,NaN,NaN,NaN,NaN,6,360,NaN,NaN,NaN,NaN,NaN,NaN,NaN,NaN,NaN,201.2779353,3.49062938204547,204.768564682046,204.768564682046,5,32.0612636407122,144.80427,123.5663104,1.36580812676551,1.86543183913871,2.54782196582279,2547.82196582278
0,1,2,NaN,2,TMA,990,170,NaN,NaN,NaN,NaN,NaN,NaN,6,360,NaN,NaN,NaN,NaN,NaN,NaN,NaN,NaN,NaN,204.8721,0,204.8721,204.8721,0,0,147.39,125.7728,1.37388983165761,1.88757326953219,2.59331772151899,2593.31772151899
0,2,2,NaN,3,Cassegrain,360,41,NaN,NaN,NaN,NaN,NaN,NaN,6,180,NaN,NaN,NaN,NaN,NaN,NaN,NaN,NaN,NaN,4.1972889,98.3002689048095,102.49755780481,204.995115609619,1547,6362.28890761808,2.06763,3.5287552,0.375936006633465,0.141327881083516,0.0531302392405063,53.1302392405063
1,2,2,2,2,TMA,790,135,210,6.00418567657471,327.68,117.68,56.0380952380952,98.5609201415361,6,180,0.250022434194614,1888.96261431902,0.17775,1.31666666666667,25.649409375,0.43875,0.202753125,0.0979536796875,18.637340625,102.5976375,0,102.5976375,205.195275,0,0,73.81125,62.9856,1.09103016043399,1.19034681097661,1.2987042721519,1298.7042721519
0,2,2,NaN,1,Cassegrain,800,135,NaN,NaN,NaN,NaN,NaN,NaN,6,180,NaN,NaN,NaN,NaN,NaN,NaN,NaN,NaN,NaN,102.5976375,0,102.5976375,205.195275,0,0,73.81125,62.9856,1.09103016043399,1.19034681097661,1.2987042721519,1298.7042721519
0,3,1,NaN,1,Cassegrain,800,135,NaN,NaN,NaN,NaN,NaN,NaN,6,120,NaN,NaN,NaN,NaN,NaN,NaN,NaN,NaN,NaN,68.398425,0,68.398425,205.195275,0,0,73.81125,62.9856,0.953102634593242,0.908404632068578,0.865802848101266,865.802848101266
0,3,1,NaN,2,TMA,790,135,NaN,NaN,NaN,NaN,NaN,NaN,6,120,NaN,NaN,NaN,NaN,NaN,NaN,NaN,NaN,NaN,68.398425,0,68.398425,205.195275,0,0,73.81125,62.9856,0.953102634593242,0.908404632068578,0.865802848101266,865.802848101266
0,2,2,NaN,1,Cassegrain,710,119,NaN,NaN,NaN,NaN,NaN,NaN,6,180,NaN,NaN,NaN,NaN,NaN,NaN,NaN,NaN,NaN,102.6261831,0.415122139791778,103.041305239792,206.082610479584,1,7.52306317215698,50.55477,86.2801408,1.0911313363264,1.19056759311343,1.29906560886076,1299.06560886076
0,3,1,NaN,1,Cassegrain,710,119,NaN,NaN,NaN,NaN,NaN,NaN,6,120,NaN,NaN,NaN,NaN,NaN,NaN,NaN,NaN,NaN,68.4174554,0.276748093194519,68.6942034931945,206.082610479584,1,7.52306317215698,50.55477,86.2801408,0.953191019876353,0.908573120372922,0.866043739240506,866.043739240506
0,1,1,NaN,3,TMA,680,195,NaN,NaN,NaN,NaN,NaN,NaN,6,360,NaN,NaN,NaN,NaN,NaN,NaN,NaN,NaN,NaN,206.133525,0.803574554062112,206.937099554062,206.937099554062,1,7.25075786393154,222.44625,189.8208,1.37670380552357,1.89531336814308,2.60928512658228,2609.28512658228
0,2,1,NaN,1,Cassegrain,920,155,NaN,NaN,NaN,NaN,NaN,NaN,6,180,NaN,NaN,NaN,NaN,NaN,NaN,NaN,NaN,NaN,103.523725,0,103.523725,207.04745,0,0,111.71625,95.3312,1.09430302490335,1.19749911031262,1.31042689873418,1310.42689873418
0,2,1,NaN,3,Refractivo,370,23,NaN,NaN,NaN,NaN,NaN,NaN,6,180,NaN,NaN,NaN,NaN,NaN,NaN,NaN,NaN,NaN,0.4939802,103.36981437133,103.86379457133,207.72758914266,2553,10767.5316065738,0.36501,0.6229504,0.184230197118959,0.0339407655304905,0.00625291392405063,6.25291392405063
0,2,1,NaN,3,TMA,530,152,NaN,NaN,NaN,NaN,NaN,NaN,6,180,NaN,NaN,NaN,NaN,NaN,NaN,NaN,NaN,NaN,97.6282624,6.29172266806088,103.919985068061,207.839970136122,20,116.69341537181,105.35424,89.9022848,1.07312296635683,1.15159290092249,1.23580078987342,1235.80078987342
0,1,2,NaN,2,TMA,1000,171,NaN,NaN,NaN,NaN,NaN,NaN,6,360,NaN,NaN,NaN,NaN,NaN,NaN,NaN,NaN,NaN,208.5087987,0,208.5087987,208.5087987,0,0,150.00633,128.0054016,1.38197153654972,1.90984532783359,2.63935188227848,2639.35188227848
0,1,2,NaN,3,TMA,370,106,NaN,NaN,NaN,NaN,NaN,NaN,6,360,NaN,NaN,NaN,NaN,NaN,NaN,NaN,NaN,NaN,72.5328744,136.221592641641,208.754467041641,208.754467041641,484,2041.31817374921,35.73048,60.9800192,0.971932114710909,0.944652035606419,0.918137650632911,918.137650632911
0,2,2,NaN,1,Cassegrain,810,136,NaN,NaN,NaN,NaN,NaN,NaN,6,180,NaN,NaN,NaN,NaN,NaN,NaN,NaN,NaN,NaN,104.8945152,0,104.8945152,209.7890304,0,0,75.46368,64.3956736,1.09911186532609,1.2080468925006,1.32777867341772,1327.77867341772
0,3,1,NaN,1,Cassegrain,810,136,NaN,NaN,NaN,NaN,NaN,NaN,6,120,NaN,NaN,NaN,NaN,NaN,NaN,NaN,NaN,NaN,69.9296768,0,69.9296768,209.7890304,0,0,75.46368,64.3956736,0.960162654108747,0.921912322345153,0.885185782278481,885.185782278481
0,2,2,NaN,2,Refractivo,370,20,NaN,NaN,NaN,NaN,NaN,NaN,6,180,NaN,NaN,NaN,NaN,NaN,NaN,NaN,NaN,NaN,0.4872,104.513244398473,105.000444398473,210.000888796946,2565,10818.1428009643,0.24,0.4096,0.183383417869983,0.0336294779496767,0.00616708860759494,6.16708860759494
0,3,1,NaN,2,Korsch,370,29,NaN,NaN,NaN,NaN,NaN,NaN,6,120,NaN,NaN,NaN,NaN,NaN,NaN,NaN,NaN,NaN,0.9901934,69.1884688811423,70.1786622811423,210.535986843427,2025,8540.63905339285,0.73167,1.2487168,0.232290248541296,0.0539587595673771,0.0125340936708861,12.5340936708861
0,2,1,NaN,1,Cassegrain,930,156,NaN,NaN,NaN,NaN,NaN,NaN,6,180,NaN,NaN,NaN,NaN,NaN,NaN,NaN,NaN,NaN,105.5403648,0,105.5403648,211.0807296,0,0,113.89248,97.1882496,1.10136304441886,1.21300055561157,1.33595398481013,1335.95398481013
0,2,1,NaN,2,TMA,910,156,NaN,NaN,NaN,NaN,NaN,NaN,6,180,NaN,NaN,NaN,NaN,NaN,NaN,NaN,NaN,NaN,105.5403648,0,105.5403648,211.0807296,0,0,113.89248,97.1882496,1.10136304441886,1.21300055561157,1.33595398481013,1335.95398481013
0,3,1,NaN,2,TMA,700,120,NaN,NaN,NaN,NaN,NaN,NaN,6,120,NaN,NaN,NaN,NaN,NaN,NaN,NaN,NaN,NaN,70.1568,0.280368380667034,70.437168380667,211.311505142001,1,7.43268677971719,51.84,88.4736,0.961201028446743,0.923907417087076,0.888060759493671,888.060759493671
1,2,2,2,2,TMA,700,120,190,6.65614986419678,327.68,137.68,72.4631578947368,98.1879816336059,6,180,0.250103911843503,1888.21839639826,0.1575,1.3125,26.3088,0.39,0.1602,0.068796,18.6192,105.2352,0.420552571000552,105.655752571001,211.311505142001,1,7.43268677971719,51.84,88.4736,1.1003005072199,1.21066120618836,1.33209113924051,1332.09113924051
0,2,1,NaN,1,Korsch,360,42,NaN,NaN,NaN,NaN,NaN,NaN,6,180,NaN,NaN,NaN,NaN,NaN,NaN,NaN,NaN,NaN,3.0079728,102.95776507698,105.96573787698,211.93147575396,1729,7110.79348498492,2.22264,3.7933056,0.33642035995636,0.113178658593167,0.0380756050632911,38.0756050632911
0,2,2,NaN,2,TMA,800,137,NaN,NaN,NaN,NaN,NaN,NaN,6,180,NaN,NaN,NaN,NaN,NaN,NaN,NaN,NaN,NaN,107.2254201,0,107.2254201,214.4508402,0,0,77.14059,65.8266368,1.10719357021819,1.22587760193251,1.35728379873418,1357.28379873418
0,3,1,NaN,2,TMA,800,137,NaN,NaN,NaN,NaN,NaN,NaN,6,120,NaN,NaN,NaN,NaN,NaN,NaN,NaN,NaN,NaN,71.4836134,0,71.4836134,214.4508402,0,0,77.14059,65.8266368,0.967222673624253,0.935519700372847,0.904855865822785,904.855865822785
0,2,1,NaN,3,Cassegrain,360,41,NaN,NaN,NaN,NaN,NaN,NaN,6,180,NaN,NaN,NaN,NaN,NaN,NaN,NaN,NaN,NaN,2.7981926,104.469643443501,107.267836043501,214.535672087002,1771,7283.52531053111,2.06763,3.5287552,0.32841035138597,0.107853358897457,0.0354201594936709,35.4201594936709
0,1,2,NaN,3,TMA,600,172,NaN,NaN,NaN,NaN,NaN,NaN,6,360,NaN,NaN,NaN,NaN,NaN,NaN,NaN,NaN,NaN,212.1882816,2.98299016627698,215.171271766277,215.171271766277,4,26.0282028379079,152.65344,130.2642688,1.39005324144182,1.93224801404291,2.68592761518987,2685.92761518987
0,2,2,NaN,1,Cassegrain,720,121,NaN,NaN,NaN,NaN,NaN,NaN,6,180,NaN,NaN,NaN,NaN,NaN,NaN,NaN,NaN,NaN,107.8880649,0,107.8880649,215.7761298,0,0,53.14683,90.7039232,1.1094696781134,1.23092296665304,1.36567170759494,1365.67170759494
0,1,1,NaN,3,TMA,690,198,NaN,NaN,NaN,NaN,NaN,NaN,6,360,NaN,NaN,NaN,NaN,NaN,NaN,NaN,NaN,NaN,215.7944976,0.851831636264725,216.646329236265,216.646329236265,1,7.34191903720603,232.87176,198.7172352,1.39788386407009,1.95407929742752,2.73157591898734,2731.57591898734
0,3,1,NaN,1,Cassegrain,720,121,NaN,NaN,NaN,NaN,NaN,NaN,6,120,NaN,NaN,NaN,NaN,NaN,NaN,NaN,NaN,NaN,71.9253766,0.294424125127948,72.2198007251279,216.659402175384,1,7.61305028159222,53.14683,90.7039232,0.969211037017132,0.939370034275825,0.910447805063291,910.447805063291
0,2,2,NaN,2,Cassegrain,360,35,NaN,NaN,NaN,NaN,NaN,NaN,6,180,NaN,NaN,NaN,NaN,NaN,NaN,NaN,NaN,NaN,2.6110875,106.308408512327,108.919496012327,217.838992024654,1813,7456.2571360773,1.28625,2.1952,0.32092098127247,0.102990276220885,0.0330517405063291,33.0517405063291
0,2,1,NaN,3,TMA,540,155,NaN,NaN,NaN,NaN,NaN,NaN,6,180,NaN,NaN,NaN,NaN,NaN,NaN,NaN,NaN,NaN,103.523725,5.74305560612805,109.266780606128,218.533561212256,17,100.84387558687,111.71625,95.3312,1.09430302490335,1.19749911031262,1.31042689873418,1310.42689873418
0,2,1,NaN,1,Cassegrain,360,61,NaN,NaN,NaN,NaN,NaN,NaN,6,180,NaN,NaN,NaN,NaN,NaN,NaN,NaN,NaN,NaN,9.2154286,100.252797347127,109.468225947127,218.936451894254,1190,4894.06839047545,6.80943,11.6214272,0.488610522793761,0.238740242984792,0.116650994936709,116.650994936709
0,2,2,NaN,1,Cassegrain,820,138,NaN,NaN,NaN,NaN,NaN,NaN,6,180,NaN,NaN,NaN,NaN,NaN,NaN,NaN,NaN,NaN,109.5906024,0,109.5906024,219.1812048,0,0,78.84216,67.2786432,1.1152752751103,1.24383893927235,1.38722281518987,1387.22281518987
0,3,1,NaN,1,Cassegrain,820,138,NaN,NaN,NaN,NaN,NaN,NaN,6,120,NaN,NaN,NaN,NaN,NaN,NaN,NaN,NaN,NaN,73.0604016,0,73.0604016,219.1812048,0,0,78.84216,67.2786432,0.974282693139758,0.94922676615166,0.924815210126582,924.815210126582
0,2,1,NaN,1,Cassegrain,940,158,NaN,NaN,NaN,NaN,NaN,NaN,6,180,NaN,NaN,NaN,NaN,NaN,NaN,NaN,NaN,NaN,109.6518736,0,109.6518736,219.3037472,0,0,118.32936,100.9743872,1.11548308344987,1.24430250946283,1.3879984,1387.9984
0,2,1,NaN,2,TMA,920,158,NaN,NaN,NaN,NaN,NaN,NaN,6,180,NaN,NaN,NaN,NaN,NaN,NaN,NaN,NaN,NaN,109.6518736,0,109.6518736,219.3037472,0,0,118.32936,100.9743872,1.11548308344987,1.24430250946283,1.3879984,1387.9984
0,3,1,NaN,1,Refractivo,370,28,NaN,NaN,NaN,NaN,NaN,NaN,6,120,NaN,NaN,NaN,NaN,NaN,NaN,NaN,NaN,NaN,0.8912512,72.3767961118545,73.2680473118545,219.804141935563,2097,8844.30621973571,0.65856,1.1239424,0.224280239970907,0.0503016260414075,0.0112816607594937,11.2816607594937
0,2,1,NaN,2,TMA,360,62,NaN,NaN,NaN,NaN,NaN,NaN,6,180,NaN,NaN,NaN,NaN,NaN,NaN,NaN,NaN,NaN,9.6761168,100.92870757116,110.60482437116,221.20964874232,1171,4815.92780272836,7.14984,12.2023936,0.49662053136415,0.246631952172411,0.12248249113924,122.48249113924
0,3,1,NaN,1,Cassegrain,370,62,NaN,NaN,NaN,NaN,NaN,NaN,6,120,NaN,NaN,NaN,NaN,NaN,NaN,NaN,NaN,NaN,9.6761168,64.0716526777482,73.7477694777482,221.243308433245,947,3994.06675731508,7.14984,12.2023936,0.49662053136415,0.246631952172411,0.12248249113924,122.48249113924
0,2,1,NaN,3,TMA,430,124,NaN,NaN,NaN,NaN,NaN,NaN,6,180,NaN,NaN,NaN,NaN,NaN,NaN,NaN,NaN,NaN,77.4089344,33.3419245431574,110.750858943157,221.501717886315,140,677.247967869935,57.19872,97.6191488,0.993241062728301,0.986527808689644,0.979859929113924,979.859929113924
0,2,2,NaN,2,TMA,710,122,NaN,NaN,NaN,NaN,NaN,NaN,6,180,NaN,NaN,NaN,NaN,NaN,NaN,NaN,NaN,NaN,110.5851432,0.447316073614787,111.032459273615,222.06491854723,1,7.52306317215698,54.47544,92.9714176,1.11863884900689,1.25135287450747,1.39981193924051,1399.81193924051
0,3,1,NaN,2,TMA,710,122,NaN,NaN,NaN,NaN,NaN,NaN,6,120,NaN,NaN,NaN,NaN,NaN,NaN,NaN,NaN,NaN,73.7234288,0.298210715743191,74.0216395157432,222.06491854723,1,7.52306317215698,54.47544,92.9714176,0.977221045587522,0.954960971939169,0.933207959493671,933.207959493671
0,2,1,NaN,3,TMA,420,121,NaN,NaN,NaN,NaN,NaN,NaN,6,180,NaN,NaN,NaN,NaN,NaN,NaN,NaN,NaN,NaN,71.9253766,39.1490249016157,111.074401501616,222.148803003231,174,823.945245901534,53.14683,90.7039232,0.969211037017132,0.939370034275825,0.910447805063291,910.447805063291
0,1,1,NaN,1,Korsch,350,41,NaN,NaN,NaN,NaN,NaN,NaN,6,360,NaN,NaN,NaN,NaN,NaN,NaN,NaN,NaN,NaN,2.7981926,220.547325826865,223.345518426865,223.345518426865,2192,8783.90295981755,2.06763,3.5287552,0.32841035138597,0.107853358897457,0.0354201594936709,35.4201594936709
0,2,1,NaN,2,TMA,930,159,NaN,NaN,NaN,NaN,NaN,NaN,6,180,NaN,NaN,NaN,NaN,NaN,NaN,NaN,NaN,NaN,111.7470762,0,111.7470762,223.4941524,0,0,120.59037,102.9037824,1.12254310296537,1.26010301801513,1.41451995189873,1414.51995189873
0,2,2,NaN,2,TMA,810,139,NaN,NaN,NaN,NaN,NaN,NaN,6,180,NaN,NaN,NaN,NaN,NaN,NaN,NaN,NaN,NaN,111.9903123,0,111.9903123,223.9806246,0,0,80.56857,68.7518464,1.1233569800024,1.26193090452012,1.41759888987342,1417.59888987342
0,3,1,NaN,2,TMA,810,139,NaN,NaN,NaN,NaN,NaN,NaN,6,120,NaN,NaN,NaN,NaN,NaN,NaN,NaN,NaN,NaN,74.6602082,0,74.6602082,223.9806246,0,0,80.56857,68.7518464,0.981342712655263,0.963033519681591,0.945065926582279,945.065926582278
0,2,1,NaN,3,TMA,410,118,NaN,NaN,NaN,NaN,NaN,NaN,6,180,NaN,NaN,NaN,NaN,NaN,NaN,NaN,NaN,NaN,66.7070992,46.1856223312018,112.892721531202,225.785443062404,216,1000.66197975536,49.29096,84.1232384,0.945181011305964,0.893367144133364,0.844393660759494,844.393660759493
0,2,2,NaN,1,Cassegrain,730,123,NaN,NaN,NaN,NaN,NaN,NaN,6,180,NaN,NaN,NaN,NaN,NaN,NaN,NaN,NaN,NaN,113.3268003,0,113.3268003,226.6536006,0,0,55.82601,95.2763904,1.12780801990039,1.27195092975165,1.43451645949367,1434.51645949367
0,2,2,NaN,2,TMA,720,123,NaN,NaN,NaN,NaN,NaN,NaN,6,180,NaN,NaN,NaN,NaN,NaN,NaN,NaN,NaN,NaN,113.3268003,0,113.3268003,226.6536006,0,0,55.82601,95.2763904,1.12780801990039,1.27195092975165,1.43451645949367,1434.51645949367
0,3,1,NaN,1,Cassegrain,730,123,NaN,NaN,NaN,NaN,NaN,NaN,6,120,NaN,NaN,NaN,NaN,NaN,NaN,NaN,NaN,NaN,75.5512002,0,75.5512002,226.6536006,0,0,55.82601,95.2763904,0.985231054157911,0.970680230077109,0.956344306329114,956.344306329114
0,1,2,NaN,3,TMA,610,175,NaN,NaN,NaN,NaN,NaN,NaN,6,360,NaN,NaN,NaN,NaN,NaN,NaN,NaN,NaN,NaN,223.4859375,3.18768156702283,226.673619067023,226.673619067023,4,26.4057436125804,160.78125,137.2,1.41429835611813,2.00023984011845,2.82893591772152,2828.93591772152
0,3,1,NaN,2,TMA,720,123,NaN,NaN,NaN,NaN,NaN,NaN,6,120,NaN,NaN,NaN,NaN,NaN,NaN,NaN,NaN,NaN,75.5512002,0.309266312847522,75.8604665128475,227.581399538543,1,7.61305028159222,55.82601,95.2763904,0.985231054157911,0.970680230077109,0.956344306329114,956.344306329114
0,2,1,NaN,1,Cassegrain,950,160,NaN,NaN,NaN,NaN,NaN,NaN,6,180,NaN,NaN,NaN,NaN,NaN,NaN,NaN,NaN,NaN,113.8688,0,113.8688,227.7376,0,0,122.88,104.8576,1.12960312248088,1.27600321431855,1.44137721518987,1441.37721518987
0,2,2,NaN,3,TMA,450,129,NaN,NaN,NaN,NaN,NaN,NaN,6,180,NaN,NaN,NaN,NaN,NaN,NaN,NaN,NaN,NaN,89.5169313,24.6970318209676,114.213963120968,228.427926241935,91,458.682394432025,64.40067,54.9552384,1.04253993108137,1.08688950789914,1.13312571265823,1133.12571265823
0,3,1,NaN,2,TMA,370,64,NaN,NaN,NaN,NaN,NaN,NaN,6,120,NaN,NaN,NaN,NaN,NaN,NaN,NaN,NaN,NaN,10.6430464,65.5543791726475,76.1974255726475,228.592276717943,917,3867.53877133889,7.86432,13.4217728,0.512640548504929,0.262800331971435,0.134722106329114,134.722106329114
0,2,2,NaN,1,Cassegrain,830,140,NaN,NaN,NaN,NaN,NaN,NaN,6,180,NaN,NaN,NaN,NaN,NaN,NaN,NaN,NaN,NaN,114.4248,0,114.4248,228.8496,0,0,82.32,70.2464,1.13143868489451,1.28015349767581,1.44841518987342,1448.41518987342
0,3,1,NaN,1,Cassegrain,830,140,NaN,NaN,NaN,NaN,NaN,NaN,6,120,NaN,NaN,NaN,NaN,NaN,NaN,NaN,NaN,NaN,76.2832,0,76.2832,228.8496,0,0,82.32,70.2464,0.988402732170769,0.976939960962641,0.965610126582278,965.610126582278
0,2,2,NaN,3,TMA,440,127,NaN,NaN,NaN,NaN,NaN,NaN,6,180,NaN,NaN,NaN,NaN,NaN,NaN,NaN,NaN,NaN,85.4175711,29.1121153516832,114.529686451683,229.059372903366,112,553.190487598229,61.45149,52.4386048,1.02637652129716,1.05344876347006,1.08123507721519,1081.23507721519
0,2,1,NaN,3,TMA,550,158,NaN,NaN,NaN,NaN,NaN,NaN,6,180,NaN,NaN,NaN,NaN,NaN,NaN,NaN,NaN,NaN,109.6518736,5.07084232787305,114.722715927873,229.445431855746,14,84.4044354170564,118.32936,100.9743872,1.11548308344987,1.24430250946283,1.3879984,1387.9984
0,1,1,NaN,3,Cassegrain,350,40,NaN,NaN,NaN,NaN,NaN,NaN,6,360,NaN,NaN,NaN,NaN,NaN,NaN,NaN,NaN,NaN,2.5984,227.923473008815,230.521873008815,230.521873008815,2246,9000.29472981306,1.92,3.2768,0.320400342815581,0.102656379676342,0.0328911392405063,32.8911392405063
0,2,1,NaN,1,Cassegrain,960,161,NaN,NaN,NaN,NaN,NaN,NaN,6,180,NaN,NaN,NaN,NaN,NaN,NaN,NaN,NaN,NaN,116.0172118,0,116.0172118,232.0344236,0,0,125.19843,106.8359936,1.13666314199638,1.29200309837309,1.46857230126582,1468.57230126582
0,2,1,NaN,2,TMA,940,161,NaN,NaN,NaN,NaN,NaN,NaN,6,180,NaN,NaN,NaN,NaN,NaN,NaN,NaN,NaN,NaN,116.0172118,0,116.0172118,232.0344236,0,0,125.19843,106.8359936,1.13666314199638,1.29200309837309,1.46857230126582,1468.57230126582
0,2,2,NaN,1,Cassegrain,740,124,NaN,NaN,NaN,NaN,NaN,NaN,6,180,NaN,NaN,NaN,NaN,NaN,NaN,NaN,NaN,NaN,116.1134016,0,116.1134016,232.2268032,0,0,57.19872,97.6191488,1.13697719079389,1.29271713238557,1.46978989367089,1469.78989367089
0,3,1,NaN,1,Cassegrain,740,124,NaN,NaN,NaN,NaN,NaN,NaN,6,120,NaN,NaN,NaN,NaN,NaN,NaN,NaN,NaN,NaN,77.4089344,0,77.4089344,232.2268032,0,0,57.19872,97.6191488,0.993241062728301,0.986527808689644,0.979859929113924,979.859929113924
0,1,2,NaN,3,Refractivo,360,22,NaN,NaN,NaN,NaN,NaN,NaN,6,360,NaN,NaN,NaN,NaN,NaN,NaN,NaN,NaN,NaN,0.6484632,231.842902593223,232.491365793223,232.491365793223,2884,11860.9186875052,0.31944,0.5451776,0.201721759656981,0.0406916683191088,0.00820839493670886,8.20839493670886
1,2,2,2,2,TMA,820,141,210,5.34282684326172,327.68,117.68,56.0380952380952,98.6879471132967,6,180,0.250181923667127,1901.26161708556,0.1845,1.30851063829787,29.223578925,0.45825,0.221176125,0.1116032360625,21.234399075,116.8943157,0,116.8943157,233.7886314,0,0,84.09663,71.7624576,1.13952038978661,1.29850671873943,1.47967488227848,1479.67488227848
0,2,2,NaN,1,Cassegrain,840,141,NaN,NaN,NaN,NaN,NaN,NaN,6,180,NaN,NaN,NaN,NaN,NaN,NaN,NaN,NaN,NaN,116.8943157,0,116.8943157,233.7886314,0,0,84.09663,71.7624576,1.13952038978661,1.29850671873943,1.47967488227848,1479.67488227848
0,3,1,NaN,1,Cassegrain,840,141,NaN,NaN,NaN,NaN,NaN,NaN,6,120,NaN,NaN,NaN,NaN,NaN,NaN,NaN,NaN,NaN,77.9295438,0,77.9295438,233.7886314,0,0,84.09663,71.7624576,0.995462751686274,0.990946089994809,0.986449921518987,986.449921518987
0,3,1,NaN,2,TMA,820,141,NaN,NaN,NaN,NaN,NaN,NaN,6,120,NaN,NaN,NaN,NaN,NaN,NaN,NaN,NaN,NaN,77.9295438,0,77.9295438,233.7886314,0,0,84.09663,71.7624576,0.995462751686274,0.990946089994809,0.986449921518987,986.449921518987
0,2,2,NaN,3,TMA,460,132,NaN,NaN,NaN,NaN,NaN,NaN,6,180,NaN,NaN,NaN,NaN,NaN,NaN,NaN,NaN,NaN,95.9086656,21.2005830254662,117.109248625466,234.218497250932,73,375.313674763579,68.99904,58.8791808,1.06678504575768,1.13803033385221,1.21403374177215,1214.03374177215
0,2,2,NaN,3,Korsch,360,32,NaN,NaN,NaN,NaN,NaN,NaN,6,180,NaN,NaN,NaN,NaN,NaN,NaN,NaN,NaN,NaN,1.9955712,115.169464799189,117.165035999189,234.330071998378,1983,8155.40976328808,0.98304,1.6777216,0.293413468591972,0.0860914635511724,0.0252603949367089,25.2603949367089
0,2,1,NaN,3,TMA,400,115,NaN,NaN,NaN,NaN,NaN,NaN,6,180,NaN,NaN,NaN,NaN,NaN,NaN,NaN,NaN,NaN,61.747525,55.7056797099787,117.453204709979,234.906409419957,271,1227.5252616844,45.62625,77.8688,0.921150985594795,0.848519138262262,0.781614240506329,781.614240506329
0,3,1,NaN,3,TMA,450,129,NaN,NaN,NaN,NaN,NaN,NaN,6,120,NaN,NaN,NaN,NaN,NaN,NaN,NaN,NaN,NaN,59.6779542,19.1321987575009,78.8101529575009,236.430458872503,104,524.208450779457,64.40067,54.9552384,0.910742517500209,0.829451933182618,0.755417141772152,755.417141772152
0,1,2,NaN,3,TMA,620,178,NaN,NaN,NaN,NaN,NaN,NaN,6,360,NaN,NaN,NaN,NaN,NaN,NaN,NaN,NaN,NaN,235.1776584,2.54771038734302,237.725368787343,237.725368787343,3,20.0862315520035,169.19256,144.3776512,1.43854347079444,2.06940731736532,2.97693238481013,2976.93238481013
0,2,2,NaN,2,TMA,730,125,NaN,NaN,NaN,NaN,NaN,NaN,6,180,NaN,NaN,NaN,NaN,NaN,NaN,NaN,NaN,NaN,118.9453125,0,118.9453125,237.890625,0,0,58.59375,100,1.14614636168739,1.31365148240925,1.50563686708861,1505.63686708861
0,3,1,NaN,2,TMA,730,125,NaN,NaN,NaN,NaN,NaN,NaN,6,120,NaN,NaN,NaN,NaN,NaN,NaN,NaN,NaN,NaN,79.296875,0,79.296875,237.890625,0,0,58.59375,100,1.00125107129869,1.00250370777678,1.00375791139241,1003.7579113924
0,3,1,NaN,3,TMA,440,127,NaN,NaN,NaN,NaN,NaN,NaN,6,120,NaN,NaN,NaN,NaN,NaN,NaN,NaN,NaN,NaN,56.9450474,22.6334154739877,79.5784628739877,238.735388621963,128,632.217700112262,61.45149,52.4386048,0.896622478469198,0.803931868896247,0.720823384810127,720.823384810127
0,2,2,NaN,2,TMA,830,142,NaN,NaN,NaN,NaN,NaN,NaN,6,180,NaN,NaN,NaN,NaN,NaN,NaN,NaN,NaN,NaN,119.3991096,0,119.3991096,238.7982192,0,0,85.89864,73.3001728,1.14760209467871,1.31699056771097,1.51138113417721,1511.38113417721
0,3,1,NaN,2,TMA,830,142,NaN,NaN,NaN,NaN,NaN,NaN,6,120,NaN,NaN,NaN,NaN,NaN,NaN,NaN,NaN,NaN,79.5994064,0,79.5994064,238.7982192,0,0,85.89864,73.3001728,1.00252277120178,1.0050519067781,1.00758742278481,1007.58742278481
0,1,2,NaN,2,Cassegrain,350,34,NaN,NaN,NaN,NaN,NaN,NaN,6,360,NaN,NaN,NaN,NaN,NaN,NaN,NaN,NaN,NaN,2.3936136,237.827336243601,240.220949843601,240.220949843601,2309,9252.75179480782,1.17912,2.0123648,0.311751810378971,0.0971891912745657,0.0302989063291139,30.2989063291139
0,2,1,NaN,3,TMA,560,161,NaN,NaN,NaN,NaN,NaN,NaN,6,180,NaN,NaN,NaN,NaN,NaN,NaN,NaN,NaN,NaN,116.0172118,4.26511324127608,120.282325041276,240.564650082552,11,67.378957299461,125.19843,106.8359936,1.13666314199638,1.29200309837309,1.46857230126582,1468.57230126582
0,2,1,NaN,1,Cassegrain,970,163,NaN,NaN,NaN,NaN,NaN,NaN,6,180,NaN,NaN,NaN,NaN,NaN,NaN,NaN,NaN,NaN,120.3947666,0,120.3947666,240.7895332,0,0,129.92241,110.8671232,1.1507831810274,1.32430192973553,1.52398438734177,1523.98438734177
0,2,1,NaN,2,TMA,950,163,NaN,NaN,NaN,NaN,NaN,NaN,6,180,NaN,NaN,NaN,NaN,NaN,NaN,NaN,NaN,NaN,120.3947666,0,120.3947666,240.7895332,0,0,129.92241,110.8671232,1.1507831810274,1.32430192973553,1.52398438734177,1523.98438734177
0,3,1,NaN,3,TMA,460,132,NaN,NaN,NaN,NaN,NaN,NaN,6,120,NaN,NaN,NaN,NaN,NaN,NaN,NaN,NaN,NaN,63.9391104,16.4968568432906,80.4359672432906,241.307901729872,84,431.867790138913,68.99904,58.8791808,0.931922576046725,0.868479687745564,0.809355827848101,809.355827848101
0,2,2,NaN,1,Cassegrain,360,61,NaN,NaN,NaN,NaN,NaN,NaN,6,180,NaN,NaN,NaN,NaN,NaN,NaN,NaN,NaN,NaN,13.8231429,107.341688545883,121.164831445883,242.329662891767,1040,4277.16901352476,6.80943,11.6214272,0.559319424503447,0.312838218626868,0.174976492405063,174.976492405063
0,2,2,NaN,3,TMA,470,135,NaN,NaN,NaN,NaN,NaN,NaN,6,180,NaN,NaN,NaN,NaN,NaN,NaN,NaN,NaN,NaN,102.5976375,18.7166849716961,121.314322471696,242.628644943392,60,314.499315214071,73.81125,62.9856,1.09103016043399,1.19034681097661,1.2987042721519,1298.7042721519
0,2,2,NaN,1,Cassegrain,850,143,NaN,NaN,NaN,NaN,NaN,NaN,6,180,NaN,NaN,NaN,NaN,NaN,NaN,NaN,NaN,NaN,121.9394319,0,121.9394319,243.8788638,0,0,87.72621,74.8596992,1.15568379957082,1.33560504459044,1.54353711265823,1543.53711265823
0,3,1,NaN,1,Cassegrain,850,143,NaN,NaN,NaN,NaN,NaN,NaN,6,120,NaN,NaN,NaN,NaN,NaN,NaN,NaN,NaN,NaN,81.2929546,0,81.2929546,243.8788638,0,0,87.72621,74.8596992,1.00958279071729,1.0192574113125,1.02902474177215,1029.02474177215
0,2,1,NaN,2,TMA,960,164,NaN,NaN,NaN,NaN,NaN,NaN,6,180,NaN,NaN,NaN,NaN,NaN,NaN,NaN,NaN,NaN,122.6242432,0,122.6242432,245.2484864,0,0,132.32832,112.9201664,1.1578432005429,1.34060087704343,1.55220561012658,1552.20561012658
0,2,2,NaN,2,TMA,360,62,NaN,NaN,NaN,NaN,NaN,NaN,6,180,NaN,NaN,NaN,NaN,NaN,NaN,NaN,NaN,NaN,14.5141752,108.392537597567,122.906712797567,245.813425595134,1023,4207.25375080368,7.14984,12.2023936,0.568488595396947,0.323179283096393,0.183723736708861,183.723736708861
0,2,1,NaN,2,Cassegrain,360,35,NaN,NaN,NaN,NaN,NaN,NaN,6,180,NaN,NaN,NaN,NaN,NaN,NaN,NaN,NaN,NaN,1.740725,121.217804714696,122.958529714696,245.917059429392,2075,8533.7747144845,1.28625,2.1952,0.280350299963633,0.0785962906896992,0.0220344936708861,22.0344936708861
0,3,1,NaN,3,TMA,470,135,NaN,NaN,NaN,NaN,NaN,NaN,6,120,NaN,NaN,NaN,NaN,NaN,NaN,NaN,NaN,NaN,68.398425,14.2908861693595,82.6893111693595,248.067933508079,68,356.432557242613,73.81125,62.9856,0.953102634593242,0.908404632068578,0.865802848101266,865.802848101266
0,2,2,NaN,2,TMA,840,144,NaN,NaN,NaN,NaN,NaN,NaN,6,180,NaN,NaN,NaN,NaN,NaN,NaN,NaN,NaN,NaN,124.5155328,0,124.5155328,249.0310656,0,0,89.57952,76.4411904,1.16376550446292,1.35435014937783,1.57614598481013,1576.14598481013
0,3,1,NaN,2,TMA,840,144,NaN,NaN,NaN,NaN,NaN,NaN,6,120,NaN,NaN,NaN,NaN,NaN,NaN,NaN,NaN,NaN,83.0103552,0,83.0103552,249.0310656,0,0,89.57952,76.4411904,1.01664281023279,1.03356260359803,1.05076398987342,1050.76398987342
0,1,2,NaN,3,TMA,630,181,NaN,NaN,NaN,NaN,NaN,NaN,6,360,NaN,NaN,NaN,NaN,NaN,NaN,NaN,NaN,NaN,247.2701997,1.80788646370286,249.078086163703,249.078086163703,2,13.5779534912126,177.89223,151.8013696,1.46278858547075,2.13975044578353,3.1300025278481,3130.0025278481
0,1,2,NaN,3,TMA,360,104,NaN,NaN,NaN,NaN,NaN,NaN,6,360,NaN,NaN,NaN,NaN,NaN,NaN,NaN,NaN,NaN,68.5042176,180.911947051554,249.416164651554,249.416164651554,610,2508.72413293279,33.74592,57.5930368,0.95359377292391,0.909341083759258,0.867141994936709,867.141994936709
0,2,1,NaN,1,Cassegrain,980,165,NaN,NaN,NaN,NaN,NaN,NaN,6,180,NaN,NaN,NaN,NaN,NaN,NaN,NaN,NaN,NaN,124.881075,0,124.881075,249.76215,0,0,134.76375,114.9984,1.16490322005841,1.35699951210244,1.58077310126582,1580.77310126582
0,2,2,NaN,3,TMA,480,138,NaN,NaN,NaN,NaN,NaN,NaN,6,180,NaN,NaN,NaN,NaN,NaN,NaN,NaN,NaN,NaN,109.5906024,16.0641527095961,125.654755109596,251.309510219192,48,256.396051752556,78.84216,67.2786432,1.1152752751103,1.24383893927235,1.38722281518987,1387.22281518987
0,2,1,NaN,3,TMA,390,112,NaN,NaN,NaN,NaN,NaN,NaN,6,180,NaN,NaN,NaN,NaN,NaN,NaN,NaN,NaN,NaN,57.0400768,68.8563061969884,125.896382996988,251.792765993977,343,1518.14285427223,42.14784,71.9323136,0.897120959883627,0.804826016662519,0.722026288607595,722.026288607595
0,2,1,NaN,3,TMA,570,164,NaN,NaN,NaN,NaN,NaN,NaN,6,180,NaN,NaN,NaN,NaN,NaN,NaN,NaN,NaN,NaN,122.6242432,3.73576118142246,126.360004381422,252.720008762845,9,55.9926854633122,132.32832,112.9201664,1.1578432005429,1.34060087704343,1.55220561012658,1552.20561012658
0,2,2,NaN,1,Cassegrain,860,145,NaN,NaN,NaN,NaN,NaN,NaN,6,180,NaN,NaN,NaN,NaN,NaN,NaN,NaN,NaN,NaN,127.1276625,0,127.1276625,254.255325,0,0,91.45875,78.0448,1.17184720935502,1.37322588207316,1.60921091772152,1609.21091772152
0,3,1,NaN,1,Cassegrain,860,145,NaN,NaN,NaN,NaN,NaN,NaN,6,120,NaN,NaN,NaN,NaN,NaN,NaN,NaN,NaN,NaN,84.751775,0,84.751775,254.255325,0,0,91.45875,78.0448,1.0237028297483,1.04796748363467,1.07280727848101,1072.80727848101
0,2,1,NaN,1,Cassegrain,990,166,NaN,NaN,NaN,NaN,NaN,NaN,6,180,NaN,NaN,NaN,NaN,NaN,NaN,NaN,NaN,NaN,127.1654288,0,127.1654288,254.3308576,0,0,137.22888,117.1019776,1.17196323957391,1.37349783491258,1.6096889721519,1609.6889721519
0,2,1,NaN,2,TMA,970,166,NaN,NaN,NaN,NaN,NaN,NaN,6,180,NaN,NaN,NaN,NaN,NaN,NaN,NaN,NaN,NaN,127.1654288,0,127.1654288,254.3308576,0,0,137.22888,117.1019776,1.17196323957391,1.37349783491258,1.6096889721519,1609.6889721519
0,3,1,NaN,3,TMA,480,138,NaN,NaN,NaN,NaN,NaN,NaN,6,120,NaN,NaN,NaN,NaN,NaN,NaN,NaN,NaN,NaN,73.0604016,12.6282440817922,85.6886456817922,257.065937045377,56,299.128727044648,78.84216,67.2786432,0.974282693139758,0.94922676615166,0.924815210126582,924.815210126582
0,1,1,NaN,3,TMA,350,101,NaN,NaN,NaN,NaN,NaN,NaN,6,360,NaN,NaN,NaN,NaN,NaN,NaN,NaN,NaN,NaN,41.8302206,215.649734962845,257.479955562845,257.479955562845,889,3562.44969492601,30.90903,52.7514112,0.809010865609342,0.654498580673976,0.529496463291139,529.496463291139
0,2,2,NaN,1,Cassegrain,870,146,NaN,NaN,NaN,NaN,NaN,NaN,6,180,NaN,NaN,NaN,NaN,NaN,NaN,NaN,NaN,NaN,129.7760712,0,129.7760712,259.5521424,0,0,93.36408,79.6706816,1.17992891424713,1.3922322426764,1.64273507848101,1642.73507848101
0,2,2,NaN,2,TMA,850,146,NaN,NaN,NaN,NaN,NaN,NaN,6,180,NaN,NaN,NaN,NaN,NaN,NaN,NaN,NaN,NaN,129.7760712,0,129.7760712,259.5521424,0,0,93.36408,79.6706816,1.17992891424713,1.3922322426764,1.64273507848101,1642.73507848101
0,3,1,NaN,1,Cassegrain,870,146,NaN,NaN,NaN,NaN,NaN,NaN,6,120,NaN,NaN,NaN,NaN,NaN,NaN,NaN,NaN,NaN,86.5173808,0,86.5173808,259.5521424,0,0,93.36408,79.6706816,1.0307628492638,1.06247205142243,1.09515671898734,1095.15671898734
0,3,1,NaN,2,TMA,850,146,NaN,NaN,NaN,NaN,NaN,NaN,6,120,NaN,NaN,NaN,NaN,NaN,NaN,NaN,NaN,NaN,86.5173808,0,86.5173808,259.5521424,0,0,93.36408,79.6706816,1.0307628492638,1.06247205142243,1.09515671898734,1095.15671898734
0,1,2,NaN,3,TMA,640,184,NaN,NaN,NaN,NaN,NaN,NaN,6,360,NaN,NaN,NaN,NaN,NaN,NaN,NaN,NaN,NaN,259.7703168,1.92542957032231,261.695746370322,261.695746370322,2,13.7642735340396,186.88512,159.4753024,1.48703370014706,2.21126922537307,3.28823185822785,3288.23185822785
0,2,2,NaN,3,TMA,490,141,NaN,NaN,NaN,NaN,NaN,NaN,6,180,NaN,NaN,NaN,NaN,NaN,NaN,NaN,NaN,NaN,116.8943157,14.0263386315225,130.920654331522,261.841308663045,39,212.201850866792,84.09663,71.7624576,1.13952038978661,1.29850671873943,1.47967488227848,1479.67488227848
0,2,1,NaN,1,Cassegrain,1000,168,NaN,NaN,NaN,NaN,NaN,NaN,6,180,NaN,NaN,NaN,NaN,NaN,NaN,NaN,NaN,NaN,131.8173696,0,131.8173696,263.6347392,0,0,142.24896,121.3857792,1.18608327860492,1.4067935437862,1.66857429873418,1668.57429873418
0,2,1,NaN,2,TMA,980,168,NaN,NaN,NaN,NaN,NaN,NaN,6,180,NaN,NaN,NaN,NaN,NaN,NaN,NaN,NaN,NaN,131.8173696,0,131.8173696,263.6347392,0,0,142.24896,121.3857792,1.18608327860492,1.4067935437862,1.66857429873418,1668.57429873418
1,2,2,2,2,TMA,860,147,200,6.53767251968384,327.68,127.68,63.84,98.859455829952,6,180,0.250029085378803,1894.00399810263,0.1935,1.31632653061224,33.115252275,0.47775,0.240400125,0.1264653219375,24.062161725,132.4610091,0,132.4610091,264.9220182,0,0,95.29569,81.3189888,1.18801061913923,1.41136923118758,1.67672163417722,1676.72163417721
0,3,1,NaN,2,TMA,860,147,NaN,NaN,NaN,NaN,NaN,NaN,6,120,NaN,NaN,NaN,NaN,NaN,NaN,NaN,NaN,NaN,88.3073394,0,88.3073394,264.9220182,0,0,95.29569,81.3189888,1.03782286877931,1.07707630696131,1.11781442278481,1117.81442278481
0,2,1,NaN,3,TMA,580,167,NaN,NaN,NaN,NaN,NaN,NaN,6,180,NaN,NaN,NaN,NaN,NaN,NaN,NaN,NaN,NaN,129.4774714,3.55540177587383,133.032873175874,266.065746351748,8,50.5363178897533,139.72389,119.2310528,1.17902325908942,1.39009584547383,1.63895533417722,1638.95533417722
0,3,1,NaN,3,TMA,490,141,NaN,NaN,NaN,NaN,NaN,NaN,6,120,NaN,NaN,NaN,NaN,NaN,NaN,NaN,NaN,NaN,77.9295438,10.877372723203,88.8069165232029,266.420749569609,45,244.848289461684,84.09663,71.7624576,0.995462751686274,0.990946089994809,0.986449921518987,986.449921518987
0,2,2,NaN,1,Cassegrain,880,148,NaN,NaN,NaN,NaN,NaN,NaN,6,180,NaN,NaN,NaN,NaN,NaN,NaN,NaN,NaN,NaN,135.1827264,0,135.1827264,270.3654528,0,0,97.25376,82.9898752,1.19609232403133,1.43063684760668,1.71117375189873,1711.17375189873
0,3,1,NaN,1,Cassegrain,880,148,NaN,NaN,NaN,NaN,NaN,NaN,6,120,NaN,NaN,NaN,NaN,NaN,NaN,NaN,NaN,NaN,90.1218176,0,90.1218176,270.3654528,0,0,97.25376,82.9898752,1.04488288829481,1.09178025025131,1.14078250126582,1140.78250126582
0,2,1,NaN,2,TMA,990,170,NaN,NaN,NaN,NaN,NaN,NaN,6,180,NaN,NaN,NaN,NaN,NaN,NaN,NaN,NaN,NaN,136.5814,0,136.5814,273.1628,0,0,147.39,125.7728,1.20020331763593,1.4404880036643,1.72887848101266,1728.87848101266
0,2,2,NaN,3,TMA,500,144,NaN,NaN,NaN,NaN,NaN,NaN,6,180,NaN,NaN,NaN,NaN,NaN,NaN,NaN,NaN,NaN,124.5155328,12.3747581921166,136.890290992117,273.780581984233,32,177.28395870782,89.57952,76.4411904,1.16376550446292,1.35435014937783,1.57614598481013,1576.14598481013
0,2,1,NaN,3,TMA,590,169,NaN,NaN,NaN,NaN,NaN,NaN,6,180,NaN,NaN,NaN,NaN,NaN,NaN,NaN,NaN,NaN,134.1852902,2.79688772016273,136.982177920163,273.964355840326,6,38.4735163688547,144.80427,123.5663104,1.19314329812043,1.42359092984969,1.69854797721519,1698.54797721519
0,1,2,NaN,3,TMA,650,187,NaN,NaN,NaN,NaN,NaN,NaN,6,360,NaN,NaN,NaN,NaN,NaN,NaN,NaN,NaN,NaN,272.6847651,2.04848552378767,274.733250623788,274.733250623788,2,13.9497854924775,196.17609,167.4035968,1.51127881482338,2.28396365613395,3.45170588734177,3451.70588734177
0,2,2,NaN,2,TMA,870,149,NaN,NaN,NaN,NaN,NaN,NaN,6,180,NaN,NaN,NaN,NaN,NaN,NaN,NaN,NaN,NaN,137.9414733,0,137.9414733,275.8829466,0,0,99.23847,84.6834944,1.20417402892344,1.4500350919337,1.74609459873418,1746.09459873418
0,3,1,NaN,2,TMA,870,149,NaN,NaN,NaN,NaN,NaN,NaN,6,120,NaN,NaN,NaN,NaN,NaN,NaN,NaN,NaN,NaN,91.9609822,0,91.9609822,275.8829466,0,0,99.23847,84.6834944,1.05194290781032,1.10658388129243,1.16406306582278,1164.06306582278
0,2,2,NaN,2,Korsch,360,28,NaN,NaN,NaN,NaN,NaN,NaN,6,180,NaN,NaN,NaN,NaN,NaN,NaN,NaN,NaN,NaN,1.3368768,137.262647499459,138.599524299459,277.199048598918,2266,9319.29325446838,0.65856,1.1239424,0.256736785017976,0.0659137767813664,0.0169224911392405,16.9224911392405
0,3,1,NaN,3,TMA,500,144,NaN,NaN,NaN,NaN,NaN,NaN,6,120,NaN,NaN,NaN,NaN,NaN,NaN,NaN,NaN,NaN,83.0103552,9.60456287454696,92.6149180745469,277.844754223641,37,204.984577255917,89.57952,76.4411904,1.01664281023279,1.03356260359803,1.05076398987342,1050.76398987342
0,2,1,NaN,2,TMA,1000,171,NaN,NaN,NaN,NaN,NaN,NaN,6,180,NaN,NaN,NaN,NaN,NaN,NaN,NaN,NaN,NaN,139.0058658,0,139.0058658,278.0117316,0,0,150.00633,128.0054016,1.20726333715144,1.45748476523003,1.75956792151899,1759.56792151899
0,2,1,NaN,3,Korsch,360,32,NaN,NaN,NaN,NaN,NaN,NaN,6,180,NaN,NaN,NaN,NaN,NaN,NaN,NaN,NaN,NaN,1.3303808,137.708240883769,139.038621683769,278.077243367537,2270,9335.7439045204,0.98304,1.6777216,0.256320274252465,0.0657000829928587,0.0168402632911392,16.8402632911392
0,2,1,NaN,3,TMA,380,109,NaN,NaN,NaN,NaN,NaN,NaN,6,180,NaN,NaN,NaN,NaN,NaN,NaN,NaN,NaN,NaN,52.5781774,87.2063154268119,139.784492826812,279.568985653624,436,1884.4219338351,38.85087,66.3054848,0.873090934172458,0.762287779334135,0.665546549367089,665.546549367088
0,2,2,NaN,1,Cassegrain,890,150,NaN,NaN,NaN,NaN,NaN,NaN,6,180,NaN,NaN,NaN,NaN,NaN,NaN,NaN,NaN,NaN,140.7375,0,140.7375,281.475,0,0,101.25,86.4,1.21225573381554,1.46956396416866,1.78148734177215,1781.48734177215
0,3,1,NaN,1,Cassegrain,890,150,NaN,NaN,NaN,NaN,NaN,NaN,6,120,NaN,NaN,NaN,NaN,NaN,NaN,NaN,NaN,NaN,93.825,0,93.825,281.475,0,0,101.25,86.4,1.05900292732582,1.12148720008466,1.1876582278481,1187.6582278481
0,1,2,NaN,3,Korsch,350,31,NaN,NaN,NaN,NaN,NaN,NaN,6,360,NaN,NaN,NaN,NaN,NaN,NaN,NaN,NaN,NaN,1.8142719,279.870778358208,281.685050258208,281.685050258208,2532,10146.3696597893,0.89373,1.5252992,0.284244297698473,0.0807948207740983,0.0229654670886076,22.9654670886076
0,2,2,NaN,3,TMA,510,147,NaN,NaN,NaN,NaN,NaN,NaN,6,180,NaN,NaN,NaN,NaN,NaN,NaN,NaN,NaN,NaN,132.4610091,10.8042400264933,143.265249126493,286.530498252987,26,146.607204118851,95.29569,81.3189888,1.18801061913923,1.41136923118758,1.67672163417722,1676.72163417721
0,1,2,NaN,3,TMA,660,190,NaN,NaN,NaN,NaN,NaN,NaN,6,360,NaN,NaN,NaN,NaN,NaN,NaN,NaN,NaN,NaN,286.0203,1.08673037903115,287.107030379031,287.107030379031,1,7.0672468336561,205.77,175.5904,1.53552392949969,2.35783373806616,3.62051012658228,3620.51012658228
0,2,2,NaN,1,Cassegrain,900,151,NaN,NaN,NaN,NaN,NaN,NaN,6,180,NaN,NaN,NaN,NaN,NaN,NaN,NaN,NaN,NaN,143.5710567,0,143.5710567,287.1421134,0,0,103.28853,88.1395456,1.22033743870765,1.48922346431154,1.81735514810127,1817.35514810127
0,2,2,NaN,2,TMA,880,151,NaN,NaN,NaN,NaN,NaN,NaN,6,180,NaN,NaN,NaN,NaN,NaN,NaN,NaN,NaN,NaN,143.5710567,0,143.5710567,287.1421134,0,0,103.28853,88.1395456,1.22033743870765,1.48922346431154,1.81735514810127,1817.35514810127
0,3,1,NaN,1,Cassegrain,900,151,NaN,NaN,NaN,NaN,NaN,NaN,6,120,NaN,NaN,NaN,NaN,NaN,NaN,NaN,NaN,NaN,95.7140378,0,95.7140378,287.1421134,0,0,103.28853,88.1395456,1.06606294684133,1.13649020662802,1.21157009873418,1211.57009873418
0,3,1,NaN,2,TMA,880,151,NaN,NaN,NaN,NaN,NaN,NaN,6,120,NaN,NaN,NaN,NaN,NaN,NaN,NaN,NaN,NaN,95.7140378,0,95.7140378,287.1421134,0,0,103.28853,88.1395456,1.06606294684133,1.13649020662802,1.21157009873418,1211.57009873418
0,2,1,NaN,3,TMA,600,172,NaN,NaN,NaN,NaN,NaN,NaN,6,180,NaN,NaN,NaN,NaN,NaN,NaN,NaN,NaN,NaN,141.4588544,2.48978368956051,143.94863808956,287.897276179121,5,32.5352535473849,152.65344,130.2642688,1.21432335666694,1.47458121454688,1.79061841012658,1790.61841012658
0,3,1,NaN,3,TMA,510,147,NaN,NaN,NaN,NaN,NaN,NaN,6,120,NaN,NaN,NaN,NaN,NaN,NaN,NaN,NaN,NaN,88.3073394,8.35739965394794,96.6647390539479,289.994217161844,30,169.162158598674,95.29569,81.3189888,1.03782286877931,1.07707630696131,1.11781442278481,1117.81442278481
0,2,2,NaN,2,TMA,890,152,NaN,NaN,NaN,NaN,NaN,NaN,6,180,NaN,NaN,NaN,NaN,NaN,NaN,NaN,NaN,NaN,146.4423936,0,146.4423936,292.8847872,0,0,105.35424,89.9022848,1.22841914359975,1.50901359236234,1.85370118481013,1853.70118481013
0,3,1,NaN,2,TMA,890,152,NaN,NaN,NaN,NaN,NaN,NaN,6,120,NaN,NaN,NaN,NaN,NaN,NaN,NaN,NaN,NaN,97.6282624,0,97.6282624,292.8847872,0,0,105.35424,89.9022848,1.07312296635683,1.15159290092249,1.23580078987342,1235.80078987342
0,2,2,NaN,1,Refractivo,360,27,NaN,NaN,NaN,NaN,NaN,NaN,6,180,NaN,NaN,NaN,NaN,NaN,NaN,NaN,NaN,NaN,1.1986947,145.912378872595,147.111073572595,294.22214714519,2350,9664.75690556076,0.59049,1.0077696,0.247567614124477,0.0612897235632858,0.0151733506329114,15.1733506329114
0,2,2,NaN,3,TMA,520,149,NaN,NaN,NaN,NaN,NaN,NaN,6,180,NaN,NaN,NaN,NaN,NaN,NaN,NaN,NaN,NaN,137.9414733,9.63745709332544,147.578930393325,295.157860786651,22,126.212244206614,99.23847,84.6834944,1.20417402892344,1.4500350919337,1.74609459873418,1746.09459873418
0,1,2,NaN,3,TMA,670,192,NaN,NaN,NaN,NaN,NaN,NaN,6,360,NaN,NaN,NaN,NaN,NaN,NaN,NaN,NaN,NaN,295.1479296,1.13602723887502,296.283956838875,296.283956838875,1,7.15920116549478,212.33664,181.1939328,1.55168733928389,2.40773359889393,3.73604974177215,3736.04974177215
0,3,1,NaN,3,TMA,520,149,NaN,NaN,NaN,NaN,NaN,NaN,6,120,NaN,NaN,NaN,NaN,NaN,NaN,NaN,NaN,NaN,91.9609822,7.33216007709056,99.2931422770906,297.879426831272,25,143.423004780243,99.23847,84.6834944,1.05194290781032,1.10658388129243,1.16406306582278,1164.06306582278
0,2,2,NaN,1,Cassegrain,910,153,NaN,NaN,NaN,NaN,NaN,NaN,6,180,NaN,NaN,NaN,NaN,NaN,NaN,NaN,NaN,NaN,149.3517609,0,149.3517609,298.7035218,0,0,107.44731,91.6883712,1.23650084849185,1.52893434832107,1.89052861898734,1890.52861898734
0,3,1,NaN,1,Cassegrain,910,153,NaN,NaN,NaN,NaN,NaN,NaN,6,120,NaN,NaN,NaN,NaN,NaN,NaN,NaN,NaN,NaN,99.5678406,0,99.5678406,298.7035218,0,0,107.44731,91.6883712,1.08018298587234,1.16679528296808,1.26035241265823,1260.35241265823
0,2,1,NaN,2,Refractivo,370,20,NaN,NaN,NaN,NaN,NaN,NaN,6,180,NaN,NaN,NaN,NaN,NaN,NaN,NaN,NaN,NaN,0.3248,150.217002252638,150.541802252638,301.083604505277,2937,12387.089827069,0.24,0.4096,0.16020017140779,0.0256640949190854,0.00411139240506329,4.11139240506329
0,2,1,NaN,3,TMA,610,175,NaN,NaN,NaN,NaN,NaN,NaN,6,180,NaN,NaN,NaN,NaN,NaN,NaN,NaN,NaN,NaN,148.990625,2.12512104468189,151.115746044682,302.231492089364,4,26.4057436125804,160.78125,137.2,1.23550341521346,1.52646868900413,1.88595727848101,1885.95727848101
0,2,2,NaN,2,TMA,900,154,NaN,NaN,NaN,NaN,NaN,NaN,6,180,NaN,NaN,NaN,NaN,NaN,NaN,NaN,NaN,NaN,152.2994088,0,152.2994088,304.5988176,0,0,109.56792,93.4979584,1.24458255338396,1.54898573218773,1.92784061772152,1927.84061772152
0,3,1,NaN,2,TMA,900,154,NaN,NaN,NaN,NaN,NaN,NaN,6,120,NaN,NaN,NaN,NaN,NaN,NaN,NaN,NaN,NaN,101.5329392,0,101.5329392,304.5988176,0,0,109.56792,93.4979584,1.08724300538785,1.1820973527648,1.28522707848101,1285.22707848101
0,1,1,NaN,2,Cassegrain,350,34,NaN,NaN,NaN,NaN,NaN,NaN,6,360,NaN,NaN,NaN,NaN,NaN,NaN,NaN,NaN,NaN,1.5957424,306.247813165274,307.843555565274,307.843555565274,2643,10591.17496478,1.17912,2.0123648,0.272340291393244,0.0741692343161569,0.020199270886076,20.1992708860759
0,1,2,NaN,3,TMA,350,101,NaN,NaN,NaN,NaN,NaN,NaN,6,360,NaN,NaN,NaN,NaN,NaN,NaN,NaN,NaN,NaN,62.7453309,246.286790438235,309.032121338235,309.032121338235,777,3113.63713493533,30.90903,52.7514112,0.926086260243413,0.85763576141163,0.794244694936709,794.244694936709
0,2,2,NaN,3,TMA,530,152,NaN,NaN,NaN,NaN,NaN,NaN,6,180,NaN,NaN,NaN,NaN,NaN,NaN,NaN,NaN,NaN,146.4423936,8.46946284372663,154.911856443727,309.823712887453,18,105.024073834629,105.35424,89.9022848,1.22841914359975,1.50901359236234,1.85370118481013,1853.70118481013
0,1,2,NaN,3,TMA,680,195,NaN,NaN,NaN,NaN,NaN,NaN,6,360,NaN,NaN,NaN,NaN,NaN,NaN,NaN,NaN,NaN,309.2002875,1.20536183109317,310.405649331093,310.405649331093,1,7.25075786393154,222.44625,189.8208,1.5759324539602,2.48356309944503,3.91392768987342,3913.92768987342
0,2,2,NaN,1,Cassegrain,920,155,NaN,NaN,NaN,NaN,NaN,NaN,6,180,NaN,NaN,NaN,NaN,NaN,NaN,NaN,NaN,NaN,155.2855875,0,155.2855875,310.571175,0,0,111.71625,95.3312,1.25266425827606,1.56916774396231,1.96564034810127,1965.64034810127
0,3,1,NaN,1,Cassegrain,920,155,NaN,NaN,NaN,NaN,NaN,NaN,6,120,NaN,NaN,NaN,NaN,NaN,NaN,NaN,NaN,NaN,103.523725,0,103.523725,310.571175,0,0,111.71625,95.3312,1.09430302490335,1.19749911031262,1.31042689873418,1310.42689873418
0,3,1,NaN,3,Refractivo,370,23,NaN,NaN,NaN,NaN,NaN,NaN,6,120,NaN,NaN,NaN,NaN,NaN,NaN,NaN,NaN,NaN,0.4939802,103.36981437133,103.86379457133,311.591383713989,2553,10767.5316065738,0.36501,0.6229504,0.184230197118959,0.0339407655304905,0.00625291392405063,6.25291392405063
0,3,1,NaN,3,TMA,530,152,NaN,NaN,NaN,NaN,NaN,NaN,6,120,NaN,NaN,NaN,NaN,NaN,NaN,NaN,NaN,NaN,97.6282624,6.29172266806088,103.919985068061,311.759955204183,20,116.69341537181,105.35424,89.9022848,1.07312296635683,1.15159290092249,1.23580078987342,1235.80078987342
0,1,2,NaN,2,Refractivo,360,20,NaN,NaN,NaN,NaN,NaN,NaN,6,360,NaN,NaN,NaN,NaN,NaN,NaN,NaN,NaN,NaN,0.4872,311.495084750166,311.982284750166,311.982284750166,3173,13049.4781537635,0.24,0.4096,0.183383417869983,0.0336294779496767,0.00616708860759494,6.16708860759494
0,1,2,NaN,2,TMA,340,59,NaN,NaN,NaN,NaN,NaN,NaN,6,360,NaN,NaN,NaN,NaN,NaN,NaN,NaN,NaN,NaN,12.5075811,301.940950566232,314.448531666232,314.448531666232,1646,6421.6622266695,6.16137,10.5154048,0.540981082716449,0.292660531857062,0.158323811392405,158.323811392405
0,2,2,NaN,3,TMA,420,121,NaN,NaN,NaN,NaN,NaN,NaN,6,180,NaN,NaN,NaN,NaN,NaN,NaN,NaN,NaN,NaN,107.8880649,49.9319158489808,157.819980748981,315.639961497962,152,719.768260787547,53.14683,90.7039232,1.1094696781134,1.23092296665304,1.36567170759494,1365.67170759494
1,3,1,1,2,TMA,910,156,120,5.34264230728149,163.84,43.84,36.5333333333333,99.077314852791,6,120,0.250103911843503,1902.12393415447,0.20475,1.3125,26.3850912,0.507,0.270738,0.151144812,28.7578512,105.5403648,0,105.5403648,316.6210944,0,0,113.89248,97.1882496,1.10136304441886,1.21300055561157,1.33595398481013,1335.95398481013
0,2,2,NaN,1,Cassegrain,930,156,NaN,NaN,NaN,NaN,NaN,NaN,6,180,NaN,NaN,NaN,NaN,NaN,NaN,NaN,NaN,NaN,158.3105472,0,158.3105472,316.6210944,0,0,113.89248,97.1882496,1.26074596316816,1.58948038364482,2.00393097721519,2003.93097721519
0,2,2,NaN,2,TMA,910,156,NaN,NaN,NaN,NaN,NaN,NaN,6,180,NaN,NaN,NaN,NaN,NaN,NaN,NaN,NaN,NaN,158.3105472,0,158.3105472,316.6210944,0,0,113.89248,97.1882496,1.26074596316816,1.58948038364482,2.00393097721519,2003.93097721519
0,3,1,NaN,1,Cassegrain,930,156,NaN,NaN,NaN,NaN,NaN,NaN,6,120,NaN,NaN,NaN,NaN,NaN,NaN,NaN,NaN,NaN,105.5403648,0,105.5403648,316.6210944,0,0,113.89248,97.1882496,1.10136304441886,1.21300055561157,1.33595398481013,1335.95398481013
0,1,2,NaN,1,Cassegrain,340,57,NaN,NaN,NaN,NaN,NaN,NaN,6,360,NaN,NaN,NaN,NaN,NaN,NaN,NaN,NaN,NaN,11.2782537,305.49302654545,316.77128024545,316.77128024545,1704,6647.94194061047,5.55579,9.4818816,0.522642740929451,0.273155434646249,0.142762705063291,142.762705063291
0,2,1,NaN,3,TMA,620,178,NaN,NaN,NaN,NaN,NaN,NaN,6,180,NaN,NaN,NaN,NaN,NaN,NaN,NaN,NaN,NaN,156.7851056,1.69847359156201,158.483579191562,316.967158383124,3,20.0862315520035,169.19256,144.3776512,1.25668347375998,1.57925335322144,1.98462158987342,1984.62158987342
0,2,2,NaN,3,TMA,410,118,NaN,NaN,NaN,NaN,NaN,NaN,6,180,NaN,NaN,NaN,NaN,NaN,NaN,NaN,NaN,NaN,100.0606488,58.6606131663879,158.721261966388,317.442523932776,189,875.579232285938,49.29096,84.1232384,1.0819621654329,1.17064212742825,1.26659049113924,1266.59049113924
0,2,2,NaN,3,TMA,430,124,NaN,NaN,NaN,NaN,NaN,NaN,6,180,NaN,NaN,NaN,NaN,NaN,NaN,NaN,NaN,NaN,116.1134016,42.6200353552674,158.733436955267,317.466873910535,122,590.1732291438,57.19872,97.6191488,1.13697719079389,1.29271713238557,1.46978989367089,1469.78989367089
0,3,1,NaN,1,Korsch,360,42,NaN,NaN,NaN,NaN,NaN,NaN,6,120,NaN,NaN,NaN,NaN,NaN,NaN,NaN,NaN,NaN,3.0079728,102.95776507698,105.96573787698,317.89721363094,1729,7110.79348498492,2.22264,3.7933056,0.33642035995636,0.113178658593167,0.0380756050632911,38.0756050632911
0,3,1,NaN,3,Cassegrain,360,41,NaN,NaN,NaN,NaN,NaN,NaN,6,120,NaN,NaN,NaN,NaN,NaN,NaN,NaN,NaN,NaN,2.7981926,104.469643443501,107.267836043501,321.803508130502,1771,7283.52531053111,2.06763,3.5287552,0.32841035138597,0.107853358897457,0.0354201594936709,35.4201594936709
0,2,1,NaN,3,TMA,370,106,NaN,NaN,NaN,NaN,NaN,NaN,6,180,NaN,NaN,NaN,NaN,NaN,NaN,NaN,NaN,NaN,48.3552496,113.125893913509,161.481143513509,322.962287027019,554,2336.55014102698,35.73048,60.9800192,0.849060908461289,0.72090442627711,0.612091767088607,612.091767088607
0,2,2,NaN,3,TMA,400,115,NaN,NaN,NaN,NaN,NaN,NaN,6,180,NaN,NaN,NaN,NaN,NaN,NaN,NaN,NaN,NaN,92.6212875,69.7552480334397,162.37653553344,324.753071066879,236,1068.98878877313,45.62625,77.8688,1.0544546527524,1.11187461471119,1.17242136075949,1172.42136075949
0,1,2,NaN,3,TMA,690,198,NaN,NaN,NaN,NaN,NaN,NaN,6,360,NaN,NaN,NaN,NaN,NaN,NaN,NaN,NaN,NaN,323.6917464,1.27774745439709,324.969493854397,324.969493854397,1,7.34191903720603,232.87176,198.7172352,1.60017756863651,2.56056825116747,4.09736387848101,4097.36387848101
0,2,2,NaN,3,TMA,540,155,NaN,NaN,NaN,NaN,NaN,NaN,6,180,NaN,NaN,NaN,NaN,NaN,NaN,NaN,NaN,NaN,155.2855875,7.57896615058754,162.864553650588,325.729107301175,15,88.9798902237089,111.71625,95.3312,1.25266425827606,1.56916774396231,1.96564034810127,1965.64034810127
0,3,1,NaN,3,TMA,540,155,NaN,NaN,NaN,NaN,NaN,NaN,6,120,NaN,NaN,NaN,NaN,NaN,NaN,NaN,NaN,NaN,103.523725,5.74305560612805,109.266780606128,327.800341818384,17,100.84387558687,111.71625,95.3312,1.09430302490335,1.19749911031262,1.31042689873418,1310.42689873418
0,3,1,NaN,1,Cassegrain,360,61,NaN,NaN,NaN,NaN,NaN,NaN,6,120,NaN,NaN,NaN,NaN,NaN,NaN,NaN,NaN,NaN,9.2154286,100.252797347127,109.468225947127,328.404677841381,1190,4894.06839047545,6.80943,11.6214272,0.488610522793761,0.238740242984792,0.116650994936709,116.650994936709
1,2,2,2,2,TMA,920,158,210,6.66610956192017,327.68,117.68,56.0380952380952,99.121353640676,6,180,0.250150323787095,1905.79620687442,0.207,1.31012658227848,41.1194526,0.5135,0.2777245,0.1570329215,29.8781634,164.4778104,0,164.4778104,328.9556208,0,0,118.32936,100.9743872,1.27690937295237,1.63049754673362,2.0819976,2081.9976
0,2,2,NaN,1,Cassegrain,940,158,NaN,NaN,NaN,NaN,NaN,NaN,6,180,NaN,NaN,NaN,NaN,NaN,NaN,NaN,NaN,NaN,164.4778104,0,164.4778104,328.9556208,0,0,118.32936,100.9743872,1.27690937295237,1.63049754673362,2.0819976,2081.9976
0,3,1,NaN,1,Cassegrain,940,158,NaN,NaN,NaN,NaN,NaN,NaN,6,120,NaN,NaN,NaN,NaN,NaN,NaN,NaN,NaN,NaN,109.6518736,0,109.6518736,328.9556208,0,0,118.32936,100.9743872,1.11548308344987,1.24430250946283,1.3879984,1387.9984
0,3,1,NaN,2,TMA,920,158,NaN,NaN,NaN,NaN,NaN,NaN,6,120,NaN,NaN,NaN,NaN,NaN,NaN,NaN,NaN,NaN,109.6518736,0,109.6518736,328.9556208,0,0,118.32936,100.9743872,1.11548308344987,1.24430250946283,1.3879984,1387.9984
0,1,1,NaN,2,TMA,340,59,NaN,NaN,NaN,NaN,NaN,NaN,6,360,NaN,NaN,NaN,NaN,NaN,NaN,NaN,NaN,NaN,8.3383874,321.90634651615,330.24473391615,330.24473391615,1884,7350.18932870313,6.16137,10.5154048,0.472590505652982,0.223341786033341,0.105549207594937,105.549207594937
0,3,1,NaN,2,TMA,360,62,NaN,NaN,NaN,NaN,NaN,NaN,6,120,NaN,NaN,NaN,NaN,NaN,NaN,NaN,NaN,NaN,9.6761168,100.92870757116,110.60482437116,331.81447311348,1171,4815.92780272836,7.14984,12.2023936,0.49662053136415,0.246631952172411,0.12248249113924,122.48249113924
0,3,1,NaN,3,TMA,430,124,NaN,NaN,NaN,NaN,NaN,NaN,6,120,NaN,NaN,NaN,NaN,NaN,NaN,NaN,NaN,NaN,77.4089344,33.3419245431574,110.750858943157,332.252576829472,140,677.247967869935,57.19872,97.6191488,0.993241062728301,0.986527808689644,0.979859929113924,979.859929113924
0,3,1,NaN,3,TMA,420,121,NaN,NaN,NaN,NaN,NaN,NaN,6,120,NaN,NaN,NaN,NaN,NaN,NaN,NaN,NaN,NaN,71.9253766,39.1490249016157,111.074401501616,333.223204504847,174,823.945245901534,53.14683,90.7039232,0.969211037017132,0.939370034275825,0.910447805063291,910.447805063291
0,2,1,NaN,3,TMA,630,181,NaN,NaN,NaN,NaN,NaN,NaN,6,180,NaN,NaN,NaN,NaN,NaN,NaN,NaN,NaN,NaN,164.8467998,1.81088726801357,166.657687068014,333.315374136027,3,20.3669302368189,177.89223,151.8013696,1.27786353230649,1.63293520719883,2.08666835189873,2086.66835189873
1,2,2,2,2,TMA,930,159,240,5.46926307678223,327.68,87.68,36.5333333333333,99.1655490069039,6,180,0.250034732617988,1898.94930166455,0.20925,1.31603773584906,41.905153575,0.51675,0.281251125,0.1600334701875,30.449068425,167.6206143,0,167.6206143,335.2412286,0,0,120.59037,102.9037824,1.28499107784447,1.6512020701399,2.1217799278481,2121.7799278481
0,3,1,NaN,2,TMA,930,159,NaN,NaN,NaN,NaN,NaN,NaN,6,120,NaN,NaN,NaN,NaN,NaN,NaN,NaN,NaN,NaN,111.7470762,0,111.7470762,335.2412286,0,0,120.59037,102.9037824,1.12254310296537,1.26010301801513,1.41451995189873,1414.51995189873
0,1,1,NaN,1,Cassegrain,340,57,NaN,NaN,NaN,NaN,NaN,NaN,6,360,NaN,NaN,NaN,NaN,NaN,NaN,NaN,NaN,NaN,7.5188358,330.230453665943,337.749289465943,337.749289465943,1950,7607.68003767043,5.55579,9.4818816,0.456570488512203,0.208456610980271,0.0951751367088608,95.1751367088607
0,3,1,NaN,3,TMA,410,118,NaN,NaN,NaN,NaN,NaN,NaN,6,120,NaN,NaN,NaN,NaN,NaN,NaN,NaN,NaN,NaN,66.7070992,46.1856223312018,112.892721531202,338.678164593605,216,1000.66197975536,49.29096,84.1232384,0.945181011305964,0.893367144133364,0.844393660759494,844.393660759493
0,2,2,NaN,1,Cassegrain,950,160,NaN,NaN,NaN,NaN,NaN,NaN,6,180,NaN,NaN,NaN,NaN,NaN,NaN,NaN,NaN,NaN,170.8032,0,170.8032,341.6064,0,0,122.88,104.8576,1.29307278273658,1.67203722145412,2.16206582278481,2162.06582278481
0,3,1,NaN,1,Cassegrain,950,160,NaN,NaN,NaN,NaN,NaN,NaN,6,120,NaN,NaN,NaN,NaN,NaN,NaN,NaN,NaN,NaN,113.8688,0,113.8688,341.6064,0,0,122.88,104.8576,1.12960312248088,1.27600321431855,1.44137721518987,1441.37721518987
0,2,2,NaN,3,TMA,550,158,NaN,NaN,NaN,NaN,NaN,NaN,6,180,NaN,NaN,NaN,NaN,NaN,NaN,NaN,NaN,NaN,164.4778104,6.50038311227464,170.978193512275,341.956387024549,12,72.3466589289055,118.32936,100.9743872,1.27690937295237,1.63049754673362,2.0819976,2081.9976
0,2,2,NaN,3,TMA,390,112,NaN,NaN,NaN,NaN,NaN,NaN,6,180,NaN,NaN,NaN,NaN,NaN,NaN,NaN,NaN,NaN,85.5601152,85.7795211165417,171.339636316542,342.679272633083,300,1327.82173843052,42.14784,71.9323136,1.0269471400719,1.05462042850186,1.08303943291139,1083.03943291139
0,3,1,NaN,3,TMA,550,158,NaN,NaN,NaN,NaN,NaN,NaN,6,120,NaN,NaN,NaN,NaN,NaN,NaN,NaN,NaN,NaN,109.6518736,5.07084232787305,114.722715927873,344.168147783619,14,84.4044354170564,118.32936,100.9743872,1.11548308344987,1.24430250946283,1.3879984,1387.9984
1,2,2,2,2,TMA,940,161,230,4.26791048049927,327.68,97.68,42.4695652173913,99.2099013468971,6,180,0.250081138446792,1902.60727499684,0.2115,1.31366459627329,43.506454425,0.52325,0.288371125,0.1661487498125,31.612603575,174.0258177,0,174.0258177,348.0516354,0,0,125.19843,106.8359936,1.30115448762868,1.69300300067626,2.20285845189873,2202.85845189873
1,3,1,1,2,TMA,940,161,130,6.66467332839966,163.84,33.84,26.0307692307692,99.2099013468971,6,120,0.250081138446792,1902.60727499684,0.2115,1.31366459627329,29.00430295,0.52325,0.288371125,0.1661487498125,31.612603575,116.0172118,0,116.0172118,348.0516354,0,0,125.19843,106.8359936,1.13666314199638,1.29200309837309,1.46857230126582,1468.57230126582
0,2,2,NaN,1,Cassegrain,960,161,NaN,NaN,NaN,NaN,NaN,NaN,6,180,NaN,NaN,NaN,NaN,NaN,NaN,NaN,NaN,NaN,174.0258177,0,174.0258177,348.0516354,0,0,125.19843,106.8359936,1.30115448762868,1.69300300067626,2.20285845189873,2202.85845189873
0,3,1,NaN,1,Cassegrain,960,161,NaN,NaN,NaN,NaN,NaN,NaN,6,120,NaN,NaN,NaN,NaN,NaN,NaN,NaN,NaN,NaN,116.0172118,0,116.0172118,348.0516354,0,0,125.19843,106.8359936,1.13666314199638,1.29200309837309,1.46857230126582,1468.57230126582
0,2,1,NaN,3,TMA,640,184,NaN,NaN,NaN,NaN,NaN,NaN,6,180,NaN,NaN,NaN,NaN,NaN,NaN,NaN,NaN,NaN,173.1802112,1.2836197135482,174.463830913548,348.927661827096,2,13.7642735340396,186.88512,159.4753024,1.29904359085301,1.68751425093628,2.1921545721519,2192.1545721519
0,3,1,NaN,3,TMA,400,115,NaN,NaN,NaN,NaN,NaN,NaN,6,120,NaN,NaN,NaN,NaN,NaN,NaN,NaN,NaN,NaN,61.747525,55.7056797099787,117.453204709979,352.359614129936,271,1227.5252616844,45.62625,77.8688,0.921150985594795,0.848519138262262,0.781614240506329,781.614240506329
0,2,1,NaN,2,Korsch,360,28,NaN,NaN,NaN,NaN,NaN,NaN,6,180,NaN,NaN,NaN,NaN,NaN,NaN,NaN,NaN,NaN,0.8912512,177.636887238009,178.528138438009,357.056276876017,2594,10668.2465587339,0.65856,1.1239424,0.224280239970907,0.0503016260414075,0.0112816607594937,11.2816607594937
0,2,1,NaN,2,TMA,350,60,NaN,NaN,NaN,NaN,NaN,NaN,6,180,NaN,NaN,NaN,NaN,NaN,NaN,NaN,NaN,NaN,8.7696,170.444117927237,179.213717927237,358.427435854474,1497,5998.8607348754,6.48,11.0592,0.480600514223371,0.230976854271769,0.111007594936709,111.007594936709
0,1,1,NaN,3,Refractivo,360,22,NaN,NaN,NaN,NaN,NaN,NaN,6,360,NaN,NaN,NaN,NaN,NaN,NaN,NaN,NaN,NaN,0.4323088,358.199425473283,358.631734273283,358.631734273283,3302,13580.0116179411,0.31944,0.5451776,0.176220188548569,0.0310535548520934,0.00547226329113924,5.47226329113924
0,2,1,NaN,1,Cassegrain,350,59,NaN,NaN,NaN,NaN,NaN,NaN,6,180,NaN,NaN,NaN,NaN,NaN,NaN,NaN,NaN,NaN,8.3383874,170.992761271784,179.331148671784,358.662297343568,1523,6103.04936487324,6.16137,10.5154048,0.472590505652982,0.223341786033341,0.105549207594937,105.549207594937
0,2,2,NaN,3,TMA,560,161,NaN,NaN,NaN,NaN,NaN,NaN,6,180,NaN,NaN,NaN,NaN,NaN,NaN,NaN,NaN,NaN,174.0258177,5.80733373571892,179.833151435719,359.666302871438,10,61.2535975449646,125.19843,106.8359936,1.30115448762868,1.69300300067626,2.20285845189873,2202.85845189873
0,1,1,NaN,3,TMA,340,98,NaN,NaN,NaN,NaN,NaN,NaN,6,360,NaN,NaN,NaN,NaN,NaN,NaN,NaN,NaN,NaN,38.2123952,321.920593654015,360.132988854015,360.132988854015,1134,4424.15854498373,28.23576,48.1890304,0.784980839898173,0.616194919007242,0.483701205063291,483.701205063291
0,3,1,NaN,3,TMA,560,161,NaN,NaN,NaN,NaN,NaN,NaN,6,120,NaN,NaN,NaN,NaN,NaN,NaN,NaN,NaN,NaN,116.0172118,4.26511324127608,120.282325041276,360.846975123828,11,67.378957299461,125.19843,106.8359936,1.13666314199638,1.29200309837309,1.46857230126582,1468.57230126582
1,2,2,2,2,TMA,950,163,250,3.60205173492432,327.68,77.68,31.072,99.2544110572556,6,180,0.250126405919136,1906.2013119007,0.21375,1.31134969325153,45.148037475,0.52975,0.295580125,0.1724178649375,32.805408525,180.5921499,0,180.5921499,361.1842998,0,0,129.92241,110.8671232,1.31731789741289,1.73532644284431,2.28597658101266,2285.97658101266
0,2,2,NaN,1,Cassegrain,970,163,NaN,NaN,NaN,NaN,NaN,NaN,6,180,NaN,NaN,NaN,NaN,NaN,NaN,NaN,NaN,NaN,180.5921499,0,180.5921499,361.1842998,0,0,129.92241,110.8671232,1.31731789741289,1.73532644284431,2.28597658101266,2285.97658101266
0,3,1,NaN,1,Cassegrain,970,163,NaN,NaN,NaN,NaN,NaN,NaN,6,120,NaN,NaN,NaN,NaN,NaN,NaN,NaN,NaN,NaN,120.3947666,0,120.3947666,361.1842998,0,0,129.92241,110.8671232,1.1507831810274,1.32430192973553,1.52398438734177,1523.98438734177
0,3,1,NaN,2,TMA,950,163,NaN,NaN,NaN,NaN,NaN,NaN,6,120,NaN,NaN,NaN,NaN,NaN,NaN,NaN,NaN,NaN,120.3947666,0,120.3947666,361.1842998,0,0,129.92241,110.8671232,1.1507831810274,1.32430192973553,1.52398438734177,1523.98438734177
0,2,1,NaN,3,TMA,650,187,NaN,NaN,NaN,NaN,NaN,NaN,6,180,NaN,NaN,NaN,NaN,NaN,NaN,NaN,NaN,NaN,181.7898434,1.36565701585845,183.155500415858,366.311000831717,2,13.9497854924775,196.17609,167.4035968,1.32022364939953,1.74299048443381,2.30113725822785,2301.13725822785
1,2,2,2,2,TMA,960,164,250,5.45978546142578,327.68,77.68,31.072,99.2990785357663,6,180,0.250014485230636,1899.59272094907,0.216,1.31707317073171,45.9840912,0.533,0.299218,0.175610708,33.4129008,183.9363648,0,183.9363648,367.8727296,0,0,132.32832,112.9201664,1.32539960230499,1.75668410579023,2.32830841518987,2328.30841518987
1,3,1,1,2,TMA,960,164,130,5.33960437774658,163.84,33.84,26.0307692307692,99.2990785357663,6,120,0.250014485230636,1899.59272094907,0.216,1.31707317073171,30.6560608,0.533,0.299218,0.175610708,33.4129008,122.6242432,0,122.6242432,367.8727296,0,0,132.32832,112.9201664,1.1578432005429,1.34060087704343,1.55220561012658,1552.20561012658
0,2,2,NaN,1,Cassegrain,350,59,NaN,NaN,NaN,NaN,NaN,NaN,6,180,NaN,NaN,NaN,NaN,NaN,NaN,NaN,NaN,NaN,12.5075811,171.545016358503,184.052597458503,368.105194917006,1330,5329.6491498893,6.16137,10.5154048,0.540981082716449,0.292660531857062,0.158323811392405,158.323811392405
0,3,1,NaN,2,Cassegrain,360,35,NaN,NaN,NaN,NaN,NaN,NaN,6,120,NaN,NaN,NaN,NaN,NaN,NaN,NaN,NaN,NaN,1.740725,121.217804714696,122.958529714696,368.875589144088,2075,8533.7747144845,1.28625,2.1952,0.280350299963633,0.0785962906896992,0.0220344936708861,22.0344936708861
0,2,2,NaN,2,TMA,350,60,NaN,NaN,NaN,NaN,NaN,NaN,6,180,NaN,NaN,NaN,NaN,NaN,NaN,NaN,NaN,NaN,13.1544,172.211351437993,185.365751437993,370.731502875986,1308,5241.48953989113,6.48,11.0592,0.550150253609948,0.30266530154709,0.166511392405063,166.511392405063
0,2,2,NaN,3,TMA,380,109,NaN,NaN,NaN,NaN,NaN,NaN,6,180,NaN,NaN,NaN,NaN,NaN,NaN,NaN,NaN,NaN,78.8672661,106.576420881238,185.443686981238,370.887373962476,380,1642.38608912234,38.85087,66.3054848,0.999439627391406,0.998879568800273,0.998319824050633,998.319824050633
0,2,2,NaN,1,Cassegrain,980,165,NaN,NaN,NaN,NaN,NaN,NaN,6,180,NaN,NaN,NaN,NaN,NaN,NaN,NaN,NaN,NaN,187.3216125,0,187.3216125,374.643225,0,0,134.76375,114.9984,1.3334813071971,1.77817239664408,2.37115965189873,2371.15965189873
0,3,1,NaN,1,Cassegrain,980,165,NaN,NaN,NaN,NaN,NaN,NaN,6,120,NaN,NaN,NaN,NaN,NaN,NaN,NaN,NaN,NaN,124.881075,0,124.881075,374.643225,0,0,134.76375,114.9984,1.16490322005841,1.35699951210244,1.58077310126582,1580.77310126582
0,3,1,NaN,3,TMA,390,112,NaN,NaN,NaN,NaN,NaN,NaN,6,120,NaN,NaN,NaN,NaN,NaN,NaN,NaN,NaN,NaN,57.0400768,68.8563061969884,125.896382996988,377.689148990965,343,1518.14285427223,42.14784,71.9323136,0.897120959883627,0.804826016662519,0.722026288607595,722.026288607595
0,2,2,NaN,3,TMA,570,164,NaN,NaN,NaN,NaN,NaN,NaN,6,180,NaN,NaN,NaN,NaN,NaN,NaN,NaN,NaN,NaN,183.9363648,4.9734283946244,188.909793194624,377.819586389249,8,49.7712759673886,132.32832,112.9201664,1.32539960230499,1.75668410579023,2.32830841518987,2328.30841518987
0,3,1,NaN,3,TMA,570,164,NaN,NaN,NaN,NaN,NaN,NaN,6,120,NaN,NaN,NaN,NaN,NaN,NaN,NaN,NaN,NaN,122.6242432,3.73576118142246,126.360004381422,379.080013144267,9,55.9926854633122,132.32832,112.9201664,1.1578432005429,1.34060087704343,1.55220561012658,1552.20561012658
1,2,2,2,2,TMA,970,166,210,5.47057104110718,327.68,117.68,56.0380952380952,99.343904181413,6,180,0.250059737040976,1903.17265209975,0.21825,1.31475903614458,47.6870358,0.5395,0.3065605,0.1821141595,34.6502922,190.7481432,0,190.7481432,381.4962864,0,0,137.22888,117.1019776,1.3415630120892,1.79979131540584,2.41453345822785,2414.53345822785
0,2,2,NaN,1,Cassegrain,990,166,NaN,NaN,NaN,NaN,NaN,NaN,6,180,NaN,NaN,NaN,NaN,NaN,NaN,NaN,NaN,NaN,190.7481432,0,190.7481432,381.4962864,0,0,137.22888,117.1019776,1.3415630120892,1.79979131540584,2.41453345822785,2414.53345822785
0,3,1,NaN,1,Cassegrain,990,166,NaN,NaN,NaN,NaN,NaN,NaN,6,120,NaN,NaN,NaN,NaN,NaN,NaN,NaN,NaN,NaN,127.1654288,0,127.1654288,381.4962864,0,0,137.22888,117.1019776,1.17196323957391,1.37349783491258,1.6096889721519,1609.6889721519
0,3,1,NaN,2,TMA,970,166,NaN,NaN,NaN,NaN,NaN,NaN,6,120,NaN,NaN,NaN,NaN,NaN,NaN,NaN,NaN,NaN,127.1654288,0,127.1654288,381.4962864,0,0,137.22888,117.1019776,1.17196323957391,1.37349783491258,1.6096889721519,1609.6889721519
0,2,1,NaN,3,TMA,660,190,NaN,NaN,NaN,NaN,NaN,NaN,6,180,NaN,NaN,NaN,NaN,NaN,NaN,NaN,NaN,NaN,190.6802,0.724486919354102,191.404686919354,382.809373838708,1,7.0672468336561,205.77,175.5904,1.34140370794604,1.79936390769139,2.41367341772152,2413.67341772152
0,1,1,NaN,3,Korsch,350,31,NaN,NaN,NaN,NaN,NaN,NaN,6,360,NaN,NaN,NaN,NaN,NaN,NaN,NaN,NaN,NaN,1.2095146,383.771563059333,384.981077659333,384.981077659333,2899,11617.0322447587,0.89373,1.5252992,0.248310265682075,0.0616579880431028,0.0153103113924051,15.3103113924051
0,1,2,NaN,2,Korsch,350,27,NaN,NaN,NaN,NaN,NaN,NaN,6,360,NaN,NaN,NaN,NaN,NaN,NaN,NaN,NaN,NaN,1.1986947,386.354978356981,387.553673056981,387.553673056981,2907,11649.090284758,0.59049,1.0077696,0.247567614124477,0.0612897235632858,0.0151733506329114,15.1733506329114
0,2,1,NaN,1,Refractivo,360,27,NaN,NaN,NaN,NaN,NaN,NaN,6,180,NaN,NaN,NaN,NaN,NaN,NaN,NaN,NaN,NaN,0.7991298,193.298693947363,194.097823747363,388.195647494726,2690,11063.0621599823,0.59049,1.0077696,0.216270231400517,0.0467728129900332,0.0101155670886076,10.1155670886076
0,2,2,NaN,1,Korsch,350,41,NaN,NaN,NaN,NaN,NaN,NaN,6,180,NaN,NaN,NaN,NaN,NaN,NaN,NaN,NaN,NaN,4.1972889,190.169765387265,194.367054287265,388.73410857453,1914,7669.88606984069,2.06763,3.5287552,0.375936006633465,0.141327881083516,0.0531302392405063,53.1302392405063
0,2,1,NaN,3,TMA,670,192,NaN,NaN,NaN,NaN,NaN,NaN,6,180,NaN,NaN,NaN,NaN,NaN,NaN,NaN,NaN,NaN,196.7652864,0.757351492583348,197.522637892583,395.045275785167,1,7.15920116549478,212.33664,181.1939328,1.35552374697705,1.83744462861871,2.4906998278481,2490.6998278481
0,2,2,NaN,1,Cassegrain,1000,168,NaN,NaN,NaN,NaN,NaN,NaN,6,180,NaN,NaN,NaN,NaN,NaN,NaN,NaN,NaN,NaN,197.7260544,0,197.7260544,395.4521088,0,0,142.24896,121.3857792,1.35772642187341,1.84342103665316,2.50286144810127,2502.86144810127
0,2,2,NaN,2,TMA,980,168,NaN,NaN,NaN,NaN,NaN,NaN,6,180,NaN,NaN,NaN,NaN,NaN,NaN,NaN,NaN,NaN,197.7260544,0,197.7260544,395.4521088,0,0,142.24896,121.3857792,1.35772642187341,1.84342103665316,2.50286144810127,2502.86144810127
0,3,1,NaN,1,Cassegrain,1000,168,NaN,NaN,NaN,NaN,NaN,NaN,6,120,NaN,NaN,NaN,NaN,NaN,NaN,NaN,NaN,NaN,131.8173696,0,131.8173696,395.4521088,0,0,142.24896,121.3857792,1.18608327860492,1.4067935437862,1.66857429873418,1668.57429873418
0,3,1,NaN,2,TMA,980,168,NaN,NaN,NaN,NaN,NaN,NaN,6,120,NaN,NaN,NaN,NaN,NaN,NaN,NaN,NaN,NaN,131.8173696,0,131.8173696,395.4521088,0,0,142.24896,121.3857792,1.18608327860492,1.4067935437862,1.66857429873418,1668.57429873418
0,2,2,NaN,3,Cassegrain,350,40,NaN,NaN,NaN,NaN,NaN,NaN,6,180,NaN,NaN,NaN,NaN,NaN,NaN,NaN,NaN,NaN,3.8976,194.388546993483,198.286146993483,396.572293986966,1962,7862.2343098367,1.92,3.2768,0.366766835739966,0.134517911798707,0.0493367088607595,49.3367088607595
0,2,2,NaN,3,TMA,580,167,NaN,NaN,NaN,NaN,NaN,NaN,6,180,NaN,NaN,NaN,NaN,NaN,NaN,NaN,NaN,NaN,194.2162071,4.65925145249067,198.875458552491,397.750917104981,7,44.2192781535341,139.72389,119.2310528,1.3496447169813,1.82154086207554,2.45843300126582,2458.43300126582
0,2,1,NaN,3,TMA,360,104,NaN,NaN,NaN,NaN,NaN,NaN,6,180,NaN,NaN,NaN,NaN,NaN,NaN,NaN,NaN,NaN,45.6694784,153.602894068467,199.272372468467,398.544744936934,698,2870.6384340772,33.74592,57.5930368,0.83304089132051,0.69395712661207,0.578094663291139,578.094663291139
0,3,1,NaN,3,TMA,580,167,NaN,NaN,NaN,NaN,NaN,NaN,6,120,NaN,NaN,NaN,NaN,NaN,NaN,NaN,NaN,NaN,129.4774714,3.55540177587383,133.032873175874,399.098619527622,8,50.5363178897533,139.72389,119.2310528,1.17902325908942,1.39009584547383,1.63895533417722,1638.95533417722
0,2,2,NaN,3,TMA,590,169,NaN,NaN,NaN,NaN,NaN,NaN,6,180,NaN,NaN,NaN,NaN,NaN,NaN,NaN,NaN,NaN,201.2779353,3.49062938204547,204.768564682046,409.537129364091,5,32.0612636407122,144.80427,123.5663104,1.36580812676551,1.86543183913871,2.54782196582279,2547.82196582278
1,2,2,2,2,TMA,990,170,210,4.26774215698242,327.68,117.68,56.0380952380952,99.4340315760916,6,180,0.250147047635053,1910.15315364413,0.22275,1.31029411764706,51.218025,0.5525,0.3215125,0.1955988125,37.215975,204.8721,0,204.8721,409.7442,0,0,147.39,125.7728,1.37388983165761,1.88757326953219,2.59331772151899,2593.31772151899
1,3,1,1,2,TMA,990,170,130,6.67440891265869,163.84,33.84,26.0307692307692,99.4340315760916,6,120,0.250147047635053,1910.15315364413,0.22275,1.31029411764706,34.14535,0.5525,0.3215125,0.1955988125,37.215975,136.5814,0,136.5814,409.7442,0,0,147.39,125.7728,1.20020331763593,1.4404880036643,1.72887848101266,1728.87848101266
0,1,2,NaN,3,TMA,340,98,NaN,NaN,NaN,NaN,NaN,NaN,6,360,NaN,NaN,NaN,NaN,NaN,NaN,NaN,NaN,NaN,57.3185928,352.786861280586,410.105454080586,410.105454080586,991,3866.2620088879,28.23576,48.1890304,0.898578747562916,0.807443765571738,0.725551807594937,725.551807594937
0,3,1,NaN,3,TMA,590,169,NaN,NaN,NaN,NaN,NaN,NaN,6,120,NaN,NaN,NaN,NaN,NaN,NaN,NaN,NaN,NaN,134.1852902,2.79688772016273,136.982177920163,410.946533760488,6,38.4735163688547,144.80427,123.5663104,1.19314329812043,1.42359092984969,1.69854797721519,1698.54797721519
0,2,1,NaN,3,TMA,680,195,NaN,NaN,NaN,NaN,NaN,NaN,6,180,NaN,NaN,NaN,NaN,NaN,NaN,NaN,NaN,NaN,206.133525,0.803574554062112,206.937099554062,413.874199108124,1,7.25075786393154,222.44625,189.8208,1.37670380552357,1.89531336814308,2.60928512658228,2609.28512658228
1,2,2,2,2,TMA,1000,171,190,6.00624227523804,327.68,137.68,72.4631578947368,99.4793341291633,6,180,0.250039587267577,1903.81223392417,0.225,1.31578947368421,52.127199675,0.55575,0.325306125,0.1990709004375,37.876598325,208.5087987,0,208.5087987,417.0175974,0,0,150.00633,128.0054016,1.38197153654972,1.90984532783359,2.63935188227848,2639.35188227848
0,3,1,NaN,2,TMA,1000,171,NaN,NaN,NaN,NaN,NaN,NaN,6,120,NaN,NaN,NaN,NaN,NaN,NaN,NaN,NaN,NaN,139.0058658,0,139.0058658,417.0175974,0,0,150.00633,128.0054016,1.20726333715144,1.45748476523003,1.75956792151899,1759.56792151899
0,3,1,NaN,3,Korsch,360,32,NaN,NaN,NaN,NaN,NaN,NaN,6,120,NaN,NaN,NaN,NaN,NaN,NaN,NaN,NaN,NaN,1.3303808,137.708240883769,139.038621683769,417.115865051306,2270,9335.7439045204,0.98304,1.6777216,0.256320274252465,0.0657000829928587,0.0168402632911392,16.8402632911392
0,2,2,NaN,3,TMA,370,106,NaN,NaN,NaN,NaN,NaN,NaN,6,180,NaN,NaN,NaN,NaN,NaN,NaN,NaN,NaN,NaN,72.5328744,136.221592641641,208.754467041641,417.508934083282,484,2041.31817374921,35.73048,60.9800192,0.971932114710909,0.944652035606419,0.918137650632911,918.137650632911
0,3,1,NaN,3,TMA,380,109,NaN,NaN,NaN,NaN,NaN,NaN,6,120,NaN,NaN,NaN,NaN,NaN,NaN,NaN,NaN,NaN,52.5781774,87.2063154268119,139.784492826812,419.353478480436,436,1884.4219338351,38.85087,66.3054848,0.873090934172458,0.762287779334135,0.665546549367089,665.546549367088
0,2,2,NaN,3,TMA,600,172,NaN,NaN,NaN,NaN,NaN,NaN,6,180,NaN,NaN,NaN,NaN,NaN,NaN,NaN,NaN,NaN,212.1882816,2.98299016627698,215.171271766277,430.342543532554,4,26.0282028379079,152.65344,130.2642688,1.39005324144182,1.93224801404291,2.68592761518987,2685.92761518987
0,1,2,NaN,1,Refractivo,350,26,NaN,NaN,NaN,NaN,NaN,NaN,6,360,NaN,NaN,NaN,NaN,NaN,NaN,NaN,NaN,NaN,1.0703784,429.741258991129,430.811637391129,430.811637391129,3019,12097.9028447487,0.52728,0.8998912,0.238398443230978,0.0568338177349537,0.0135490936708861,13.5490936708861
0,3,1,NaN,3,TMA,600,172,NaN,NaN,NaN,NaN,NaN,NaN,6,120,NaN,NaN,NaN,NaN,NaN,NaN,NaN,NaN,NaN,141.4588544,2.48978368956051,143.94863808956,431.845914268681,5,32.5352535473849,152.65344,130.2642688,1.21432335666694,1.47458121454688,1.79061841012658,1790.61841012658
0,2,1,NaN,3,TMA,690,198,NaN,NaN,NaN,NaN,NaN,NaN,6,180,NaN,NaN,NaN,NaN,NaN,NaN,NaN,NaN,NaN,215.7944976,0.851831636264725,216.646329236265,433.292658472529,1,7.34191903720603,232.87176,198.7172352,1.39788386407009,1.95407929742752,2.73157591898734,2731.57591898734
0,1,2,NaN,1,Korsch,340,40,NaN,NaN,NaN,NaN,NaN,NaN,6,360,NaN,NaN,NaN,NaN,NaN,NaN,NaN,NaN,NaN,3.8976,431.583315452211,435.480915452211,435.480915452211,2428,9472.53699049426,1.92,3.2768,0.366766835739966,0.134517911798707,0.0493367088607595,49.3367088607595
0,2,1,NaN,1,Korsch,350,41,NaN,NaN,NaN,NaN,NaN,NaN,6,180,NaN,NaN,NaN,NaN,NaN,NaN,NaN,NaN,NaN,2.7981926,220.547325826865,223.345518426865,446.69103685373,2192,8783.90295981755,2.06763,3.5287552,0.32841035138597,0.107853358897457,0.0354201594936709,35.4201594936709
0,3,1,NaN,2,Refractivo,370,20,NaN,NaN,NaN,NaN,NaN,NaN,6,120,NaN,NaN,NaN,NaN,NaN,NaN,NaN,NaN,NaN,0.3248,150.217002252638,150.541802252638,451.625406757915,2937,12387.089827069,0.24,0.4096,0.16020017140779,0.0256640949190854,0.00411139240506329,4.11139240506329
0,2,2,NaN,3,TMA,610,175,NaN,NaN,NaN,NaN,NaN,NaN,6,180,NaN,NaN,NaN,NaN,NaN,NaN,NaN,NaN,NaN,223.4859375,3.18768156702283,226.673619067023,453.347238134046,4,26.4057436125804,160.78125,137.2,1.41429835611813,2.00023984011845,2.82893591772152,2828.93591772152
0,3,1,NaN,3,TMA,610,175,NaN,NaN,NaN,NaN,NaN,NaN,6,120,NaN,NaN,NaN,NaN,NaN,NaN,NaN,NaN,NaN,148.990625,2.12512104468189,151.115746044682,453.347238134046,4,26.4057436125804,160.78125,137.2,1.23550341521346,1.52646868900413,1.88595727848101,1885.95727848101
0,1,2,NaN,3,Cassegrain,340,39,NaN,NaN,NaN,NaN,NaN,NaN,6,360,NaN,NaN,NaN,NaN,NaN,NaN,NaN,NaN,NaN,3.6125271,450.621967896649,454.23449499665,454.23449499665,2490,9714.4222019484,1.77957,3.0371328,0.357597664846466,0.127876089903646,0.0457281911392405,45.7281911392405
0,2,1,NaN,3,Cassegrain,350,40,NaN,NaN,NaN,NaN,NaN,NaN,6,180,NaN,NaN,NaN,NaN,NaN,NaN,NaN,NaN,NaN,2.5984,227.923473008815,230.521873008815,461.043746017631,2246,9000.29472981306,1.92,3.2768,0.320400342815581,0.102656379676342,0.0328911392405063,32.8911392405063
0,2,2,NaN,3,Refractivo,360,22,NaN,NaN,NaN,NaN,NaN,NaN,6,180,NaN,NaN,NaN,NaN,NaN,NaN,NaN,NaN,NaN,0.6484632,231.842902593223,232.491365793223,464.982731586445,2884,11860.9186875052,0.31944,0.5451776,0.201721759656981,0.0406916683191088,0.00820839493670886,8.20839493670886
0,2,2,NaN,3,TMA,620,178,NaN,NaN,NaN,NaN,NaN,NaN,6,180,NaN,NaN,NaN,NaN,NaN,NaN,NaN,NaN,NaN,235.1776584,2.54771038734302,237.725368787343,475.450737574686,3,20.0862315520035,169.19256,144.3776512,1.43854347079444,2.06940731736532,2.97693238481013,2976.93238481013
0,3,1,NaN,3,TMA,620,178,NaN,NaN,NaN,NaN,NaN,NaN,6,120,NaN,NaN,NaN,NaN,NaN,NaN,NaN,NaN,NaN,156.7851056,1.69847359156201,158.483579191562,475.450737574686,3,20.0862315520035,169.19256,144.3776512,1.25668347375998,1.57925335322144,1.98462158987342,1984.62158987342
0,2,2,NaN,2,Cassegrain,350,34,NaN,NaN,NaN,NaN,NaN,NaN,6,180,NaN,NaN,NaN,NaN,NaN,NaN,NaN,NaN,NaN,2.3936136,237.827336243601,240.220949843601,480.441899687202,2309,9252.75179480782,1.17912,2.0123648,0.311751810378971,0.0971891912745657,0.0302989063291139,30.2989063291139
0,3,1,NaN,3,TMA,370,106,NaN,NaN,NaN,NaN,NaN,NaN,6,120,NaN,NaN,NaN,NaN,NaN,NaN,NaN,NaN,NaN,48.3552496,113.125893913509,161.481143513509,484.443430540528,554,2336.55014102698,35.73048,60.9800192,0.849060908461289,0.72090442627711,0.612091767088607,612.091767088607
0,2,2,NaN,3,TMA,630,181,NaN,NaN,NaN,NaN,NaN,NaN,6,180,NaN,NaN,NaN,NaN,NaN,NaN,NaN,NaN,NaN,247.2701997,1.80788646370286,249.078086163703,498.156172327406,2,13.5779534912126,177.89223,151.8013696,1.46278858547075,2.13975044578353,3.1300025278481,3130.0025278481
0,2,2,NaN,3,TMA,360,104,NaN,NaN,NaN,NaN,NaN,NaN,6,180,NaN,NaN,NaN,NaN,NaN,NaN,NaN,NaN,NaN,68.5042176,180.911947051554,249.416164651554,498.832329303109,610,2508.72413293279,33.74592,57.5930368,0.95359377292391,0.909341083759258,0.867141994936709,867.141994936709
0,3,1,NaN,3,TMA,630,181,NaN,NaN,NaN,NaN,NaN,NaN,6,120,NaN,NaN,NaN,NaN,NaN,NaN,NaN,NaN,NaN,164.8467998,1.81088726801357,166.657687068014,499.973061204041,3,20.3669302368189,177.89223,151.8013696,1.27786353230649,1.63293520719883,2.08666835189873,2086.66835189873
0,2,1,NaN,3,TMA,350,101,NaN,NaN,NaN,NaN,NaN,NaN,6,180,NaN,NaN,NaN,NaN,NaN,NaN,NaN,NaN,NaN,41.8302206,215.649734962845,257.479955562845,514.95991112569,889,3562.44969492601,30.90903,52.7514112,0.809010865609342,0.654498580673976,0.529496463291139,529.496463291139
0,1,1,NaN,2,Refractivo,360,20,NaN,NaN,NaN,NaN,NaN,NaN,6,360,NaN,NaN,NaN,NaN,NaN,NaN,NaN,NaN,NaN,0.3248,522.15939007961,522.48419007961,522.48419007961,3632,14937.1902472326,0.24,0.4096,0.16020017140779,0.0256640949190854,0.00411139240506329,4.11139240506329
0,2,2,NaN,3,TMA,640,184,NaN,NaN,NaN,NaN,NaN,NaN,6,180,NaN,NaN,NaN,NaN,NaN,NaN,NaN,NaN,NaN,259.7703168,1.92542957032231,261.695746370322,523.391492740644,2,13.7642735340396,186.88512,159.4753024,1.48703370014706,2.21126922537307,3.28823185822785,3288.23185822785
0,3,1,NaN,3,TMA,640,184,NaN,NaN,NaN,NaN,NaN,NaN,6,120,NaN,NaN,NaN,NaN,NaN,NaN,NaN,NaN,NaN,173.1802112,1.2836197135482,174.463830913548,523.391492740644,2,13.7642735340396,186.88512,159.4753024,1.29904359085301,1.68751425093628,2.1921545721519,2192.1545721519
0,3,1,NaN,2,Korsch,360,28,NaN,NaN,NaN,NaN,NaN,NaN,6,120,NaN,NaN,NaN,NaN,NaN,NaN,NaN,NaN,NaN,0.8912512,177.636887238009,178.528138438009,535.584415314026,2594,10668.2465587339,0.65856,1.1239424,0.224280239970907,0.0503016260414075,0.0112816607594937,11.2816607594937
0,3,1,NaN,2,TMA,350,60,NaN,NaN,NaN,NaN,NaN,NaN,6,120,NaN,NaN,NaN,NaN,NaN,NaN,NaN,NaN,NaN,8.7696,170.444117927237,179.213717927237,537.641153781711,1497,5998.8607348754,6.48,11.0592,0.480600514223371,0.230976854271769,0.111007594936709,111.007594936709
0,3,1,NaN,1,Cassegrain,350,59,NaN,NaN,NaN,NaN,NaN,NaN,6,120,NaN,NaN,NaN,NaN,NaN,NaN,NaN,NaN,NaN,8.3383874,170.992761271784,179.331148671784,537.993446015353,1523,6103.04936487324,6.16137,10.5154048,0.472590505652982,0.223341786033341,0.105549207594937,105.549207594937
0,2,2,NaN,3,TMA,650,187,NaN,NaN,NaN,NaN,NaN,NaN,6,180,NaN,NaN,NaN,NaN,NaN,NaN,NaN,NaN,NaN,272.6847651,2.04848552378767,274.733250623788,549.466501247575,2,13.9497854924775,196.17609,167.4035968,1.51127881482338,2.28396365613395,3.45170588734177,3451.70588734177
0,3,1,NaN,3,TMA,650,187,NaN,NaN,NaN,NaN,NaN,NaN,6,120,NaN,NaN,NaN,NaN,NaN,NaN,NaN,NaN,NaN,181.7898434,1.36565701585845,183.155500415858,549.466501247575,2,13.9497854924775,196.17609,167.4035968,1.32022364939953,1.74299048443381,2.30113725822785,2301.13725822785
0,1,1,NaN,3,TMA,330,95,NaN,NaN,NaN,NaN,NaN,NaN,6,360,NaN,NaN,NaN,NaN,NaN,NaN,NaN,NaN,NaN,34.809425,521.837425585495,556.646850585495,556.646850585495,1449,5498.98110383793,25.72125,43.8976,0.760950814187005,0.579046141611865,0.440625632911392,440.625632911392
0,2,2,NaN,3,Korsch,350,31,NaN,NaN,NaN,NaN,NaN,NaN,6,180,NaN,NaN,NaN,NaN,NaN,NaN,NaN,NaN,NaN,1.8142719,279.870778358208,281.685050258208,563.370100516416,2532,10146.3696597893,0.89373,1.5252992,0.284244297698473,0.0807948207740983,0.0229654670886076,22.9654670886076
0,1,1,NaN,1,Korsch,340,40,NaN,NaN,NaN,NaN,NaN,NaN,6,360,NaN,NaN,NaN,NaN,NaN,NaN,NaN,NaN,NaN,2.5984,563.941226832579,566.539626832579,566.539626832579,2779,10841.9193972749,1.92,3.2768,0.320400342815581,0.102656379676342,0.0328911392405063,32.8911392405063
0,3,1,NaN,3,TMA,660,190,NaN,NaN,NaN,NaN,NaN,NaN,6,120,NaN,NaN,NaN,NaN,NaN,NaN,NaN,NaN,NaN,190.6802,0.724486919354102,191.404686919354,574.214060758062,1,7.0672468336561,205.77,175.5904,1.34140370794604,1.79936390769139,2.41367341772152,2413.67341772152
0,2,2,NaN,3,TMA,660,190,NaN,NaN,NaN,NaN,NaN,NaN,6,180,NaN,NaN,NaN,NaN,NaN,NaN,NaN,NaN,NaN,286.0203,1.08673037903115,287.107030379031,574.214060758062,1,7.0672468336561,205.77,175.5904,1.53552392949969,2.35783373806616,3.62051012658228,3620.51012658228
0,3,1,NaN,1,Refractivo,360,27,NaN,NaN,NaN,NaN,NaN,NaN,6,120,NaN,NaN,NaN,NaN,NaN,NaN,NaN,NaN,NaN,0.7991298,193.298693947363,194.097823747363,582.293471242089,2690,11063.0621599823,0.59049,1.0077696,0.216270231400517,0.0467728129900332,0.0101155670886076,10.1155670886076
0,1,1,NaN,2,Korsch,350,27,NaN,NaN,NaN,NaN,NaN,NaN,6,360,NaN,NaN,NaN,NaN,NaN,NaN,NaN,NaN,NaN,0.7991298,587.761974670233,588.561104470233,588.561104470233,3328,13336.144639723,0.59049,1.0077696,0.216270231400517,0.0467728129900332,0.0101155670886076,10.1155670886076
0,3,1,NaN,3,TMA,670,192,NaN,NaN,NaN,NaN,NaN,NaN,6,120,NaN,NaN,NaN,NaN,NaN,NaN,NaN,NaN,NaN,196.7652864,0.757351492583348,197.522637892583,592.56791367775,1,7.15920116549478,212.33664,181.1939328,1.35552374697705,1.83744462861871,2.4906998278481,2490.6998278481
0,2,2,NaN,3,TMA,670,192,NaN,NaN,NaN,NaN,NaN,NaN,6,180,NaN,NaN,NaN,NaN,NaN,NaN,NaN,NaN,NaN,295.1479296,1.13602723887502,296.283956838875,592.56791367775,1,7.15920116549478,212.33664,181.1939328,1.55168733928389,2.40773359889393,3.73604974177215,3736.04974177215
0,1,2,NaN,3,TMA,330,95,NaN,NaN,NaN,NaN,NaN,NaN,6,360,NaN,NaN,NaN,NaN,NaN,NaN,NaN,NaN,NaN,52.2141375,541.280528608773,593.494666108773,593.494666108773,1266,4804.49280707993,25.72125,43.8976,0.871071234882418,0.758765096239581,0.660938449367089,660.938449367089
0,3,1,NaN,3,TMA,360,104,NaN,NaN,NaN,NaN,NaN,NaN,6,120,NaN,NaN,NaN,NaN,NaN,NaN,NaN,NaN,NaN,45.6694784,153.602894068467,199.272372468467,597.817117405401,698,2870.6384340772,33.74592,57.5930368,0.83304089132051,0.69395712661207,0.578094663291139,578.094663291139
0,1,1,NaN,3,Cassegrain,340,39,NaN,NaN,NaN,NaN,NaN,NaN,6,360,NaN,NaN,NaN,NaN,NaN,NaN,NaN,NaN,NaN,2.4083514,599.860320218513,602.268671618513,602.268671618513,2851,11122.818352512,1.77957,3.0371328,0.312390334245191,0.0975877209298224,0.0304854607594937,30.4854607594937
0,2,1,NaN,2,Cassegrain,350,34,NaN,NaN,NaN,NaN,NaN,NaN,6,180,NaN,NaN,NaN,NaN,NaN,NaN,NaN,NaN,NaN,1.5957424,306.247813165274,307.843555565274,615.687111130549,2643,10591.17496478,1.17912,2.0123648,0.272340291393244,0.0741692343161569,0.020199270886076,20.1992708860759
0,1,2,NaN,2,TMA,330,57,NaN,NaN,NaN,NaN,NaN,NaN,6,360,NaN,NaN,NaN,NaN,NaN,NaN,NaN,NaN,NaN,11.2782537,604.711748187762,615.990001887762,615.990001887762,2110,8007.48801179989,5.55579,9.4818816,0.522642740929451,0.273155434646249,0.142762705063291,142.762705063291
0,2,2,NaN,3,TMA,350,101,NaN,NaN,NaN,NaN,NaN,NaN,6,180,NaN,NaN,NaN,NaN,NaN,NaN,NaN,NaN,NaN,62.7453309,246.286790438235,309.032121338235,618.06424267647,777,3113.63713493533,30.90903,52.7514112,0.926086260243413,0.85763576141163,0.794244694936709,794.244694936709
0,2,2,NaN,3,TMA,680,195,NaN,NaN,NaN,NaN,NaN,NaN,6,180,NaN,NaN,NaN,NaN,NaN,NaN,NaN,NaN,NaN,309.2002875,1.20536183109317,310.405649331093,620.811298662186,1,7.25075786393154,222.44625,189.8208,1.5759324539602,2.48356309944503,3.91392768987342,3913.92768987342
0,3,1,NaN,3,TMA,680,195,NaN,NaN,NaN,NaN,NaN,NaN,6,120,NaN,NaN,NaN,NaN,NaN,NaN,NaN,NaN,NaN,206.133525,0.803574554062112,206.937099554062,620.811298662186,1,7.25075786393154,222.44625,189.8208,1.37670380552357,1.89531336814308,2.60928512658228,2609.28512658228
0,2,2,NaN,2,Refractivo,360,20,NaN,NaN,NaN,NaN,NaN,NaN,6,180,NaN,NaN,NaN,NaN,NaN,NaN,NaN,NaN,NaN,0.4872,311.495084750166,311.982284750166,623.964569500331,3173,13049.4781537635,0.24,0.4096,0.183383417869983,0.0336294779496767,0.00616708860759494,6.16708860759494
0,1,2,NaN,1,Cassegrain,330,56,NaN,NaN,NaN,NaN,NaN,NaN,6,360,NaN,NaN,NaN,NaN,NaN,NaN,NaN,NaN,NaN,10.6950144,616.098487471989,626.793501871989,626.793501871989,2148,8151.69869637259,5.26848,8.9915392,0.513473570035952,0.263655107125466,0.135379929113924,135.379929113924
0,2,2,NaN,2,TMA,340,59,NaN,NaN,NaN,NaN,NaN,NaN,6,180,NaN,NaN,NaN,NaN,NaN,NaN,NaN,NaN,NaN,12.5075811,301.940950566232,314.448531666232,628.897063332464,1646,6421.6622266695,6.16137,10.5154048,0.540981082716449,0.292660531857062,0.158323811392405,158.323811392405
0,2,2,NaN,1,Cassegrain,340,57,NaN,NaN,NaN,NaN,NaN,NaN,6,180,NaN,NaN,NaN,NaN,NaN,NaN,NaN,NaN,NaN,11.2782537,305.49302654545,316.77128024545,633.542560490899,1704,6647.94194061047,5.55579,9.4818816,0.522642740929451,0.273155434646249,0.142762705063291,142.762705063291
0,2,2,NaN,3,TMA,690,198,NaN,NaN,NaN,NaN,NaN,NaN,6,180,NaN,NaN,NaN,NaN,NaN,NaN,NaN,NaN,NaN,323.6917464,1.27774745439709,324.969493854397,649.938987708794,1,7.34191903720603,232.87176,198.7172352,1.60017756863651,2.56056825116747,4.09736387848101,4097.36387848101
0,3,1,NaN,3,TMA,690,198,NaN,NaN,NaN,NaN,NaN,NaN,6,120,NaN,NaN,NaN,NaN,NaN,NaN,NaN,NaN,NaN,215.7944976,0.851831636264725,216.646329236265,649.938987708794,1,7.34191903720603,232.87176,198.7172352,1.39788386407009,1.95407929742752,2.73157591898734,2731.57591898734
0,1,2,NaN,2,Cassegrain,340,33,NaN,NaN,NaN,NaN,NaN,NaN,6,360,NaN,NaN,NaN,NaN,NaN,NaN,NaN,NaN,NaN,2.1885633,649.907470007758,652.096033307758,652.096033307758,2943,11481.7447953149,1.07811,1.8399744,0.302582639485472,0.0915562537179949,0.0277033329113924,27.7033329113924
0,2,1,NaN,2,TMA,340,59,NaN,NaN,NaN,NaN,NaN,NaN,6,180,NaN,NaN,NaN,NaN,NaN,NaN,NaN,NaN,NaN,8.3383874,321.90634651615,330.24473391615,660.489467832299,1884,7350.18932870313,6.16137,10.5154048,0.472590505652982,0.223341786033341,0.105549207594937,105.549207594937
0,3,1,NaN,1,Korsch,350,41,NaN,NaN,NaN,NaN,NaN,NaN,6,120,NaN,NaN,NaN,NaN,NaN,NaN,NaN,NaN,NaN,2.7981926,220.547325826865,223.345518426865,670.036555280595,2192,8783.90295981755,2.06763,3.5287552,0.32841035138597,0.107853358897457,0.0354201594936709,35.4201594936709
0,1,1,NaN,1,Refractivo,350,26,NaN,NaN,NaN,NaN,NaN,NaN,6,360,NaN,NaN,NaN,NaN,NaN,NaN,NaN,NaN,NaN,0.7135856,674.310917933052,675.024503533052,675.024503533052,3456,13849.0732797123,0.52728,0.8998912,0.208260222830128,0.0433723204132544,0.00903272911392405,9.03272911392405
0,2,1,NaN,1,Cassegrain,340,57,NaN,NaN,NaN,NaN,NaN,NaN,6,180,NaN,NaN,NaN,NaN,NaN,NaN,NaN,NaN,NaN,7.5188358,330.230453665943,337.749289465943,675.498578931886,1950,7607.68003767043,5.55579,9.4818816,0.456570488512203,0.208456610980271,0.0951751367088608,95.1751367088607
0,3,1,NaN,3,Cassegrain,350,40,NaN,NaN,NaN,NaN,NaN,NaN,6,120,NaN,NaN,NaN,NaN,NaN,NaN,NaN,NaN,NaN,2.5984,227.923473008815,230.521873008815,691.565619026446,2246,9000.29472981306,1.92,3.2768,0.320400342815581,0.102656379676342,0.0328911392405063,32.8911392405063
0,2,1,NaN,3,Refractivo,360,22,NaN,NaN,NaN,NaN,NaN,NaN,6,180,NaN,NaN,NaN,NaN,NaN,NaN,NaN,NaN,NaN,0.4323088,358.199425473283,358.631734273283,717.263468546566,3302,13580.0116179411,0.31944,0.5451776,0.176220188548569,0.0310535548520934,0.00547226329113924,5.47226329113924
0,2,1,NaN,3,TMA,340,98,NaN,NaN,NaN,NaN,NaN,NaN,6,180,NaN,NaN,NaN,NaN,NaN,NaN,NaN,NaN,NaN,38.2123952,321.920593654015,360.132988854015,720.265977708031,1134,4424.15854498373,28.23576,48.1890304,0.784980839898173,0.616194919007242,0.483701205063291,483.701205063291
0,1,1,NaN,2,TMA,330,57,NaN,NaN,NaN,NaN,NaN,NaN,6,360,NaN,NaN,NaN,NaN,NaN,NaN,NaN,NaN,NaN,7.5188358,715.397108566161,722.915944366161,722.915944366161,2415,9164.96850639655,5.55579,9.4818816,0.456570488512203,0.208456610980271,0.0951751367088608,95.1751367088607
0,1,1,NaN,1,Cassegrain,330,56,NaN,NaN,NaN,NaN,NaN,NaN,6,360,NaN,NaN,NaN,NaN,NaN,NaN,NaN,NaN,NaN,7.1300096,735.273245628703,742.403255228703,742.403255228703,2458,9328.15428104461,5.26848,8.9915392,0.448560479941813,0.20120650416563,0.0902532860759494,90.2532860759493
0,2,1,NaN,3,Korsch,350,31,NaN,NaN,NaN,NaN,NaN,NaN,6,180,NaN,NaN,NaN,NaN,NaN,NaN,NaN,NaN,NaN,1.2095146,383.771563059333,384.981077659333,769.962155318665,2899,11617.0322447587,0.89373,1.5252992,0.248310265682075,0.0616579880431028,0.0153103113924051,15.3103113924051
0,3,1,NaN,3,TMA,350,101,NaN,NaN,NaN,NaN,NaN,NaN,6,120,NaN,NaN,NaN,NaN,NaN,NaN,NaN,NaN,NaN,41.8302206,215.649734962845,257.479955562845,772.439866688535,889,3562.44969492601,30.90903,52.7514112,0.809010865609342,0.654498580673976,0.529496463291139,529.496463291139
0,2,2,NaN,2,Korsch,350,27,NaN,NaN,NaN,NaN,NaN,NaN,6,180,NaN,NaN,NaN,NaN,NaN,NaN,NaN,NaN,NaN,1.1986947,386.354978356981,387.553673056981,775.107346113962,2907,11649.090284758,0.59049,1.0077696,0.247567614124477,0.0612897235632858,0.0151733506329114,15.1733506329114
0,1,2,NaN,3,Korsch,340,31,NaN,NaN,NaN,NaN,NaN,NaN,6,360,NaN,NaN,NaN,NaN,NaN,NaN,NaN,NaN,NaN,1.8142719,774.374517068066,776.188788968066,776.188788968066,3133,12223.0059271905,0.89373,1.5252992,0.284244297698473,0.0807948207740983,0.0229654670886076,22.9654670886076
0,2,2,NaN,3,TMA,340,98,NaN,NaN,NaN,NaN,NaN,NaN,6,180,NaN,NaN,NaN,NaN,NaN,NaN,NaN,NaN,NaN,57.3185928,352.786861280586,410.105454080586,820.210908161172,991,3866.2620088879,28.23576,48.1890304,0.898578747562916,0.807443765571738,0.725551807594937,725.551807594937
0,2,2,NaN,1,Refractivo,350,26,NaN,NaN,NaN,NaN,NaN,NaN,6,180,NaN,NaN,NaN,NaN,NaN,NaN,NaN,NaN,NaN,1.0703784,429.741258991129,430.811637391129,861.623274782259,3019,12097.9028447487,0.52728,0.8998912,0.238398443230978,0.0568338177349537,0.0135490936708861,13.5490936708861
0,2,2,NaN,1,Korsch,340,40,NaN,NaN,NaN,NaN,NaN,NaN,6,180,NaN,NaN,NaN,NaN,NaN,NaN,NaN,NaN,NaN,3.8976,431.583315452211,435.480915452211,870.961830904422,2428,9472.53699049426,1.92,3.2768,0.366766835739966,0.134517911798707,0.0493367088607595,49.3367088607595
0,2,2,NaN,3,Cassegrain,340,39,NaN,NaN,NaN,NaN,NaN,NaN,6,180,NaN,NaN,NaN,NaN,NaN,NaN,NaN,NaN,NaN,3.6125271,450.621967896649,454.23449499665,908.468989993299,2490,9714.4222019484,1.77957,3.0371328,0.357597664846466,0.127876089903646,0.0457281911392405,45.7281911392405
0,3,1,NaN,2,Cassegrain,350,34,NaN,NaN,NaN,NaN,NaN,NaN,6,120,NaN,NaN,NaN,NaN,NaN,NaN,NaN,NaN,NaN,1.5957424,306.247813165274,307.843555565274,923.530666695823,2643,10591.17496478,1.17912,2.0123648,0.272340291393244,0.0741692343161569,0.020199270886076,20.1992708860759
0,1,2,NaN,3,Refractivo,350,21,NaN,NaN,NaN,NaN,NaN,NaN,6,360,NaN,NaN,NaN,NaN,NaN,NaN,NaN,NaN,NaN,0.5639949,925.449511400037,926.013506300037,926.013506300037,3738,14979.1191896889,0.27783,0.4741632,0.192552588763482,0.0370764994395186,0.00713917594936709,7.13917594936709
0,1,2,NaN,3,TMA,320,92,NaN,NaN,NaN,NaN,NaN,NaN,6,360,NaN,NaN,NaN,NaN,NaN,NaN,NaN,NaN,NaN,47.4220992,910.347275454113,957.769374654113,957.769374654113,1620,5974.85687955306,23.36064,39.8688256,0.843563722201921,0.711599753415159,0.600279736708861,600.279736708861
0,1,1,NaN,3,TMA,320,92,NaN,NaN,NaN,NaN,NaN,NaN,6,360,NaN,NaN,NaN,NaN,NaN,NaN,NaN,NaN,NaN,31.6147328,944.640640028926,976.255372828926,976.255372828926,1855,6841.57994541416,23.36064,39.8688256,0.736920788475836,0.543052248487848,0.40018649113924,400.18649113924
0,1,1,NaN,2,Cassegrain,340,33,NaN,NaN,NaN,NaN,NaN,NaN,6,360,NaN,NaN,NaN,NaN,NaN,NaN,NaN,NaN,NaN,1.4590422,976.82496962983,978.28401182983,978.28401182983,3369,13143.7302804675,1.07811,1.8399744,0.264330282822854,0.0698704984172101,0.0184688886075949,18.4688886075949
0,3,1,NaN,2,TMA,340,59,NaN,NaN,NaN,NaN,NaN,NaN,6,120,NaN,NaN,NaN,NaN,NaN,NaN,NaN,NaN,NaN,8.3383874,321.90634651615,330.24473391615,990.734201748449,1884,7350.18932870313,6.16137,10.5154048,0.472590505652982,0.223341786033341,0.105549207594937,105.549207594937
0,3,1,NaN,1,Cassegrain,340,57,NaN,NaN,NaN,NaN,NaN,NaN,6,120,NaN,NaN,NaN,NaN,NaN,NaN,NaN,NaN,NaN,7.5188358,330.230453665943,337.749289465943,1013.24786839783,1950,7607.68003767043,5.55579,9.4818816,0.456570488512203,0.208456610980271,0.0951751367088608,95.1751367088607
0,2,1,NaN,2,Refractivo,360,20,NaN,NaN,NaN,NaN,NaN,NaN,6,180,NaN,NaN,NaN,NaN,NaN,NaN,NaN,NaN,NaN,0.3248,522.15939007961,522.48419007961,1044.96838015922,3632,14937.1902472326,0.24,0.4096,0.16020017140779,0.0256640949190854,0.00411139240506329,4.11139240506329
0,3,1,NaN,3,Refractivo,360,22,NaN,NaN,NaN,NaN,NaN,NaN,6,120,NaN,NaN,NaN,NaN,NaN,NaN,NaN,NaN,NaN,0.4323088,358.199425473283,358.631734273283,1075.89520281985,3302,13580.0116179411,0.31944,0.5451776,0.176220188548569,0.0310535548520934,0.00547226329113924,5.47226329113924
0,3,1,NaN,3,TMA,340,98,NaN,NaN,NaN,NaN,NaN,NaN,6,120,NaN,NaN,NaN,NaN,NaN,NaN,NaN,NaN,NaN,38.2123952,321.920593654015,360.132988854015,1080.39896656205,1134,4424.15854498373,28.23576,48.1890304,0.784980839898173,0.616194919007242,0.483701205063291,483.701205063291
0,2,1,NaN,3,TMA,330,95,NaN,NaN,NaN,NaN,NaN,NaN,6,180,NaN,NaN,NaN,NaN,NaN,NaN,NaN,NaN,NaN,34.809425,521.837425585495,556.646850585495,1113.29370117099,1449,5498.98110383793,25.72125,43.8976,0.760950814187005,0.579046141611865,0.440625632911392,440.625632911392
0,2,1,NaN,1,Korsch,340,40,NaN,NaN,NaN,NaN,NaN,NaN,6,180,NaN,NaN,NaN,NaN,NaN,NaN,NaN,NaN,NaN,2.5984,563.941226832579,566.539626832579,1133.07925366516,2779,10841.9193972749,1.92,3.2768,0.320400342815581,0.102656379676342,0.0328911392405063,32.8911392405063
0,1,2,NaN,2,Refractivo,350,20,NaN,NaN,NaN,NaN,NaN,NaN,6,360,NaN,NaN,NaN,NaN,NaN,NaN,NaN,NaN,NaN,0.4872,1152.54445487831,1153.03165487831,1153.03165487831,3925,15728.4758746733,0.24,0.4096,0.183383417869983,0.0336294779496767,0.00616708860759494,6.16708860759494
0,3,1,NaN,3,Korsch,350,31,NaN,NaN,NaN,NaN,NaN,NaN,6,120,NaN,NaN,NaN,NaN,NaN,NaN,NaN,NaN,NaN,1.2095146,383.771563059333,384.981077659333,1154.943232978,2899,11617.0322447587,0.89373,1.5252992,0.248310265682075,0.0616579880431028,0.0153103113924051,15.3103113924051
0,2,1,NaN,2,Korsch,350,27,NaN,NaN,NaN,NaN,NaN,NaN,6,180,NaN,NaN,NaN,NaN,NaN,NaN,NaN,NaN,NaN,0.7991298,587.761974670233,588.561104470233,1177.12220894047,3328,13336.144639723,0.59049,1.0077696,0.216270231400517,0.0467728129900332,0.0101155670886076,10.1155670886076
0,2,2,NaN,3,TMA,330,95,NaN,NaN,NaN,NaN,NaN,NaN,6,180,NaN,NaN,NaN,NaN,NaN,NaN,NaN,NaN,NaN,52.2141375,541.280528608773,593.494666108773,1186.98933221755,1266,4804.49280707993,25.72125,43.8976,0.871071234882418,0.758765096239581,0.660938449367089,660.938449367089
0,1,2,NaN,1,Korsch,330,39,NaN,NaN,NaN,NaN,NaN,NaN,6,360,NaN,NaN,NaN,NaN,NaN,NaN,NaN,NaN,NaN,3.6125271,1195.99197317902,1199.60450027902,1199.60450027902,3084,11703.8355584791,1.77957,3.0371328,0.357597664846466,0.127876089903646,0.0457281911392405,45.7281911392405
0,2,1,NaN,3,Cassegrain,340,39,NaN,NaN,NaN,NaN,NaN,NaN,6,180,NaN,NaN,NaN,NaN,NaN,NaN,NaN,NaN,NaN,2.4083514,599.860320218513,602.268671618513,1204.53734323703,2851,11122.818352512,1.77957,3.0371328,0.312390334245191,0.0975877209298224,0.0304854607594937,30.4854607594937
0,1,1,NaN,3,Korsch,340,31,NaN,NaN,NaN,NaN,NaN,NaN,6,360,NaN,NaN,NaN,NaN,NaN,NaN,NaN,NaN,NaN,1.2095146,1226.92358922368,1228.13310382368,1228.13310382368,3587,13994.2298949353,0.89373,1.5252992,0.248310265682075,0.0616579880431028,0.0153103113924051,15.3103113924051
0,2,2,NaN,2,TMA,330,57,NaN,NaN,NaN,NaN,NaN,NaN,6,180,NaN,NaN,NaN,NaN,NaN,NaN,NaN,NaN,NaN,11.2782537,604.711748187762,615.990001887762,1231.98000377552,2110,8007.48801179989,5.55579,9.4818816,0.522642740929451,0.273155434646249,0.142762705063291,142.762705063291
0,1,2,NaN,2,Korsch,340,27,NaN,NaN,NaN,NaN,NaN,NaN,6,360,NaN,NaN,NaN,NaN,NaN,NaN,NaN,NaN,NaN,1.1986947,1239.34043489352,1240.53912959352,1240.53912959352,3597,14033.2436387182,0.59049,1.0077696,0.247567614124477,0.0612897235632858,0.0151733506329114,15.1733506329114
0,2,2,NaN,1,Cassegrain,330,56,NaN,NaN,NaN,NaN,NaN,NaN,6,180,NaN,NaN,NaN,NaN,NaN,NaN,NaN,NaN,NaN,10.6950144,616.098487471989,626.793501871989,1253.58700374398,2148,8151.69869637259,5.26848,8.9915392,0.513473570035952,0.263655107125466,0.135379929113924,135.379929113924
0,1,2,NaN,3,Cassegrain,330,38,NaN,NaN,NaN,NaN,NaN,NaN,6,360,NaN,NaN,NaN,NaN,NaN,NaN,NaN,NaN,NaN,3.3417048,1285.94213334582,1289.28383814582,1289.28383814582,3165,12011.2320176998,1.64616,2.8094464,0.348428493952967,0.121402415398333,0.0423000607594937,42.3000607594937
0,2,2,NaN,2,Cassegrain,340,33,NaN,NaN,NaN,NaN,NaN,NaN,6,180,NaN,NaN,NaN,NaN,NaN,NaN,NaN,NaN,NaN,2.1885633,649.907470007758,652.096033307758,1304.19206661552,2943,11481.7447953149,1.07811,1.8399744,0.302582639485472,0.0915562537179949,0.0277033329113924,27.7033329113924
0,2,1,NaN,1,Refractivo,350,26,NaN,NaN,NaN,NaN,NaN,NaN,6,180,NaN,NaN,NaN,NaN,NaN,NaN,NaN,NaN,NaN,0.7135856,674.310917933052,675.024503533052,1350.0490070661,3456,13849.0732797123,0.52728,0.8998912,0.208260222830128,0.0433723204132544,0.00903272911392405,9.03272911392405
0,2,1,NaN,2,TMA,330,57,NaN,NaN,NaN,NaN,NaN,NaN,6,180,NaN,NaN,NaN,NaN,NaN,NaN,NaN,NaN,NaN,7.5188358,715.397108566161,722.915944366161,1445.83188873232,2415,9164.96850639655,5.55579,9.4818816,0.456570488512203,0.208456610980271,0.0951751367088608,95.1751367088607
0,1,2,NaN,2,TMA,320,55,NaN,NaN,NaN,NaN,NaN,NaN,6,360,NaN,NaN,NaN,NaN,NaN,NaN,NaN,NaN,NaN,10.1322375,1450.92141299179,1461.05365049179,1461.05365049179,2710,9994.97663184494,4.99125,8.5184,0.504304399142453,0.25432292699443,0.128256170886076,128.256170886076
0,2,1,NaN,1,Cassegrain,330,56,NaN,NaN,NaN,NaN,NaN,NaN,6,180,NaN,NaN,NaN,NaN,NaN,NaN,NaN,NaN,NaN,7.1300096,735.273245628703,742.403255228703,1484.80651045741,2458,9328.15428104461,5.26848,8.9915392,0.448560479941813,0.20120650416563,0.0902532860759494,90.2532860759493
0,1,2,NaN,1,Cassegrain,320,54,NaN,NaN,NaN,NaN,NaN,NaN,6,360,NaN,NaN,NaN,NaN,NaN,NaN,NaN,NaN,NaN,9.5895576,1506.21204694006,1515.80160454006,1515.80160454006,2761,10183.0739780531,4.72392,8.0621568,0.495135228248953,0.245158894253143,0.121386805063291,121.386805063291
0,2,2,NaN,3,Korsch,340,31,NaN,NaN,NaN,NaN,NaN,NaN,6,180,NaN,NaN,NaN,NaN,NaN,NaN,NaN,NaN,NaN,1.8142719,774.374517068066,776.188788968066,1552.37757793613,3133,12223.0059271905,0.89373,1.5252992,0.284244297698473,0.0807948207740983,0.0229654670886076,22.9654670886076
0,3,1,NaN,2,Refractivo,360,20,NaN,NaN,NaN,NaN,NaN,NaN,6,120,NaN,NaN,NaN,NaN,NaN,NaN,NaN,NaN,NaN,0.3248,522.15939007961,522.48419007961,1567.45257023883,3632,14937.1902472326,0.24,0.4096,0.16020017140779,0.0256640949190854,0.00411139240506329,4.11139240506329
0,3,1,NaN,3,TMA,330,95,NaN,NaN,NaN,NaN,NaN,NaN,6,120,NaN,NaN,NaN,NaN,NaN,NaN,NaN,NaN,NaN,34.809425,521.837425585495,556.646850585495,1669.94055175649,1449,5498.98110383793,25.72125,43.8976,0.760950814187005,0.579046141611865,0.440625632911392,440.625632911392
0,3,1,NaN,1,Korsch,340,40,NaN,NaN,NaN,NaN,NaN,NaN,6,120,NaN,NaN,NaN,NaN,NaN,NaN,NaN,NaN,NaN,2.5984,563.941226832579,566.539626832579,1699.61888049774,2779,10841.9193972749,1.92,3.2768,0.320400342815581,0.102656379676342,0.0328911392405063,32.8911392405063
0,1,2,NaN,1,Refractivo,340,25,NaN,NaN,NaN,NaN,NaN,NaN,6,360,NaN,NaN,NaN,NaN,NaN,NaN,NaN,NaN,NaN,0.9515625,1702.9300065687,1703.8815690687,1703.8815690687,3885,15156.8394596665,0.46875,0.8,0.229229272337479,0.0525460592963699,0.0120450949367089,12.0450949367089
0,3,1,NaN,2,Korsch,350,27,NaN,NaN,NaN,NaN,NaN,NaN,6,120,NaN,NaN,NaN,NaN,NaN,NaN,NaN,NaN,NaN,0.7991298,587.761974670233,588.561104470233,1765.6833134107,3328,13336.144639723,0.59049,1.0077696,0.216270231400517,0.0467728129900332,0.0101155670886076,10.1155670886076
0,1,2,NaN,3,TMA,310,89,NaN,NaN,NaN,NaN,NaN,NaN,6,360,NaN,NaN,NaN,NaN,NaN,NaN,NaN,NaN,NaN,42.9326121,1734.69128937443,1777.62390147443,1777.62390147443,2078,7441.04254110909,21.14907,36.0944128,0.816056209521423,0.665947737098473,0.543450786075949,543.450786075949
0,1,1,NaN,3,Refractivo,350,21,NaN,NaN,NaN,NaN,NaN,NaN,6,360,NaN,NaN,NaN,NaN,NaN,NaN,NaN,NaN,NaN,0.3759966,1777.54407485245,1777.92007145245,1777.92007145245,4279,17147.0441446438,0.27783,0.4741632,0.16821017997818,0.0282946646482917,0.00475945063291139,4.75945063291139
0,3,1,NaN,3,Cassegrain,340,39,NaN,NaN,NaN,NaN,NaN,NaN,6,120,NaN,NaN,NaN,NaN,NaN,NaN,NaN,NaN,NaN,2.4083514,599.860320218513,602.268671618513,1806.80601485554,2851,11122.818352512,1.77957,3.0371328,0.312390334245191,0.0975877209298224,0.0304854607594937,30.4854607594937
0,1,1,NaN,1,Korsch,330,39,NaN,NaN,NaN,NaN,NaN,NaN,6,360,NaN,NaN,NaN,NaN,NaN,NaN,NaN,NaN,NaN,2.4083514,1824.28810560513,1826.69645700513,1826.69645700513,3530,13396.4135932008,1.77957,3.0371328,0.312390334245191,0.0975877209298224,0.0304854607594937,30.4854607594937
0,2,2,NaN,3,Refractivo,350,21,NaN,NaN,NaN,NaN,NaN,NaN,6,180,NaN,NaN,NaN,NaN,NaN,NaN,NaN,NaN,NaN,0.5639949,925.449511400037,926.013506300037,1852.02701260007,3738,14979.1191896889,0.27783,0.4741632,0.192552588763482,0.0370764994395186,0.00713917594936709,7.13917594936709
0,2,2,NaN,3,TMA,320,92,NaN,NaN,NaN,NaN,NaN,NaN,6,180,NaN,NaN,NaN,NaN,NaN,NaN,NaN,NaN,NaN,47.4220992,910.347275454113,957.769374654113,1915.53874930823,1620,5974.85687955306,23.36064,39.8688256,0.843563722201921,0.711599753415159,0.600279736708861,600.279736708861
0,2,1,NaN,3,TMA,320,92,NaN,NaN,NaN,NaN,NaN,NaN,6,180,NaN,NaN,NaN,NaN,NaN,NaN,NaN,NaN,NaN,31.6147328,944.640640028926,976.255372828926,1952.51074565785,1855,6841.57994541416,23.36064,39.8688256,0.736920788475836,0.543052248487848,0.40018649113924,400.18649113924
0,2,1,NaN,2,Cassegrain,340,33,NaN,NaN,NaN,NaN,NaN,NaN,6,180,NaN,NaN,NaN,NaN,NaN,NaN,NaN,NaN,NaN,1.4590422,976.82496962983,978.28401182983,1956.56802365966,3369,13143.7302804675,1.07811,1.8399744,0.264330282822854,0.0698704984172101,0.0184688886075949,18.4688886075949
0,1,1,NaN,2,TMA,320,55,NaN,NaN,NaN,NaN,NaN,NaN,6,360,NaN,NaN,NaN,NaN,NaN,NaN,NaN,NaN,NaN,6.754825,1969.56703826378,1976.32186326378,1976.32186326378,3103,11444.4326526254,4.99125,8.5184,0.440550471371424,0.194084717825584,0.0855041139240506,85.5041139240506
0,1,1,NaN,3,TMA,310,89,NaN,NaN,NaN,NaN,NaN,NaN,6,360,NaN,NaN,NaN,NaN,NaN,NaN,NaN,NaN,NaN,28.6217414,1978.45854516954,2007.08028656954,2007.08028656954,2379,8518.88364066339,21.14907,36.0944128,0.712890762764667,0.508213239635189,0.362300524050633,362.300524050633
0,1,1,NaN,3,Cassegrain,330,38,NaN,NaN,NaN,NaN,NaN,NaN,6,360,NaN,NaN,NaN,NaN,NaN,NaN,NaN,NaN,NaN,2.2278032,2005.09561389044,2007.32341709044,2007.32341709044,3623,13749.3502686024,1.64616,2.8094464,0.304380325674802,0.0926473826578985,0.0282000405063291,28.2000405063291
0,3,1,NaN,1,Refractivo,350,26,NaN,NaN,NaN,NaN,NaN,NaN,6,120,NaN,NaN,NaN,NaN,NaN,NaN,NaN,NaN,NaN,0.7135856,674.310917933052,675.024503533052,2025.07351059916,3456,13849.0732797123,0.52728,0.8998912,0.208260222830128,0.0433723204132544,0.00903272911392405,9.03272911392405
0,1,1,NaN,1,Cassegrain,320,54,NaN,NaN,NaN,NaN,NaN,NaN,6,360,NaN,NaN,NaN,NaN,NaN,NaN,NaN,NaN,NaN,6.3930384,2066.18525004831,2072.57828844831,2072.57828844831,3160,11654.6590983875,4.72392,8.0621568,0.432540462801034,0.187091251960133,0.0809245367088608,80.9245367088607
0,3,1,NaN,2,TMA,330,57,NaN,NaN,NaN,NaN,NaN,NaN,6,120,NaN,NaN,NaN,NaN,NaN,NaN,NaN,NaN,NaN,7.5188358,715.397108566161,722.915944366161,2168.74783309848,2415,9164.96850639655,5.55579,9.4818816,0.456570488512203,0.208456610980271,0.0951751367088608,95.1751367088607
0,3,1,NaN,1,Cassegrain,330,56,NaN,NaN,NaN,NaN,NaN,NaN,6,120,NaN,NaN,NaN,NaN,NaN,NaN,NaN,NaN,NaN,7.1300096,735.273245628703,742.403255228703,2227.20976568611,2458,9328.15428104461,5.26848,8.9915392,0.448560479941813,0.20120650416563,0.0902532860759494,90.2532860759493
0,1,1,NaN,2,Korsch,340,27,NaN,NaN,NaN,NaN,NaN,NaN,6,360,NaN,NaN,NaN,NaN,NaN,NaN,NaN,NaN,NaN,0.7991298,2228.88556393071,2229.68469373072,2229.68469373072,4118,16065.8596898086,0.59049,1.0077696,0.216270231400517,0.0467728129900332,0.0101155670886076,10.1155670886076
0,2,2,NaN,2,Refractivo,350,20,NaN,NaN,NaN,NaN,NaN,NaN,6,180,NaN,NaN,NaN,NaN,NaN,NaN,NaN,NaN,NaN,0.4872,1152.54445487831,1153.03165487831,2306.06330975662,3925,15728.4758746733,0.24,0.4096,0.183383417869983,0.0336294779496767,0.00616708860759494,6.16708860759494
0,1,2,NaN,2,Cassegrain,330,32,NaN,NaN,NaN,NaN,NaN,NaN,6,360,NaN,NaN,NaN,NaN,NaN,NaN,NaN,NaN,NaN,1.9955712,2311.03517416343,2313.03074536343,2313.03074536343,3759,14265.472718652,0.98304,1.6777216,0.293413468591972,0.0860914635511724,0.0252603949367089,25.2603949367089
0,1,1,NaN,2,Refractivo,350,20,NaN,NaN,NaN,NaN,NaN,NaN,6,360,NaN,NaN,NaN,NaN,NaN,NaN,NaN,NaN,NaN,0.3248,2333.44046725331,2333.76526725331,2333.76526725331,4493,18004.596714626,0.24,0.4096,0.16020017140779,0.0256640949190854,0.00411139240506329,4.11139240506329
0,2,2,NaN,1,Korsch,330,39,NaN,NaN,NaN,NaN,NaN,NaN,6,180,NaN,NaN,NaN,NaN,NaN,NaN,NaN,NaN,NaN,3.6125271,1195.99197317902,1199.60450027902,2399.20900055804,3084,11703.8355584791,1.77957,3.0371328,0.357597664846466,0.127876089903646,0.0457281911392405,45.7281911392405
0,2,1,NaN,3,Korsch,340,31,NaN,NaN,NaN,NaN,NaN,NaN,6,180,NaN,NaN,NaN,NaN,NaN,NaN,NaN,NaN,NaN,1.2095146,1226.92358922368,1228.13310382368,2456.26620764736,3587,13994.2298949353,0.89373,1.5252992,0.248310265682075,0.0616579880431028,0.0153103113924051,15.3103113924051
0,2,2,NaN,2,Korsch,340,27,NaN,NaN,NaN,NaN,NaN,NaN,6,180,NaN,NaN,NaN,NaN,NaN,NaN,NaN,NaN,NaN,1.1986947,1239.34043489352,1240.53912959352,2481.07825918703,3597,14033.2436387182,0.59049,1.0077696,0.247567614124477,0.0612897235632858,0.0151733506329114,15.1733506329114
0,2,2,NaN,3,Cassegrain,330,38,NaN,NaN,NaN,NaN,NaN,NaN,6,180,NaN,NaN,NaN,NaN,NaN,NaN,NaN,NaN,NaN,3.3417048,1285.94213334582,1289.28383814582,2578.56767629164,3165,12011.2320176998,1.64616,2.8094464,0.348428493952967,0.121402415398333,0.0423000607594937,42.3000607594937
0,2,2,NaN,2,TMA,320,55,NaN,NaN,NaN,NaN,NaN,NaN,6,180,NaN,NaN,NaN,NaN,NaN,NaN,NaN,NaN,NaN,10.1322375,1450.92141299179,1461.05365049179,2922.10730098358,2710,9994.97663184494,4.99125,8.5184,0.504304399142453,0.25432292699443,0.128256170886076,128.256170886076
0,3,1,NaN,3,TMA,320,92,NaN,NaN,NaN,NaN,NaN,NaN,6,120,NaN,NaN,NaN,NaN,NaN,NaN,NaN,NaN,NaN,31.6147328,944.640640028926,976.255372828926,2928.76611848678,1855,6841.57994541416,23.36064,39.8688256,0.736920788475836,0.543052248487848,0.40018649113924,400.18649113924
0,3,1,NaN,2,Cassegrain,340,33,NaN,NaN,NaN,NaN,NaN,NaN,6,120,NaN,NaN,NaN,NaN,NaN,NaN,NaN,NaN,NaN,1.4590422,976.82496962983,978.28401182983,2934.85203548949,3369,13143.7302804675,1.07811,1.8399744,0.264330282822854,0.0698704984172101,0.0184688886075949,18.4688886075949
0,1,2,NaN,3,Korsch,330,30,NaN,NaN,NaN,NaN,NaN,NaN,6,360,NaN,NaN,NaN,NaN,NaN,NaN,NaN,NaN,NaN,1.6443,3026.27223028413,3027.91653028413,3027.91653028413,4009,15214.2272224198,0.81,1.3824,0.275075126804974,0.0756663253867726,0.0208139240506329,20.8139240506329
0,2,2,NaN,1,Cassegrain,320,54,NaN,NaN,NaN,NaN,NaN,NaN,6,180,NaN,NaN,NaN,NaN,NaN,NaN,NaN,NaN,NaN,9.5895576,1506.21204694006,1515.80160454006,3031.60320908012,2761,10183.0739780531,4.72392,8.0621568,0.495135228248953,0.245158894253143,0.121386805063291,121.386805063291
0,1,1,NaN,1,Refractivo,340,25,NaN,NaN,NaN,NaN,NaN,NaN,6,360,NaN,NaN,NaN,NaN,NaN,NaN,NaN,NaN,NaN,0.634375,3310.33842944706,3310.97280444706,3310.97280444706,4447,17349.4118602669,0.46875,0.8,0.200250214259738,0.040100148311071,0.00803006329113924,8.03006329113924
0,2,2,NaN,1,Refractivo,340,25,NaN,NaN,NaN,NaN,NaN,NaN,6,180,NaN,NaN,NaN,NaN,NaN,NaN,NaN,NaN,NaN,0.9515625,1702.9300065687,1703.8815690687,3407.76313813739,3885,15156.8394596665,0.46875,0.8,0.229229272337479,0.0525460592963699,0.0120450949367089,12.0450949367089
0,2,2,NaN,3,TMA,310,89,NaN,NaN,NaN,NaN,NaN,NaN,6,180,NaN,NaN,NaN,NaN,NaN,NaN,NaN,NaN,NaN,42.9326121,1734.69128937443,1777.62390147443,3555.24780294886,2078,7441.04254110909,21.14907,36.0944128,0.816056209521423,0.665947737098473,0.543450786075949,543.450786075949
0,2,1,NaN,3,Refractivo,350,21,NaN,NaN,NaN,NaN,NaN,NaN,6,180,NaN,NaN,NaN,NaN,NaN,NaN,NaN,NaN,NaN,0.3759966,1777.54407485245,1777.92007145245,3555.84014290491,4279,17147.0441446438,0.27783,0.4741632,0.16821017997818,0.0282946646482917,0.00475945063291139,4.75945063291139
0,2,1,NaN,1,Korsch,330,39,NaN,NaN,NaN,NaN,NaN,NaN,6,180,NaN,NaN,NaN,NaN,NaN,NaN,NaN,NaN,NaN,2.4083514,1824.28810560513,1826.69645700513,3653.39291401026,3530,13396.4135932008,1.77957,3.0371328,0.312390334245191,0.0975877209298224,0.0304854607594937,30.4854607594937
0,3,1,NaN,3,Korsch,340,31,NaN,NaN,NaN,NaN,NaN,NaN,6,120,NaN,NaN,NaN,NaN,NaN,NaN,NaN,NaN,NaN,1.2095146,1226.92358922368,1228.13310382368,3684.39931147105,3587,13994.2298949353,0.89373,1.5252992,0.248310265682075,0.0616579880431028,0.0153103113924051,15.3103113924051
0,2,1,NaN,2,TMA,320,55,NaN,NaN,NaN,NaN,NaN,NaN,6,180,NaN,NaN,NaN,NaN,NaN,NaN,NaN,NaN,NaN,6.754825,1969.56703826378,1976.32186326378,3952.64372652756,3103,11444.4326526254,4.99125,8.5184,0.440550471371424,0.194084717825584,0.0855041139240506,85.5041139240506
0,2,1,NaN,3,TMA,310,89,NaN,NaN,NaN,NaN,NaN,NaN,6,180,NaN,NaN,NaN,NaN,NaN,NaN,NaN,NaN,NaN,28.6217414,1978.45854516954,2007.08028656954,4014.16057313909,2379,8518.88364066339,21.14907,36.0944128,0.712890762764667,0.508213239635189,0.362300524050633,362.300524050633
0,2,1,NaN,3,Cassegrain,330,38,NaN,NaN,NaN,NaN,NaN,NaN,6,180,NaN,NaN,NaN,NaN,NaN,NaN,NaN,NaN,NaN,2.2278032,2005.09561389044,2007.32341709044,4014.64683418087,3623,13749.3502686024,1.64616,2.8094464,0.304380325674802,0.0926473826578985,0.0282000405063291,28.2000405063291
0,1,2,NaN,3,TMA,300,86,NaN,NaN,NaN,NaN,NaN,NaN,6,360,NaN,NaN,NaN,NaN,NaN,NaN,NaN,NaN,NaN,38.7358104,4071.55495608698,4110.29076648698,4110.29076648698,2697,9366.86404831331,19.08168,32.5660672,0.788548696840926,0.621809047289522,0.490326713924051,490.32671392405
0,1,2,NaN,3,Refractivo,340,21,NaN,NaN,NaN,NaN,NaN,NaN,6,360,NaN,NaN,NaN,NaN,NaN,NaN,NaN,NaN,NaN,0.5639949,4130.24706185548,4130.81105675548,4130.81105675548,4625,18043.856499603,0.27783,0.4741632,0.192552588763482,0.0370764994395186,0.00713917594936709,7.13917594936709
0,2,1,NaN,1,Cassegrain,320,54,NaN,NaN,NaN,NaN,NaN,NaN,6,180,NaN,NaN,NaN,NaN,NaN,NaN,NaN,NaN,NaN,6.3930384,2066.18525004831,2072.57828844831,4145.15657689663,3160,11654.6590983875,4.72392,8.0621568,0.432540462801034,0.187091251960133,0.0809245367088608,80.9245367088607
0,1,1,NaN,2,Cassegrain,330,32,NaN,NaN,NaN,NaN,NaN,NaN,6,360,NaN,NaN,NaN,NaN,NaN,NaN,NaN,NaN,NaN,1.3303808,4221.13028824078,4222.46066904078,4222.46066904078,4303,16329.9625188507,0.98304,1.6777216,0.256320274252465,0.0657000829928587,0.0168402632911392,16.8402632911392
0,1,2,NaN,1,Korsch,320,38,NaN,NaN,NaN,NaN,NaN,NaN,6,360,NaN,NaN,NaN,NaN,NaN,NaN,NaN,NaN,NaN,3.3417048,4273.83709284747,4277.17879764747,4277.17879764747,3923,14468.7429249918,1.64616,2.8094464,0.348428493952967,0.121402415398333,0.0423000607594937,42.3000607594937
0,1,2,NaN,2,TMA,310,53,NaN,NaN,NaN,NaN,NaN,NaN,6,360,NaN,NaN,NaN,NaN,NaN,NaN,NaN,NaN,NaN,9.0666093,4425.26643013962,4434.33303943962,4434.33303943962,3490,12497.2273669253,4.46631,7.6225024,0.485966057355454,0.236163008901605,0.114767206329114,114.767206329114
0,2,1,NaN,2,Korsch,340,27,NaN,NaN,NaN,NaN,NaN,NaN,6,180,NaN,NaN,NaN,NaN,NaN,NaN,NaN,NaN,NaN,0.7991298,2228.88556393071,2229.68469373072,4459.36938746143,4118,16065.8596898086,0.59049,1.0077696,0.216270231400517,0.0467728129900332,0.0101155670886076,10.1155670886076
0,2,2,NaN,2,Cassegrain,330,32,NaN,NaN,NaN,NaN,NaN,NaN,6,180,NaN,NaN,NaN,NaN,NaN,NaN,NaN,NaN,NaN,1.9955712,2311.03517416343,2313.03074536343,4626.06149072685,3759,14265.472718652,0.98304,1.6777216,0.293413468591972,0.0860914635511724,0.0252603949367089,25.2603949367089
0,2,1,NaN,2,Refractivo,350,20,NaN,NaN,NaN,NaN,NaN,NaN,6,180,NaN,NaN,NaN,NaN,NaN,NaN,NaN,NaN,NaN,0.3248,2333.44046725331,2333.76526725331,4667.53053450661,4493,18004.596714626,0.24,0.4096,0.16020017140779,0.0256640949190854,0.00411139240506329,4.11139240506329
0,1,2,NaN,1,Cassegrain,310,52,NaN,NaN,NaN,NaN,NaN,NaN,6,360,NaN,NaN,NaN,NaN,NaN,NaN,NaN,NaN,NaN,8.5630272,4699.66615802097,4708.22918522097,4708.22918522097,3557,12737.1454854307,4.21824,7.1991296,0.476796886461955,0.227335270939815,0.108392749367089,108.392749367089
0,1,2,NaN,3,Cassegrain,320,37,NaN,NaN,NaN,NaN,NaN,NaN,6,360,NaN,NaN,NaN,NaN,NaN,NaN,NaN,NaN,NaN,3.0847677,4775.03293551045,4778.11770321045,4778.11770321045,4029,14859.690350444,1.51959,2.5934336,0.339259323059468,0.115096888282769,0.0390476924050633,39.0476924050633
0,1,1,NaN,3,TMA,300,86,NaN,NaN,NaN,NaN,NaN,NaN,6,360,NaN,NaN,NaN,NaN,NaN,NaN,NaN,NaN,NaN,25.8238736,5282.87361096984,5308.69748456985,5308.69748456985,3087,10721.360518036,19.08168,32.5660672,0.688860737053499,0.47452911505389,0.326884475949367,326.884475949367
0,3,1,NaN,3,Refractivo,350,21,NaN,NaN,NaN,NaN,NaN,NaN,6,120,NaN,NaN,NaN,NaN,NaN,NaN,NaN,NaN,NaN,0.3759966,1777.54407485245,1777.92007145245,5333.76021435736,4279,17147.0441446438,0.27783,0.4741632,0.16821017997818,0.0282946646482917,0.00475945063291139,4.75945063291139
0,3,1,NaN,1,Korsch,330,39,NaN,NaN,NaN,NaN,NaN,NaN,6,120,NaN,NaN,NaN,NaN,NaN,NaN,NaN,NaN,NaN,2.4083514,1824.28810560513,1826.69645700513,5480.08937101539,3530,13396.4135932008,1.77957,3.0371328,0.312390334245191,0.0975877209298224,0.0304854607594937,30.4854607594937
0,1,2,NaN,2,Refractivo,340,20,NaN,NaN,NaN,NaN,NaN,NaN,6,360,NaN,NaN,NaN,NaN,NaN,NaN,NaN,NaN,NaN,0.4872,5549.06865548385,5549.55585548385,5549.55585548385,4857,18948.9753553668,0.24,0.4096,0.183383417869983,0.0336294779496767,0.00616708860759494,6.16708860759494
0,1,1,NaN,3,Korsch,330,30,NaN,NaN,NaN,NaN,NaN,NaN,6,360,NaN,NaN,NaN,NaN,NaN,NaN,NaN,NaN,NaN,1.0962,5907.28975029564,5908.38595029564,5908.38595029564,4589,17415.337671161,0.81,1.3824,0.240300257111686,0.0577442135679422,0.0138759493670886,13.8759493670886
0,3,1,NaN,2,TMA,320,55,NaN,NaN,NaN,NaN,NaN,NaN,6,120,NaN,NaN,NaN,NaN,NaN,NaN,NaN,NaN,NaN,6.754825,1969.56703826378,1976.32186326378,5928.96558979135,3103,11444.4326526254,4.99125,8.5184,0.440550471371424,0.194084717825584,0.0855041139240506,85.5041139240506
0,3,1,NaN,3,TMA,310,89,NaN,NaN,NaN,NaN,NaN,NaN,6,120,NaN,NaN,NaN,NaN,NaN,NaN,NaN,NaN,NaN,28.6217414,1978.45854516954,2007.08028656954,6021.24085970863,2379,8518.88364066339,21.14907,36.0944128,0.712890762764667,0.508213239635189,0.362300524050633,362.300524050633
0,3,1,NaN,3,Cassegrain,330,38,NaN,NaN,NaN,NaN,NaN,NaN,6,120,NaN,NaN,NaN,NaN,NaN,NaN,NaN,NaN,NaN,2.2278032,2005.09561389044,2007.32341709044,6021.97025127131,3623,13749.3502686024,1.64616,2.8094464,0.304380325674802,0.0926473826578985,0.0282000405063291,28.2000405063291
0,2,2,NaN,3,Korsch,330,30,NaN,NaN,NaN,NaN,NaN,NaN,6,180,NaN,NaN,NaN,NaN,NaN,NaN,NaN,NaN,NaN,1.6443,3026.27223028413,3027.91653028413,6055.83306056826,4009,15214.2272224198,0.81,1.3824,0.275075126804974,0.0756663253867726,0.0208139240506329,20.8139240506329
0,1,2,NaN,2,Korsch,330,26,NaN,NaN,NaN,NaN,NaN,NaN,6,360,NaN,NaN,NaN,NaN,NaN,NaN,NaN,NaN,NaN,1.0703784,6177.24504375261,6178.31542215261,6178.31542215261,4626,17555.7533377186,0.52728,0.8998912,0.238398443230978,0.0568338177349537,0.0135490936708861,13.5490936708861
0,3,1,NaN,1,Cassegrain,320,54,NaN,NaN,NaN,NaN,NaN,NaN,6,120,NaN,NaN,NaN,NaN,NaN,NaN,NaN,NaN,NaN,6.3930384,2066.18525004831,2072.57828844831,6217.73486534494,3160,11654.6590983875,4.72392,8.0621568,0.432540462801034,0.187091251960133,0.0809245367088608,80.9245367088607
0,2,1,NaN,1,Refractivo,340,25,NaN,NaN,NaN,NaN,NaN,NaN,6,180,NaN,NaN,NaN,NaN,NaN,NaN,NaN,NaN,NaN,0.634375,3310.33842944706,3310.97280444706,6621.94560889412,4447,17349.4118602669,0.46875,0.8,0.200250214259738,0.040100148311071,0.00803006329113924,8.03006329113924
0,3,1,NaN,2,Korsch,340,27,NaN,NaN,NaN,NaN,NaN,NaN,6,120,NaN,NaN,NaN,NaN,NaN,NaN,NaN,NaN,NaN,0.7991298,2228.88556393071,2229.68469373072,6689.05408119215,4118,16065.8596898086,0.59049,1.0077696,0.216270231400517,0.0467728129900332,0.0101155670886076,10.1155670886076
0,3,1,NaN,2,Refractivo,350,20,NaN,NaN,NaN,NaN,NaN,NaN,6,120,NaN,NaN,NaN,NaN,NaN,NaN,NaN,NaN,NaN,0.3248,2333.44046725331,2333.76526725331,7001.29580175992,4493,18004.596714626,0.24,0.4096,0.16020017140779,0.0256640949190854,0.00411139240506329,4.11139240506329
0,1,1,NaN,2,TMA,310,53,NaN,NaN,NaN,NaN,NaN,NaN,6,360,NaN,NaN,NaN,NaN,NaN,NaN,NaN,NaN,NaN,6.0444062,7138.32536613334,7144.36977233334,7144.36977233334,3995,14305.565424317,4.46631,7.6225024,0.424530454230645,0.180226106569277,0.0765114708860759,76.5114708860759
0,1,1,NaN,1,Cassegrain,310,52,NaN,NaN,NaN,NaN,NaN,NaN,6,360,NaN,NaN,NaN,NaN,NaN,NaN,NaN,NaN,NaN,5.7086848,7713.55094296585,7719.25962776585,7719.25962776585,4072,14581.2922172263,4.21824,7.1991296,0.416520445660255,0.173489281653018,0.0722618329113924,72.2618329113924
0,1,2,NaN,1,Refractivo,330,25,NaN,NaN,NaN,NaN,NaN,NaN,6,360,NaN,NaN,NaN,NaN,NaN,NaN,NaN,NaN,NaN,0.9515625,7735.43173379475,7736.38329629475,7736.38329629475,4811,18257.8316705068,0.46875,0.8,0.229229272337479,0.0525460592963699,0.0120450949367089,12.0450949367089
0,1,1,NaN,1,Korsch,320,38,NaN,NaN,NaN,NaN,NaN,NaN,6,360,NaN,NaN,NaN,NaN,NaN,NaN,NaN,NaN,NaN,2.2278032,7922.43415163479,7924.66195483479,7924.66195483479,4491,16563.6310160943,1.64616,2.8094464,0.304380325674802,0.0926473826578985,0.0282000405063291,28.2000405063291
0,2,2,NaN,3,TMA,300,86,NaN,NaN,NaN,NaN,NaN,NaN,6,180,NaN,NaN,NaN,NaN,NaN,NaN,NaN,NaN,NaN,38.7358104,4071.55495608698,4110.29076648698,8220.58153297396,2697,9366.86404831331,19.08168,32.5660672,0.788548696840926,0.621809047289522,0.490326713924051,490.32671392405
0,2,2,NaN,3,Refractivo,340,21,NaN,NaN,NaN,NaN,NaN,NaN,6,180,NaN,NaN,NaN,NaN,NaN,NaN,NaN,NaN,NaN,0.5639949,4130.24706185548,4130.81105675548,8261.62211351096,4625,18043.856499603,0.27783,0.4741632,0.192552588763482,0.0370764994395186,0.00713917594936709,7.13917594936709
0,2,1,NaN,2,Cassegrain,330,32,NaN,NaN,NaN,NaN,NaN,NaN,6,180,NaN,NaN,NaN,NaN,NaN,NaN,NaN,NaN,NaN,1.3303808,4221.13028824078,4222.46066904078,8444.92133808157,4303,16329.9625188507,0.98304,1.6777216,0.256320274252465,0.0657000829928587,0.0168402632911392,16.8402632911392
0,2,2,NaN,1,Korsch,320,38,NaN,NaN,NaN,NaN,NaN,NaN,6,180,NaN,NaN,NaN,NaN,NaN,NaN,NaN,NaN,NaN,3.3417048,4273.83709284747,4277.17879764747,8554.35759529495,3923,14468.7429249918,1.64616,2.8094464,0.348428493952967,0.121402415398333,0.0423000607594937,42.3000607594937
0,2,2,NaN,2,TMA,310,53,NaN,NaN,NaN,NaN,NaN,NaN,6,180,NaN,NaN,NaN,NaN,NaN,NaN,NaN,NaN,NaN,9.0666093,4425.26643013962,4434.33303943962,8868.66607887923,3490,12497.2273669253,4.46631,7.6225024,0.485966057355454,0.236163008901605,0.114767206329114,114.767206329114
0,1,1,NaN,3,Cassegrain,320,37,NaN,NaN,NaN,NaN,NaN,NaN,6,360,NaN,NaN,NaN,NaN,NaN,NaN,NaN,NaN,NaN,2.0565118,9092.8701988684,9094.9267106684,9094.9267106684,4612,17009.9011904313,1.51959,2.5934336,0.296370317104412,0.0878353648605699,0.0260317949367089,26.0317949367089
0,2,2,NaN,1,Cassegrain,310,52,NaN,NaN,NaN,NaN,NaN,NaN,6,180,NaN,NaN,NaN,NaN,NaN,NaN,NaN,NaN,NaN,8.5630272,4699.66615802097,4708.22918522097,9416.45837044194,3557,12737.1454854307,4.21824,7.1991296,0.476796886461955,0.227335270939815,0.108392749367089,108.392749367089
0,2,2,NaN,3,Cassegrain,320,37,NaN,NaN,NaN,NaN,NaN,NaN,6,180,NaN,NaN,NaN,NaN,NaN,NaN,NaN,NaN,NaN,3.0847677,4775.03293551045,4778.11770321045,9556.23540642089,4029,14859.690350444,1.51959,2.5934336,0.339259323059468,0.115096888282769,0.0390476924050633,39.0476924050633
0,1,1,NaN,3,Refractivo,340,21,NaN,NaN,NaN,NaN,NaN,NaN,6,360,NaN,NaN,NaN,NaN,NaN,NaN,NaN,NaN,NaN,0.3759966,9858.3504359178,9858.7264325178,9858.7264325178,5295,20657.7773330589,0.27783,0.4741632,0.16821017997818,0.0282946646482917,0.00475945063291139,4.75945063291139
0,3,1,NaN,1,Refractivo,340,25,NaN,NaN,NaN,NaN,NaN,NaN,6,120,NaN,NaN,NaN,NaN,NaN,NaN,NaN,NaN,NaN,0.634375,3310.33842944706,3310.97280444706,9932.91841334118,4447,17349.4118602669,0.46875,0.8,0.200250214259738,0.040100148311071,0.00803006329113924,8.03006329113924
0,2,1,NaN,3,TMA,300,86,NaN,NaN,NaN,NaN,NaN,NaN,6,180,NaN,NaN,NaN,NaN,NaN,NaN,NaN,NaN,NaN,25.8238736,5282.87361096984,5308.69748456985,10617.3949691397,3087,10721.360518036,19.08168,32.5660672,0.688860737053499,0.47452911505389,0.326884475949367,326.884475949367
0,2,2,NaN,2,Refractivo,340,20,NaN,NaN,NaN,NaN,NaN,NaN,6,180,NaN,NaN,NaN,NaN,NaN,NaN,NaN,NaN,NaN,0.4872,5549.06865548385,5549.55585548385,11099.1117109677,4857,18948.9753553668,0.24,0.4096,0.183383417869983,0.0336294779496767,0.00616708860759494,6.16708860759494
0,1,2,NaN,2,Cassegrain,320,31,NaN,NaN,NaN,NaN,NaN,NaN,6,360,NaN,NaN,NaN,NaN,NaN,NaN,NaN,NaN,NaN,1.8142719,11435.6330761516,11437.4473480516,11437.4473480516,4809,17736.473292451,0.89373,1.5252992,0.284244297698473,0.0807948207740983,0.0229654670886076,22.9654670886076
0,2,1,NaN,3,Korsch,330,30,NaN,NaN,NaN,NaN,NaN,NaN,6,180,NaN,NaN,NaN,NaN,NaN,NaN,NaN,NaN,NaN,1.0962,5907.28975029564,5908.38595029564,11816.7719005913,4589,17415.337671161,0.81,1.3824,0.240300257111686,0.0577442135679422,0.0138759493670886,13.8759493670886
0,2,2,NaN,2,Korsch,330,26,NaN,NaN,NaN,NaN,NaN,NaN,6,180,NaN,NaN,NaN,NaN,NaN,NaN,NaN,NaN,NaN,1.0703784,6177.24504375261,6178.31542215261,12356.6308443052,4626,17555.7533377186,0.52728,0.8998912,0.238398443230978,0.0568338177349537,0.0135490936708861,13.5490936708861
0,3,1,NaN,2,Cassegrain,330,32,NaN,NaN,NaN,NaN,NaN,NaN,6,120,NaN,NaN,NaN,NaN,NaN,NaN,NaN,NaN,NaN,1.3303808,4221.13028824078,4222.46066904078,12667.3820071224,4303,16329.9625188507,0.98304,1.6777216,0.256320274252465,0.0657000829928587,0.0168402632911392,16.8402632911392
0,1,2,NaN,3,TMA,290,84,NaN,NaN,NaN,NaN,NaN,NaN,6,360,NaN,NaN,NaN,NaN,NaN,NaN,NaN,NaN,NaN,36.0956736,13402.8831657199,13438.9788393199,13438.9788393199,3548,11938.2459833717,17.78112,30.3464448,0.770210355053928,0.593223991032297,0.456907260759494,456.907260759494
0,1,1,NaN,2,Refractivo,340,20,NaN,NaN,NaN,NaN,NaN,NaN,6,360,NaN,NaN,NaN,NaN,NaN,NaN,NaN,NaN,NaN,0.3248,14076.2132837384,14076.5380837384,14076.5380837384,5559,21687.7401689282,0.24,0.4096,0.16020017140779,0.0256640949190854,0.00411139240506329,4.11139240506329
0,1,1,NaN,2,Korsch,330,26,NaN,NaN,NaN,NaN,NaN,NaN,6,360,NaN,NaN,NaN,NaN,NaN,NaN,NaN,NaN,NaN,0.7135856,14240.8402949642,14241.5538805642,14241.5538805642,5296,20098.4154078162,0.52728,0.8998912,0.208260222830128,0.0433723204132544,0.00903272911392405,9.03272911392405
0,2,1,NaN,2,TMA,310,53,NaN,NaN,NaN,NaN,NaN,NaN,6,180,NaN,NaN,NaN,NaN,NaN,NaN,NaN,NaN,NaN,6.0444062,7138.32536613334,7144.36977233334,14288.7395446667,3995,14305.565424317,4.46631,7.6225024,0.424530454230645,0.180226106569277,0.0765114708860759,76.5114708860759
0,2,1,NaN,1,Cassegrain,310,52,NaN,NaN,NaN,NaN,NaN,NaN,6,180,NaN,NaN,NaN,NaN,NaN,NaN,NaN,NaN,NaN,5.7086848,7713.55094296585,7719.25962776585,15438.5192555317,4072,14581.2922172263,4.21824,7.1991296,0.416520445660255,0.173489281653018,0.0722618329113924,72.2618329113924
0,2,2,NaN,1,Refractivo,330,25,NaN,NaN,NaN,NaN,NaN,NaN,6,180,NaN,NaN,NaN,NaN,NaN,NaN,NaN,NaN,NaN,0.9515625,7735.43173379475,7736.38329629475,15472.7665925895,4811,18257.8316705068,0.46875,0.8,0.229229272337479,0.0525460592963699,0.0120450949367089,12.0450949367089
0,2,1,NaN,1,Korsch,320,38,NaN,NaN,NaN,NaN,NaN,NaN,6,180,NaN,NaN,NaN,NaN,NaN,NaN,NaN,NaN,NaN,2.2278032,7922.43415163479,7924.66195483479,15849.3239096696,4491,16563.6310160943,1.64616,2.8094464,0.304380325674802,0.0926473826578985,0.0282000405063291,28.2000405063291
0,3,1,NaN,3,TMA,300,86,NaN,NaN,NaN,NaN,NaN,NaN,6,120,NaN,NaN,NaN,NaN,NaN,NaN,NaN,NaN,NaN,25.8238736,5282.87361096984,5308.69748456985,15926.0924537095,3087,10721.360518036,19.08168,32.5660672,0.688860737053499,0.47452911505389,0.326884475949367,326.884475949367
0,1,2,NaN,3,Korsch,320,29,NaN,NaN,NaN,NaN,NaN,NaN,6,360,NaN,NaN,NaN,NaN,NaN,NaN,NaN,NaN,NaN,1.4852901,17016.1664588877,17017.6517489877,17017.6517489877,5141,18960.9501344335,0.73167,1.2487168,0.265905955911475,0.0707059773891953,0.0188011405063291,18.8011405063291
0,3,1,NaN,3,Korsch,330,30,NaN,NaN,NaN,NaN,NaN,NaN,6,120,NaN,NaN,NaN,NaN,NaN,NaN,NaN,NaN,NaN,1.0962,5907.28975029564,5908.38595029564,17725.1578508869,4589,17415.337671161,0.81,1.3824,0.240300257111686,0.0577442135679422,0.0138759493670886,13.8759493670886
0,1,2,NaN,2,TMA,300,52,NaN,NaN,NaN,NaN,NaN,NaN,6,360,NaN,NaN,NaN,NaN,NaN,NaN,NaN,NaN,NaN,8.5630272,18060.6257472541,18069.1887744541,18069.1887744541,4461,15493.3557729053,4.21824,7.1991296,0.476796886461955,0.227335270939815,0.108392749367089,108.392749367089
0,2,1,NaN,3,Cassegrain,320,37,NaN,NaN,NaN,NaN,NaN,NaN,6,180,NaN,NaN,NaN,NaN,NaN,NaN,NaN,NaN,NaN,2.0565118,9092.8701988684,9094.9267106684,18189.8534213368,4612,17009.9011904313,1.51959,2.5934336,0.296370317104412,0.0878353648605699,0.0260317949367089,26.0317949367089
0,1,1,NaN,1,Refractivo,330,25,NaN,NaN,NaN,NaN,NaN,NaN,6,360,NaN,NaN,NaN,NaN,NaN,NaN,NaN,NaN,NaN,0.634375,18711.8485868539,18712.4829618539,18712.4829618539,5507,20899.1642089962,0.46875,0.8,0.200250214259738,0.040100148311071,0.00803006329113924,8.03006329113924
0,2,1,NaN,3,Refractivo,340,21,NaN,NaN,NaN,NaN,NaN,NaN,6,180,NaN,NaN,NaN,NaN,NaN,NaN,NaN,NaN,NaN,0.3759966,9858.3504359178,9858.7264325178,19717.4528650356,5295,20657.7773330589,0.27783,0.4741632,0.16821017997818,0.0282946646482917,0.00475945063291139,4.75945063291139
0,1,2,NaN,1,Cassegrain,300,51,NaN,NaN,NaN,NaN,NaN,NaN,6,360,NaN,NaN,NaN,NaN,NaN,NaN,NaN,NaN,NaN,8.0784459,19746.4658504841,19754.5442963841,19754.5442963841,4548,15795.5126776896,3.97953,6.7917312,0.467627715568456,0.218675680367773,0.102258808860759,102.258808860759
0,1,1,NaN,3,TMA,290,84,NaN,NaN,NaN,NaN,NaN,NaN,6,360,NaN,NaN,NaN,NaN,NaN,NaN,NaN,NaN,NaN,24.0637824,20777.5747849065,20801.6385673065,20801.6385673065,4061,13664.379069468,17.78112,30.3464448,0.67284071991272,0.452714634372667,0.304604840506329,304.604840506329
0,3,1,NaN,2,TMA,310,53,NaN,NaN,NaN,NaN,NaN,NaN,6,120,NaN,NaN,NaN,NaN,NaN,NaN,NaN,NaN,NaN,6.0444062,7138.32536613334,7144.36977233334,21433.109317,3995,14305.565424317,4.46631,7.6225024,0.424530454230645,0.180226106569277,0.0765114708860759,76.5114708860759
0,2,2,NaN,2,Cassegrain,320,31,NaN,NaN,NaN,NaN,NaN,NaN,6,180,NaN,NaN,NaN,NaN,NaN,NaN,NaN,NaN,NaN,1.8142719,11435.6330761516,11437.4473480516,22874.8946961033,4809,17736.473292451,0.89373,1.5252992,0.284244297698473,0.0807948207740983,0.0229654670886076,22.9654670886076
0,3,1,NaN,1,Cassegrain,310,52,NaN,NaN,NaN,NaN,NaN,NaN,6,120,NaN,NaN,NaN,NaN,NaN,NaN,NaN,NaN,NaN,5.7086848,7713.55094296585,7719.25962776585,23157.7788832976,4072,14581.2922172263,4.21824,7.1991296,0.416520445660255,0.173489281653018,0.0722618329113924,72.2618329113924
0,3,1,NaN,1,Korsch,320,38,NaN,NaN,NaN,NaN,NaN,NaN,6,120,NaN,NaN,NaN,NaN,NaN,NaN,NaN,NaN,NaN,2.2278032,7922.43415163479,7924.66195483479,23773.9858645044,4491,16563.6310160943,1.64616,2.8094464,0.304380325674802,0.0926473826578985,0.0282000405063291,28.2000405063291
0,1,2,NaN,1,Korsch,310,36,NaN,NaN,NaN,NaN,NaN,NaN,6,360,NaN,NaN,NaN,NaN,NaN,NaN,NaN,NaN,NaN,2.8413504,24738.9898286988,24741.8311790988,24741.8311790988,5138,18398.4969086711,1.39968,2.3887872,0.330090152165969,0.108959508556953,0.0359664607594937,35.9664607594937
0,1,2,NaN,3,Cassegrain,310,36,NaN,NaN,NaN,NaN,NaN,NaN,6,360,NaN,NaN,NaN,NaN,NaN,NaN,NaN,NaN,NaN,2.8413504,24738.9898286988,24741.8311790988,24741.8311790988,5138,18398.4969086711,1.39968,2.3887872,0.330090152165969,0.108959508556953,0.0359664607594937,35.9664607594937
0,1,1,NaN,2,Cassegrain,320,31,NaN,NaN,NaN,NaN,NaN,NaN,6,360,NaN,NaN,NaN,NaN,NaN,NaN,NaN,NaN,NaN,1.2095146,26677.6859427974,26678.8954573974,26678.8954573974,5505,20303.4488407035,0.89373,1.5252992,0.248310265682075,0.0616579880431028,0.0153103113924051,15.3103113924051
0,2,2,NaN,3,TMA,290,84,NaN,NaN,NaN,NaN,NaN,NaN,6,180,NaN,NaN,NaN,NaN,NaN,NaN,NaN,NaN,NaN,36.0956736,13402.8831657199,13438.9788393199,26877.9576786399,3548,11938.2459833717,17.78112,30.3464448,0.770210355053928,0.593223991032297,0.456907260759494,456.907260759494
0,3,1,NaN,3,Cassegrain,320,37,NaN,NaN,NaN,NaN,NaN,NaN,6,120,NaN,NaN,NaN,NaN,NaN,NaN,NaN,NaN,NaN,2.0565118,9092.8701988684,9094.9267106684,27284.7801320052,4612,17009.9011904313,1.51959,2.5934336,0.296370317104412,0.0878353648605699,0.0260317949367089,26.0317949367089
0,2,1,NaN,2,Refractivo,340,20,NaN,NaN,NaN,NaN,NaN,NaN,6,180,NaN,NaN,NaN,NaN,NaN,NaN,NaN,NaN,NaN,0.3248,14076.2132837384,14076.5380837384,28153.0761674768,5559,21687.7401689282,0.24,0.4096,0.16020017140779,0.0256640949190854,0.00411139240506329,4.11139240506329
0,2,1,NaN,2,Korsch,330,26,NaN,NaN,NaN,NaN,NaN,NaN,6,180,NaN,NaN,NaN,NaN,NaN,NaN,NaN,NaN,NaN,0.7135856,14240.8402949642,14241.5538805642,28483.1077611284,5296,20098.4154078162,0.52728,0.8998912,0.208260222830128,0.0433723204132544,0.00903272911392405,9.03272911392405
0,3,1,NaN,3,Refractivo,340,21,NaN,NaN,NaN,NaN,NaN,NaN,6,120,NaN,NaN,NaN,NaN,NaN,NaN,NaN,NaN,NaN,0.3759966,9858.3504359178,9858.7264325178,29576.1792975534,5295,20657.7773330589,0.27783,0.4741632,0.16821017997818,0.0282946646482917,0.00475945063291139,4.75945063291139
0,2,2,NaN,3,Korsch,320,29,NaN,NaN,NaN,NaN,NaN,NaN,6,180,NaN,NaN,NaN,NaN,NaN,NaN,NaN,NaN,NaN,1.4852901,17016.1664588877,17017.6517489877,34035.3034979754,5141,18960.9501344335,0.73167,1.2487168,0.265905955911475,0.0707059773891953,0.0188011405063291,18.8011405063291
0,1,1,NaN,2,TMA,300,52,NaN,NaN,NaN,NaN,NaN,NaN,6,360,NaN,NaN,NaN,NaN,NaN,NaN,NaN,NaN,NaN,5.7086848,35930.2713564385,35935.9800412386,35935.9800412386,5106,17733.4845497545,4.21824,7.1991296,0.416520445660255,0.173489281653018,0.0722618329113924,72.2618329113924
0,2,2,NaN,2,TMA,300,52,NaN,NaN,NaN,NaN,NaN,NaN,6,180,NaN,NaN,NaN,NaN,NaN,NaN,NaN,NaN,NaN,8.5630272,18060.6257472541,18069.1887744541,36138.3775489082,4461,15493.3557729053,4.21824,7.1991296,0.476796886461955,0.227335270939815,0.108392749367089,108.392749367089
0,1,2,NaN,2,Refractivo,330,20,NaN,NaN,NaN,NaN,NaN,NaN,6,360,NaN,NaN,NaN,NaN,NaN,NaN,NaN,NaN,NaN,0.4872,36743.9897212765,36744.4769212765,36744.4769212765,6014,22823.2383426372,0.24,0.4096,0.183383417869983,0.0336294779496767,0.00616708860759494,6.16708860759494
0,1,2,NaN,3,Refractivo,330,20,NaN,NaN,NaN,NaN,NaN,NaN,6,360,NaN,NaN,NaN,NaN,NaN,NaN,NaN,NaN,NaN,0.4872,36743.9897212765,36744.4769212765,36744.4769212765,6014,22823.2383426372,0.24,0.4096,0.183383417869983,0.0336294779496767,0.00616708860759494,6.16708860759494
0,2,1,NaN,1,Refractivo,330,25,NaN,NaN,NaN,NaN,NaN,NaN,6,180,NaN,NaN,NaN,NaN,NaN,NaN,NaN,NaN,NaN,0.634375,18711.8485868539,18712.4829618539,37424.9659237078,5507,20899.1642089962,0.46875,0.8,0.200250214259738,0.040100148311071,0.00803006329113924,8.03006329113924
0,2,2,NaN,1,Cassegrain,300,51,NaN,NaN,NaN,NaN,NaN,NaN,6,180,NaN,NaN,NaN,NaN,NaN,NaN,NaN,NaN,NaN,8.0784459,19746.4658504841,19754.5442963841,39509.0885927682,4548,15795.5126776896,3.97953,6.7917312,0.467627715568456,0.218675680367773,0.102258808860759,102.258808860759
0,1,1,NaN,1,Cassegrain,300,51,NaN,NaN,NaN,NaN,NaN,NaN,6,360,NaN,NaN,NaN,NaN,NaN,NaN,NaN,NaN,NaN,5.3856306,40157.3298413116,40162.7154719116,40162.7154719116,5206,18080.7913368629,3.97953,6.7917312,0.408510437089866,0.166880777211353,0.0681725392405063,68.1725392405063
0,2,1,NaN,3,TMA,290,84,NaN,NaN,NaN,NaN,NaN,NaN,6,180,NaN,NaN,NaN,NaN,NaN,NaN,NaN,NaN,NaN,24.0637824,20777.5747849065,20801.6385673065,41603.2771346129,4061,13664.379069468,17.78112,30.3464448,0.67284071991272,0.452714634372667,0.304604840506329,304.604840506329
0,3,1,NaN,2,Refractivo,340,20,NaN,NaN,NaN,NaN,NaN,NaN,6,120,NaN,NaN,NaN,NaN,NaN,NaN,NaN,NaN,NaN,0.3248,14076.2132837384,14076.5380837384,42229.6142512152,5559,21687.7401689282,0.24,0.4096,0.16020017140779,0.0256640949190854,0.00411139240506329,4.11139240506329
0,3,1,NaN,2,Korsch,330,26,NaN,NaN,NaN,NaN,NaN,NaN,6,120,NaN,NaN,NaN,NaN,NaN,NaN,NaN,NaN,NaN,0.7135856,14240.8402949642,14241.5538805642,42724.6616416927,5296,20098.4154078162,0.52728,0.8998912,0.208260222830128,0.0433723204132544,0.00903272911392405,9.03272911392405
0,1,1,NaN,3,Korsch,320,29,NaN,NaN,NaN,NaN,NaN,NaN,6,360,NaN,NaN,NaN,NaN,NaN,NaN,NaN,NaN,NaN,0.9901934,43275.1302017304,43276.1203951304,43276.1203951304,5885,21704.9584791171,0.73167,1.2487168,0.232290248541296,0.0539587595673771,0.0125340936708861,12.5340936708861
0,1,2,NaN,2,Korsch,320,25,NaN,NaN,NaN,NaN,NaN,NaN,6,360,NaN,NaN,NaN,NaN,NaN,NaN,NaN,NaN,NaN,0.9515625,47853.5572022931,47854.5087647931,47854.5087647931,5963,21992.6367733178,0.46875,0.8,0.229229272337479,0.0525460592963699,0.0120450949367089,12.0450949367089
0,2,2,NaN,1,Korsch,310,36,NaN,NaN,NaN,NaN,NaN,NaN,6,180,NaN,NaN,NaN,NaN,NaN,NaN,NaN,NaN,NaN,2.8413504,24738.9898286988,24741.8311790988,49483.6623581976,5138,18398.4969086711,1.39968,2.3887872,0.330090152165969,0.108959508556953,0.0359664607594937,35.9664607594937
0,2,2,NaN,3,Cassegrain,310,36,NaN,NaN,NaN,NaN,NaN,NaN,6,180,NaN,NaN,NaN,NaN,NaN,NaN,NaN,NaN,NaN,2.8413504,24738.9898286988,24741.8311790988,49483.6623581976,5138,18398.4969086711,1.39968,2.3887872,0.330090152165969,0.108959508556953,0.0359664607594937,35.9664607594937
0,2,1,NaN,2,Cassegrain,320,31,NaN,NaN,NaN,NaN,NaN,NaN,6,180,NaN,NaN,NaN,NaN,NaN,NaN,NaN,NaN,NaN,1.2095146,26677.6859427974,26678.8954573974,53357.7909147949,5505,20303.4488407035,0.89373,1.5252992,0.248310265682075,0.0616579880431028,0.0153103113924051,15.3103113924051
0,3,1,NaN,1,Refractivo,330,25,NaN,NaN,NaN,NaN,NaN,NaN,6,120,NaN,NaN,NaN,NaN,NaN,NaN,NaN,NaN,NaN,0.634375,18711.8485868539,18712.4829618539,56137.4488855616,5507,20899.1642089962,0.46875,0.8,0.200250214259738,0.040100148311071,0.00803006329113924,8.03006329113924
0,1,1,NaN,1,Korsch,310,36,NaN,NaN,NaN,NaN,NaN,NaN,6,360,NaN,NaN,NaN,NaN,NaN,NaN,NaN,NaN,NaN,1.8942336,60407.4886745857,60409.3829081857,60409.3829081857,5881,21059.0814168732,1.39968,2.3887872,0.288360308534023,0.0831516675378368,0.0239776405063291,23.9776405063291
0,1,1,NaN,3,Cassegrain,310,36,NaN,NaN,NaN,NaN,NaN,NaN,6,360,NaN,NaN,NaN,NaN,NaN,NaN,NaN,NaN,NaN,1.8942336,60407.4886745857,60409.3829081857,60409.3829081857,5881,21059.0814168732,1.39968,2.3887872,0.288360308534023,0.0831516675378368,0.0239776405063291,23.9776405063291
0,3,1,NaN,3,TMA,290,84,NaN,NaN,NaN,NaN,NaN,NaN,6,120,NaN,NaN,NaN,NaN,NaN,NaN,NaN,NaN,NaN,24.0637824,20777.5747849065,20801.6385673065,62404.9157019194,4061,13664.379069468,17.78112,30.3464448,0.67284071991272,0.452714634372667,0.304604840506329,304.604840506329
0,1,2,NaN,3,TMA,280,81,NaN,NaN,NaN,NaN,NaN,NaN,6,360,NaN,NaN,NaN,NaN,NaN,NaN,NaN,NaN,NaN,32.3647569,65457.5309451123,65489.8957020123,65489.8957020123,4732,15407.4233928506,15.94323,27.2097792,0.74270284237343,0.551607512069572,0.409680467088608,409.680467088608
0,1,2,NaN,1,Refractivo,320,24,NaN,NaN,NaN,NaN,NaN,NaN,6,360,NaN,NaN,NaN,NaN,NaN,NaN,NaN,NaN,NaN,0.8418816,66271.2620903886,66272.1039719886,66272.1039719886,6212,22910.9944048047,0.41472,0.7077888,0.220060101443979,0.0484264482475345,0.010656729113924,10.656729113924
0,2,1,NaN,2,TMA,300,52,NaN,NaN,NaN,NaN,NaN,NaN,6,180,NaN,NaN,NaN,NaN,NaN,NaN,NaN,NaN,NaN,5.7086848,35930.2713564385,35935.9800412386,71871.9600824771,5106,17733.4845497545,4.21824,7.1991296,0.416520445660255,0.173489281653018,0.0722618329113924,72.2618329113924
0,2,2,NaN,2,Refractivo,330,20,NaN,NaN,NaN,NaN,NaN,NaN,6,180,NaN,NaN,NaN,NaN,NaN,NaN,NaN,NaN,NaN,0.4872,36743.9897212765,36744.4769212765,73488.953842553,6014,22823.2383426372,0.24,0.4096,0.183383417869983,0.0336294779496767,0.00616708860759494,6.16708860759494
0,2,2,NaN,3,Refractivo,330,20,NaN,NaN,NaN,NaN,NaN,NaN,6,180,NaN,NaN,NaN,NaN,NaN,NaN,NaN,NaN,NaN,0.4872,36743.9897212765,36744.4769212765,73488.953842553,6014,22823.2383426372,0.24,0.4096,0.183383417869983,0.0336294779496767,0.00616708860759494,6.16708860759494
0,3,1,NaN,2,Cassegrain,320,31,NaN,NaN,NaN,NaN,NaN,NaN,6,120,NaN,NaN,NaN,NaN,NaN,NaN,NaN,NaN,NaN,1.2095146,26677.6859427974,26678.8954573974,80036.6863721923,5505,20303.4488407035,0.89373,1.5252992,0.248310265682075,0.0616579880431028,0.0153103113924051,15.3103113924051
0,2,1,NaN,1,Cassegrain,300,51,NaN,NaN,NaN,NaN,NaN,NaN,6,180,NaN,NaN,NaN,NaN,NaN,NaN,NaN,NaN,NaN,5.3856306,40157.3298413116,40162.7154719116,80325.4309438233,5206,18080.7913368629,3.97953,6.7917312,0.408510437089866,0.166880777211353,0.0681725392405063,68.1725392405063
0,1,2,NaN,2,Cassegrain,310,30,NaN,NaN,NaN,NaN,NaN,NaN,6,360,NaN,NaN,NaN,NaN,NaN,NaN,NaN,NaN,NaN,1.6443,86125.6633784412,86127.3076784412,86127.3076784412,6165,22076.0477699411,0.81,1.3824,0.275075126804974,0.0756663253867726,0.0208139240506329,20.8139240506329
0,2,1,NaN,3,Korsch,320,29,NaN,NaN,NaN,NaN,NaN,NaN,6,180,NaN,NaN,NaN,NaN,NaN,NaN,NaN,NaN,NaN,0.9901934,43275.1302017304,43276.1203951304,86552.2407902607,5885,21704.9584791171,0.73167,1.2487168,0.232290248541296,0.0539587595673771,0.0125340936708861,12.5340936708861
0,2,2,NaN,2,Korsch,320,25,NaN,NaN,NaN,NaN,NaN,NaN,6,180,NaN,NaN,NaN,NaN,NaN,NaN,NaN,NaN,NaN,0.9515625,47853.5572022931,47854.5087647931,95709.0175295862,5963,21992.6367733178,0.46875,0.8,0.229229272337479,0.0525460592963699,0.0120450949367089,12.0450949367089
0,3,1,NaN,2,TMA,300,52,NaN,NaN,NaN,NaN,NaN,NaN,6,120,NaN,NaN,NaN,NaN,NaN,NaN,NaN,NaN,NaN,5.7086848,35930.2713564385,35935.9800412386,107807.940123716,5106,17733.4845497545,4.21824,7.1991296,0.416520445660255,0.173489281653018,0.0722618329113924,72.2618329113924
0,3,1,NaN,1,Cassegrain,300,51,NaN,NaN,NaN,NaN,NaN,NaN,6,120,NaN,NaN,NaN,NaN,NaN,NaN,NaN,NaN,NaN,5.3856306,40157.3298413116,40162.7154719116,120488.146415735,5206,18080.7913368629,3.97953,6.7917312,0.408510437089866,0.166880777211353,0.0681725392405063,68.1725392405063
0,2,1,NaN,1,Korsch,310,36,NaN,NaN,NaN,NaN,NaN,NaN,6,180,NaN,NaN,NaN,NaN,NaN,NaN,NaN,NaN,NaN,1.8942336,60407.4886745857,60409.3829081857,120818.765816371,5881,21059.0814168732,1.39968,2.3887872,0.288360308534023,0.0831516675378368,0.0239776405063291,23.9776405063291
0,2,1,NaN,3,Cassegrain,310,36,NaN,NaN,NaN,NaN,NaN,NaN,6,180,NaN,NaN,NaN,NaN,NaN,NaN,NaN,NaN,NaN,1.8942336,60407.4886745857,60409.3829081857,120818.765816371,5881,21059.0814168732,1.39968,2.3887872,0.288360308534023,0.0831516675378368,0.0239776405063291,23.9776405063291
0,3,1,NaN,3,Korsch,320,29,NaN,NaN,NaN,NaN,NaN,NaN,6,120,NaN,NaN,NaN,NaN,NaN,NaN,NaN,NaN,NaN,0.9901934,43275.1302017304,43276.1203951304,129828.361185391,5885,21704.9584791171,0.73167,1.2487168,0.232290248541296,0.0539587595673771,0.0125340936708861,12.5340936708861
0,2,2,NaN,3,TMA,280,81,NaN,NaN,NaN,NaN,NaN,NaN,6,180,NaN,NaN,NaN,NaN,NaN,NaN,NaN,NaN,NaN,32.3647569,65457.5309451123,65489.8957020123,130979.791404025,4732,15407.4233928506,15.94323,27.2097792,0.74270284237343,0.551607512069572,0.409680467088608,409.680467088608
0,2,2,NaN,1,Refractivo,320,24,NaN,NaN,NaN,NaN,NaN,NaN,6,180,NaN,NaN,NaN,NaN,NaN,NaN,NaN,NaN,NaN,0.8418816,66271.2620903886,66272.1039719886,132544.207943977,6212,22910.9944048047,0.41472,0.7077888,0.220060101443979,0.0484264482475345,0.010656729113924,10.656729113924
0,2,2,NaN,2,Cassegrain,310,30,NaN,NaN,NaN,NaN,NaN,NaN,6,180,NaN,NaN,NaN,NaN,NaN,NaN,NaN,NaN,NaN,1.6443,86125.6633784412,86127.3076784412,172254.615356882,6165,22076.0477699411,0.81,1.3824,0.275075126804974,0.0756663253867726,0.0208139240506329,20.8139240506329
0,3,1,NaN,1,Korsch,310,36,NaN,NaN,NaN,NaN,NaN,NaN,6,120,NaN,NaN,NaN,NaN,NaN,NaN,NaN,NaN,NaN,1.8942336,60407.4886745857,60409.3829081857,181228.148724557,5881,21059.0814168732,1.39968,2.3887872,0.288360308534023,0.0831516675378368,0.0239776405063291,23.9776405063291
0,3,1,NaN,3,Cassegrain,310,36,NaN,NaN,NaN,NaN,NaN,NaN,6,120,NaN,NaN,NaN,NaN,NaN,NaN,NaN,NaN,NaN,1.8942336,60407.4886745857,60409.3829081857,181228.148724557,5881,21059.0814168732,1.39968,2.3887872,0.288360308534023,0.0831516675378368,0.0239776405063291,23.9776405063291
