Row,Diam_20,Diam_21,Diam_22,Diam_23,Diam_24,Diam_25,Diam_26,Diam_27,Diam_28,Diam_29,Diam_30,Diam_31,Diam_32,Diam_33,Diam_34,Diam_35,Diam_36,Diam_37,Diam_38,Diam_39,Diam_40,Diam_41,Diam_42,Diam_43,Diam_44,Diam_45,Diam_46,Diam_47,Diam_48,Diam_49,Diam_50,Diam_51,Diam_52,Diam_53,Diam_54,Diam_55,Diam_56,Diam_57,Diam_58,Diam_59,Diam_60,Diam_61,Diam_62,Diam_63,Diam_64,Diam_65,Diam_66,Diam_67,Diam_68,Diam_69,Diam_70,Diam_71,Diam_72,Diam_73,Diam_74,Diam_75,Diam_76,Diam_77,Diam_78,Diam_79,Diam_80,Diam_81,Diam_82,Diam_83,Diam_84,Diam_85,Diam_86,Diam_87,Diam_88,Diam_89,Diam_90,Diam_91,Diam_92,Diam_93,Diam_94,Diam_95,Diam_96,Diam_97,Diam_98,Diam_99,Diam_100,Diam_101,Diam_102,Diam_103,Diam_104,Diam_105,Diam_106,Diam_107,Diam_108,Diam_109,Diam_110,Diam_111,Diam_112,Diam_113,Diam_114,Diam_115,Diam_116,Diam_117,Diam_118,Diam_119,Diam_120,Diam_121,Diam_122,Diam_123,Diam_124,Diam_125,Diam_126,Diam_127,Diam_128,Diam_129,Diam_130,Diam_131,Diam_132,Diam_133,Diam_134,Diam_135,Diam_136,Diam_137,Diam_138,Diam_139,Diam_140,Diam_141,Diam_142,Diam_143,Diam_144,Diam_145,Diam_146,Diam_147,Diam_148,Diam_149,Diam_150,Diam_151,Diam_152,Diam_153,Diam_154,Diam_155,Diam_156,Diam_157,Diam_158,Diam_159,Diam_160,Diam_161,Diam_162,Diam_163,Diam_164,Diam_165,Diam_166,Diam_167,Diam_168,Diam_169,Diam_170,Diam_171,Diam_172,Diam_173,Diam_174,Diam_175,Diam_176,Diam_177,Diam_178,Diam_179,Diam_180,Diam_181,Diam_182,Diam_183,Diam_184,Diam_185,Diam_186,Diam_187,Diam_188,Diam_189,Diam_190,Diam_191,Diam_192,Diam_193,Diam_194,Diam_195,Diam_196,Diam_197,Diam_198,Diam_199,Diam_200
Alt_200,1062.60526494484,1111.24452752791,1159.21515111045,1206.50409056417,1253.09951003322,1298.99083647434,1344.16878926002,1388.62539082957,1432.35396218381,1475.34910617855,1517.60668096804,1559.12376550588,1599.89861867882,1639.93063339427,1679.22028674259,1717.76908719475,1755.57951966423,1792.65498915102,1828.99976359069,1864.61891644923,1899.51826953081,1933.70433640154,1967.18426677313,1999.96579213862,2032.05717290428,2063.46714721935,2094.20488166607,2124.27992393803,2153.70215760311,2182.4817590197,2210.62915644951,2238.1549913888,2265.07008212024,2291.38538947099,2317.11198474802,2342.26101980971,2366.84369922191,2390.87125443865,2414.35491994033,2437.30591125704,2459.73540480031,2481.65451942368,2503.07429963065,2524.00570034719,2544.45957317603,2564.44665405027,2583.97755220473,2603.06274038504,2621.71254621631,2639.93714465554,2657.74655145413,2675.15061755995,2692.15902439075,2708.78127991427,2725.02671547273,2740.90448329302,2756.4235546267,2771.59271846677,2786.4205807917,2800.91556428951,2815.08590851804,2828.93967046006,2842.48472543456,2855.72876832837,2868.67931511433,2881.343704625,2893.72910055284,2905.84249365008,2917.69070410351,2929.28038406131,2940.61802029079,2951.7099369477,2962.5622984394,2973.18111236541,2983.57223252076,2993.74136194817,3003.69405602713,3013.43572558833,3022.97164004342,3032.30693052092,3041.44659300001,3050.39549143476,3059.15836086208,3067.73981048763,3076.14432674428,3084.3762763185,3092.43990914066,3100.33936133555,3108.07865813007,3115.66171671547,3123.09234906172,3130.37426468229,3137.51107334749,3144.50628774541,3151.36332608909,3158.08551466939,3164.67609035297,3171.13820302486,3177.47491797572,3183.68921823349,3189.78400683979,3195.76210907126,3201.62627460605,3207.37917963629,3213.02342892674,3218.56155782048,3223.99603419229,3229.32926035054,3234.56357488824,3239.70125448439,3244.74451565631,3249.6955164639,3254.55635816695,3259.32908683626,3264.01569491972,3268.61812276421,3273.13826009446,3277.57794744979,3281.93897757975,3286.22309679967,3290.4320063071,3294.56736346021,3298.63078301899,3302.62383835037,3306.5480625981,3310.40494981842,3314.19595608238,3317.92250054581,3321.58596648771,3325.18770231814,3328.72902255624,3332.2112087794,3335.63551054435,3339.00314628098,3342.31530415967,3345.57314293295,3348.77779275216,3351.93035595997,3355.03190785935,3358.08349745979,3361.08614820132,3364.04085865725,3366.94860321591,3369.81033274235,3372.62697522043,3375.39943637593,3378.12860028126,3380.81532994236,3383.46046786831,3386.06483662411,3388.62923936731,3391.15446036882,3393.64126551841,3396.09040281556,3398.50260284578,3400.87857924314,3403.21902913927,3405.52463359933,3407.79605804527,3410.03395266685,3412.23895282075,3414.41167941816,3416.55273930114,3418.66272560825,3420.74221812954,3422.79178365148,3424.81197629197,3426.80333782574,3428.7663980006,3430.70167484455,3432.60967496431,3434.49089383527,3436.34581608339,3438.17491575901,3439.97865660311,3441.75749230595,3443.51186675858,3445.24221429731,3446.94895994131,3448.63251962367,3450.29330041606
Alt_210,1016.06344729987,1063.01292289532,1109.36855789591,1155.11808179817,1200.25014682213,1244.75439565878,1288.62150584115,1331.84321566122,1374.41233533717,1416.32274627753,1457.56939067478,1498.14825321434,1538.05633635396,1577.29163037916,1615.85307924844,1653.74054309091,1690.95475809787,1727.49729445084,1763.37051284481,1798.57752009491,1833.12212425302,1867.00878960649,1900.24259188333,1932.82917394458,1964.77470220574,1996.08582399389,2026.76962601474,2056.83359407475,2086.28557417726,2115.13373508704,2143.38653243661,2171.05267442773,2198.1410891644,2224.66089363776,2250.62136437015,2276.03190971285,2300.9020437821,2325.2413620085,2349.05951826751,2372.36620355188,2395.17112614179,2417.48399322387,2439.31449390675,2460.6722835784,2481.56696954837,2502.00809791673,2522.00514161115,2541.567489533,2560.70443675387,2579.4251757044,2597.73878829836,2615.65423893608,2633.1803683328,2650.3258881192,2667.09937616301,2683.50927256267,2699.56387626574,2715.27134226714,2730.6396793439,2745.67674828557,2760.39026058128,2774.78777752662,2788.87670971532,2802.66431688297,2816.15770807175,2829.36384208696,2842.28952821821,2854.94142719953,2867.32605238464,2879.44977111503,2891.31880626001,2902.93923790961,2914.31700520216,2925.45790827016,2936.36761028892,2947.05163961383,2957.51539199322,2967.76413284461,2977.8029995835,2987.63700399428,2997.2710346343,3006.70985926224,3015.95812728337,3025.02037220447,3033.9010140921,3042.60436202841,3051.13461655936,3059.49587213057,3067.69211950657,3075.72724816993,3083.60504869656,3091.3292151046,3098.90334717401,3106.33095273478,3113.61544992165,3120.76016939371,3127.76835651741,3134.64317351174,3141.38770155464,3148.00494284966,3154.49782265244,3160.86919125637,3167.12182593711,3173.25843285584,3179.28164892109,3185.19404360908,3190.99812074291,3196.69632023057,3202.29101976208,3207.7845364663,3213.17912852751,3218.47699676244,3223.68028615815,3228.79108737132,3233.8114381896,3238.74332495541,3243.58868395317,3248.34940276022,3253.02732156246,3257.62423443512,3262.14189058953,3266.58199558654,3270.94621251725,3275.23616315188,3279.45342905734,3283.59955268441,3287.67603842503,3291.68435364057,3295.62592966175,3299.50216276082,3303.31441509681,3307.06401563444,3310.75226103743,3314.38041653682,3317.94971677498,3321.46136662596,3324.91654199278,3328.3163905823,3331.66203265829,3334.95456177323,3338.19504547952,3341.38452602062,3344.52402100261,3347.61452404686,3350.65700542421,3353.65241267126,3356.60167118924,3359.50568482594,3362.36533644126,3365.18148845673,3367.95498338957,3370.68664437169,3373.37727565401,3376.02766309663,3378.6385746452,3381.21076079387,3383.74495503525,3386.24187429778,3388.70221937074,3391.12667531751,3393.51591187714,3395.87058385478,3398.1913315012,3400.47878088175,3402.73354423506,3404.95622032177,3407.14739476359,3409.30764037301,3411.43751747388,3413.53757421312,3415.60834686387,3417.65036012037,3419.66412738461,3421.65015104527,3423.60892274894,3425.54092366403,3427.44662473738,3429.326486944,3431.18096153003,3433.01049024901,3434.81550559194
Alt_220,973.251086728357,1018.60054980986,1063.42011519267,1107.69840086492,1151.42471070605,1194.58911244849,1237.18249268101,1279.19659380434,1320.6240366036,1361.45833122481,1401.69387871581,1441.32596483782,1480.35074751968,1518.76523907759,1556.5672841334,1593.75553401807,1630.32941833159,1666.28911423777,1701.63551399644,1736.37019117213,1770.49536590446,1804.01386957863,1836.92910919385,1869.24503169074,1900.96608846693,1932.0972002798,1962.64372270964,1992.61141233133,2022.00639372117,2050.83512740499,2079.1043788352,2106.82118846792,2133.99284299593,2160.62684777944,2186.7309005044,2212.31286608688,2237.3807528321,2261.94268984806,2286.00690570588,2309.58170833225,2332.67546611363,2355.29659018674,2377.45351788583,2399.15469731356,2420.40857299959,2441.22357260868,2461.60809465836,2481.57049720501,2501.11908745627,2520.26211226739,2539.00774947891,2557.36410005316,2575.3391809677,2592.94091882426,2610.17714413256,2627.05558622959,2643.58386879563,2659.7695059299,2675.61989874971,2691.14233247844,2706.34397398908,2721.23186977141,2735.81294429228,2750.09399872013,2764.08170998588,2777.78263015415,2791.20318607996,2804.34967932727,2817.22828632743,2829.84505875648,2842.20592411172,2854.31668646915,2866.18302740441,2877.81050706114,2889.20456535152,2900.37052327501,2911.31358434204,2922.03883609042,2932.5512516832,2942.85569157738,2952.95690525369,2962.85953299843,2972.56810772912,2982.08705685622,2991.42070417379,3000.57327177277,3009.54888197085,3018.35155925346,3026.985232221,3035.45373553775,3043.76081187835,3051.91011386821,3059.90520601428,3067.74956662351,3075.44658970586,3082.99958685979,3090.41178913789,3097.68634889066,3104.82634158701,3111.83476760971,3118.7145540247,3125.46855632304,3132.09956013464,3138.61028291294,3145.0033755898,3151.28142420026,3157.44695147657,3163.50241841129,3169.4502257892,3175.29271568793,3181.03217294719,3186.67082660679,3192.2108513133,3197.65436869568,3203.00344871009,3208.26011095395,3213.42632594975,3218.50401639878,3223.49505840522,3228.40128267098,3233.22447566161,3237.96638074385,3242.62869929517,3247.21309178579,3251.72117883368,3256.15454223304,3260.51472595673,3264.80323713312,3269.02154699805,3273.17109182208,3277.25327381399,3281.26946200061,3285.22099308379,3289.10917227494,3292.93527410757,3296.70054322848,3300.40619516797,3304.0534170897,3307.64336852055,3311.17718206108,3314.65596407703,3318.08079537231,3321.45273184398,3324.77280511965,3328.04202317778,3331.26137095133,3334.43181091505,3337.55428365715,3340.62970843533,3343.65898371804,3346.64298771099,3349.58257886949,3352.47859639702,3355.33186073027,3358.14317401113,3360.91332054595,3363.64306725238,3366.33316409422,3368.98434450447,3371.59732579704,3374.17280956739,3376.71148208232,3379.21401465936,3381.68106403592,3384.11327272857,3386.51126938263,3388.87566911248,3391.20707383268,3393.50607258033,3395.77324182875,3398.00914579281,3400.21433672623,3402.38935521081,3404.53473043814,3406.65098048374,3408.738612574,3410.79812334603,3412.82999910068,3414.8347160489,3416.8127405516,3418.76452935322
Alt_230,933.75324502109,977.589607714994,1020.95095533554,1063.82684307506,1106.20731566716,1148.08299282206,1189.44513198917,1230.2856733765,1270.59727088548,1310.37331172253,1349.60792680869,1388.29599364448,1426.43313294814,1464.01570013219,1501.04077249393,1537.50613284924,1573.41025022688,1608.75225815032,1643.53193096311,1677.74965859438,1711.40642011233,1744.50375637206,1777.04374202794,1809.02895714982,1840.46245865428,1871.34775173756,1901.68876147432,1931.4898047261,1960.75556248488,1989.49105276004,2017.70160410179,2045.39282983958,2072.57060310136,2099.24103266728,2125.41043970104,2151.08533539165,2176.27239953011,2200.97846003693,2225.21047344936,2248.9755063709,2272.28071787971,2295.1333428876,2317.54067643692,2339.51005891872,2361.04886219238,2382.16447658418,2402.86429873981,2423.15572030406,2443.0461173995,2462.54284087457,2481.65320729093,2500.38449061912,2518.74391461157,2536.73864582154,2554.37578723701,2571.66237249866,2588.60536067147,2605.21163154023,2621.48798139957,2637.44111931021,2653.07766379377,2668.40413993927,2683.42697689569,2698.15250572556,2712.58695759569,2726.73646228221,2740.60704696806,2754.20463531179,2767.5350467681,2780.60399614091,2793.41709335115,2805.97984340221,2818.29764652694,2830.37579850101,2842.21949110835,2853.83381274503,2865.22374914906,2876.39418424415,2887.34990108614,2898.09558290185,2908.63581421043,2918.97508201819,2929.11777707831,2939.06819520755,2948.83053865273,2958.40891749989,2967.80735112003,2977.02976964551,2986.08001547159,2994.96184477828,3003.6789290678,3012.23485671342,3020.63313451583,3028.87718926348,3036.97036929369,3044.91594605138,3052.71711564302,3060.3770003831,3067.898650331,3075.28504481634,3082.53909395082,3089.66364012522,3096.66145948984,3103.53526341732,3110.2876999466,3116.92135520715,3123.43875482245,3129.84236529217,3136.13459535231,3142.31779731276,3148.39426837197,3154.36625190822,3160.23593874736,3166.00546840673,3171.67693031517,3177.252365009,3182.73376530406,3188.12307744366,3193.42220222266,3198.63299608781,3203.75727221429,3208.79680155891,3213.75331388999,3218.62849879422,3223.42400666074,3228.1414496428,3232.78240259715,3237.34840400161,3241.84095685111,3246.26152953246,3250.61155667835,3254.89244000076,3259.10554910435,3263.25222227995,3267.33376727878,3271.35146206757,3275.30655556511,3279.20026836046,3283.03379341334,3286.80829673704,3290.52491806409,3294.18477149533,3297.78894613249,3301.33850669477,3304.83449411985,3308.27792614953,3311.6697979005,3315.01108242047,3318.30273123016,3321.54567485133,3324.74082332128,3327.88906669415,3330.99127552933,3334.04830136725,3337.06097719292,3340.03011788761,3342.95652066874,3345.84096551849,3348.68421560136,3351.4870176709,3354.25010246595,3356.97418509665,3359.65996542051,3362.30812840872,3364.919344503,3367.4942699633,3370.0335472065,3372.53780513634,3375.0076594649,3377.44371302581,3379.84655607932,3382.21676660964,3384.55491061455,3386.86154238761,3389.13720479316,3391.38242953424,3393.59773741363,3395.78363858832,3397.94063281739,3400.06920970358,3402.16984892875
Alt_240,897.211587878646,939.617970278594,981.596630605499,1023.13806802124,1064.23310777545,1104.87299222202,1145.04944933665,1184.75474370217,1223.98171363409,1262.72379720497,1300.97504927186,1338.73015113799,1375.98441413302,1412.73377813977,1448.97480590231,1484.70467380443,1519.92115969453,1554.62262824508,1588.80801426516,1622.47680432802,1655.62901702998,1688.2651821583,1720.38631901331,1751.99391410228,1783.08989839813,1813.67662433453,1843.75684268996,1873.33367949598,1902.41061308911,1930.99145141196,1959.08030965539,1986.6815883224,2013.7999517825,2040.44030737598,2066.60778511746,2092.30771804023,2117.54562321432,2142.32718346485,2166.65822981,2190.54472463262,2213.99274559361,2237.00847029103,2259.59816166395,2281.76815413681,2303.52484049638,2324.87465949049,2345.82408413539,2366.37961071608,2386.54774846225,2406.33500988112,2425.74790172667,2444.79291658446,2463.47652504964,2481.80516847608,2499.7852522732,2517.42313972788,2534.72514632779,2551.69753456336,2568.34650918533,2584.67821289521,2600.69872244645,2616.41404513454,2631.83011565469,2646.95279330639,2661.78785952475,2676.34101571921,2690.61788140072,2704.62399257945,2718.36480041545,2731.84567010572,2745.07187999169,2758.04862087184,2770.78099550481,2783.27401828935,2795.53261510772,2807.56162332019,2819.36579189864,2830.94978168817,2842.31816578607,2853.47543002808,2864.42597357261,2875.17410957397,2885.72406593628,2896.0799861402,2906.24593013526,2916.22587529064,2926.02371739831,2935.64327172219,2945.08827408796,2954.36238200819,2963.46917583794,2972.4121599563,2981.19476396974,2989.82034393335,2998.29218358633,3006.61349559854,3014.78742282489,3022.81703956492,3030.70535282489,3038.45530357995,3046.06976803442,3053.55155887795,3060.90342653598,3068.12806041268,3075.22809012502,3082.20608672654,3089.06456391967,3095.80597925547,3102.43273531984,3108.94718090546,3115.35161216839,3121.64827376912,3127.83935999702,3133.92701587813,3139.91333826548,3145.80037691188,3151.59013552474,3157.28457280274,3162.88560345411,3168.39509919651,3173.81488973825,3179.14676374101,3184.39246976385,3189.55371718874,3194.63217712745,3199.62948331009,3204.5472329553,3209.38698762223,3214.15027404448,3218.83858494624,3223.45337984071,3227.99608581106,3232.46809827416,3236.87078172733,3241.20547047826,3245.47346935846,3249.6760544204,3253.8144736187,3257.88994747558,3261.90366973078,3265.85680797641,3269.75050427677,3273.58587577367,3277.36401527729,3281.08599184306,3284.75285133472,3288.36561697384,3291.92528987624,3295.4328495753,3298.88925453274,3302.29544263692,3305.65233168907,3308.96081987763,3312.22178624099,3315.43609111894,3318.60457659304,3321.72806691613,3324.80736893133,3327.84327248071,3330.83655080386,3333.78796092661,3336.69824404026,3339.56812587127,3342.39831704195,3345.18951342211,3347.94239647213,3350.65763357742,3353.33587837469,3355.97777107002,3358.58393874922,3361.15499568035,3363.69154360885,3366.19417204529,3368.66345854609,3371.0999689872,3373.50425783107,3375.87686838703,3378.21833306523,3380.52917362426,3382.80990141278,3385.06101760508
Alt_250,863.31557957246,904.370813023787,945.03923510939,985.312269348674,1025.18152863639,1064.63891052172,1103.67667007513,1142.287475354,1180.46444916607,1218.20119990001,1255.49184352587,1292.33101838565,1328.71389404041,1364.63617517847,1400.09410139365,1435.08444349377,1469.6044968863,1503.65207250023,1537.22548563357,1570.32354306146,1602.94552869514,1635.09118804547,1666.76071171481,1697.95471811496,1728.67423558726,1758.92068408158,1788.69585653433,1818.00190007056,1846.84129714168,1875.21684669817,1903.13164548582,1930.58906954321,1957.59275596958,1984.14658502282,2010.25466260005,2035.92130314535,2061.15101302279,2085.94847438653,2110.31852957403,2134.26616604319,2157.79650186939,2180.91477181404,2203.6263139723,2225.93655700398,2247.85100794843,2269.37524062127,2290.51488458845,2311.2756147105,2331.66314124814,2351.68320051861,2371.34154609043,2390.64394050329,2409.59614749856,2428.20392474492,2446.47301704333,2464.40914999442,2482.01802411168,2499.30530936281,2516.27664012222,2532.93761051699,2549.29377014891,2565.3506201756,2581.11360973327,2596.58813268464,2611.77952467547,2626.69306048344,2641.33395164397,2655.70734433735,2669.81831752267,2683.67188130406,2697.27297551539,2710.62646851019,2723.7371561438,2736.60976093563,2749.24893139955,2761.6592415312,2773.8451904415,2785.81120212591,2797.56162535979,2809.10073371052,2820.43272565746,2831.56172481143,2842.49178022581,2853.2268667916,2863.77088570946,2874.12766503205,2884.3009602702,2894.29445505721,2904.11176186538,2913.75642276987,2923.23191025465,2932.54162805615,2941.68891204021,2950.67703110824,2959.50918812891,2968.18852089189,2976.7181030802,2985.10094525831,2993.3399958731,3001.438142265,3009.39821168696,3017.22297232908,3024.91513434655,3032.47735088936,3039.91221913175,3047.22228129992,3054.41002569646,3061.47788772021,3068.4282508803,3075.26344780318,3081.98576123177,3088.59742501569,3095.10062509178,3101.49750045417,3107.79014411329,3113.98060404316,3120.07088411644,3126.06294502684,3131.9587051985,3137.76004168191,3143.46879103618,3149.08675019738,3154.61567733271,3160.05729268041,3165.4132793753,3170.68528425976,3175.87491868019,3180.98375926893,3186.01334871153,3190.96519649957,3195.84077966887,3200.64154352342,3205.36890234475,3210.0242400873,3214.60891105944,3219.12424059066,3223.5715256848,3227.95203565967,3232.26701277303,3236.51767283529,3240.70520580898,3244.83077639528,3248.89552460764,3252.90056633288,3256.84699387981,3260.73587651573,3264.56826099083,3268.34517205082,3272.06761293805,3275.73656588114,3279.35299257356,3282.91783464113,3286.43201409893,3289.89643379757,3293.31197785916,3296.67951210323,3299.99988446265,3303.27392538994,3306.50244825403,3309.68624972777,3312.82611016631,3315.9227939766,3318.97704997818,3321.98961175551,3324.96119800188,3327.8925128553,3330.78424622635,3333.63707411833,3336.45165893976,3339.22864980951,3341.96868285462,3344.67238150117,3347.34035675805,3349.97320749419,3352.57152070901,3355.13587179655,3357.66682480331,3360.16493267989,3362.63073752673,3365.06477083394,3367.46755371545
Alt_260,831.79515051631,871.573567899016,911.000696329481,950.068848111442,988.770409991986,1027.0979417737,1065.0442525366,1102.60245952705,1139.76603344448,1176.52883291433,1212.88513025816,1248.82963018073,1284.35748263305,1319.46429084376,1354.14611531139,1388.39947439914,1422.22134205878,1455.6091431214,1488.56074652329,1521.07445678071,1553.14900398348,1584.78353254186,1615.97758889223,1646.7311083428,1677.04440122011,1706.91813845978,1736.35333676948,1765.35134347909,1793.91382118096,1822.04273225267,1849.74032334501,1877.0091099093,1903.85186082992,1930.27158322082,1956.27150743774,1981.85507235183,2007.02591092418,2031.78783611589,2056.14482716284,2080.10101624,2103.66067553585,2126.82820475348,2149.60811905132,2172.00503743346,2194.02367159609,2215.66881523418,2236.94533380998,2257.85815478263,2278.41225829631,2298.61266832242,2318.46444424987,2337.97267291615,2357.14246107054,2375.97892825997,2394.48720012699,2412.67240210876,2430.53965352509,2448.09406204345,2465.3407185081,2482.28469212056,2498.93102595819,2515.2847328177,2531.35079137034,2547.13414261552,2562.63968661973,2577.87227952785,2592.83673083391,2607.53780089881,2621.9801987027,2636.16857981995,2650.10754460495,2663.80163657745,2677.25534099629,2690.47308361091,2703.45922958022,2716.21808254898,2728.75388387206,2741.0708119773,2753.17298185829,2765.06444468851,2776.74918754877,2788.2311332602,2799.51414031548,2810.60200290124,2821.49845100497,2832.20715060013,2842.73170390334,2853.07564969808,2863.24246371941,2873.23555909462,2883.05828683497,2892.71393637399,2902.20573614801,2911.53685421499,2920.71039890759,2929.72941951726,2938.59690700568,2947.31579474058,2955.88895925296,2964.31922101296,2972.60934522173,2980.76204261706,2988.77997029035,2996.66573251299,3004.42188157009,3012.05091859991,3019.5552944371,3026.93741045852,3034.19961942984,3041.34422635197,3048.3734893059,3055.28962029481,3062.09478608257,3068.79110902768,3075.3806679116,3081.865498761,3088.24759566296,3094.52891157267,3100.71135911287,3106.79681136481,3112.78710264984,3118.68402930171,3124.48935042877,3130.20478866612,3135.83203091715,3141.37272908442,3146.82850078961,3152.20093008238,3157.49156813795,3162.70193394346,3167.83351497276,3172.88776784988,3177.86611900085,3182.7699652941,3187.60067466931,3192.35958675472,3197.04801347306,3201.667239636,3206.2185235273,3210.7030974747,3215.12216841063,3219.47691842182,3223.76850528799,3227.99806300966,3232.16670232524,3236.27551121751,3240.32555540967,3244.31787885104,3248.25350419257,3252.13343325234,3255.9586474712,3259.73010835859,3263.44875792895,3267.11551912853,3270.73129625311,3274.29697535649,3277.81342465015,3281.28149489407,3284.70201977898,3288.07581630011,3291.4036851227,3294.68641093933,3297.92476281931,3301.11949455024,3304.27134497191,3307.38103830268,3310.44928445855,3313.47677936494,3316.46420526157,3319.41223100026,3322.32151233611,3325.19269221199,3328.02640103662,3330.82325695627,3333.58386612028,3336.30882294054,3338.99871034505,3341.65410002566,3344.27555268019,3346.86361824897,3349.41883614599
Alt_270,802.414591005342,840.986004562705,879.237084368971,917.160986911458,954.750845985359,991.99987397275,1028.90144070913,1065.44913503777,1101.63681281591,1137.45863418411,1172.90909222392,1207.98303462967,1242.67567965368,1276.98262731228,1310.89986663634,1344.42377959694,1377.55114221883,1410.27912330515,1442.60528112593,1474.52755836868,1506.0442756051,1537.15412349351,1567.85615390755,1598.14977015892,1628.03471646193,1657.51106677149,1686.57921311201,1715.23985350251,1743.49397957254,1771.3428639542,1798.78804752674,1825.83132658314,1852.47473998052,1878.72055633027,1904.57126127792,1930.02954491699,1955.09828937668,1979.78055661805,2004.07957646936,2027.99873492721,2051.54156274628,2074.71172433723,2097.51300698894,2119.94931042854,2142.02463672978,2163.74308057793,2185.10881989716,2206.12610684405,2226.79925916929,2247.13265194763,2267.13070967487,2286.797898729,2306.13872019167,2325.15770302481,2343.85939759642,2362.24836954872,2380.32919400088,2398.10645007843,2415.58471576034,2432.76856303474,2449.66255335385,2466.27123337825,2482.59913100056,2498.65075163853,2514.43057478725,2529.94305082041,2545.19259803036,2560.18359989694,2574.92040257505,2589.40731259111,2603.64859473872,2617.64847016398,2631.41111463119,2644.94065695987,2658.24117762419,2671.31670750628,2684.17122679505,2696.80866402252,2709.23289522979,2721.44774325513,2733.45697713712,2745.26431162561,2756.87340679408,2768.28786774679,2779.51124441475,2790.54703143451,2801.39866810425,2812.06953841181,2822.56297112951,2832.88223997098,2843.03056380541,2853.01110692469,2862.82697935948,2872.48123724015,2881.97688319891,2891.31686680955,2900.50408506158,2909.54138286546,2918.43155358608,2927.17733960168,2935.78143288552,2944.24647560789,2952.57506075612,2960.76973277038,2968.83298819333,2976.7672763316,2984.57499992732,2992.25851583818,2999.82013572424,3007.26212674025,3014.58671223198,3021.79607243538,3028.89234517742,3035.87762657751,3042.75397174843,3049.52339549606,3056.18787301676,3062.74934059196,3069.20969627893,3075.57080059727,3081.83447721052,3088.0025136022,3094.07666174593,3100.05863876913,3105.95012760987,3111.75277766655,3117.46820544005,3123.09799516812,3128.64369945163,3134.10683987263,3139.4889076039,3144.79136400982,3150.01564123852,3155.1631428051,3160.23524416588,3165.23329328352,3170.1586111831,3175.01249249897,3179.79620601244,3184.51099518028,3189.15807865405,3193.73865079019,3198.25388215108,3202.70491999692,3207.09288876863,3211.41889056168,3215.68400559112,3219.88929264768,3224.03578954513,3228.12451355901,3232.15646185676,3236.13261191934,3240.05392195456,3243.92133130201,3247.73576082999,3251.49811332427,3255.20927386898,3258.87011021965,3262.48147316861,3266.04419690273,3269.55909935383,3273.02698254161,3276.44863290951,3279.82482165338,3283.15630504327,3286.44382473835,3289.68810809508,3292.88986846885,3296.04980550911,3299.16860544819,3302.24694138385,3305.28547355575,3308.28484961594,3311.24570489345,3314.16866265315,3317.05433434899,3319.90331987167,3322.71620779094,3325.49357559257,3328.23598991017,3330.94400675188
Alt_280,774.967459921053,812.397258901429,849.533792815365,886.371013283206,922.902766698586,959.122897686323,995.025330098396,1030.60413068526,1065.85355923786,1100.76810803588,1135.34253274409,1169.57187639316,1203.45148770894,1236.97703477798,1270.14451482975,1302.95026075988,1335.39094489924,1367.46358044209,1399.16552087568,1430.49445769766,1461.44841666413,1492.02575277587,1522.22514418223,1552.04558515901,1581.4863782978,1610.54712602836,1639.22772158236,1667.52833949539,1695.44942573414,1722.99168752731,1750.15608297082,1776.94381047146,1803.35629808678,1829.3951928133,1855.06234987048,1880.35982202266,1905.28984897738,1929.85484689401,1954.05739803326,1977.90024057462,2001.38625862525,2024.51847244145,2047.30002888037,2069.7341920976,2091.8243345035,2113.57392798917,2134.98653543068,2156.0658024784,2176.81544963655,2197.23926463639,2217.34109510514,2237.12484153113,2256.59445052489,2275.75390837437,2294.60723489175,2313.15847754841,2331.41170589371,2349.37100625279,2367.0404766977,2384.42422228595,2401.52635055994,2418.35096730046,2434.90217252701,2451.18405673769,2467.20069738091,2482.95615555132,2498.45447290206,2513.69966876544,2528.69573747422,2543.44664587555,2557.95633102968,2572.22869808588,2586.26761832763,2600.07692737975,2613.66042356999,2627.0218664377,2640.16497538274,2653.09342844745,2665.81086122506,2678.32086588804,2690.62699032994,2702.73273741465,2714.64156432709,2726.35688201965,2737.88205474884,2749.22039969678,2760.3751866725,2771.34963788813,2782.14692780521,2792.7701830467,2803.22248237035,2813.50685669934,2823.62628920616,2833.58371544617,2843.3820235371,2853.02405438121,2862.51260192683,2871.85041346621,2881.04018996684,2890.08458643341,2898.98621229784,2907.74763183497,2916.3713646014,2924.85988589552,2933.21562723646,2941.44097686009,2949.53828023025,2957.50984056338,2965.35791936502,2973.0847369766,2980.69247313114,2988.18326751638,2995.55922034429,3002.82239292562,3009.97480824843,3017.01845155966,3023.95527094866,3030.78717793188,3037.51604803794,3044.14372139211,3050.67200329982,3057.1026648282,3063.43744338532,3069.67804329646,3075.82613637686,3081.88336250058,3087.85133016497,3093.73161705044,3099.52577057507,3105.23530844382,3110.86171919205,3116.40646272298,3121.87097083912,3127.25664776707,3132.56487067592,3137.79699018876,3142.9543308874,3148.03819181003,3153.04984694176,3157.99054569798,3162.86151340051,3167.66395174637,3172.39903926922,3177.06793179343,3181.67176288078,3186.21164426972,3190.68866630727,3195.10389837357,3199.45838929906,3203.75316777431,3207.98924275271,3212.16760384574,3216.28922171124,3220.35504843451,3224.36601790229,3228.32304616986,3232.22703182118,3236.07885632219,3239.87938436737,3243.62946421963,3247.32992804357,3250.9815922323,3254.58525772779,3258.14171033492,3261.6517210293,3265.11604625892,3268.53542823981,3271.9105952457,3275.24226189183,3278.53112941301,3281.777885936,3284.98320674636,3288.14775454977,3291.27217972801,3294.35712058965,3297.40320361551,3300.41104369913,3303.3812443821,3306.3143980846,3309.21108633106,3312.07187997112
Alt_290,749.272331264992,785.621653333875,821.701458952175,857.506444356302,893.031130058068,928.269966113821,963.217414869129,997.868016344929,1032.21644008802,1066.25752634446,1099.98631871553,1133.3980899451,1166.48836211029,1199.25292220668,1231.68783390942,1263.78944613182,1295.55439888231,1326.97962682688,1358.06236089225,1388.8001281883,1419.19075048407,1449.23234143621,1478.92330274047,1508.26231935394,1537.24835391698,1565.88064048839,1594.15867769436,1622.08222138091,1649.65127685004,1676.86609075218,1703.72714269983,1730.23513666182,1756.39099219151,1782.19583553754,1807.65099068129,1832.75797034089,1857.51846697797,1881.93434383992,1906.00762606701,1929.74049189089,1953.13526394814,1976.19440072991,1998.92048818631,2021.31623150188,2043.38444705648,2065.12805458375,2086.55006953778,2107.65359567652,2128.4418178693,2148.91799513408,2169.0854539087,2188.9475815594,2208.50782012853,2227.76966032226,2246.73663573847,2265.41231733374,2283.80030812796,2301.90423814396,2319.72775957945,2337.2745422075,2354.54826900163,2371.55263198099,2388.29132827086,2404.76805637327,2420.98651264231,2436.95038795856,2452.66336459674,2468.12911328065,2483.35129041941,2498.33353551873,2513.0794687612,2527.59268874928,2541.87677040493,2555.93526301964,2569.77168844893,2583.38953944507,2596.79227812236,2609.98333454896,2622.96610545963,2635.74395308376,2648.32020408328,2660.69814859499,2672.88103937238,2684.87209102161,2696.67447932695,2708.29134066095,2719.72577147472,2730.98082786382,2742.05952520577,2752.96483786472,2763.69969895967,2774.26700019221,2784.66959173026,2794.91028214431,2804.99183839277,2814.91698585328,2824.68840839692,2834.3087485024,2843.78060740739,2853.10654529446,2862.28908150898,2871.33069480666,2880.23382362839,2889.00086640028,2897.63418185675,2906.13608938479,2914.50886938757,2922.75476366552,2930.8759758134,2938.87467163162,2946.75297955051,2954.51299106601,2962.15676118559,2969.68630888304,2977.10361756105,2984.41063552057,2991.60927643567,2998.7014198333,3005.68891157674,3012.57356435204,3019.3571581567,3026.0414407898,3032.62812834287,3039.11890569095,3045.51542698319,3051.81931613244,3058.03216730342,3064.1555453988,3070.19098654298,3076.13999856307,3082.00406146662,3087.78462791595,3093.48312369861,3099.10094819378,3104.6394748343,3110.10005156416,3115.48400129116,3120.79262233467,3126.02718886814,3131.18895135642,3136.27913698764,3141.29895009948,3146.24957259993,3151.1321643822,3155.94786373394,3160.69778774053,3165.38303268254,3170.00467442715,3174.56376881374,3179.06135203339,3183.49844100242,3187.87603372997,3192.19510967954,3196.4566301246,3200.66153849827,3204.81076073698,3208.90520561837,3212.94576509322,3216.93331461164,3220.86871344344,3224.75280499284,3228.58641710744,3232.37036238163,3236.10543845445,3239.79242830191,3243.43210052395,3247.02520962599,3250.57249629517,3254.07468767143,3257.53249761337,3260.94662695908,3264.31776378188,3267.6465836412,3270.93374982854,3274.1799136087,3277.3857144562,3280.55178028714,3283.67872768644,3286.76716213063,3289.81767820622,3292.83085982363
Alt_300,725.169231738652,760.495176986531,795.572507528595,830.396614139078,864.962651346006,899.265644224864,933.300572603563,967.062437863637,1000.5463161826,1033.7474010966,1066.6610375602,1099.28274916534,1131.60825980061,1163.63351074829,1195.35467400299,1226.76816243448,1257.87063729356,1288.65901346543,1319.1304628011,1349.28241580042,1379.11256187496,1408.61884838338,1437.7994786032,1466.65290878014,1495.17784437723,1523.37323563071,1551.23827250704,1578.77237914467,1605.97520785518,1632.84663275095,1659.38674305959,1685.59583617994,1711.47441052896,1737.02315822467,1762.24295764608,1787.13486590727,1811.70011127959,1835.94008559293,1859.85633664383,1883.4505606361,1906.72459467667,1929.68040934749,1952.32010137197,1974.6458863926,1996.66009187443,2018.36515014742,2039.76359159908,2060.85803802721,2081.65119616124,2102.14585135925,2122.34486148671,2142.25115098151,2161.86770510927,2181.1975644114,2200.2438193481,2219.00960513695,2237.49809678772,2255.71250433284,2273.65606825241,2291.33205509243,2308.74375327386,2325.89446909015,2342.78752289024,2359.42624544363,2375.81397448408,2391.95405142789,2407.84981826268,2423.50461460235,2438.92177490387,2454.10462584101,2469.05648383062,2483.78065270638,2498.28042153545,2512.55906257291,2526.61982934933,2540.46595488637,2554.1006500358,2567.52710193698,2580.74847258804,2593.76789752626,2606.58848461271,2619.21331291696,2631.64543169719,2643.88785947145,2655.94358317579,2667.81555740519,2679.50670373318,2691.0199101063,2702.35803030964,2713.52388349974,2724.52025380122,2735.34988996393,2746.0155050771,2756.51977633737,2766.86534486764,2777.05481558379,2787.09075710638,2796.97570171465,2806.71214534018,2816.3025475977,2825.74933185073,2835.05488530957,2844.22155915971,2853.25166871832,2862.14749361701,2870.91127800885,2879.54523079785,2888.0515258893,2896.43230245913,2904.68966524089,2912.82568482887,2920.84239799585,2928.74180802424,2936.52588504944,2944.19656641394,2951.75575703144,2959.20532975961,2966.54712578059,2973.7829549884,2980.91459638218,2987.94379846456,2994.87227964439,3001.70172864293,3008.43380490302,3015.07013900041,3021.61233305681,3028.06196115388,3034.42056974784,3040.68967808407,3046.87077861134,3052.96533739509,3058.97479452959,3064.90056454836,3070.74403683271,3076.50657601799,3082.18952239726,3087.79419232212,3093.32187860053,3098.77385089121,3104.15135609468,3109.45561874047,3114.68784137055,3119.84920491875,3124.94086908596,3129.96397271111,3134.9196341378,3139.80895157631,3144.63300346125,3149.39284880437,3154.08952754284,3158.72406088263,3163.29745163723,3167.81068456147,3172.26472668044,3176.66052761367,3180.99901989428,3185.28111928336,3189.50772507933,3193.67972042258,3197.79797259506,3201.86333331519,3205.87663902778,3209.83871118924,3213.75035654799,3217.61236742011,3221.42552196026,3225.19058442798,3228.90830544931,3232.57942227387,3236.20465902733,3239.78472695943,3243.32032468759,3246.81213843605,3250.2608422707,3253.66709832968,3257.03155704963,3260.35485738789,3263.63762704048,3266.8804826561,3270.08403004604,3273.24886439025
Alt_310,702.516648593294,736.872515178144,770.998218767357,804.889796210939,838.542995908267,871.95338589353,905.116439275806,938.02760222689,970.682348377481,1003.0762225178,1035.20487579508,1067.06409408273,1098.64982081239,1129.9581752732,1160.98546716691,1191.72820804336,1222.18312011613,1252.34714286125,1282.21743772778,1311.79139123022,1341.06661664739,1370.04095451582,1398.71247207686,1427.07946181359,1455.1404391948,1482.89413972771,1510.33951540887,1537.47573065199,1564.3021577625,1590.81837202161,1617.02414643585,1642.919446203,1668.50442294015,1693.77940871571,1718.74490992335,1743.40160103252,1767.75031824708,1791.79205310105,1815.52794601776,1838.95927985632,1862.08747346756,1884.91407527905,1907.44075692743,1929.66930695425,1951.60162458007,1973.23971356985,1994.58567620158,2015.64170734829,2036.41008868281,2056.8931830131,2077.09342875512,2097.01333454904,2116.65547402376,2136.02248071362,2155.11704313067,2173.94189999474,2192.49983562315,2210.79367548101,2228.8262818927,2246.60054991434,2264.11940336662,2281.38579102715,2298.40268298058,2315.1730671249,2331.69994583164,2347.98633275756,2364.03524980502,2379.8497242282,2395.43278588199,2410.78746461012,2425.91678776926,2440.82377788533,2455.51145043842,2469.98281177261,2484.2408571268,2498.28856878267,2512.12891432607,2525.76484501776,2539.19929426976,2552.43517622336,2565.47538442509,2578.32279059669,2590.98024349553,2603.45056786166,2615.73656344788,2627.8410041294,2639.76663708946,2651.51618207759,2663.09233073716,2674.49774599905,2685.73506153818,2696.80688128999,2707.71577902374,2718.46429796989,2729.0549504987,2739.49021784739,2749.77254989329,2759.90436497037,2769.88804972684,2779.72595902151,2789.42041585648,2798.97371134432,2808.38810470736,2817.66582330738,2826.80906270354,2835.81998673704,2844.70072764045,2853.45338617031,2862.08003176124,2870.58270270016,2878.9634063191,2887.22411920525,2895.36678742694,2903.39332677433,2911.30562301356,2919.10553215327,2926.79488072248,2934.37546605864,2941.84905660516,2949.2173922172,2956.48218447511,2963.64511700457,2970.70784580273,2977.67199956951,2984.53918004357,2991.3109623421,2997.98889530394,3004.57450183543,3011.06927925844,3017.47469966013,3023.79221024383,3030.02323368081,3036.16916846228,3042.23138925147,3048.21124723522,3054.11007047491,3059.92916425631,3065.66981143805,3071.3332727986,3076.92078738125,3082.43357283708,3087.87282576562,3093.23972205298,3098.53541720731,3103.7610466914,3108.91772625231,3114.00655224778,3119.02860196953,3123.98493396299,3128.87658834371,3133.70458711011,3138.46993445262,3143.17361705909,3147.81660441643,3152.39984910837,3156.9242871094,3161.39083807475,3165.80040562642,3170.15387763525,3174.45212649898,3178.69600941633,3182.88636865699,3187.0240318277,3191.10981213422,3195.14450863935,3199.12890651688,3203.06377730162,3206.94987913546,3210.7879570094,3214.57874300171,3218.32295651225,3222.02130449276,3225.67448167344,3229.28317078569,3232.84804278104,3236.36975704635,3239.84896161534,3243.28629337643,3246.68237827697,3250.03783152387,3253.3532577807
Alt_320,681.189008748831,714.624536236465,747.84623648988,780.850746277688,813.634368691078,846.193182323973,878.52312776604,910.62007659845,942.479886761444,974.098447202458,1005.47171401035,1036.59573972237,1067.46669710476,1098.08089841897,1128.43481096731,1158.52506954635,1188.34848630932,1217.90205844124,1247.18297397457,1276.18861601389,1304.91656559179,1333.36460334116,1361.53071013966,1389.41306685899,1417.01005333199,1444.32024663596,1471.34241877699,1498.07553385063,1524.5187447446,1550.67138944269,1576.53298698227,1602.10323311297,1627.38199569905,1652.36930990448,1677.06537319589,1701.47054019569,1725.58531741463,1749.41035789091,1772.94645576033,1796.19454078009,1819.1556728269,1841.83103638831,1864.22193506442,1886.32978609577,1908.15611493165,1929.70254985178,1950.97081665308,1971.962733412,1992.68020533192,2013.12521968383,2033.29984084788,2053.20620546214,2072.84651768426,2092.22304457089,2111.33811157881,2130.19409819132,2148.79343367242,2167.13859295107,2185.23209263693,2203.07648716877,2220.67436509588,2238.02834549286,2255.14107450721,2272.01522203932,2288.65347855362,2305.05855201975,2321.23316498208,2337.18005175582,2352.90195574753,2368.401626898,2383.68181924489,2398.74528860267,2413.59479035718,2428.23307737194,2442.66289800341,2456.88699422219,2470.90809983717,2484.72893881953,2498.3522237236,2511.78065420139,2525.01691560767,2538.06367769261,2550.92359337879,2563.59929761948,2576.09340633532,2588.40851542621,2600.54719985557,2612.51201280396,2624.30548488936,2635.93012345109,2647.38841189483,2658.68280909591,2669.8157488583,2680.78963942686,2691.60686305013,2702.26977559148,2712.78070618615,2723.14195694196,2733.35580268147,2743.42449072348,2753.35024070179,2763.13524441928,2772.78166573534,2782.29164048485,2791.66727642692,2800.91065322169,2810.02382243352,2819.00880755902,2827.86760407841,2836.60217952876,2845.21447359766,2853.70639823614,2862.07983778936,2870.33664914404,2878.47866189136,2886.50767850427,2894.42547452811,2902.2337987836,2909.93437358117,2917.52889494572,2925.01903285107,2932.40643146303,2939.69270939056,2946.87945994412,2953.96825140052,2960.96062727371,2967.85810659072,2974.66218417228,2981.37433091744,2987.9959940918,2994.52859761871,3000.97354237304,3007.332206477,3013.60594559774,3019.79609324611,3025.90396107645,3031.9308391868,3037.87799641949,3043.74668066153,3049.53811914474,3055.25351874512,3060.89406628149,3066.46092881292,3071.9552539348,3077.37817007352,3082.73078677925,3088.01419501697,3093.22946745537,3098.37765875362,3103.45980584572,3108.47692822246,3113.4300282108,3118.32009125058,3123.14808616845,3127.91496544896,3132.62166550272,3137.26910693161,3141.85819479084,3146.38981884804,3150.86485383909,3155.2841597208,3159.64858192038,3163.95895158163,3168.21608580785,3172.42078790152,3176.57384760056,3180.67604131138,3184.72813233858,3188.73087111125,3192.68499540606,3196.59123056699,3200.45028972172,3204.26287399474,3208.02967271723,3211.75136363361,3215.42861310486,3219.06207630864,3222.65239743613,3226.20020988583,3229.70613645404,3233.17078952232
Alt_330,661.074548163108,693.636159460503,725.998445668442,758.158599984523,790.113442595007,821.859530775761,853.393246285074,884.710865223058,915.808614227454,946.682715922388,977.329425835834,1007.74506248256,1037.92603192253,1067.8688478141,1097.57014776172,1127.02670659046,1156.23544705152,1185.19344836368,1213.89795291905,1242.34637142115,1270.53628667617,1298.46545622099,1326.13181394143,1353.53347081082,1380.66871485924,1407.53601046861,1434.13399707573,1460.46148735517,1486.51746494488,1512.30108177052,1537.81165501809,1563.0486637994,1588.01174555053,1612.70069219938,1637.11544613542,1661.25609601151,1685.12287240519,1708.71614336459,1732.03640986188,1755.08430117537,1777.86057021967,1800.36608884165,1822.60184309854,1844.56892853311,1866.26854545961,1887.70199427302,1908.87067079301,1929.77606165287,1950.41973974293,1970.80335971688,1990.92865356856,2010.79742628606,2030.41155158913,2049.7729677552,2068.88367353866,2087.74572418738,2106.36122755989,2124.73234034599,2142.86126439324,2160.75024314107,2178.40155816395,2195.81752582454,2213.0004940375,2229.95283914408,2246.67696289745,2263.17528955837,2279.45026310051,2295.50434452444,2311.34000927928,2326.95974479043,2342.36604809208,2357.56142356254,2372.54838076079,2387.32943236202,2401.90709219028,2416.28387334586,2430.46228642535,2444.44483783179,2458.23402817271,2471.83235074358,2485.24229009413,2498.46632067513,2511.50690556311,2524.3664952605,2537.04752656867,2549.55242153144,2561.88358644651,2574.04341094239,2586.03426711843,2597.85850874547,2609.51847052489,2621.0164674036,2632.35479394275,2643.53572373802,2654.56150888909,2665.43437951646,2676.1565433232,2686.73018519996,2697.15746687091,2707.44052657904,2717.58147880867,2727.58241404354,2737.44539855865,2747.17247424425,2756.76565846018,2766.22694391912,2775.55829859723,2784.76166567056,2793.83896347596,2802.79208549507,2811.62290036005,2820.33325187981,2828.92495908557,2837.39981629447,2845.75959319023,2854.00603491971,2862.14086220442,2870.16577146584,2878.0824349639,2885.89250094734,2893.59759381543,2901.19931429005,2908.69923959737,2916.09892365846,2923.399897288,2930.60366840054,2937.71172222358,2944.72552151689,2951.64650679748,2958.47609656971,2965.21568755993,2971.86665495525,2978.43035264592,2984.90811347086,2991.30124946596,2997.61105211476,3003.83879260106,3009.98572206318,3016.05307184956,3022.04205377523,3027.9538603791,3033.78966518149,3039.55062294201,3045.23786991713,3050.85252411757,3056.39568556506,3061.86843654842,3067.27184187866,3072.60694914296,3077.87478895744,3083.07637521846,3088.2127053524,3093.28476056366,3098.29350608101,3103.23989140184,3108.12485053453,3112.94930223862,3117.71415026283,3122.42028358077,3127.06857662432,3131.65988951461,3136.19506829051,3140.67494513461,3145.10033859668,3149.47205381441,3153.79088273167,3158.05760431398,3162.27298476134,3166.43777771835,3170.55272448156,3174.61855420414,3178.63598409774,3182.60571963159,3186.5284547289,3190.40487196042,3194.23564273528,3198.02142748906,3201.76287586912,3205.46062691717,3209.11530924915,3212.72754123233
Alt_340,642.073505159719,673.804541255957,705.349160280764,736.705071186521,767.869575591893,798.839678644338,829.612177178936,860.183730320815,890.550916393682,920.710279053616,950.658364870674,980.39175406328,1009.90708570324,1039.20107841772,1068.27054739369,1097.11241832142,1125.72373878462,1154.10168750418,1182.24358176513,1210.14688329503,1237.80920281466,1265.22830344319,1292.40210311063,1319.32867610529,1346.00625386519,1372.43322510616,1398.60813536647,1424.52968603765,1450.19673294175,1475.60828450884,1500.76349960178,1525.66168503045,1550.3022927935,1574.68491708135,1598.80929107168,1622.67528354511,1646.28289534693,1669.63225571816,1692.7236185174,1715.55735835315,1738.13396664489,1760.45404762931,1782.51831432728,1804.32758448557,1825.88277650633,1847.18490537627,1868.23507860646,1889.03449219284,1909.58442660654,1929.88624282241,1949.94137839326,1969.75134357679,1989.31771752129,2008.64214451569,2027.72633030885,2046.57203850256,2065.18108702194,2083.55534466667,2101.69672774579,2119.60719679865,2137.28875340379,2154.74343707748,2171.97332226318,2188.98051541267,2205.76715215964,2222.33539458585,2238.68742858,2254.82546128909,2270.75171866177,2286.46844308303,2301.97789109947,2317.28233123403,2332.38404188911,2347.28530933672,2361.98842579418,2376.495687584,2390.80939337607,2404.93184251068,2418.86533340036,2432.61216200887,2446.17462040529,2459.55499539135,2472.7555672,2485.77860826318,2498.62638204684,2511.3011419511,2523.80513027358,2536.1405772338,2548.30970005673,2560.31470211332,2572.15777211623,2583.84108336852,2595.36679306364,2606.73704163454,2617.95395215019,2629.01962975758,2639.93616116735,2650.70561418134,2661.33003726026,2671.81145912983,2682.15188842363,2692.35331336114,2702.41770145933,2712.34699927633,2722.14313218562,2731.8080041793,2741.34349769908,2750.75147349367,2760.03377050111,2769.19220575488,2778.2285743126,2787.14464920603,2795.94218141125,2804.622899838,2813.18851133706,2821.64070072457,2829.98113082248,2838.21144251409,2846.33325481372,2854.34816494973,2862.25774846006,2870.06355929944,2877.76712995748,2885.369971587,2892.87357414182,2900.27940652342,2907.58891673568,2914.8035320473,2921.92465916111,2928.95368438988,2935.89197383797,2942.74087358841,2949.5017098949,2956.17578937822,2962.76439922671,2969.26880740036,2975.69026283805,2982.02999566776,2988.28921741915,2994.46912123837,3000.57088210474,3006.59565704892,3012.54458537235,3018.41878886779,3024.21937204047,3029.94742232986,3035.60401033168,3041.19019002003,3046.70699896936,3052.15545857618,3057.5365742803,3062.85133578542,3068.10071727892,3073.28567765077,3078.40716071132,3083.46609540799,3088.46339604059,3093.39996247529,3098.27668035703,3103.0944213204,3107.85404319886,3112.55639023211,3117.20229327176,3121.792569985,3126.32802505645,3130.8094503879,3135.23762529606,3139.61331670822,3143.93727935577,3148.21025596555,3152.43297744907,3156.60616308938,3160.73052072588,3164.80674693668,3168.83552721885,3172.81753616628,3176.75343764528,3180.64388496785,3184.48952106268,3188.29097864382,3192.04888037702
Alt_350,624.096583425597,655.037527428367,685.803572143745,716.392904428906,746.803273777967,777.032103795809,807.076581001754,836.9337260705,866.600451357241,896.073607623164,925.35002218713,954.426530214299,983.30000046609,1011.967356544,1040.42559443812,1068.6717970216,1096.70314600177,1124.5169317378,1152.11056125578,1179.4815647308,1206.62760065679,1233.54645988651,1260.2360686934,1286.69449098242,1312.91992975729,1338.91072793535,1364.66536858849,1390.18247467752,1415.46080833898,1440.49926977575,1465.29689579688,1489.85285804687,1514.16646096047,1538.23713947515,1562.0644565304,1585.6481003803,1608.98788174319,1632.08373081065,1654.9356941355,1677.54393141761,1699.90871220414,1722.03041252005,1743.90951144319,1765.54658763722,1786.94231585462,1808.09746342115,1829.01288671211,1849.68952762995,1870.12841009224,1890.3306365378,1910.2973844587,1930.02990296466,1949.52950938618,1968.79758592191,1987.83557633529,2006.64498270512,2025.22736223398,2043.58432411819,2061.71752648251,2079.62867338225,2097.31951187529,2114.79182916603,2132.0474498229,2149.08823307095,2165.91607016046,2182.53288181255,2198.94061574223,2215.1412442593,2231.13676194719,2246.92918341962,2262.52054115485,2277.91288340702,2293.10827219405,2308.1087813612,2322.91649471964,2337.53350425877,2351.96190843138,2366.2038105104,2380.26131701585,2394.13653621088,2407.83157666516,2421.34854588443,2434.68954900452,2447.85668754828,2460.85205824401,2473.67775190347,2486.33585235808,2498.82843545157,2511.15756808741,2523.32530732937,2535.33369955353,2547.18477965015,2558.88057027371,2570.42308113942,2581.81430836476,2593.05623385427,2604.15082472614,2615.100032779,2625.90579399737,2636.57002809434,2647.09463808992,2657.4815099237,2667.73251210043,2677.84949536702,2687.83429241976,2697.6887176404,2707.41456685984,2717.01361714812,2726.48762662962,2735.83833432222,2745.06745999933,2754.17670407371,2763.16774750191,2772.04225170849,2780.80185852883,2789.44819016974,2797.98284918682,2806.40741847771,2814.72346129042,2822.9325212459,2831.03612237391,2839.0357691617,2846.93294661442,2854.72912032689,2862.42573656577,2870.02422236166,2877.52598561042,2884.93241518309,2892.24488104393,2899.4647343759,2906.5933077132,2913.63191508019,2920.58185213641,2927.44439632707,2934.2208070386,2940.912325759,2947.52017624234,2954.04556467724,2960.48967985883,2966.85369336396,2973.13875972922,2979.34601663154,2985.47658507104,2991.53156955586,2997.51205828868,3003.41912335477,3009.25382091113,3015.01719137675,3020.71025962361,3026.33403516819,3031.88951236352,3037.37767059126,3042.79947445397,3048.1558739672,3053.44780475127,3058.67618822272,3063.8419317852,3068.94592901964,3073.98905987374,3078.97219085045,3083.89617519561,3088.76185308435,3093.57005180647,3098.32158595045,3103.01725758622,3107.65785644651,3112.24416010671,3116.77693416324,3121.2569324104,3125.68489701548,3130.06155869234,3134.3876368732,3138.66383987869,3142.89086508616,3147.06939909619,3151.20011789722,3155.28368702836,3159.32076174036,3163.3119871546,3167.25799842026,3171.15942086951
Alt_360,607.063640149135,637.252328652748,667.276419624771,697.134542722779,726.824863917135,756.345197431006,785.693095075763,814.865918036717,843.860894932081,872.675169052721,901.305837007879,929.749980490957,958.004692494604,986.067099012854,1013.93437704603,1041.60376955386,1069.07259787108,1096.338271998,1123.39829909898,1150.25029047972,1176.89196726483,1203.3211649585,1229.53583703962,1255.53405771819,1281.31402395952,1306.8740568666,1332.21260249772,1357.32823218565,1382.21964241575,1406.88565431305,1431.32521278209,1455.53738533845,1479.52136066615,1503.27644693198,1526.80206988413,1550.09777076029,1573.16320402777,1595.99813497626,1618.60243718215,1640.97608986155,1663.11917512804,1685.03187516966,1706.7144693587,1728.16733130666,1749.39092587603,1770.38580615939,1791.15261043578,1811.6920591134,1832.00495166705,1852.09216357806,1871.95464328387,1891.59340914386,1911.0095464274,1930.20420432965,1949.17859302026,1967.93398072939,1986.47169087535,2004.79309923748,2022.89963117779,2040.79275891416,2058.47399884793,2075.94490894812,2093.20708619428,2110.26216407982,2127.1118101771,2143.75772376569,2160.20163352459,2176.44529528931,2192.4904898742,2208.33902096051,2223.9927130502,2239.45340948569,2254.72297053511,2269.80327154309,2284.69620114631,2299.40365955352,2313.92755688926,2328.26981160045,2342.43234892515,2356.41709942244,2370.2259975624,2383.86098037526,2397.3239861584,2410.61695324018,2423.74181879926,2436.70051773825,2449.49498161036,2462.12713759772,2474.59890754002,2486.91220701225,2499.06894445004,2511.07102032124,2522.92032634253,2534.61874473952,2546.16814754906,2557.57039596242,2568.82733970794,2579.94081647195,2590.91265135642,2601.74465637232,2612.43862996716,2622.99635658566,2633.41960626212,2643.71013424346,2653.86968064166,2663.89997011431,2673.80271157244,2683.5795979142,2693.23230578349,2702.76249535242,2712.17181012658,2721.46187677218,2730.63430496392,2739.69068725281,2748.63259895303,2757.46159804671,2766.17922510611,2774.78700323205,2783.28643800798,2791.67901746884,2799.96621208396,2808.14947475324,2816.230240816,2824.20992807172,2832.08993681203,2839.87164986343,2847.55643263999,2855.1456332055,2862.64058234458,2870.0425936421,2877.35296357046,2884.57297158423,2891.70388022168,2898.74693521264,2905.70336559249,2912.57438382156,2919.36118590982,2926.06495154628,2932.6868442328,2939.22801142203,2945.68958465903,2952.07267972633,2958.37839679205,2964.60782056096,2970.76202042796,2976.84205063391,2982.84895042349,2988.78374420489,2994.64744171098,3000.44103816193,3006.165514429,3011.82183719917,3017.41095914073,3022.93381906934,3028.39134211457,3033.78443988681,3039.11401064424,3044.38093945983,3049.58609838828,3054.73034663261,3059.81453071054,3064.83948462025,3069.80603000571,3074.71497632128,3079.56712099558,3084.36324959454,3089.10413598352,3093.79054248847,3098.42322005605,3103.00290841264,3107.53033622212,3112.00622124258,3116.43127048156,3120.80618035017,3125.1316368157,3129.40831555296,3133.63688209409,3137.81799197696,3141.95229089211,3146.0404148281,3150.08299021538
Alt_370,590.902562698413,620.374383563801,649.690841982085,678.850977921342,707.853344560747,736.696120554318,765.377199789775,793.894263632449,822.244839444551,850.426348272885,878.436143925626,906.271545152865,933.929862263258,961.408419218577,988.704572026025,1015.81572407767,1042.73933895454,1069.4729511106,1096.01417477179,1122.36071132248,1148.51035540192,1174.46099989413,1200.21063996291,1225.75737625852,1251.09941740237,1276.23508183938,1301.1627991344,1325.88111077808,1350.38867055847,1374.6842445473,1398.76671074374,1422.635058413,1446.28838715319,1469.7259057198,1492.94693063439,1515.95088460123,1538.73729475323,1561.30579074696,1583.65610272427,1605.7880591569,1627.70158458902,1649.39669729134,1670.87350683952,1692.13221162859,1713.17309633409,1733.99652933006,1754.60296007308,1774.99291646098,1795.16700217423,1815.12589400728,1834.87033919681,1854.40115275308,1873.71921480032,1892.82546793145,1911.72091458207,1930.40661442835,1948.88368181281,1967.15328320195,1985.21663467899,2003.07499947495,2020.72968554082,2038.18204316332,2055.43346262648,2072.485371921,2089.33923450313,2105.99654710447,2122.45883759408,2138.72766289375,2154.80460694753,2170.691278746,2186.38931040581,2201.90035530497,2217.22608627384,2232.36819384215,2247.3283845417,2262.10837926478,2276.7099116778,2291.13472668991,2305.38457897595,2319.46123155331,2333.3664544118,2347.10202319609,2360.66971793971,2374.07132184984,2387.30862014199,2400.38339892362,2413.2974441257,2426.05254048126,2438.6504705498,2451.09301378653,2463.38194565539,2475.51903678468,2487.50605216426,2499.34475038315,2511.03688290638,2522.58419339007,2533.98841703351,2545.25127996709,2556.37449867517,2567.35977945247,2578.20881789318,2588.92329841149,2599.50489379257,2609.95526477293,2620.27605964908,2630.46891391352,2640.53544991697,2650.47727655599,2660.29598898482,2669.99316835068,2679.57038155155,2689.02918101543,2698.37110450033,2707.597674914,2716.71040015275,2725.71077295828,2734.60027079194,2743.3803557256,2752.05247434827,2760.61805768793,2769.07852114766,2777.43526445557,2785.68967162775,2793.84311094363,2801.89693493315,2809.85248037516,2817.71106830635,2825.47400404039,2833.14257719644,2840.71806173677,2848.20171601288,2855.59478281962,2862.89848945687,2870.11404779837,2877.24265436725,2884.28549041779,2891.24372202313,2898.11850016846,2904.91096084934,2911.62222517482,2918.25339947511,2924.80557541324,2931.27983010068,2937.67722621649,2943.99881212967,2950.24562202457,2956.41867602907,2962.51898034515,2968.54752738186,2974.50529589021,2980.39325110005,2986.21234485839,2991.96351576936,2997.64768933528,3003.26577809891,3008.81868178658,3014.30728745211,3019.73246962132,3025.09509043708,3030.39599980464,3035.63603553721,3040.8160235017,3045.93677776432,3050.99910073618,3056.00378331867,3060.95160504845,3065.84333424212,3070.67972814036,3075.46153305157,3080.18948449483,3084.86430734214,3089.48671595998,3094.05741434996,3098.57709628863,3103.04644546635,3107.46613562517,3111.83683069574,3116.15918493303,3120.43384305108,3124.66144035654,3128.84260288102
Alt_380,575.548303682832,604.336380004893,632.977390775782,661.470756238653,689.815389570661,718.009809328992,746.05222952768,773.940632257562,801.672826598493,829.246496696547,856.659241218188,883.908605893917,910.992110484929,937.907271217353,964.651619507261,991.222717629162,1017.61817184859,1043.83564343665,1069.87285790382,1095.72761272712,1121.39778379455,1146.88133075085,1172.17630139708,1197.2808352706,1222.19316651175,1246.91162610669,1271.43464358226,1295.76074821767,1319.88856982866,1343.81683917219,1367.54438801354,1391.07014889239,1414.39315462022,1437.5125375375,1460.42752855614,1483.13745601009,1505.64174433451,1527.93991259209,1550.03157286344,1571.91642851694,1593.59427237204,1615.06498476902,1636.3285315572,1657.38496201233,1678.23440669367,1698.87707524991,1719.31325418272,1739.54330457618,1759.56765979937,1779.38682318931,1799.00136572061,1818.41192366792,1837.61919626671,1856.6239433776,1875.42698315893,1894.02918975211,1912.4314909837,1930.63486608803,1948.64034345379,1966.44899839762,1984.06195096774,2001.48036378005,2018.70543988905,2035.73842069582,2052.58058389471,2069.23324146063,2085.6977376782,2101.97544721418,2118.06777323409,2133.97614556416,2149.7020188991,2165.24687105658,2180.61220127858,2195.79952858018,2210.81039014589,2225.64633977355,2240.30894636596,2254.79979246994,2269.12047286265,2283.27259318502,2297.2577686217,2311.07762262721,2324.73378569776,2338.22789418821,2351.56158917339,2364.7365153533,2377.75432000134,2390.61665195489,2403.32516064738,2415.88149518109,2428.28730343974,2440.54423124022,2452.65392152222,2464.6180135752,2476.4381423016,2488.11593751538,2499.653023275,2511.05101724991,2522.3115301196,2533.43616500418,2544.42651692582,2555.28417229977,2566.01070845433,2576.60769317872,2587.07668429797,2597.4192292739,2607.63686483145,2617.73111660925,2627.70349883383,2637.55551401644,2647.28865267179,2656.90439305771,2666.40420093526,2675.78952934811,2685.06181842077,2694.22249517478,2703.27297336205,2712.21465331489,2721.0489218118,2729.77715195844,2738.4007030832,2746.92092064661,2755.33913616406,2763.65666714121,2771.87481702149,2779.99487514513,2788.01811671926,2795.94580279839,2803.77918027492,2811.51948187907,2819.16792618787,2826.72571764258,2834.19404657427,2841.57408923706,2848.86700784858,2856.07395063722,2863.19605189597,2870.23443204222,2877.19019768338,2884.06444168783,2890.858243261,2897.57266802611,2904.20876810946,2910.76758222976,2917.2501357914,2923.65744098134,2929.99049686926,2936.2502895109,2942.4377920542,2948.55396484816,2954.599755554,2960.57609925869,2966.48391859034,2972.32412383559,2978.09761305848,2983.80527222097,2989.44797530463,2995.02658443362,3000.54194999859,3005.99491078154,3011.38629408132,3016.71691583986,3021.98758076877,3027.19908247646,3032.35220359541,3037.44771590966,3042.48638048234,3047.46894778327,3052.39615781632,3057.26874024664,3062.08741452766,3066.85289002771,3071.56586615616,3076.22703248923,3080.83706889516,3085.39664565879,3089.90642360553,3094.36705422461,3098.77917979162,3103.14343349016,3107.46043953284
Alt_390,560.942049484071,589.077409974087,617.073174505852,644.929115843365,672.644481902918,700.218108240038,727.648508340092,754.933946534869,782.072497244449,809.062093390801,835.90056618229,862.585677976581,889.115149554621,915.486682851702,941.697979971207,967.746759136495,993.630768104238,1019.34779545952,1044.89568013209,1070.27231940969,1095.47567567346,1120.50378204092,1145.35474706927,1170.0267586463,1194.5180871753,1218.82708814334,1242.95220414874,1266.89196645195,1290.64499610533,1314.21000470895,1337.58579483397,1360.77126014936,1383.7653852834,1406.5672454479,1429.17600584978,1451.59092091181,1473.81133332257,1495.83667293316,1517.66645551677,1539.3002814059,1560.73783402047,1581.97887829904,1603.02325904451,1623.87089919448,1644.52179802606,1664.97602930385,1685.2337393793,1705.29514524921,1725.16053258031,1744.83025370666,1764.30472560582,1783.58442785976,1802.66990060552,1821.56174248084,1840.2606085691,1858.76720834801,1877.08230364591,1895.20670660926,1913.14127768488,1930.88692361979,1948.44459548177,1965.81528670294,1983.00003114911,1999.99990121666,2016.81600595931,2033.44948924622,2049.9015279532,2066.17333018838,2082.26613355354,2098.18120344228,2113.91983137583,2129.48333337744,2144.87304838593,2160.09033670888,2175.13657851607,2190.0131723733,2204.7215338168,2219.26309396857,2233.6392981923,2247.85160479017,2261.90148374018,2275.79041547377,2289.5198896937,2303.09140423151,2316.50646394443,2329.76657965115,2342.87326710608,2355.82804601138,2368.63243906636,2381.28797105355,2393.79616796085,2406.15855613899,2418.37666149381,2430.45200871239,2442.38612052254,2454.18051698476,2465.83671481592,2477.35622674407,2488.74056089329,2499.99122019815,2511.10970184674,2522.09749675162,2532.95608904791,2543.68695561763,2554.29156563968,2564.77138016457,2575.12785171316,2585.36242389873,2595.47653107145,2605.47159798481,2615.34903948293,2625.11026020834,2634.75665432933,2644.28960528627,2653.71048555614,2663.02065643476,2672.22146783587,2681.31425810651,2690.30035385817,2699.18106981291,2707.95770866396,2716.6315609503,2725.20390494443,2733.67600655299,2742.0491192296,2750.32448389938,2758.5033288947,2766.58686990161,2774.57630991652,2782.4728392126,2790.27763531554,2797.99186298815,2805.61667422343,2813.15320824566,2820.60259151915,2827.96593776425,2835.24434798025,2842.43891047481,2849.55070089962,2856.58078229183,2863.53020512113,2870.40000734197,2877.19121445075,2883.90483954764,2890.54188340281,2897.10333452669,2903.59016924415,2910.00335177222,2916.34383430127,2922.61255707919,2928.81044849865,2934.93842518699,2940.99739209861,2946.98824260976,2952.91185861546,2958.76911062829,2964.56085787912,2970.28794841943,2975.95121922508,2981.55149630144,2987.0895947898,2992.56631907473,2997.98246289249,3003.33880944016,3008.63613148558,3013.87519147785,3019.05674165826,3024.18152417171,3029.25027117839,3034.26370496566,3039.22253806007,3044.12747333939,3048.97920414473,3053.77841439235,3058.52577868552,3063.22196242598,3067.86762192519,3072.46340451521,3077.00994865912,3081.5078840611,3085.95783177587
Alt_400,547.030501615053,574.5422379105,601.921116537176,629.167237130619,656.280158918907,683.259013108624,710.102593285551,736.809428549916,763.377843027219,789.806004568747,816.091964824035,842.233692384778,868.229100329991,894.076069218402,919.772466355096,945.316161989941,970.70504297339,995.937024292119,1021.01005882592,1045.92214560329,1070.67133678242,1095.25574354383,1119.67354104833,1143.92297258837,1168.00235303915,1191.91007169933,1215.64459459693,1239.20446632468,1262.58831145983,1285.79483561535,1308.82282616358,1331.67115266745,1354.33876705039,1376.82470353204,1399.12807835391,1421.24808931616,1443.18401514476,1464.93521470603,1486.50112608417,1507.88126553551,1529.07522633256,1550.08267750919,1570.90336251781,1591.5370978083,1611.98377133768,1632.24334101902,1652.31583311717,1672.2013405987,1691.90002144254,1711.41209691772,1730.73784983388,1749.87762276999,1768.83181628638,1787.60088712467,1806.18534640002,1824.58575778974,1842.80273572217,1860.83694356915,1878.68909184547,1896.3599364184,1913.85027672984,1931.16095403404,1948.29284965289,1965.24688325126,1982.02401113426,1998.62522456818,2015.05154812694,2031.30403806538,2047.3837807208,2063.29189094396,2079.02951056061,2094.59780686435,2109.99797114192,2125.23121723121,2140.298780113,2155.20191453656,2169.94189367967,2184.52000784337,2198.93756318154,2213.19588046545,2227.29629388348,2241.24014987573,2255.02880600365,2268.66362985448,2282.14599798023,2295.47729487098,2308.65891196227,2321.69224667609,2334.57870149519,2347.31968307027,2359.91660135948,2372.37086879992,2384.68389951046,2396.85710852543,2408.89191105857,2420.78972179672,2432.55195422253,2444.18001996574,2455.67532818228,2467.0392849606,2478.27329275458,2489.37874984241,2500.35704981077,2511.20958106355,2521.93772635472,2532.54286234436,2543.02635917747,2553.38958008482,2563.6338810051,2573.76061022788,2583.77110805668,2593.6667064915,2603.44872893021,2613.11848988819,2622.67729473569,2632.12643945211,2641.46721039689,2650.7008840962,2659.82872704501,2668.85199552393,2677.77193543029,2686.58978212296,2695.30676028033,2703.92408377099,2712.44295553661,2720.86456748653,2729.1901004036,2737.42072386082,2745.55759614827,2753.60186420999,2761.55466359034,2769.41711838945,2777.19034122725,2784.87543321597,2792.47348394035,2799.98557144558,2807.4127622323,2814.75611125857,2822.01666194829,2829.19544620587,2836.29348443675,2843.31178557364,2850.2513471079,2857.1131551261,2863.89818435129,2870.60739818875,2877.24174877605,2883.80217703709,2890.28961273993,2896.7049745582,2903.04917013583,2909.3230961549,2915.52763840652,2921.66367186433,2927.73206076066,2933.73365866506,2939.669308565,2945.5398429487,2951.3460838898,2957.08884313384,2962.76892218626,2968.38711240199,2973.94419507629,2979.44094153682,2984.87811323688,2990.25646184949,2995.57672936253,3000.83964817446,3006.04594119085,3011.1963219214,3016.29149457752,3021.33215417018,3026.31898660827,3031.252668797,3036.1338687366,3040.96324562103,3045.7414499368,3050.46912356167,3055.14689986331,3059.7754037978,3064.35525200788
Alt_410,533.765253755237,560.680665338329,587.469309603383,614.131589340407,640.667353366106,667.076008666242,693.356610802576,719.507937189544,745.528546814828,771.416829179708,797.171044620312,822.789357698293,848.269864985801,873.610618289173,898.809644138777,923.864960203863,948.774589159799,973.536570432003,998.148970159774,1022.60988965904,1046.91747261208,1071.06991117155,1095.06545113354,1118.90239630806,1142.57911219418,1166.09402904969,1189.445644431,1212.6325252678,1235.65330952695,1258.50670751281,1281.19150284432,1303.70655314393,1326.05079046891,1348.22322151177,1370.22292759338,1392.04906446957,1413.70086196987,1435.17762348487,1456.47872531721,1477.60361590961,1498.55181496224,1519.32291245041,1539.91656755286,1560.33250750004,1580.57052635076,1600.63048370528,1620.51230336223,1640.21597192597,1659.74153737086,1679.08910756827,1698.25884878175,1717.25098413559,1736.06579206141,1754.70360472728,1773.16480645357,1791.44983211924,1809.5591655625,1827.4933379788,1845.25292631967,1862.83855169512,1880.25087778241,1897.49060924362,1914.55849015454,1931.4553024468,1948.18186436549,1964.73902894392,1981.12768249722,1997.34874313648,2013.4031593046,2029.2919083353,2045.01599503634,2060.576450298,2075.97432972772,2091.21071231173,2106.28669910435,2121.20341194558,2135.96199220744,2150.56359956958,2165.00941082446,2179.30061871232,2193.43843078623,2207.42406830727,2221.25876516996,2234.94376685793,2248.48032942975,2261.86971853486,2275.11320845943,2288.21208120196,2301.16762557836,2313.98113635633,2326.65391341855,2339.18726095456,2351.58248668078,2363.84090108835,2375.96381671839,2387.9525474642,2399.80840789993,2411.53271263528,2423.1267756957,2434.59190992763,2445.92942642822,2457.14063399901,2468.22683862304,2479.18934296489,2490.02944589303,2500.748442024,2511.34762128783,2521.82826851418,2532.19166303857,2542.43907832834,2552.57178162753,2562.59103362035,2572.49808811262,2582.29419173063,2591.98058363695,2601.55849526253,2611.02915005485,2620.39376324121,2629.6535416071,2638.80968328874,2647.86337757969,2656.81580475069,2665.66813588256,2674.42153271152,2683.07714748657,2691.63612283839,2700.09959165953,2708.46867699519,2716.7444919444,2724.92813957116,2733.02071282501,2741.02329447086,2748.93695702753,2756.76276271476,2764.50176340821,2772.15500060232,2779.7235053804,2787.20829839195,2794.61038983659,2801.93077945459,2809.17045652342,2816.33039986029,2823.41157783021,2830.41494835943,2837.34145895391,2844.1920467226,2850.96763840541,2857.66915040533,2864.29748882485,2870.85354950617,2877.33821807514,2883.75236998866,2890.09687058537,2896.37257513949,2902.5803289175,2908.72096723758,2914.7953155317,2920.80418941001,2926.74839472753,2932.62872765299,2938.44597473953,2944.20091299733,2949.89430996786,2955.52692379968,2961.09950332575,2966.61278814199,2972.06750868708,2977.46438632338,2982.80413341878,2988.08745342954,2993.31504098388,2998.48758196627,3003.60575360242,3008.67022454473,3013.68165495829,3018.6406966072,3023.54799294126,3028.4041791829,3033.20988241433,3037.96572166475,3042.67230799766
Alt_420,521.102250167476,547.446977663899,573.670452859594,599.773359749088,625.755816590729,651.617487661971,677.357673568323,702.975384584345,728.469400525596,753.83831988323,779.080600357021,804.194592461423,829.178567522421,854.030741106565,878.749292708897,903.332382359239,927.778164675422,952.084800789279,976.250468490135,1000.27337086625,1024.15174367354,1047.88386162009,1071.46804372193,1094.90265785936,1118.18612464151,1141.3169206693,1164.29358127304,1187.11470278888,1209.778944429,1232.28502979239,1254.63174805651,1276.81795488461,1298.842573079,1320.70459300668,1342.4030728205,1363.93713849631,1385.30598370429,1406.50886953051,1427.54512406336,1448.41414185775,1469.11538328895,1489.64837380669,1510.0127030993,1530.20802417678,1550.23405238104,1570.09056433079,1589.77739680799,1609.29444559243,1628.64166425034,1647.81906288257,1666.82670683756,1685.6647153939,1704.33326041705,1722.8325649943,1741.16290205205,1759.32459295903,1777.31800611883,1795.14355555511,1812.80169949241,1830.29293893534,1847.61781624882,1864.77691374187,1881.7708522571,1898.60028976809,1915.26591998664,1931.76847098171,1948.10870381162,1964.28741117123,1980.30541605543,1996.1635704402,2011.86275398252,2027.40387274022,2042.78785791257,2058.01566460279,2073.08827060294,2088.00667520211,2102.77189801849,2117.38497785568,2131.84697158397,2146.15895304667,2160.32201199213,2174.33725303131,2188.2057946215,2201.92876807599,2215.50731659992,2228.94259435234,2242.23576553443,2255.38800350372,2268.40048991445,2281.27441388362,2294.0109711828,2306.6113634553,2319.07679745865,2331.40848433188,2343.60763888752,2355.6754789279,2367.61322458536,2379.42209768615,2391.10332113748,2402.65811833744,2414.08771260738,2425.39332664624,2436.57618200647,2447.63749859116,2458.57849417174,2469.40038392605,2480.10437999611,2490.69169106526,2501.16352195417,2511.52107323517,2521.76554086465,2531.8981158328,2541.91998383044,2551.83232493233,2561.63631329664,2571.33311687996,2580.92389716753,2590.40980891824,2599.79199992384,2609.071610782,2618.24977468285,2627.32761720849,2636.30625614496,2645.18680130655,2653.97035437172,2662.65800873042,2671.25084934238,2679.74995260597,2688.15638623725,2696.47120915889,2704.69547139851,2712.83021399623,2720.8764689209,2728.83525899483,2736.70759782668,2744.49448975205,2752.19692978166,2759.81590355663,2767.35238731072,2774.80734783913,2782.18174247366,2789.47651906393,2796.69261596431,2803.83096202652,2810.89247659744,2817.87806952193,2824.78864115062,2831.6250823521,2838.38827452961,2845.07908964189,2851.69839022791,2858.24702943544,2864.72585105311,2871.13568954596,2877.47737009407,2883.75170863433,2889.95951190501,2896.10157749303,2902.17869388388,2908.19164051377,2914.14118782423,2920.02809731867,2925.85312162102,2931.61700453619,2937.32048111228,2942.96427770439,2948.54911203997,2954.07569328549,2959.54472211448,2964.95689077672,2970.31288316848,2975.61337490386,2980.85903338691,2986.05051788467,2991.18847960093,2996.27356175063,3001.30639963486,3006.28762071636,3011.21784469555,3016.09768358679,3020.92774179514
Alt_430,509.001313546695,534.799461212779,560.481359675825,586.047953796853,611.499612580192,636.836240397483,662.057367093828,687.162221315854,712.149790476991,737.01887004158,761.768104234108,786.396019831202,810.901054344929,835.281579634173,859.53592176901,883.662377807303,907.659230012784,931.524757941532,955.25724874283,978.855005956145,1002.31635703473,1025.63965978533,1048.82330788057,1071.86573557378,1094.76542172467,1117.52089322656,1140.13072791145,1162.59355699765,1184.90806713471,1207.07300209268,1229.08716413579,1250.94941511534,1272.65867731179,1294.21393405226,1315.61423012642,1336.85867202077,1357.94642798938,1378.87672797664,1399.64886340636,1420.26218684985,1440.71611158431,1461.01011105193,1481.14371822909,1501.11652491421,1520.92818094198,1540.57839333136,1560.06692537383,1579.39359566804,1598.55827710658,1617.56089582015,1636.40143008389,1655.07990919071,1673.5964122956,1691.95106723511,1710.14404932561,1728.1755801439,1746.04592629343,1763.7553981591,1781.30434865365,1798.69317195819,1815.92230225954,1832.99221248653,1849.90341304767,1866.65645057206,1883.25190665562,1899.69039661422,1915.97256824564,1932.09910060155,1948.07070277133,1963.88811267864,1979.55209589226,1995.06344445217,2010.42297571188,2025.631531198,2040.68997548779,2055.59919510555,2070.36009743849,2084.97360967264,2099.44067774934,2113.76226534289,2127.93935285957,2141.97293645851,2155.86402709466,2169.61364958405,2183.22284169154,2196.6926532412,2210.02414524941,2223.21838908062,2236.27646562598,2249.19946450449,2261.98848328695,2274.6446267423,2287.16900610641,2299.56273837299,2311.82694560666,2323.96275427765,2335.97129461823,2347.85370000028,2359.61110633403,2371.24465148738,2382.75547472579,2394.14471617214,2405.41351628638,2416.56301536462,2427.59435305725,2438.50866790569,2449.30709689756,2459.99077503968,2470.56083494868,2481.01840645872,2491.36461624604,2501.60058746984,2511.72743942917,2521.74628723536,2531.65824149973,2541.46440803601,2551.16588757722,2560.76377550655,2570.25916160188,2579.65312979354,2588.94675793492,2598.1411175856,2607.23727380657,2616.2362849672,2625.13920256363,2633.94707104811,2642.66092766911,2651.28180232171,2659.81071740797,2668.24868770695,2676.59672025412,2684.85581422974,2693.02696085586,2701.11114330183,2709.10933659781,2717.02250755607,2724.85161469985,2732.59760819932,2740.26142981463,2747.84401284548,2755.34628208727,2762.76915379322,2770.11353564257,2777.38032671437,2784.57041746669,2791.68468972106,2798.72401665194,2805.68926278087,2812.58128397524,2819.40092745142,2826.14903178205,2832.82642690723,2839.43393414964,2845.97236623309,2852.44252730467,2858.84521296006,2865.18121027196,2871.45129782152,2877.65624573247,2883.796815708,2889.87376107008,2895.88782680118,2901.83974958817,2907.73025786844,2913.5600718779,2919.32990370088,2925.04045732184,2930.69242867865,2936.28650571742,2941.82336844883,2947.30368900571,2952.72813170194,2958.09735309247,2963.41200203437,2968.67271974897,2973.88013988478,2979.03488858131,2984.13758453364,2989.18883905763,2994.18925615581,2999.13943258373
Alt_440,497.425732280801,522.699980488756,547.862526209095,572.914556299038,597.85667314532,622.689005212097,647.411296838904,672.022981478211,696.523241695998,720.911058561106,745.185252495971,769.34451722645,793.387448127877,817.312565997972,841.118337078572,864.803189984359,888.365530067934,911.803751648795,935.116248453195,958.301422547649,981.357691997662,1004.28349744212,1027.07730774075,1049.7376248252,1072.2629878627,1094.65197682347,1116.90321552867,1139.01537424364,1160.98717187155,1182.81737779447,1204.504813402,1226.04835334214,1247.44692652438,1268.69951690105,1289.80516404961,1310.76296357587,1331.57206735572,1352.23168363095,1372.74107697293,1393.09956812666,1413.30653374622,1433.36140603168,1453.26367227653,1473.01287433391,1492.60860800917,1512.05052238567,1531.33831909012,1550.47175150336,1569.45062392202,1588.27479067593,1606.94415520613,1625.45866910769,1643.81833114138,1662.02318621809,1680.07332435937,1697.9688796376,1715.71002909862,1733.29699167006,1750.73002705779,1768.00943463328,1785.1355523141,1802.10875543994,1818.92945564622,1835.59809973718,1852.11516856047,1868.48117588476,1884.69666728227,1900.76221901733,1916.67843694282,1932.44595540541,1948.06543616103,1963.53756730164,1978.86306219428,1994.04265843337,2009.07711680721,2023.96722027929,2038.71377298537,2053.31759924676,2067.77954260049,2082.10046484696,2096.28124511536,2110.32277894741,2124.22597739975,2137.99176616522,2151.62108471334,2165.11488545018,2178.47413289779,2191.69980289328,2204.79288180768,2217.75436578466,2230.58525999893,2243.28657793458,2255.85934068311,2268.30457626114,2280.62331894765,2292.81660864076,2304.88549023367,2316.83101300978,2328.65423005675,2340.35619769925,2351.93797495011,2363.4006229799,2374.74520460427,2385.97278378919,2397.08442517351,2408.08119360874,2418.96415371565,2429.73436945738,2440.39290372886,2450.94081796206,2461.37917174691,2471.70902246739,2481.93142495265,2492.04743114266,2502.05808976813,2511.96444604441,2521.76754137892,2531.46841309186,2541.06809414986,2550.56761291221,2559.96799288929,2569.27025251301,2578.47540491882,2587.5844577389,2596.59841290648,2605.5182664706,2614.34500842136,2623.079622525,2631.72308616887,2640.27637021566,2648.74043886677,2657.11624953455,2665.40475272298,2673.60689191666,2681.72360347775,2689.75581655056,2697.70445297367,2705.57042719917,2713.35464621876,2721.05800949664,2728.68140890873,2736.22572868817,2743.69184537665,2751.08062778161,2758.39293693889,2765.62962608064,2772.7915406084,2779.87951807101,2786.89438814721,2793.83697263276,2800.70808543184,2807.50853255256,2814.2391121065,2820.90061431191,2827.49382150057,2834.01950812813,2840.47844078769,2846.87137822653,2853.19907136581,2859.46226332317,2865.66168943799,2871.79807729923,2877.87214677573,2883.88461004881,2889.83617164708,2895.72752848335,2901.55936989346,2907.33237767699,2913.04722613975,2918.70458213789,2924.30510512358,2929.84944719211,2935.33825313044,2940.77216046693,2946.15179952236,2951.47779346197,2956.75075834864,2961.97130319692,2967.14003002806,2972.25753392576,2977.32440309272
Alt_450,486.341898697343,511.11360720675,535.777752329152,560.33574538267,584.788405992721,609.136071818625,633.378687937493,657.51587991325,681.547013774341,705.4712454642,729.287561799282,752.994814549465,776.591748924396,800.07702748868,823.449250323767,846.706972092855,869.84871653759,892.872988834371,915.778286157848,938.563106735245,961.225957623953,983.765361403711,1006.17986194155,1028.46802936084,1050.62846432385,1072.6598017197,1094.56071383461,1116.32991306982,1137.96615426228,1159.46823665531,1180.83500555958,1202.06535373889,1223.15822255085,1244.11260286844,1264.92753580477,1285.60211326129,1306.13547831638,1326.52682547011,1346.77540075849,1366.88050174954,1386.84147743201,1406.65772800652,1426.32870458801,1445.85390882738,1465.23289245977,1484.46525678596,1503.55065209318,1522.48877702072,1541.27937787577,1559.92224790396,1578.41722651944,1596.76419849817,1614.96309313872,1633.01388339381,1650.91658497613,1668.67125544158,1686.27799325279,1703.73693682575,1721.04826356208,1738.2121888695,1755.22896517264,1772.09888091639,1788.82225956386,1805.39945859079,1821.8308684782,1838.11691170494,1854.25804174175,1870.25474204822,1886.10752507406,1901.81693126599,1917.38352808138,1932.80790900975,1948.09069260324,1963.23252151689,1978.23406155972,1993.09600075733,2007.81904842679,2022.40393426461,2036.8514074482,2051.16223575158,2065.33720467578,2079.37711659429,2093.28278991417,2107.05505825299,2120.69476963198,2134.20278568573,2147.5799808885,2160.82724179754,2173.94546631337,2186.93556295727,2199.79845016603,2212.53505560397,2225.14631549231,2237.63317395587,2249.99658238702,2262.23749882689,2274.35688736376,2286.35571754844,2298.23496382666,2309.99560498821,2321.63862363273,2333.16500565199,2344.57573972844,2355.87181684985,2367.05422983986,2378.12397290412,2389.08204119191,2399.92943037294,2410.66713622902,2421.2961542605,2431.81747930705,2442.23210518264,2452.54102432434,2462.74522745476,2472.84570325778,2482.84343806735,2492.73941556897,2502.53461651373,2512.23001844444,2521.82659543368,2531.32531783346,2540.72715203622,2550.03306024676,2559.24400026506,2568.36092527941,2577.38478366987,2586.3165188215,2595.15706894732,2603.90736692056,2612.56834011603,2621.14091026031,2629.62599329048,2638.02449922116,2646.33733201961,2654.56538948857,2662.70956315674,2670.77073817647,2678.74979322856,2686.64760043393,2694.46502527182,2702.20292650443,2709.86215610769,2717.44355920798,2724.94797402465,2732.37623181793,2739.72915684232,2747.00756630502,2754.21227032936,2761.34407192291,2768.40376695025,2775.3921441101,2782.30998491663,2789.15806368493,2795.93714752024,2802.64799631102,2809.29136272554,2815.86799221194,2822.37862300148,2828.82398611506,2835.20480537262,2841.52179740547,2847.77567167136,2853.96713047209,2860.09686897371,2866.16557522902,2872.17393020232,2878.12260779636,2884.01227488127,2889.84359132547,2895.61721002834,2901.33377695474,2906.99393117104,2912.59830488281,2918.14752347391,2923.64220554699,2929.08296296525,2934.47040089545,2939.8051178521,2945.08770574259,2950.31874991348,2955.4988291976
Alt_460,475.718991188277,500.008293956347,524.193807754901,548.277152041185,572.259348650899,596.140930558167,619.922030739036,643.602454993572,667.181741842249,690.659211993377,714.034009374474,737.305135316517,760.471477158928,783.53183228889,806.484928427592,829.329440816985,852.064006834664,874.687238464449,897.197732970554,919.594082059569,941.874879763419,964.038729235376,986.084248618002,1008.01007611502,1029.81487437719,1051.49733429435,1073.05617827123,1094.49016305251,1115.79808215254,1136.97876793722,1158.03109339823,1178.95397365454,1199.74636721099,1220.40727699999,1240.93575122872,1261.33088405176,1281.59181608621,1301.7177347847,1321.70787467963,1341.56151751069,1361.27799224639,1380.85667500904,1400.29698891198,1419.59840381672,1438.76043601716,1457.78264785725,1476.66464728806,1495.40608736959,1514.00666572237,1532.4661239333,1550.78424692023,1568.96086225887,1586.99583947608,1604.88908931262,1622.64056295876,1640.25025126572,1657.71818393561,1675.04442869262,1692.22909043792,1709.27231039047,1726.17426521603,1742.93516614642,1759.55525809086,1776.03481874127,1792.37415767322,1808.57361544418,1824.63356269046,1840.55439922433,1856.33655313271,1871.98047987851,1887.48666140591,1902.85560525069,1918.08784365643,1933.18393269783,1948.14445141177,1962.970000937,1977.66120366334,1992.21870239088,2006.64315950004,2020.93525613283,2035.09569138615,2049.1251815173,2063.02445916244,2076.79427256812,2090.43538483654,2103.9485731845,2117.33462821665,2130.59435321311,2143.72856343159,2156.73808542443,2169.62375637045,2182.38642342185,2195.02694306621,2207.54618050364,2219.94500903915,2232.22430949016,2244.38496960924,2256.42788352194,2268.35395117971,2280.16407782783,2291.85917348829,2303.44015245738,2314.907932818,2326.26343596655,2337.50758615413,2348.64131004201,2359.66553627111,2370.58119504538,2381.38921772883,2392.09053645601,2402.68608375584,2413.17679218832,2423.56359399423,2433.84742075735,2444.02920307902,2454.10987026492,2464.09035002365,2473.97156817704,2483.7544483818,2493.43991186241,2503.02887715492,2512.52225986132,2521.92097241452,2531.22592385335,2540.43801960762,2549.55816129275,2558.58724651396,2567.52616867962,2576.37581682353,2585.13707543601,2593.81082430337,2602.39793835574,2610.89928752286,2619.31573659767,2627.64814510748,2635.89736719253,2644.06425149154,2652.14964103436,2660.15437314113,2668.07927932807,2675.92518521948,2683.69291046584,2691.38326866778,2698.99706730574,2706.53510767518,2713.99818482701,2721.38708751323,2728.70259813745,2735.94549271027,2743.11654080919,2750.21650554299,2757.24614352038,2764.20620482282,2771.09743298117,2777.92056495629,2784.67633112325,2791.36545525905,2797.9886545337,2804.54663950462,2811.04011411411,2817.46977568974,2823.83631494774,2830.140415999,2836.38275635775,2842.56400695274,2848.68483214081,2854.74588972272,2860.74783096121,2866.69130060111,2872.57693689142,2878.40537160932,2884.1772300859,2889.89313123369,2895.55368757573,2901.15950527621,2906.71118417254,2912.20931780882,2917.65449347062,2923.04729222091,2928.38828893728,2933.67805235009
Alt_470,465.528694199997,489.354586439359,513.080137330436,536.707159250756,560.236862236648,583.669961631332,607.006766321474,630.247251233568,653.391117090274,676.437839850513,699.386711780266,722.236875714245,744.987353758392,767.637071435939,790.184878083205,812.62956414512,834.969875896277,857.204528014388,879.332214353986,901.351617204933,923.261415269428,945.060290550218,966.746934309516,988.320052231219,1009.77836889705,1031.12063166929,1052.34561405811,1073.45211863921,1094.43897957773,1115.30506480575,1136.04927789413,1156.67055965338,1177.16788949367,1197.54028656979,1217.78681073373,1237.90656331445,1257.89868774202,1277.76237003134,1297.49683913873,1317.10136720327,1336.57526968337,1355.91790539813,1375.12867648176,1394.20702825891,1413.15244904759,1431.96446989608,1450.64266425956,1469.18664762155,1487.59607706514,1505.87065079823,1524.01010763704,1542.01422645151,1559.88282557628,1577.6157621903,1595.21293166824,1612.67426690662,1629.9997376271,1647.18934965965,1664.24314420781,1681.16119709829,1697.94361801695,1714.59054973318,1731.10216731444,1747.47867733267,1763.72031706434,1779.82735368546,1795.80008346321,1811.63883094537,1827.34394814896,1842.9158137492,1858.35483226998,1873.66143327687,1888.8360705737,1903.87922140352,1918.79138565504,1933.5730850751,1948.22486248812,1962.74728102313,1977.14092334907,1991.40639091894,2005.54430322343,2019.55529705438,2033.44002577871,2047.19915862317,2060.83337997027,2074.34338866575,2087.72989733801,2100.99363172957,2114.13533004104,2127.1557422876,2140.05562966829,2152.83576394834,2165.49692685445,2178.03990948331,2190.46551172338,2202.77454168994,2214.96781517358,2227.04615510192,2239.01039101475,2250.86135855256,2262.59989895821,2274.22685859196,2285.74308845958,2297.14944375356,2308.44678340726,2319.63596966199,2330.71786764669,2341.69334497032,2352.56327132668,2363.32851811148,2373.98995805162,2384.54846484639,2395.00491282047,2405.3601765886,2415.61513073159,2425.77064948368,2435.82760643079,2445.78687421979,2455.64932427828,2465.41582654485,2475.08724920961,2484.66445846463,2494.14831826432,2503.53969009535,2512.83943275591,2522.04840214422,2531.16745105599,2540.19742899058,2549.13918196576,2557.99355234077,2566.76137864751,2575.44349542962,2584.04073308931,2592.55391774168,2600.98387107629,2609.33141022592,2617.59734764218,2625.78249097782,2633.8876429756,2641.91360136343,2649.86115875574,2657.73110256066,2665.52421489316,2673.24127249362,2680.88304665191,2688.45030313671,2695.9438021299,2703.36429816584,2710.71254007547,2717.98927093493,2725.1952280187,2732.33114275692,2739.39774069697,2746.39574146893,2753.32585875498,2760.18880026248,2766.9852677006,2773.7159567604,2780.38155709829,2786.9827523226,2793.52021998324,2799.99463156433,2806.40665247962,2812.75694207069,2819.04615360769,2825.27493429261,2831.44392526495,2837.55376160968,2843.6050723674,2849.59848054658,2855.53460313784,2861.41405113013,2867.23742952874,2873.00533737504,2878.71836776794,2884.37710788686,2889.98213901626,2895.53403657158,2901.03337012655,2906.48070344176,2911.87659449452
Alt_480,455.744950987416,479.125369132346,502.408600267745,525.596635475194,548.690859912002,571.692159202591,594.601006941406,617.417536784554,640.141602007042,662.772824871035,685.310637702151,707.754317202214,730.103013228471,752.355773029529,774.511561736598,796.569279755594,818.527777583439,840.385868474247,862.142339302843,883.795959910233,905.34549116508,926.789691934327,948.12732512305,969.357162916619,990.477991336324,1011.48861420159,1032.38785657711,1053.17456777116,1073.84762394102,1094.40593035337,1114.84842334036,1135.1740719863,1155.38187957509,1175.47088482437,1195.44016292882,1215.28882643252,1235.01602594722,1254.62095073175,1274.10282914591,1293.46092899034,1312.69455774313,1331.80306270215,1350.78583104168,1369.6422897907,1388.3719057396,1406.97418528155,1425.44867419385,1443.79495736465,1462.01265846944,1480.10143960162,1498.06100086126,1515.8910799054,1533.59145146354,1551.16192682119,1568.60235327462,1585.91261355935,1603.09262525505,1620.14234016916,1637.0617437014,1653.8508541915,1670.50972225181,1687.03843008689,1703.43709080172,1719.70584770017,1735.84487357533,1751.85436999316,1767.73456657078,1783.48572025079,1799.10811457279,1814.60205894322,1829.9678879048,1845.20596040628,1860.31665907381,1875.30038948456,1890.15757944359,1904.88867826475,1919.49415605631,1933.97450301206,1948.33022870851,1962.56186140879,1976.66994737386,1990.65505018149,2004.51775005348,2018.25864319171,2031.87834112319,2045.37747005468,2058.75667023716,2072.01659534037,2085.15791183782,2098.18129840249,2111.08744531333,2123.87705387291,2136.55083583624,2149.10951285103,2161.55381590942,2173.88448481125,2186.10226763913,2198.20792024505,2210.20220574892,2222.08589404878,2233.85976134279,2245.52458966305,2257.08116642111,2268.53028396515,2279.87273914882,2291.10933291164,2302.24086987092,2313.268157925,2324.19200786781,2335.01323301468,2345.73264883909,2356.35107262047,2366.86932310273,2377.28822016347,2387.60858449372,2397.831237288,2407.95699994467,2417.98669377619,2427.9211397294,2437.76115811537,2447.50756834892,2457.16118869738,2466.72283603859,2476.19332562794,2485.57347087413,2494.86408312369,2504.06597145384,2513.17994247374,2522.20680013377,2531.1473455427,2540.00237679265,2548.77268879154,2557.45907310294,2566.06231779309,2574.5832072849,2583.02252221885,2591.38103932041,2599.6595312741,2607.85876660369,2615.97950955864,2624.02252000647,2631.9885533309,2639.87836033568,2647.69268715379,2655.43227516206,2663.09786090086,2670.69017599882,2678.2099471024,2685.65789581012,2693.03473861136,2700.3411868296,2707.57794656985,2714.74571867023,2721.84519865759,2728.87707670689,2735.8420376044,2742.74076071444,2749.57391994957,2756.34218374422,2763.0462150315,2769.68667122308,2776.26420419215,2782.77946025924,2789.23308018082,2795.62569914061,2801.95794674339,2808.23044701139,2814.44381838299,2820.59867371369,2826.69562027938,2832.73525978157,2838.71818835472,2844.64499657552,2850.51626947393,2856.33258654608,2862.09452176882,2867.80264361588,2873.45751507556,2879.05969366997,2884.60973147553,2890.10817514499
Alt_490,446.343744792041,469.295639984945,492.153238937473,514.918698130864,537.593565612635,560.17888598706,582.675287077843,605.083051535763,627.402176137533,649.632421037505,671.773350815364,693.824368813689,715.784745973236,737.653645142202,759.43014164932,781.113240780988,802.701892682701,824.195005108776,845.591454367066,866.890094743071,888.089766637633,909.189303611695,930.187538498605,951.083308717512,971.875460899461,992.562854919714,1013.14436741506,1033.61889485258,1053.98535620629,1074.24269528957,1094.38988278435,1114.4259180022,1134.3498304074,1154.16068092825,1173.85756307895,1193.43960391195,1212.90596481775,1232.25584218723,1251.48846794982,1270.60310999901,1289.59907251576,1308.47569619881,1327.23235841034,1345.86847324412,1364.38349152305,1382.77690073187,1401.04822489057,1419.19702437347,1437.22289567851,1455.12547115076,1472.90441866411,1490.55944126459,1508.0902767785,1525.49669738848,1542.77850918025,1559.93555166256,1576.96769726293,1593.87485080132,1610.65694894391,1627.31395963905,1643.84588153713,1660.25274339623,1676.53460347524,1692.69154891589,1708.72369511538,1724.63118509074,1740.41418883649,1756.07290267673,1771.60754861277,1787.01837366759,1802.30564922802,1817.46967038569,1832.51075527766,1847.42924442771,1862.22550008894,1876.89990558859,1891.45286467582,1905.88480087301,1920.19615683138,1934.38739369141,1948.4589904487,1962.41144332576,1976.2452651502,1989.96098473981,2003.55914629498,2017.04030879866,2030.40504542453,2043.65394295341,2056.78760119837,2069.80663243871,2082.71166086321,2095.50332202268,2108.18226229209,2120.74913834249,2133.20461662281,2145.54937285169,2157.7840915194,2169.90946540003,2181.92619507399,2193.83498846079,2205.63656036223,2217.33163201604,2228.92093065986,2240.40518910566,2251.78514532457,2263.06154204201,2274.23512634319,2285.30664928881,2296.27686554101,2307.14653299935,2317.91641244697,2328.58726720653,2339.15986280611,2349.63496665484,2360.01334772807,2370.2957762622,2380.48302345872,2390.57586119768,2400.57506176018,2410.48139755986,2420.29564088326,2430.0185636389,2439.65093711485,2449.1935317448,2458.64711688226,2468.01246058301,2477.29032939538,2486.48148815834,2495.58669980729,2504.60672518724,2513.54232287334,2522.39424899858,2531.16325708849,2539.85009790262,2548.45551928282,2556.98026600789,2565.42507965477,2573.79069846579,2582.07785722209,2590.28728712287,2598.41971567046,2606.47586656094,2614.45645958025,2622.36221050559,2630.193831012,2637.95202858396,2645.63750643182,2653.25096341308,2660.79309395816,2668.26458800069,2675.66613091217,2682.99840344076,2690.26208165418,2697.45783688663,2704.58633568941,2711.64823978534,2718.64420602675,2725.57488635692,2732.44092777493,2739.24297230365,2745.98165696101,2752.65761373417,2759.2714695567,2765.82384628856,2772.31536069878,2778.74662445081,2785.11824409033,2791.43082103559,2797.68495157006,2803.88122683729,2810.02023283799,2816.10255042923,2822.12875532558,2828.09941810224,2834.01510419996,2839.87637393177,2845.68378249145,2851.43787996353,2857.13921133497,2862.78831650824,2868.38573031587
Alt_500,437.302904741432,459.842310402861,482.290073424195,504.64850321181,526.919299247562,549.103654535087,571.202341315889,593.215782113675,615.144108715348,636.987211261218,658.744779229886,680.416335774239,702.001266592223,723.498844293094,744.908249039061,766.228586096376,787.458900812358,808.598191440192,829.645420157052,850.599522559492,871.459415870183,892.224006049688,912.892193974009,933.462880811875,953.934972713707,974.307384906227,994.579045271769,1014.74889747914,1034.81590372268,1054.77904711765,1074.6373337933,1094.38979471857,1114.03548729105,1133.57349671519,1153.00293719238,1172.32295294273,1191.53271907561,1210.63144232398,1229.6183616557,1248.49274877359,1267.25390851432,1285.90117915541,1304.43393263851,1322.85157471619,1341.15354502877,1359.33931711722,1377.4083983773,1395.36032995991,1413.19468662204,1430.91107653231,1448.50914103484,1465.98855437484,1483.34902338906,1500.590287164,1517.71211666456,1534.71431433564,1551.59671367908,1568.35917880797,1585.00160398059,1601.52391311564,1617.92605929076,1634.20802422598,1650.36981775352,1666.41147727576,1682.33306721247,1698.13467843886,1713.81642771554,1729.37845711178,1744.82093342297,1760.14404758352,1775.34801407613,1790.43307033836,1805.39947616751,1820.24751312446,1834.97748393747,1849.58971190666,1864.08454030967,1878.46233180956,1892.72346786513,1906.8683481447,1920.8973899435,1934.81102760552,1948.60971195007,1962.29390970367,1975.86410293755,1989.32078851132,2002.66447752298,2015.89569476582,2029.01497819229,2042.02287838535,2054.9199580374,2067.70679143706,2080.38396396414,2092.95207159275,2105.41172040298,2117.76352610111,2130.00811354861,2142.14611629995,2154.17817614939,2166.10494268681,2177.92707286261,2189.64523056182,2201.26008618731,2212.77231625231,2224.18260298212,2235.491633925,2246.70010157234,2257.80870298801,2268.81813944682,2279.72911608215,2290.5423415426,2301.25852765771,2311.87838911252,2322.40264313109,2332.83200916873,2343.16720861296,2353.40896449307,2363.55800119815,2373.61504420354,2383.58081980559,2393.45605486451,2403.24147655538,2412.93781212707,2422.54578866889,2432.06613288504,2441.49957087661,2450.8468279309,2460.10862831818,2469.28569509554,2478.37874991774,2487.38851285508,2496.31570221786,2505.1610343876,2513.92522365468,2522.6089820623,2531.21301925673,2539.73804234357,2548.18475574991,2556.55386109241,2564.84605705088,2573.06203924754,2581.20250013156,2589.26812886888,2597.25961123724,2605.17762952607,2613.02286244135,2620.79598501519,2628.49766851996,2636.128580387,2643.68938412962,2651.18073927039,2658.60330127252,2665.95772147527,2673.24464703325,2680.46472085946,2687.61858157202,2694.70686344449,2701.73019635955,2708.6892057661,2715.58451263952,2722.41673344516,2729.18648010474,2735.89435996581,2742.54097577393,2749.12692564767,2755.65280305628,2762.1191967998,2768.52669099181,2774.87586504443,2781.16729365569,2787.40154679913,2793.57918971548,2799.70078290647,2805.76688213062,2811.77803840085,2817.73479798407,2823.63770240247,2829.48728843645,2835.2840881293,2841.0286287934,2846.72143301786
Alt_510,428.601933302722,450.744027301391,472.796918598587,494.763057807269,516.644285095433,538.441931946123,560.156905821012,581.789760562171,603.340754995568,624.809901814674,646.197008468144,667.501711467789,688.723505274259,709.861766704008,730.915775626421,751.884732578089,772.767773806323,793.563984161094,814.272408179429,834.892059645441,855.421929859795,875.860994812275,896.208221418414,916.462572954379,936.623013802412,956.688513601095,976.658050879851,996.530616244787,1016.30521517282,1035.98087046252,1055.55662438297,1075.0315405562,1094.40470560352,1113.67523058204,1132.84225223421,1151.90493406997,1170.86246729884,1189.71407162687,1208.45899593177,1227.09651882767,1245.62594913,1264.04662622933,1282.35792038247,1300.55923292798,1318.64999643255,1336.62967477413,1354.49776316699,1372.25378813361,1389.89730742753,1407.42790991127,1424.8452153929,1442.14887442443,1459.33856806529,1476.41400761353,1493.3749343074,1510.22111899978,1526.95236180761,1543.56849173849,1560.06936629635,1576.45487106808,1592.7249192928,1608.87945141538,1624.91843462576,1640.84186238544,1656.64975394261,1672.34215383705,1687.91913139609,1703.38078022274,1718.72721767706,1733.95858435188,1749.07504354361,1764.07678071933,1778.96400298081,1793.73693852642,1808.39583611151,1822.9409645083,1837.37261196561,1851.69108566938,1865.89671120442,1879.98983201802,1893.97080888601,1907.84001938165,1921.59785734806,1935.24473237436,1948.78106927621,1962.20730758093,1975.52390101774,1988.73131701332,2001.83003619313,2014.82055188868,2027.70336965114,2040.47900677139,2053.14799180687,2065.71086411543,2078.16817339625,2090.52047923812,2102.76835067521,2114.91236575047,2126.95311108669,2138.89118146549,2150.72717941418,2162.46171480064,2174.09540443625,2185.62887168701,2197.06274609271,2208.39766299434,2219.63426316969,2230.77319247714,2241.8151015076,2252.76064524471,2263.61048273315,2274.36527675499,2285.02569351427,2295.59240232949,2306.06607533409,2316.44738718491,2326.73701477844,2336.93563697481,2347.04393432955,2357.06258883293,2366.99228365679,2376.83370290883,2386.58753139424,2396.25445438458,2405.83515739371,2415.33032596085,2424.74064544051,2434.06680079923,2443.30947641904,2452.46935590747,2461.54712191407,2470.54345595325,2479.45903823338,2488.294547492,2497.050660837,2505.72805359374,2514.32739915785,2522.84936885375,2531.29463179864,2539.6638547719,2547.95770208974,2556.17683548508,2564.32191399245,2572.39359383772,2580.39252833279,2588.31936777488,2596.1747593504,2603.95934704329,2611.67377154775,2619.31867018515,2626.8946768251,2634.40242181053,2641.84253188667,2649.21563013388,2656.52233590413,2663.76326476106,2670.93902842362,2678.05023471303,2685.09748750307,2692.08138667356,2699.00252806692,2705.86150344781,2712.65890046562,2719.39530261984,2726.07128922813,2732.68743539706,2739.24431199547,2745.74248563021,2752.18251862442,2758.56496899801,2764.89039045048,2771.15933234587,2777.37233969982,2783.52995316865,2789.6327090404,2795.68113922779,2801.67577126289,2807.61712829369,2813.50572908222,2819.34208800442,2825.12671505145
Alt_520,420.221852573667,441.981014468575,463.653220912233,485.241052695041,506.746480569586,528.170965183677,549.515540586115,570.780883906794,591.967373523033,613.075137691328,634.104095303272,655.053990138941,675.924419746836,696.71485987534,717.424685212357,738.053187052217,758.599588396881,779.063056907474,799.442716048301,819.737654705462,839.94693551336,860.069602082605,880.104685290329,900.051208767283,919.908193694278,939.674663002503,959.349645057419,978.93217689362,998.421307057844,1017.81609810878,1037.11562881522,1056.31899608825,1075.42531667786,1094.43372866063,1113.34339274107,1132.15349338659,1150.86323981327,1169.47186683744,1187.97863560644,1206.38283422,1224.68377825258,1242.88081118571,1260.97330475842,1278.96065924292,1296.84230365192,1314.61769588341,1332.28632280814,1349.84770030432,1367.30137324399,1384.6469154348,1401.88392952077,1419.0120468453,1436.03092727932,1452.9402590174,1469.73975834423,1486.42916937395,1503.00826376438,1519.47684040823,1535.83472510315,1552.08177020241,1568.21785424777,1584.24288158628,1600.15678197222,1615.95951015569,1631.65104545923,1647.23139134337,1662.70057496271,1678.05864671316,1693.3056797717,1708.44176962949,1723.46703361928,1738.38161043797,1753.18565966519,1767.87936127867,1782.46291516708,1796.93654064116,1811.30047594373,1825.55497775919,1839.70032072318,1853.73679693288,1867.66471545857,1881.4844018569,1895.1961976863,1908.8004600251,1922.29756099263,1935.68788727384,1948.97183964772,1962.14983251981,1975.22229345929,1988.18966274083,2001.05239289146,2013.81094824283,2026.46580448896,2039.01744824985,2051.46637664102,2063.81309684927,2076.05812571471,2088.20198931934,2100.24522258229,2112.18836886169,2124.03197956355,2135.77661375748,2147.42283779954,2158.97122496211,2170.42235507097,2181.77681414964,2193.03519407087,2204.19809221548,2215.26611113846,2226.23985824237,2237.11994545806,2247.90698893262,2258.60160872469,2269.20442850691,2279.71607527565,2290.13717906789,2300.46837268525,2310.71029142504,2320.86357281841,2330.92885637538,2340.90678333684,2350.79799643332,2360.60313965055,2370.32285800164,2379.95779730589,2389.50860397414,2398.97592480045,2408.3604067602,2417.66269681434,2426.88344171989,2436.02328784637,2445.08288099828,2454.06286624335,2462.9638877466,2471.78658861,2480.53161071769,2489.19959458668,2497.79117922281,2506.30700198198,2514.74769843656,2523.11390224671,2531.40624503672,2539.62535627613,2547.7718631655,2555.8463905269,2563.84956069882,2571.78199343548,2579.64430581047,2587.43711212459,2595.16102381772,2602.81664938477,2610.40459429548,2617.925460918,2625.37984844622,2632.76835283068,2640.09156671298,2647.35007936363,2654.5444766232,2661.67534084675,2668.74325085139,2675.74878186683,2682.69250548901,2689.57498963657,2696.3967985101,2703.15849255414,2709.86062842181,2716.50375894201,2723.08843308911,2729.61519595501,2736.08458872356,2742.49714864727,2748.85340902614,2755.15389918864,2761.39914447474,2767.58966622094,2773.72598174717,2779.80860434557,2785.83804327103,2791.8148037335,2797.73938689193,2803.61228984981
Alt_530,412.145067075329,433.534930860548,454.839912505272,476.062712577684,497.205422904792,518.269624539416,539.256470003637,560.166752168421,581.000961923148,601.75933651015,622.441900114195,643.048498034595,663.578825538684,684.032452301514,704.408843175097,724.707375897509,744.927356243187,765.068031026805,785.12859930061,805.108222026003,825.006030451908,844.821133393135,864.552623569622,884.199583141072,903.761088549665,923.236214765635,942.624039015644,961.923644061589,981.134121087249,1000.25457224165,1019.2841128809,1038.22187354423,1057.06700169505,1075.81866325347,1094.47604394316,1113.03835047255,1131.50481156762,1149.8746788713,1168.14722772285,1186.32175782875,1204.39759383541,1222.37408581266,1240.25060965617,1258.02656741585,1275.70138755676,1293.274525158,1310.74546205505,1328.11370692991,1345.3787953534,1362.54028978336,1379.59777952228,1396.5508806374,1413.39923584638,1430.14251437096,1446.78041176131,1463.31264969318,1479.73897573996,1496.0591631217,1512.27301043287,1528.38034135043,1544.38100432403,1560.27487224963,1576.06184212803,1591.7418347096,1607.31479412644,1622.78068751317,1638.13950461738,1653.39125740085,1668.53597963253,1683.57372647409,1698.50457405909,1713.3286190665,1728.0459782894,1742.65678819955,1757.16120450867,1771.55940172696,1785.85157271963,1800.03792826195,1814.11869659341,1828.09412297165,1841.96446922646,1855.73001331459,1869.39104887561,1882.94788478941,1896.40084473566,1909.75026675567,1922.99650281701,1936.13991838119,1949.18089197478,1962.11981476422,1974.95709013466,1987.69313327304,2000.32837075568,2012.86324014058,2025.29818956474,2037.63367734653,2049.87017159344,2062.0081498153,2074.0480985431,2085.99051295363,2097.83589649999,2109.5847605481,2121.23762401932,2132.79501303923,2144.2574605927,2155.62550618531,2166.89969551107,2178.08058012661,2189.16871713188,2200.16466885723,2211.06900255706,2221.88229010997,2232.6051077254,2243.23803565684,2253.78165792141,2264.23656202607,2274.60333870017,2284.88258163444,2295.0748872264,2305.18085433209,2315.20108402407,2325.13617935571,2334.98674513165,2344.75338768436,2354.43671465682,2364.03733479118,2373.55585772331,2382.99289378332,2392.34905380174,2401.62494892149,2410.82119041543,2419.93838950953,2428.97715721142,2437.93810414437,2446.82184038656,2455.62897531557,2464.36011745793,2473.01587434377,2481.59685236639,2490.10365664663,2498.53689090211,2506.89715732099,2515.18505644043,2523.40118702949,2531.54614597637,2539.62052818005,2547.62492644608,2555.55993138646,2563.42613132362,2571.22411219829,2578.95445748123,2586.61774808871,2594.21456230166,2601.74547568844,2609.21106103107,2616.61188825484,2623.94852436132,2631.22153336458,2638.43147623055,2645.57891081944,2652.66439183124,2659.68847075405,2666.65169581531,2673.55461193571,2680.39776068588,2687.18168024561,2693.90690536569,2700.5739673321,2707.18339393269,2713.73570942614,2720.23143451316,2726.67108630992,2733.05517832355,2739.38422042973,2745.65871885221,2751.87917614437,2758.04609117254,2764.15995910116,2770.22127137971,2776.2305157313,2782.18817614291
Alt_540,404.355241032805,425.388743776967,446.339280543798,467.209661855214,488.002091643792,508.718263116544,529.359439632469,549.926522703302,570.420109106725,590.84053887829,611.187935699697,631.4622409628,651.663242575827,671.790599395003,691.843862010498,711.822490487366,731.725869556477,751.553321663674,771.304118214401,790.977489292956,810.572632087948,830.088718216661,849.524900109013,868.880316585583,888.154097742501,907.345369238149,926.453256061802,945.476885852055,964.415391822656,983.26791534482,1002.03360822795,1020.71163473469,1039.30117336124,1057.80141840944,1076.21158137384,1094.53089216347,1112.75860017593,1130.8939752388,1148.93630843165,1166.88491280035,1184.73912397394,1202.49830069298,1220.16182525763,1237.72910390237,1255.19956710391,1272.57266982779,1289.84789171898,1307.02473724089,1324.10273576706,1341.08144162924,1357.96043412526,1374.73931748988,1391.41772083132,1407.99529803625,1424.47172764552,1440.84671270289,1457.11998057875,1473.29128277084,1489.36039468361,1505.32711538792,1521.19126736264,1536.95269621945,1552.61127041242,1568.16688093335,1583.61944099432,1598.96888569837,1614.21517169944,1629.35827685264,1644.39819985561,1659.33495988209,1674.16859620831,1688.8991678332,1703.52675309307,1718.05144927146,1732.47337220495,1746.79265588552,1761.00945205998,1775.12392982725,1789.13627523392,1803.04669086858,1816.85539545556,1830.56262344839,1844.1686246236,1857.67366367514,1871.07801980984,1884.38198634445,1897.58587030438,1910.68999202464,1923.69468475328,1936.60029425756,1949.40717843323,1962.11570691707,1974.72626070306,1987.23923176231,1999.65502266706,2011.97404621884,2024.19672508107,2036.32349141621,2048.35478652774,2060.29106050687,2072.13277188439,2083.88038728763,2095.53438110265,2107.09523514173,2118.56343831646,2129.93948631612,2141.22388129182,2152.41713154622,2163.51975122889,2174.53226003749,2185.45518292466,2196.28904981071,2207.03439530214,2217.69175841594,2228.26168230977,2238.7447140179,2249.141404193,2259.45230685375,2269.67797913816,2279.81898106273,2289.87587528726,2299.84922688543,2309.73960312095,2319.54757322937,2329.27370820548,2338.91858059615,2348.48276429873,2357.96683436474,2367.37136680903,2376.69693842412,2385.94412659986,2395.11350914814,2404.20566413281,2413.22116970449,2422.16060394044,2431.02454468924,2439.81356942026,2448.52825507791,2457.16917794048,2465.7369134836,2474.23203624812,2482.65511971249,2491.00673616939,2499.28745660668,2507.49785059246,2515.63848616427,2523.70992972231,2531.7127459265,2539.6474975975,2547.51474562144,2555.31504885839,2563.04896405433,2570.71704575678,2578.31984623385,2585.85791539658,2593.33180072467,2600.74204719541,2608.08919721576,2615.37379055741,2622.59636429499,2629.75745274708,2636.85758742006,2643.89729695486,2650.87710707627,2657.79754054494,2664.65911711198,2671.462353476,2678.20776324259,2684.8958568862,2691.52714171424,2698.1021218335,2704.62129811868,2711.08516818304,2717.49422635112,2723.84896363339,2730.1498677029,2736.39742287374,2742.59211008138,2748.73440686464,2754.82478734953,2760.86372223463
Alt_550,NaN,417.526615140982,438.134849982384,458.664804106899,479.118785079886,499.498590478839,519.805587302548,540.040779015136,560.204862043613,580.298273381825,600.321230742668,620.273766487096,640.155756362162,659.966943908231,679.706961248686,699.375346852386,718.971560756836,738.494997655716,757.944998184964,777.320858684638,796.621839666998,815.847173182774,834.996069246006,854.067721451786,873.061311899714,891.976015518128,910.811003869368,929.565448504119,948.238523922619,966.829410191992,985.337295261805,1003.76137701394,1022.10086507778,1040.35498243751,1058.52296685458,1076.60407212545,1094.59756919204,1112.50274712007,1130.31891395867,1148.04539749283,1165.68154589901,1183.2267283131,1200.68033531847,1218.04177936155,1235.31049510105,1252.48593969663,1269.56759304203,1286.5549579472,1303.44756027365,1320.2449490266,1336.94669640742,1353.55239782934,1370.06167189932,1386.47416036853,1402.78952805388,1419.00746273271,1435.1276750127,1451.14989817873,1467.07388801854,1482.89942262865,1498.62630220217,1514.2543487997,1529.78340610483,1545.21333916523,1560.54403412068,1575.775397919,1590.90735802083,1605.93986209446,1620.87287770129,1635.70639197306,1650.44041128146,1665.07496090098,1679.61008466575,1694.04584462097,1708.38232066966,1722.61961021532,1736.7578278011,1750.79710474607,1764.73758877904,1778.57944367051,1792.32284886326,1805.96799910196,1819.5151040622,1832.96438797958,1846.31608927888,1859.57046020411,1872.72776644939,1885.78828679128,1898.75231272274,1911.62014808902,1924.39210872581,1937.06852209993,1949.64972695263,1962.13607294605,1974.52792031272,1986.82563950857,1999.02961086947,2011.14022427153,2023.15787879541,2035.08298239464,2046.91595156821,2058.65721103749,2070.30719342763,2081.86633895361,2093.33509511086,2104.71391637076,2116.00326388092,2127.20360517044,2138.31541386009,2149.33916937761,2160.27535667804,2171.12446596916,2181.88699244217,2192.56343600748,2203.1543010357,2213.66009610389,2224.08133374698,2234.41853021443,2244.67220523213,2254.84288176945,2264.93108581149,2274.93734613657,2284.86219409873,2294.70616341552,2304.46978996071,2314.15361156214,2323.75816780462,2333.28399983768,2342.73165018834,2352.10166257874,2361.39458174859,2370.61095328238,2379.75132344133,2388.81623900002,2397.80624708758,2406.72189503345,2415.56373021765,2424.33229992543,2433.02815120628,2441.65183073722,2450.20388469038,2458.68485860465,2467.09529726145,2475.43574456454,2483.70674342374,2491.90883564254,2500.04256180955,2508.10846119364,2516.10707164275,2524.03892948635,2531.90456944137,2539.70452452159,2547.43932595043,2555.10950307705,2562.7155832957,2570.25809196821,2577.73755234963,2585.15448551689,2592.50941030036,2599.80284321846,2607.03529841493,2614.20728759901,2621.31931998819,2628.37190225373,2635.36553846862,2642.30073005813,2649.17797575279,2655.99777154372,2662.7606106403,2669.4669834301,2676.11737744101,2682.71227730552,2689.25216472704,2695.7375184483,2702.1688142217,2708.54652478155,2714.87111981823,2721.14306595407,2727.36282672109,2733.53086254037,2739.64763070309
Alt_560,NaN,409.933799344077,430.211278184776,450.41221369336,470.539009050344,490.593558849046,510.577326935169,530.491412416911,550.336605487816,570.113434597462,589.822206332735,609.463039184853,629.035892198253,648.540589336941,667.976840265017,687.344258120289,706.642374761367,725.87065388671,745.028502356465,764.115279992085,783.130308082761,802.072876789788,820.94225160877,839.737679023746,858.45839146601,877.10361167269,895.67255652548,914.164440437684,932.578478347528,950.913888367147,969.16989412951,987.34572686951,1005.44062727038,1023.45384710227,1041.38465067631,1059.2323161341,1076.99613659045,1094.67542114433,1112.26949577157,1129.77770411103,1147.19940815441,1164.53398884892,1181.78084662076,1198.93940182653,1216.00909513905,1232.989387873,1249.87976225562,1266.67972164701,1283.38879071402,1300.00651556145,1316.53246382397,1332.96622472166,1349.30740908209,1365.55564933134,1381.71059945625,1397.77193494019,1413.73935267407,1429.61257084463,1445.39132880141,1461.07538690426,1476.66452635256,1492.15854899759,1507.55727713944,1522.86055330935,1538.06824003883,1553.18021961655,1568.19639383378,1583.11668371964,1597.94102926668,1612.66938914786,1627.30174042558,1641.83807825353,1656.27841557209,1670.62278279787,1684.87122750804,1699.02381412015,1713.08062356779,1727.04175297294,1740.90731531512,1754.67743909826,1768.35226801541,1781.93196061194,1795.41668994753,1808.80664325741,1822.10202161323,1835.3030395839,1848.40992489674,1861.42291809924,1874.34227222183,1887.16825244185,1899.90113574903,1912.54121061275,1925.08877665136,1937.54414430367,1949.90763450297,1962.17957835375,1974.36031681119,1986.45020036379,1998.4495887192,2010.35885049334,2022.17836290319,2033.90851146311,2045.54968968496,2057.1022987822,2068.56674737789,2079.94345121685,2091.23283288201,2102.435321515,2113.55135254108,2124.58136739854,2135.52581327248,2146.38514283314,2157.1598139788,2167.85028958326,2178.45703724791,2188.98052905851,2199.42124134655,2209.7796544554,2220.05625251099,2230.25152319736,2240.3659575367,2250.40004967424,2260.35429666771,2270.22919828142,2280.0252567851,2289.74297675722,2299.38286489298,2308.94542981676,2318.43118189921,2327.84063307874,2337.17429668749,2346.43268728167,2355.61632047636,2364.72571278449,2373.76138146023,2382.72384434651,2391.61361972675,2400.43122618073,2409.17718244449,2417.85200727424,2426.45621931429,2434.99033696879,2443.45487827741,2451.85036079469,2460.17730147322,2468.43621655042,2476.62762143895,2484.75203062061,2492.80995754381,2500.80191452435,2508.72841264966,2516.58996168623,2524.38706999037,2532.12024442202,2539.7899902618,2547.39681113099,2554.94120891454,2562.42368368699,2569.84473364127,2577.20485502026,2584.50454205106,2591.74428688207,2598.92457952249,2606.04590778453,2613.10875722805,2620.11361110766,2627.06095032214,2633.95125336631,2640.78499628505,2647.56265262955,2654.2846934158,2660.95158708506,2667.56379946649,2674.12179374169,2680.62603041124,2687.07696726309,2693.47505934287,2699.82075892584,2706.11451549079,2712.35677569543,2718.54798335359
Alt_570,NaN,402.596551317561,422.554260039315,442.437038094807,462.247376680239,481.987260444611,501.65824365992,521.261515120879,540.797953234406,560.268172711896,579.672564144685,599.011327582069,618.284501069968,637.491984959927,656.63356266742,675.708918446293,694.717652651426,713.659294882538,732.533315336153,751.33913463824,770.076132384918,788.743654581304,807.341020137813,825.867526557627,844.322454927981,862.705074310282,881.014645609516,899.250424991207,917.411666903986,935.497626757338,953.50756329692,971.440740713799,989.296430518908,1007.07391320969,1024.77247975224,1042.39143289926,1059.9300883613,1077.3877758467,1094.76383998365,1112.05764113608,1129.26855612375,1146.39597885557,1163.43932088437,1180.39801189001,1197.27150009738,1214.05925263482,1230.76075583809,1247.37551550428,1263.90305709993,1280.34292592679,1296.69468724879,1312.95792638294,1329.13224875712,1345.21727993719,1361.21266562557,1377.11807163356,1392.93318382919,1408.6577080624,1424.29137006921,1439.83391535634,1455.2851090677,1470.64473583414,1485.91259960747,1501.08852348016,1516.17234949153,1531.16393842164,1546.06316957365,1560.86994054567,1575.58416699282,1590.20578238041,1604.73473772889,1619.17100135128,1633.51455858381,1647.76541151039,1661.92357868147,1675.98909482783,1689.96201057004,1703.84239212385,1717.63032100213,1731.32589371392,1744.92922146081,1758.44042983131,1771.8596584934,1785.18706088587,1798.4228039086,1811.56706761228,1824.62004488782,1837.58194115583,1850.45297405637,1863.23337313941,1875.92337955606,1888.52324575106,1901.03323515654,1913.4536218875,1925.78469043905,1938.02673538569,1950.18006108285,1962.24498137079,1974.22181928114,1986.11090674611,1997.9125843106,2009.6272008474,2021.25511327545,2032.79668628146,2044.25229204487,2055.62230996628,2066.90712639957,2078.10713438756,2089.22273340154,2100.25432908455,2111.20233299859,2122.06716237576,2132.84923987343,2143.54899333343,2154.16685554532,2164.70326401385,2175.15866073044,2185.53349194899,2195.82820796575,2206.04326290343,2216.17911449961,2226.2362238992,2236.21505545125,2246.11607650993,2255.93975723969,2265.68657042465,2275.35699128211,2284.95149728028,2294.47056796013,2303.91468476129,2313.28433085215,2322.57999096389,2331.80215122862,2340.95129902148,2350.0279228067,2359.03251198754,2367.96555676014,2376.8275479712,2385.61897697944,2394.34033552077,2402.9921155772,2411.5748092494,2420.08890863284,2428.53490569745,2436.91329217085,2445.22455942497,2453.4691983661,2461.64769932823,2469.76055196979,2477.80824517346,2485.79126694933,2493.71010434107,2501.56524333519,2509.35716877342,2517.08636426786,2524.75331211922,2532.35849323782,2539.90238706738,2547.38547151159,2554.80822286335,2562.17111573661,2569.47462300087,2576.71921571808,2583.90536308215,2591.03353236075,2598.10418883954,2605.11779576872,2612.07481431178,2618.9757034965,2625.82092016811,2632.61091894454,2639.34615217369,2646.0270698928,2652.65411978966,2659.22774716581,2665.74839490157,2672.21650342291,2678.63251067002,2684.99685206771,2691.30996049735,2697.57226627059
Alt_580,NaN,NaN,415.150442380197,434.725409776998,454.229517852689,473.664834714938,493.032998984465,512.33528350878,531.572649660087,550.745793504177,569.855185035299,588.901101538097,607.883655994949,626.80282132105,645.658451087439,664.450297285853,683.178025598654,701.841228560607,720.439436935431,738.972129576813,757.438741999416,775.838673848774,794.171295428585,812.435953418729,830.631975896358,848.758676755028,866.815359602315,884.801321204213,902.715854534501,920.558251478731,938.327805235365,956.023812450522,973.645575117753,991.192402269915,1008.66361148658,1026.05853023731,1043.37649707844,1060.61686271878,1077.77899096778,1094.86225957778,1111.86606099092,1128.78980299971,1145.63290932932,1162.3948201489,1179.07499251799,1195.67290077401,1212.18803686558,1228.61991063634,1244.96805006333,1261.23200145346,1277.41132960151,1293.50561791253,1309.51446849143,1325.43750220213,1341.27435869858,1357.02469642972,1372.68819262017,1388.26454322856,1403.75346288482,1419.15468480827,1434.46796070753,1449.69306066376,1464.82977299832,1479.87790412599,1494.83727839469,1509.70773791285,1524.48914236514,1539.18136881759,1553.78431151273,1568.29788165571,1582.72200719193,1597.05663257698,1611.30171853949,1625.45724183747,1639.52319500883,1653.49958611649,1667.38643848865,1681.18379045483,1694.89169507794,1708.51021988302,1722.039446583,1735.47947080185,1748.83040179564,1762.09236217166,1775.26548760625,1788.34992656139,1801.34584000054,1814.25340110401,1827.07279498412,1839.8042184004,1852.44787947519,1865.00399740979,1877.47280220147,1889.8545343615,1902.14944463446,1914.35779371904,1926.47985199045,1938.5158992247,1950.46622432494,1962.33112504982,1974.11090774436,1985.80588707315,1997.41638575616,2008.94273430735,2020.38527077601,2031.7443404911,2043.02029580865,2054.21349586225,2065.32430631676,2076.35309912536,2087.30025228997,2098.16614962503,2108.95118052487,2119.65573973458,2130.28022712449,2140.82504746827,2151.2906102247,2161.67732932321,2171.98562295305,2182.21591335629,2192.36862662458,2202.44419249965,2212.44304417767,2222.36561811732,2232.2123538518,2241.98369380444,2251.6800831083,2261.30196942942,2270.84980279391,2280.32403541872,2289.72512154627,2299.05351728266,2308.30968043969,2317.49407038047,2326.60714786873,2335.6493749217,2344.62121466661,2353.52313120069,2362.35558945476,2371.11905506023,2379.81399421957,2388.44087358018,2397.00016011162,2405.49232098619,2413.91782346272,2422.27713477365,2430.57072201531,2438.79905204129,2446.96259135895,2455.06180602901,2463.09716156804,2471.06912285406,2478.97815403492,2486.82471843963,2494.60927849243,2502.33229562971,2509.99423021959,2517.59554148417,2525.13668742444,2532.61812474771,2540.04030879762,2547.40369348655,2554.70873123052,2561.95587288644,2569.14556769171,2576.27826320604,2583.35440525557,2590.37443787916,2597.33880327677,2604.24794176001,2611.10229170467,2617.9022895053,2624.64836953167,2631.34096408724,2637.98050336942,2644.56741543167,2651.10212614739,2657.58505917553,2664.0166359279,2670.39727553814,2676.72739483226
Alt_590,NaN,NaN,407.987346675734,427.264366527921,446.47199733353,465.612384396518,484.687244925161,503.697930485189,522.645480448385,541.530667593437,560.354036965468,579.115938994883,597.816557752212,616.455935092668,635.03399133076,653.55054298515,672.005318047467,690.39796915532,708.728084987902,726.995200150791,745.198803773395,763.338347006548,781.413249577886,799.422905537739,817.366688307604,835.243955125986,853.054050971982,870.796312034949,888.470068788488,906.074648718479,923.609378747802,941.073587394309,958.466606693568,975.787773913552,993.036433084799,1010.21193636645,1027.3136452659,1044.34093172758,1061.29317910428,1078.16978302301,1094.97015215565,1111.69370890377,1128.33989000538,1144.90814707116,1161.39794705625,1177.80877267333,1194.1401227521,1210.39151254959,1226.56247401539,1242.65255601543,1258.66132451756,1274.58836274196,1290.43327127902,1306.19566817707,1321.87518900234,1337.47148687303,1352.98423246946,1368.41311402187,1383.75783727766,1399.01812544924,1414.19371914412,1429.28437627827,1444.28987197399,1459.20999844338,1474.04456485838,1488.79339720838,1503.45633814615,1518.03324682313,1532.52399871461,1546.92848543577,1561.24661454908,1575.47830936387,1589.62350872854,1603.68216681616,1617.65425290386,1631.53975114662,1645.33866034603,1659.0509937143,1672.67677863418,1686.21605641511,1699.66888204605,1713.03532394534,1726.31546370802,1739.509395851,1752.61722755623,1765.63907841248,1778.57508015575,1791.4253764089,1804.19012242046,1816.86948480319,1829.4636412724,1841.97278038451,1854.39710127581,1866.73681340189,1878.9921362778,1891.1632992192,1903.25054108463,1915.25411001918,1927.1742631996,1939.01126658114,1950.76539464616,1962.4369301547,1974.02616389722,1985.5333944494,1996.95892792949,2008.30307775788,2019.56616441944,2030.74851522833,2041.85046409563,2052.87235129981,2063.81452326004,2074.67733231249,2085.4611364897,2096.16629930296,2106.79318952789,2117.34218099324,2127.81365237284,2138.20798698092,2148.52557257063,2158.76680113604,2168.93206871735,2179.02177520959,2189.03632417469,2198.97612265693,2208.84158100185,2218.6331126786,2228.35113410565,2237.99606448002,2247.56832560989,2257.06834175058,2266.49653944407,2275.85334736178,2285.13919615081,2294.35451828355,2303.49974791061,2312.57532071707,2321.58167378206,2330.51924544163,2339.38847515483,2348.18980337303,2356.92367141247,2365.59052132991,2374.1907958015,2382.72493800461,2391.19339150289,2399.59660013423,2407.93500790172,2416.20905886767,2424.41919705039,2432.56586632396,2440.64951032076,2448.67057233686,2456.62949524008,2464.52672138085,2472.36269250564,2480.13784967312,2487.8526331728,2495.50748244627,2503.10283601097,2510.63913138627,2518.11680502215,2525.53629223012,2532.89802711646,2540.20244251782,2547.44996993899,2554.6410394929,2561.77607984272,2568.85551814615,2575.87978000166,2582.8492893969,2589.76446865893,2596.62573840653,2603.43351750428,2610.18822301863,2616.89027017566,2623.54007232069,2630.13804087961,2636.68458532189,2643.18011312526,2649.625029742,2656.01973856682
Alt_600,NaN,NaN,401.05329907408,420.041779338788,438.962240609902,457.816899434068,476.607546138065,495.335605947755,514.00219153029,532.608147982523,551.154091280658,569.640441128973,588.067449041024,606.435222377005,624.743744956788,642.992894774298,661.182459256839,679.312148442584,697.381606389709,715.390421080437,733.33813304111,751.224242864241,769.048217789143,786.809497473193,804.507499065405,822.141621676844,839.711250328175,857.215759442632,874.654515942683,892.02688200019,909.332217482752,926.569882132924,943.739237511886,960.839648734856,977.870486021846,994.831126084245,1011.72095336506,1028.53936114832,1045.28575255127,1061.95954141123,1078.56015307749,1095.08702511763,1111.53960794617,1127.91736538289,1144.21977514711,1160.44632929367,1176.59653459552,1192.66991287765,1208.66600130614,1224.58435263629,1240.4245354227,1256.18613419463,1271.86874959907,1287.47199851403,1302.99551413425,1318.43894603139,1333.80196019035,1349.0842390237,1364.28548136553,1379.4054024462,1394.44373384942,1409.40022345273,1424.27463535262,1439.06674977524,1453.77636297384,1468.40328711364,1482.94735014523,1497.40839566707,1511.78628277801,1526.08088592048,1540.29209471504,1554.41981378684,1568.46396258474,1582.42447519352,1596.30130013978,1610.094400192,1623.80375215533,1637.42934666146,1650.97118795405,1664.42929367014,1677.80369461801,1691.09443455169,1704.30156994266,1717.42516974897,1730.46531518216,1743.42209947233,1756.29562763146,1769.08601621565,1781.79339308605,1794.41789716923,1806.95967821688,1819.41889656527,1831.79572289459,1844.09033798845,1856.30293249376,1868.43370668107,1880.48287020571,1892.45064186973,1904.33724938501,1916.14292913755,1927.86792595308,1939.51249286423,1951.07689087937,1962.5613887532,1973.96626275916,1985.29179646398,1996.53828050424,2007.70601236515,2018.79529616167,2029.80644242199,2040.73976787344,2051.59559523105,2062.37425298857,2073.07607521231,2083.70140133758,2094.25057596806,2104.72394867783,2115.12187381646,2125.44471031686,2135.6928215062,2145.86657491974,2155.96634211771,2165.9924985052,2175.94542315512,2185.82549863423,2195.63311083226,2205.36864879406,2215.03250455496,2224.62507297914,2234.14675160113,2243.59794047042,2252.97904199916,2262.29046081295,2271.53260360469,2280.70587899155,2289.81069737491,2298.84747080344,2307.81661283909,2316.71853842617,2325.55366376337,2334.32240617875,2343.02518400763,2351.66241647344,2360.2345235714,2368.74192595511,2377.18504482585,2385.56430182486,2393.88011892816,2402.13291834429,2410.32312241461,2418.45115351633,2426.51743396819,2434.52238593862,2442.4664313566,2450.34999182494,2458.17348853606,2465.93734219025,2473.64197291633,2481.28780019464,2488.87524278238,2496.40471864133,2503.87664486765,2511.29143762409,2518.64951207424,2525.95128231897,2533.19716133501,2540.38756091552,2547.52289161273,2554.60356268254,2561.62998203116,2568.60255616348,2575.52169013349,2582.38778749645,2589.20125026286,2595.96247885422,2602.67187206047,2609.32982699914,2615.93673907618,2622.49300194837,2628.99900748727,2635.4551457448
Alt_610,NaN,NaN,NaN,413.046287015845,431.688466616005,450.266187930061,468.7813092042,487.235324522097,505.629415384294,523.964495040163,542.241246493283,560.460155053119,578.621536221417,596.725559605684,614.772269457441,632.761602345607,650.693402397925,668.56743447614,686.383395593158,704.140924831801,721.839611983735,739.479005092798,757.05861705813,774.577931428417,792.036407498395,809.433484801866,826.768587081344,844.041125802558,861.250503272065,878.39611540781,895.477354205388,912.493609936752,929.444273113052,946.328736238941,963.146395382063,979.896651578259,996.578912090397,1013.19259153641,1029.7371129002,1046.21190843729,1062.61642048584,1078.95010219213,1095.21241815872,1111.40284502253,1127.52087196916,1143.56600118918,1159.5377482814,1175.43564260778,1191.25922760375,1207.00806104789,1222.68171529401,1238.27977746865,1253.80184963667,1269.24754893732,1284.61650769302,1299.90837349278,1315.12280925213,1330.25949325127,1345.31811915278,1360.29839600063,1375.20004820139,1390.02281548922,1404.76645287543,1419.43073058387,1434.01543397298,1448.52036344547,1462.94533434636,1477.29017685036,1491.55473583904,1505.73887076878,1519.84245552992,1533.86537829782,1547.80754137645,1561.66886103491,1575.44926733757,1589.14870396821,1602.76712804867,1616.30450995237,1629.76083311332,1643.13609383076,1656.43030106999,1669.64347625978,1682.77565308645,1695.82687728535,1708.79720642964,1721.68670971702,1734.49546775444,1747.22357234125,1759.87112625093,1772.43824301166,1784.92504668613,1797.33167165054,1809.65826237326,1821.90497319323,1834.07196809831,1846.15942050383,1858.16751303144,1870.09643728848,1881.946393648,1893.71759102967,1905.41024668161,1917.02458596334,1928.56084212999,1940.01925611793,1951.40007633178,1962.70355843313,1973.92996513094,1985.07956597376,1996.1526371438,2007.14946125308,2018.07032714162,2028.91552967774,2039.68536956068,2050.38015312543,2061.00019214995,2071.54580366482,2082.01730976531,2092.415037426,2102.73931831798,2112.99048862855,2123.16888888371,2133.27486377315,2143.30876197808,2153.27093600165,2163.16174200225,2172.98153962945,2182.7306918628,2192.40956485335,2202.01852776805,2211.55795263687,2221.02821420278,2230.42968977456,2239.76275908233,2249.02780413601,2258.22520908647,2267.35536008956,2276.41864517284,2285.41545410518,2294.34617826903,2303.2112105355,2312.01094514214,2320.74577757341,2329.4161044439,2338.02232338416,2346.56483292921,2355.04403240969,2363.46032184555,2371.8141018424,2380.10577349034,2388.33573826533,2396.50439793307,2404.61215445534,2412.65940989878,2420.64656634601,2428.57402580925,2436.44219014617,2444.25146097806,2452.0022396104,2459.69492695549,2467.32992345743,2474.90762901923,2482.42844293207,2489.89276380665,2497.30098950668,2504.65351708432,2511.95074271771,2519.19306165044,2526.38086813296,2533.51455536588,2540.59451544519,2547.62113930927,2554.59481668771,2561.51593605193,2568.3848845675,2575.20204804816,2581.96781091153,2588.68255613647,2595.34666522197,2601.96051814766,2608.52449333588,2615.03896761519
Alt_620,NaN,NaN,NaN,406.267236807348,424.639626617999,442.948813384252,461.196718322386,479.384899808359,497.514603938652,515.586808162207,533.602258807365,551.56150330967,569.464917882319,587.312731289075,605.105045294477,622.841852285696,640.523050487609,658.14845712886,675.717819861527,693.230826690061,710.687114625327,728.086277246062,745.427871321831,762.711422627918,779.9364310627,797.102375161401,814.208716086112,831.254901160194,848.240367005271,865.164542330659,882.026850418011,898.826711337996,915.563543930734,932.236767577428,948.845803786947,965.390077617991,981.869018954788,998.282063651988,1014.62865456244,1030.90824245983,1047.12028686676,1063.26425679751,1079.33963142362,1095.34590066964,1111.28256574537,1127.14913962029,1142.94514744528,1158.67012692619,1174.32362865321,1189.90521638979,1205.41446732425,1220.85097228713,1236.21433593686,1251.50417691625,1266.72012798178,1281.86183610794,1296.92896256824,1311.92118299456,1326.83818741648,1341.6796802818,1356.44538045973,1371.13502122768,1385.74835024305,1400.28512950072,1414.74513527746,1429.12815806389,1443.43400248501,1457.6624872099,1471.81344485146,1485.88672185672,1499.8821783884,1513.79968819838,1527.63913849356,1541.40042979463,1555.08347578832,1568.68820317357,1582.21455150203,1595.6624730134,1609.03193246592,1622.32290696246,1635.53538577261,1648.66937015097,1661.72487315219,1674.70191944284,1687.60054511069,1700.42079747136,1713.16273487294,1725.82642649861,1738.41195216769,1750.91940213514,1763.34887689003,1775.70048695293,1787.9743526726,1800.17060402212,1812.28938039467,1824.33083039913,1836.29511165566,1848.18239059149,1859.99284223703,1871.72665002242,1883.38400557477,1894.96510851612,1906.4701662623,1917.89939382287,1929.25301360207,1940.53125520118,1951.73435522211,1962.86255707252,1973.91611077243,1984.89527276259,1995.8003057144,2006.63147834182,2017.389065215,2028.07334657596,2038.68460815628,2049.22314099679,2059.68924126946,2070.08321010145,2080.40535340137,2090.65598168785,2100.83540992041,2110.94395733265,2120.98194726787,2130.94970701707,2140.8475676594,2150.6758639051,2160.43493394085,2170.12511927769,2179.74676460146,2189.30021762568,2198.78582894709,2208.2039519036,2217.55494243494,2226.83915894568,2236.056962171,2245.20871504481,2254.29478257057,2263.31553169459,2272.27133118182,2281.16255149423,2289.98956467167,2298.75274421525,2307.45246497312,2316.08910302888,2324.66303559227,2333.17464089241,2341.62429807341,2350.01238709238,2358.33928861984,2366.60538394244,2374.81105486804,2382.95668363307,2391.04265281223,2399.06934523037,2407.03714387664,2414.94643182084,2422.79759213195,2430.59100779879,2438.32706165284,2446.00613629308,2453.62861401296,2461.1948767294,2468.70530591373,2476.1602825247,2483.56018694332,2490.90539890972,2498.19629746186,2505.43326087602,2512.61666660923,2519.74689124341,2526.8243104313,2533.84929884411,2540.8222301209,2547.74347681954,2554.61341036945,2561.43240102581,2568.20081782544,2574.91902854417,2581.58739965577,2588.20629629234,2594.77608220615
Alt_630,NaN,NaN,NaN,NaN,417.805348615816,435.854037571233,453.842676749638,471.772884473156,489.645967405026,507.462963438379,525.224678710847,542.931719481792,560.584519565732,578.183363947983,595.728409133582,613.219700707013,630.65718851247,648.040739803966,665.370150661967,682.645155927994,699.865437870045,717.030633759059,734.140342509071,751.19413051047,768.191536766265,785.132077424796,802.015249788507,818.840535866743,835.607405530682,852.315319320247,868.963730945767,885.552089521265,902.07984156112,918.546432767633,934.951309633286,951.293920878407,967.573718742242,983.790160143158,999.942707721712,1016.03083077864,1032.05400611832,1048.01171880705,1063.90346285436,1079.72874182451,1095.48706938486,1111.17796979647,1126.80097835238,1142.35564176787,1157.84151852678,1173.25817918767,1188.60520665292,1203.88219640377,1219.08875670401,1234.22450877462,1249.2890869416,1264.28213875889,1279.20332510833,1294.05232027813,1308.82881202142,1323.53250159628,1338.16310378855,1352.72034691839,1367.20397283201,1381.61373687914,1395.94940787761,1410.21076806549,1424.39761304191,1438.50975169711,1452.54700613251,1466.50921157137,1480.39621626083,1494.20788136564,1507.9440808544,1521.60470137858,1535.18964214503,1548.69881478225,1562.13214320095,1575.48956344931,1588.7710235633,1601.97648341243,1615.10591454136,1628.15930000759,1641.13663421561,1654.03792274789,1666.86318219282,1679.61243997008,1692.28573415356,1704.88311329219,1717.4046362288,1729.85037191742,1742.22039923907,1754.51480681631,1766.73369282685,1778.87716481626,1790.94533951009,1802.93834262548,1814.85630868254,1826.69938081555,1838.46771058425,1850.16145778522,1861.78079026368,1873.32588372567,1884.79692155086,1896.19409460604,1907.51760105945,1918.76764619601,1929.94444223367,1941.04820814082,1952.07916945495,1963.03755810269,1973.92361222119,1984.73757598102,1995.47969941066,2006.15023822256,2016.749453641,2027.27761223159,2037.73498573274,2048.12185088887,2058.43848928563,2068.6851871871,2078.86223537493,2088.96992898966,2099.00856737401,2108.9784539184,2118.87989590855,2128.71320437535,2138.47869394683,2148.17668270251,2157.80749202983,2167.371446483,2176.86887364404,2186.30010398615,2195.66547073936,2204.96530975853,2214.19995939359,2223.3697603622,2232.47505562462,2241.51619026098,2250.49351135083,2259.40736785499,2268.25811049972,2277.0460916632,2285.77166526425,2294.4351866534,2303.03701250613,2311.57750071846,2320.0570103047,2328.4759012975,2336.83453465001,2345.1332721403,2353.37247627796,2361.55251021277,2369.67373764562,2377.73652274141,2385.74123004415,2393.68822439406,2401.57787084676,2409.41053459441,2417.18658088896,2424.90637496724,2432.5702819781,2440.17866691145,2447.73189452915,2455.23032929779,2462.67433532341,2470.06427628785,2477.40051538707,2484.68341527114,2491.913337986,2499.09064491688,2506.2156967335,2513.28885333681,2520.31047380747,2527.28091635584,2534.20053827358,2541.06969588681,2547.88874451078,2554.65803840598,2561.37793073581,2568.04877352561,2574.67091762312
Alt_640,NaN,NaN,NaN,NaN,411.17588669436,428.971768479321,446.708753404762,464.388515596405,482.012418448372,499.581556726217,517.096793035602,534.558789322413,551.968034048152,569.324865631643,586.629492683384,603.882011492557,621.082421163958,638.230636745305,655.326500635291,672.369792519305,689.360238042508,706.297516398206,723.181266982584,740.011095244119,756.786577836796,773.507267170074,790.172695434875,806.782378173354,823.335817450455,839.832504677023,856.271923127259,872.653550187388,888.976859367341,905.241322103017,921.446409372978,937.591593150335,953.676347707893,969.700150792313,985.662484681104,1001.56283713451,1017.40070225294,1033.17558124923,1048.88698314407,1064.53442539184,1080.11743444323,1095.6355462506,1111.08830672094,1126.47527212109,1141.79600943936,1157.050096707,1172.23712328303,1187.3566901051,1202.40840990931,1217.39190742112,1232.30681951976,1247.15279537791,1261.92949657855,1276.63659721064,1291.27378394496,1305.84075609168,1320.3372256408,1334.76291728657,1349.1175684371,1363.40092921001,1377.61276241509,1391.75284352478,1405.82096063334,1419.81691440531,1433.74051801401,1447.59159707083,1461.36998954565,1475.0755456792,1488.70812788781,1502.2676106609,1515.75388045198,1529.16683556332,1542.50638602489,1555.77245346782,1568.96497099299,1582.0838830348,1595.12914522074,1608.10072422693,1620.99859762996,1633.82275375542,1646.57319152322,1659.24992029017,1671.85295968994,1684.38233947073,1696.83809933078,1709.22028875206,1721.52896683235,1733.76420211575,1745.92607242205,1758.01466467501,1770.03007472973,1781.97240719934,1793.84177528118,1805.63830058249,1817.36211294599,1829.01335027532,1840.5921583605,1852.09869070365,1863.53310834491,1874.89557968895,1886.18628033182,1897.40539288865,1908.55310682199,1919.62961827104,1930.63512988182,1941.56985063842,1952.43399569534,1963.22778621101,1973.95144918269,1984.60521728261,1995.1893286956,2005.70402695821,2016.14956079931,2026.52618398237,2036.83415514934,2047.0737376663,2057.24519947073,2067.34881292073,2077.38485464596,2087.3536054005,2097.25534991758,2107.09037676626,2116.85897821008,2126.56145006766,2136.19809157533,2145.76920525178,2155.27509676478,2164.71607479992,2174.09245093141,2183.40453949506,2192.65265746323,2201.83712432194,2210.95826195014,2220.01639450093,2229.0118482851,2237.94495165656,2246.81603490008,2255.62543012098,2264.373471137,2273.06049337224,2281.68683375321,2290.2528306069,2298.75882356101,2307.20515344612,2315.59216220001,2323.92019277396,2332.18958904109,2340.40069570664,2348.55385822033,2356.64942269065,2364.68773580106,2372.66914472819,2380.59399706192,2388.46264072736,2396.27542390871,2404.03269497497,2411.73480240749,2419.38209472936,2426.97492043651,2434.51362793066,2441.99856545399,2449.43008102552,2456.80852237918,2464.13423690361,2471.40757158356,2478.62887294292,2485.79848698938,2492.91675916066,2499.9840342723,2507.00065646694,2513.96696916518,2520.88331501786,2527.75003585984,2534.56747266514,2541.3359655036,2548.05585349884,2554.72747478759
Alt_650,NaN,NaN,NaN,NaN,404.742074821717,422.292512799864,439.785134117003,457.221664748888,474.603521164245,491.931851600023,509.207571950877,526.431396865823,543.60386664468,560.725370489209,577.796166609626,594.816399628267,611.78611566467,628.7052754332,645.573765636937,662.391408899981,679.157972444435,695.873175687604,712.536696908711,729.14817911227,745.707235196364,762.21345251821,778.666396935894,795.065616393776,811.410644109426,827.701001411771,843.936200273217,860.115745572592,876.239137120766,892.305871476514,908.315443576545,924.26734820049,940.161081288969,955.996141130549,971.772029431437,987.488252280039,1003.14432101704,1018.7397530204,1034.27407241352,1049.74681070392,1065.15750735892,1080.50571032405,1095.79097648932,1111.01287210792,1126.17097317142,1141.26486574516,1156.29414626703,1171.25842181263,1186.15731032946,1200.99044084254,1215.7574536336,1230.45800039583,1245.09174436597,1259.65836043533,1274.15753524128,1288.58896724058,1302.95236676566,1317.24745606517,1331.47396932978,1345.63165270408,1359.72026428576,1373.73957411258,1387.68936413816,1401.56942819715,1415.37957196049,1429.1196128815,1442.78938013316,1456.38871453732,1469.91746848632,1483.37550585741,1496.76270192057,1510.07894324,1523.32412756986,1536.49816374453,1549.60097156377,1562.63248167317,1575.59263544023,1588.48138482626,1601.29869225457,1614.04453047516,1626.71888242615,1639.32174109219,1651.85310936029,1664.31299987301,1676.70143487948,1689.01844608438,1701.26407449504,1713.43837026692,1725.54139254769,1737.57320931999,1749.53389724315,1761.42354149391,1773.24223560653,1784.99008131211,1796.66718837761,1808.27367444444,1819.80966486691,1831.27529255068,1842.67069779115,1853.99602811214,1865.25143810484,1876.43708926716,1887.55314984359,1898.59979466563,1909.57720499301,1920.48556835561,1931.32507839627,1942.0959347146,1952.79834271175,1963.43251343631,1973.99866343143,1984.49701458304,1994.92779396952,2005.29123371262,2015.58757082977,2025.81704708796,2035.979908859,2046.07640697639,2056.10679659378,2066.07133704502,2075.97029170589,2085.8039278576,2095.57251655185,2105.27633247785,2114.91565383093,2124.49076218308,2134.00194235528,2143.44948229165,2152.83367293545,2162.15480810705,2171.41318438365,2180.60910098097,2189.74285963687,2198.81476449679,2207.82512200124,2216.77424077506,2225.66243151873,2234.49000690153,2243.25728145662,2251.96457147813,2260.61219492003,2269.20047129701,2277.72972158723,2286.200268137,2294.61243456727,2302.96654568212,2311.26292737898,2319.50190656086,2327.6838110503,2335.80896950521,2343.87771133654,2351.89036662772,2359.84726605593,2367.7487408151,2375.59512254072,2383.38674323634,2391.12393520181,2398.80703096325,2406.4363632047,2414.01226470136,2421.53506825463,2429.00510662861,2436.42271248835,2443.78821833959,2451.10195647011,2458.36425889264,2465.57545728923,2472.73588295723,2479.84586675662,2486.90573905894,2493.91582969752,2500.87646791925,2507.78798233766,2514.65070088741,2521.46495078015,2528.23105846161,2534.94934957015
Alt_660,NaN,NaN,NaN,NaN,NaN,415.807332513618,433.062577059522,450.26279233463,467.409444392987,484.503731700787,501.546620413775,518.538875044303,535.48108505804,552.37368791795,569.216989049712,586.011179151427,602.756349218293,619.452503603652,636.099571393117,652.697416328896,669.245845486948,685.744616879899,702.19344613318,718.59201236016,734.939963343645,751.236920115424,767.482481012322,783.67622527597,799.817716253949,815.906504251882,831.942129079184,847.924122325282,863.852009398185,879.725311352979,895.543546534204,911.306232052959,927.012885116876,942.663024228842,958.256170268341,973.79184746759,989.269584293172,1004.68891424257,1020.04937656393,1035.35051690639,1050.59188790748,1065.77304972338,1080.89357050719,1095.95302683969,1110.9510041169,1125.88709689781,1140.76090921583,1155.57205485671,1170.32015760574,1185.00485146645,1199.62578085322,1214.18260075948,1228.67497690349,1243.10258585327,1257.46511513211,1271.76226330601,1285.99374005442,1300.15926622518,1314.25857387495,1328.29140629595,1342.25751802984,1356.15667486978,1369.98865385121,1383.75324323216,1397.4502424638,1411.07946215166,1424.64072400834,1438.13386079803,1451.55871627353,1464.91514510602,1478.2030128083,1491.42219565169,1504.57258057711,1517.65406510066,1530.66655721409,1543.6099752805,1556.48424792555,1569.28931392451,1582.02512208548,1594.69163112894,1607.28880956402,1619.81663556171,1632.27509682515,1644.6641904574,1656.98392282672,1669.23430942975,1681.41537475266,1693.52715213052,1705.56968360505,1717.54301978094,1729.44721968093,1741.28235059979,1753.04848795727,1764.74571515037,1776.37412340489,1787.93381162643,1799.4248862511,1810.84746109586,1822.20165720879,1833.48760271927,1844.70543268831,1855.85528895901,1866.93732000732,1877.95168079321,1888.89853261226,1899.77804294786,1910.59038532405,1921.33573915902,1932.01428961953,1942.62622747607,1953.17174895904,1963.65105561593,1974.06435416953,1984.41185637727,1994.6937788918,2004.91034312269,2015.06177509951,2025.1483053362,2035.17016869675,2045.1276042624,2055.0208552002,2064.85016863308,2074.61579551143,2084.3179904862,2093.95701178364,2103.53312108157,2113.04658338726,2122.49766691703,2131.88664297745,2141.21378584819,2150.47937266668,2159.68368331432,2168.82700030454,2177.90960867251,2186.93179586661,2195.89385164169,2204.79606795396,2213.63873885776,2222.42216040402,2231.14663054047,2239.81244901364,2248.41991727256,2256.96933837429,2265.46101689113,2273.8952588196,2282.27237149111,2290.59266348449,2298.85644454005,2307.06402547552,2315.21571810361,2323.31183515125,2331.3526901806,2339.3385975116,2347.26987214628,2355.1468296947,2362.96978630245,2370.73905857984,2378.45496353267,2386.11781849455,2393.72794106085,2401.28564902414,2408.79126031119,2416.24509292152,2423.6474648674,2430.99869411535,2438.29909852912,2445.54899581411,2452.74870346319,2459.89853870396,2466.99881844742,2474.04985923792,2481.05197720458,2488.00548801395,2494.91070682401,2501.7679482395,2508.57752626846,2515.33975428007
Alt_670,NaN,NaN,NaN,NaN,NaN,409.507805171248,426.532371958354,443.502905783268,460.420918951498,477.287657064281,494.104133651425,510.87116038287,527.589373345006,544.259255860986,560.881158301826,577.455315291528,593.981860662787,610.460840474546,626.89222436075,643.275915442102,659.611758999646,675.899550080304,692.139040179842,708.329943127628,724.471940279488,740.564685109656,756.607807279771,772.600916251776,788.543604502153,804.435450386942,820.27602070015,836.064872962329,851.801557471205,867.485619141918,883.116599160877,898.694036474092,914.217469128174,929.686435479903,945.100475288289,960.459130701332,975.761947148225,991.008474146425,1006.19826603197,1021.33088262039,1036.40588980474,1051.42286009659,1066.3813731151,1081.28101602876,1096.12138395393,1110.9020803139,1125.62271716156,1140.28291546894,1154.88230538601,1169.42052647127,1183.89722789629,1198.31206862615,1212.66471757748,1226.95485375592,1241.18216637422,1255.34635495252,1269.44712940198,1283.48421009286,1297.45732790806,1311.36622428323,1325.21065123412,1338.99037137216,1352.70515790885,1366.35479464985,1379.9390759793,1393.45780683493,1406.9108026747,1420.29788943528,1433.61890348309,1446.87369155814,1460.06211071126,1473.18402823513,1486.23932158935,1499.22787832013,1512.14959597473,1525.00438201118,1537.79215370338,1550.5128380421,1563.16637163197,1575.75270058485,1588.27178040972,1600.72357589952,1613.10806101492,1625.42521876546,1637.67504108817,1649.85752872385,1661.9726910913,1674.02054615957,1686.0011203185,1697.91444824766,1709.76057278391,1721.53954478764,1733.25142300798,1744.89627394701,1756.4741717231,1767.98519793364,1779.42944151716,1790.80699861496,1802.11797243252,1813.36247310059,1824.54061753621,1835.65252930376,1846.69833847599,1857.67818149537,1868.59220103561,1879.44054586361,1890.22337070179,1900.94083609098,1911.59310825391,1922.18035895933,1932.70276538689,1943.16050999283,1953.55378037649,1963.88276914776,1974.14767379554,1984.34869655715,1994.48604428886,2004.55992833756,2014.57056441355,2024.51817246458,2034.40297655107,2044.22520472274,2053.9850888964,2063.68286473518,2073.31877152918,2082.89305207739,2092.40595257116,2101.85772247911,2111.24861443344,2120.57888411781,2129.84879015673,2139.05859400645,2148.20855984736,2157.29895447808,2166.33004721095,2175.30210976919,2184.21541618568,2193.07024270321,2201.86686767645,2210.60557147543,2219.28663639069,2227.91034653999,2236.47698777665,2244.98684759947,2253.44021506428,2261.83738069705,2270.17863640864,2278.46427541114,2286.6945921357,2294.86988215209,2302.9904420897,2311.05656956017,2319.06856308157,2327.02672200405,2334.93134643715,2342.7827371785,2350.58119564415,2358.32702380028,2366.0205240965,2373.66199940054,2381.25175293445,2388.79008821225,2396.27730897893,2403.71371915099,2411.09962275826,2418.43532388717,2425.72112662539,2432.9573350078,2440.14425296378,2447.28218426586,2454.37143247966,2461.41230091509,2468.40509257885,2475.35011012814,2482.24765582568,2489.09803149586,2495.90153848211
Alt_680,NaN,NaN,NaN,NaN,NaN,403.385987509274,420.186302712178,436.933521222586,453.629198408434,470.274624049693,486.870856294591,503.418751390071,519.918989617214,536.372097871456,552.778469306194,569.138380422694,585.452005948288,601.719431803491,617.940666419751,634.115650634051,650.244266355145,666.326344168611,682.36167002408,698.349991127443,714.291021143247,730.184444797494,746.029921958218,761.827091260323,777.575573331845,793.274973670923,808.924885215952,824.524890645689,840.074564441091,855.573474736524,871.021184984294,886.417255453422,901.761244580867,917.052710191143,932.291210598273,947.476305602335,962.607557391367,977.684531358098,992.706796839902,1007.67392778935,1022.58550338193,1037.44110856679,1052.24033456556,1066.98277932406,1081.66804792083,1096.29575293625,1110.86551478555,1125.37696201866,1139.82973158955,1154.22346909753,1168.55782900253,1182.83247481654,1197.04707927277,1211.20132447433,1225.29490202377,1239.32751313488,1253.29886872797,1267.2086895098,1281.05670603905,1294.84265877844,1308.5662981343,1322.22738448435,1335.82568819453,1349.36098962553,1362.83307912956,1376.24175703819,1389.58683364159,1402.86812915974,1416.08547370624,1429.23870724497,1442.32767954016,1455.35225010022,1468.31228811575,1481.20767239198,1494.03829127619,1506.80404258012,1519.50483349801,1532.14058052027,1544.71120934327,1557.2166547753,1569.65686063917,1582.03177967152,1594.34137341912,1606.58561213238,1618.76447465624,1630.87794831873,1642.92602881723,1654.90872010275,1666.82603426236,1678.67799139986,1690.464619515,1702.18595438119,1713.84203942212,1725.43292558714,1736.95867122572,1748.41934196109,1759.81501056312,1771.14575682061,1782.41166741309,1793.61283578225,1804.74936200307,1815.82135265478,1826.82892069177,1837.77218531444,1848.65127184019,1859.46631157462,1870.21744168292,1880.90480506169,1891.52855021105,1902.08883110735,1912.58580707637,1923.01964266716,1933.39050752649,1943.69857627414,1953.9440283789,1964.1270480354,1974.24782404192,1984.30654967901,1994.30342258923,2004.23864465778,2014.11242189431,2023.92496431575,2033.67648583032,2043.3672041227,2052.9973405404,2062.56711998134,2072.07677078276,2081.52652461129,2090.91661635447,2100.24728401348,2109.51876859725,2118.73131401799,2127.88516698805,2136.98057691813,2146.01779581703,2154.9970781927,2163.91868095478,2172.78286331854,2181.58988671036,2190.34001467454,2199.03351278164,2207.67064853831,2216.25169129849,2224.7769121762,2233.2465839597,2241.66098102715,2250.02037926379,2258.32505598046,2266.57528983373,2274.77136074737,2282.91354983536,2291.00213932626,2299.03741248909,2307.01965356063,2314.94914767412,2322.82618078939,2330.65103962441,2338.42401158825,2346.14538471537,2353.81544760136,2361.43448933999,2369.00279946166,2376.52066787317,2383.98838479882,2391.40624072284,2398.77452633308,2406.09353246611,2413.36355005342,2420.58487006905,2427.75778347838,2434.88258118816,2441.95955399779,2448.98899255179,2455.97118729344,2462.90642841964,2469.79500583687,2476.63720911835
Alt_690,NaN,NaN,NaN,NaN,NaN,NaN,414.016613097555,430.546628301014,447.02602306851,463.456128531057,479.838044822296,496.172670302516,512.460727132862,528.702783599141,544.899273574782,561.050513484963,577.156717098709,593.218008438648,609.234433062102,625.205967933933,641.132530081648,657.013984196858,672.850149324184,688.640804758755,704.385695256338,720.084535645428,735.737014918077,751.342799865505,766.901538315361,782.412862019703,797.87638923606,813.291727038236,828.658473388631,843.976218999656,859.244549008244,874.463044484344,889.631283791666,904.748843816613,919.815301079418,934.83023273972,949.793217507413,964.703836468261,979.56167383268,994.366317615121,1009.11736025063,1023.81439915441,1038.45703722966,1053.04488332816,1067.57755266792,1082.05466721147,1096.47585600812,1110.84075550319,1125.14900981689,1139.40027099517,1153.59419923486,1167.73046308493,1181.80873962571,1195.82871462773,1209.79008269152,1223.69254736987,1237.53582127368,1251.31962616249,1265.04369302079,1278.70776212109,1292.31158307439,1305.85491486922,1319.33752589956,1332.75919398275,1346.11970636763,1359.41885973383,1372.65646018252,1385.83232321927,1398.94627372942,1411.99814594648,1424.98778341388,1437.91503894058,1450.77977455079,1463.58186142826,1476.32117985537,1488.99761914744,1501.61107758242,1514.16146232636,1526.64868935487,1539.07268337081,1551.43337771846,1563.73071429445,1575.96464345556,1588.13512392372,1600.24212268827,1612.28561490581,1624.26558379774,1636.18202054565,1648.03492418478,1659.82430149569,1671.55016689423,1683.21254232009,1694.81145712393,1706.34694795331,1717.8190586375,1729.22784007138,1740.57335009837,1751.85565339276,1763.0748213413,1774.2309319243,1785.32406959635,1796.35432516664,1807.32179567909,1818.22658429231,1829.06880015954,1839.84855830859,1850.56597952184,1861.22119021651,1871.81432232508,1882.34551317611,1892.81490537539,1903.22264668756,1913.56888991825,1923.85379279675,1934.07751785932,1944.24023233322,1954.34210802135,1964.38332118779,1974.36405244404,1984.28448663622,1994.14481273309,2003.94522371505,2013.6859164641,2023.36709165479,2032.98895364626,2042.55171037529,2052.05557325047,2061.50075704751,2070.88747980571,2080.21596272552,2089.48643006741,2098.69910905184,2107.85422976058,2116.95202503914,2125.99273040061,2134.97658393061,2143.90382619373,2152.77470014107,2161.5894510192,2170.34832628045,2179.05157549447,2187.69945026113,2196.29220412477,2204.83009248983,2213.31337253773,2221.74230314517,2230.11714480378,2238.43815954103,2246.7056108426,2254.919763576,2263.08088391559,2271.18923926893,2279.2450982044,2287.24873038025,2295.20040647492,2303.10039811862,2310.94897782638,2318.74641893222,2326.49299552473,2334.18898238394,2341.83465491938,2349.43028910951,2356.97616144234,2364.47254885735,2371.91972868859,2379.31797860909,2386.66757657639,2393.96880077934,2401.22192958608,2408.42724149321,2415.58501507607,2422.69552894027,2429.75906167429,2436.77589180321,2443.74629774361,2450.67055775953,2457.54894991948
Alt_700,NaN,NaN,NaN,NaN,NaN,NaN,408.015975268983,424.334657864862,440.603586866732,456.82413204905,472.997433012393,489.124427876037,505.205878470821,521.242392390333,537.234442260161,553.182382565664,569.086464349434,584.946848056732,600.763614774272,616.536776076682,632.266282666692,647.952031969874,663.593874822633,679.191621372848,694.74504629591,710.253893414572,725.717879798717,741.136699410592,756.510026352063,771.837517762712,787.118816410981,802.353553014931,817.541348324323,832.681814991579,847.774559255593,862.819182459322,877.815282419389,892.762454663716,907.660293551159,922.508393285483,937.306348834469,952.05375676372,966.750215993578,981.395328486597,995.988699872195,1010.52994001433,1025.01866352744,1039.45449024523,1053.83704564656,1068.16596124204,1082.4408749247,1096.66143128773,1110.82728191194,1124.93808562532,1138.99350873704,1152.99322524761,1166.93691703719,1180.82427403362,1194.6549943615,1208.4287844739,1222.14535926771,1235.8044421839,1249.40576529356,1262.94906937079,1276.43410395331,1289.86062739141,1303.22840688616,1316.53721851753,1329.78684726292,1342.97708700681,1356.10774054207,1369.17861956334,1382.18954465299,1395.14034526023,1408.03085967351,1420.86093498687,1433.63042706048,1446.33920047562,1458.98712848463,1471.57409295599,1484.09998431481,1496.56470147911,1508.96815179201,1521.3102509502,1533.59092292884,1545.81009990314,1557.96772216684,1570.06373804778,1582.0981038207,1594.07078361759,1605.98174933563,1617.83098054289,1629.61846438212,1641.34419547253,1653.00817580991,1664.61041466513,1676.15092848122,1687.62974076904,1699.04688200188,1710.40238950881,1721.69630736721,1732.92868629439,1744.0995835384,1755.20906276828,1766.25719396372,1777.24405330426,1788.16972305812,1799.03429147076,1809.83785265323,1820.58050647046,1831.2623584294,1841.88351956729,1852.44410634001,1862.94424051057,1873.3840490379,1883.76366396586,1894.08322231267,1904.34286596073,1914.54274154695,1924.68300035351,1934.7637981993,1944.78529533191,1954.7476563203,1964.65104994821,1974.49564910825,1984.28163069684,1994.00917550996,2003.67846813969,2013.28969687179,2022.84305358402,2032.33873364555,2041.77693581729,2051.15786215322,2060.48171790276,2069.74871141423,2078.95905403927,2088.11296003851,2097.2106464882,2106.25233318804,2115.23824257018,2124.16859960929,2133.04363173388,2141.86356873872,2150.62864269856,2159.33908788293,2167.9951406722,2176.5970394749,2185.14502464616,2193.63933840748,2202.08022476762,2210.46792944483,2218.80269979024,2227.0847847125,2235.31443460367,2243.49190126635,2251.61743784202,2259.69129874061,2267.71373957133,2275.6850170747,2283.60538905582,2291.47511431882,2299.29445260259,2307.06366451763,2314.78301148417,2322.45275567147,2330.07315993827,2337.64448777446,2345.16700324388,2352.64097092835,2360.06665587275,2367.44432353134,2374.77423971517,2382.0566705406,2389.29188237899,2396.48014180738,2403.62171556043,2410.71687048326,2417.7658734855,2424.76899149632,2431.72649142053,2438.63864009572
Alt_710,NaN,NaN,NaN,NaN,NaN,NaN,402.177460793685,418.290452225962,434.354506904532,450.371030651928,466.341200124254,482.265990947634,498.146202509831,513.982479722737,529.775332084915,545.525150362498,561.232221183469,576.896739811836,592.51882133845,608.098510496442,623.635790282693,639.13058954272,654.582789655159,669.992230433382,685.358715345633,700.682016141113,715.961876957365,731.198017974017,746.390138669044,761.537920726103,776.641030634978,791.699122021573,806.711837739092,821.678811747901,836.599670808051,851.474036005353,866.301524129283,881.081748918709,895.814322189468,910.498854856129,925.134957858777,939.72224300439,954.260323731262,968.748815803934,983.187337945279,997.5755124116,1011.91296551599,1026.19932810464,1040.43423599016,1054.61733034581,1068.74825806376,1082.82667208058,1096.85223167244,1110.82460272268,1124.74345796369,1138.60847719523,1152.41934748094,1166.17576332464,1179.8774268279,1193.52404783025,1207.11534403315,1220.65104110904,1234.1308727962,1247.55458098063,1260.92191576567,1274.23263553013,1287.48650697575,1300.68330516461,1313.8228135471,1326.90482398105,1339.92913674253,1352.89556052895,1365.80391245463,1378.65401803963,1391.44571119196,1404.17883418372,1416.85323762146,1429.4687804111,1442.02532971773,1454.52276092055,1466.96095756337,1479.33981130071,1491.65922183999,1503.91909687982,1516.1193520448,1528.259910817,1540.3407044642,1552.36167196528,1564.3227599328,1576.223922533,1588.06512140341,1599.84632556818,1611.56751135134,1623.22866228807,1634.82976903423,1646.37082927415,1657.85184762695,1669.27283555137,1680.63381124938,1691.93479956857,1703.1758319035,1714.35694609607,1725.47818633505,1736.53960305482,1747.54125283354,1758.48319829062,1769.36550798379,1780.18825630578,1790.95152338063,1801.65539495981,1812.29996231811,1822.88532214953,1833.41157646307,1843.87883247859,1854.28720252278,1864.63680392529,1874.9277589151,1885.16019451713,1895.33424244925,1905.45003901961,1915.50772502445,1925.50744564641,1935.44935035327,1945.3335927974,1955.16033071571,1964.92972583026,1974.64194374967,1984.29715387107,1993.89552928298,2003.43724666886,2012.92248621149,2022.35143149827,2031.72426942734,2041.04119011453,2050.30238680137,2059.50805576393,2068.65839622267,2077.75361025325,2086.79390269836,2095.77948108058,2104.7105555162,2113.58733863017,2122.41004547207,2131.17889343315,2139.89410216442,2148.55589349594,2157.16449135707,2165.72012169791,2174.22301241183,2182.67339325917,2191.07149579192,2199.41755327973,2207.71180063687,2215.95447435044,2224.14581240964,2232.28605423625,2240.37544061617,2248.41421363211,2256.40261659749,2264.34089399134,2272.22929139444,2280.06805542653,2287.85743368464,2295.59767468259,2303.28902779149,2310.93174318147,2318.52607176445,2326.07226513798,2333.57057553024,2341.02125574602,2348.42455911389,2355.78073943431,2363.09005092892,2370.35274819078,2377.56908613567,2384.73931995449,2391.86370506657,2398.94249707406,2405.97595171732,2412.96432483128,2419.90787230278
Alt_720,NaN,NaN,NaN,NaN,NaN,NaN,NaN,412.40723778274,428.271795387312,444.089626182133,459.861941567579,475.589752520157,491.273893963205,506.915046224746,522.513753880423,538.070442277043,553.585432015163,569.058951645071,584.491148803957,599.882099995699,615.231819189795,630.540265393251,645.807349328953,661.032939336089,676.216866592582,691.358929745856,706.458899026561,721.5165199097,736.531516378922,751.503593842252,766.432441741074,781.31773588867,796.159140569854,810.95631042916,825.708892171492,840.41652609616,855.078847482537,869.695487843363,884.266076059742,898.79023941016,913.267604504413,927.697798132012,942.080448033555,956.415183602553,970.701636524355,984.939441358077,999.128236066792,1013.26766250065,1027.35736683709,1041.39699998198,1055.3862179348,1069.32468212117,1083.21205969518,1097.04802381407,1110.83225388741,1124.56443580273,1138.24426212952,1151.87143230303,1165.44565278948,1178.96663723401,1192.43410659251,1205.84778924853,1219.20742111625,1232.51274573046,1245.76351432437,1258.95948589607,1272.10042726442,1285.18611311485,1298.21632603598,1311.19085654733,1324.10950311886,1336.97207218274,1349.77837813789,1362.52824334755,1375.22149813054,1387.85798074626,1400.43753737414,1412.96002208755,1425.42529682268,1437.83323134263,1450.18370319687,1462.47659767661,1474.71180776596,1486.88923408944,1499.00878485585,1511.07037579879,1523.07393011406,1535.01937839399,1546.90665855914,1558.7357157872,1570.5065024396,1582.21897798569,1593.87310892486,1605.46886870664,1617.00623764891,1628.4852028544,1639.90575812558,1651.26790387806,1662.57164705262,1673.81700102602,1685.00398552061,1696.13262651291,1707.20295614129,1718.21501261275,1729.16884010893,1740.06448869153,1750.90201420706,1761.68147819115,1772.40294777238,1783.06649557582,1793.67219962629,1804.22014325134,1814.71041498419,1825.14310846656,1835.51832235144,1845.83616020603,1856.09673041463,1866.30014608184,1876.44652493587,1886.53598923216,1896.56866565733,1906.54468523342,1916.46418322262,1926.32729903239,1936.13417612108,1945.88496190409,1955.57980766057,1965.21886844075,1974.80230297384,1984.33027357667,1993.80294606299,2003.22048965346,2012.58307688643,2021.89088352949,2031.14408849181,2040.34287373731,2049.48742419863,2058.57792769207,2067.61457483327,2076.59755895391,2085.52707601926,2094.40332454669,2103.22650552512,2111.99682233543,2120.71448067181,2129.37968846417,2137.99265580143,2146.55359485592,2155.06271980876,2163.52024677616,2171.92639373689,2180.28138046068,2188.58542843769,2196.838760809,2205.04160229814,2213.19417914369,2221.29671903287,2229.34945103623,2237.35260554331,2245.30641419948,2253.21110984363,2261.06692644707,2268.87409905339,2276.63286371937,2284.34345745689,2292.00611817594,2299.62108462862,2307.18859635411,2314.70889362474,2322.18221739301,2329.60880923964,2336.98891132262,2344.32276632722,2351.61061741705,2358.85270818596,2366.04928261113,2373.20058500686,2380.30685997955,2387.36835238345,2394.38530727746,2401.35796988275
Alt_730,NaN,NaN,NaN,NaN,NaN,NaN,NaN,406.678599781977,422.348833747384,437.973099789665,453.552641835996,469.088504146409,484.581555244136,500.032509053063,515.441943508241,530.810316911655,546.137982294639,561.425200028723,576.672148903506,591.878935866131,607.045604593862,622.172143049829,637.258490152659,652.304541673547,667.310155459148,682.27515606552,697.19933887687,712.082473772963,726.924308400496,741.724571096373,756.482973504493,771.199212922165,785.872974407597,800.50393267583,815.091753807013,829.636096787866,844.136614904617,858.592957003404,873.004768632202,887.37169307664,901.693372300569,915.969447801035,930.199561386091,944.38335588301,958.520475783545,972.610567832147,986.653281562441,1000.64826978662,1014.59518904197,1028.49369999825,1042.34346782937,1056.1441625522,1069.8954593354,1083.59703878066,1097.24858717842,1110.84979674025,1124.40036580954,1137.8999990522,1151.34840762875,1164.74530934933,1178.09042881264,1191.38349753001,1204.62425403573,1217.81244398433,1230.94782023591,1244.03014293016,1257.05917954982,1270.03470497428,1282.95650152391,1295.82435899567,1308.63807469058,1321.39745343348,1334.1023075856,1346.75245705029,1359.34772927234,1371.88795923134,1384.37298942921,1396.80266987249,1409.17685804953,1421.49541890282,1433.75822479698,1445.9651554823,1458.11609805445,1470.21094691027,1482.24960370008,1494.23197727657,1506.15798364052,1518.0275458836,1529.84059412828,1541.59706546512,1553.29690388763,1564.9400602247,1576.52649207095,1588.05616371497,1599.52904606565,1610.94511657677,1622.30435916987,1633.60676415565,1644.85232815385,1656.04105401192,1667.17295072233,1678.24803333893,1689.26632289212,1700.22784630324,1711.13263629801,1721.98073131931,1732.77217543918,1743.50701827033,1754.1853148771,1764.80712568594,1775.37251639558,1785.88155788687,1796.33432613236,1806.73090210574,1817.07137169116,1827.35582559248,1837.58435924255,1847.75707271249,1857.87407062114,1867.93546204462,1877.94136042612,1887.8918834859,1897.78715313168,1907.6272953692,1917.41244021335,1927.14272159952,1936.81827729558,1946.4392488142,1956.00578132577,1965.51802357186,1974.97612777924,1984.3802495745,1993.73054789937,2003.02718492661,2012.27032597671,2021.46013943515,2030.59679667053,2039.68047195337,2048.71134237576,2057.68958777168,2066.6153906383,2075.48893605791,2084.31041162091,2093.08000734944,2101.79791562202,2110.46433109907,2119.0794506492,2127.64347327655,2136.15660004894,2144.61903402701,2153.0309801942,2161.39264538776,2169.70423823065,2177.96596906436,2186.17804988276,2194.34069426679,2202.45411732022,2210.51853560632,2218.53416708543,2226.50123105361,2234.41994808216,2242.29053995812,2250.11322962578,2257.88824112907,2265.61579955497,2273.29613097784,2280.92946240474,2288.51602172163,2296.05603764063,2303.54973964808,2310.99735795365,2318.39912344037,2325.75526761547,2333.06602256234,2340.33162089323,2347.55229570293,2354.72828052342,2361.85980927924,2368.94711624396,2375.99043599738,2382.99000338365
Alt_740,NaN,NaN,NaN,NaN,NaN,NaN,NaN,401.098459030023,416.579348757986,432.014987475211,447.406649506103,462.755410411351,478.06217045874,493.327675424608,508.55253495923,523.737238764466,538.882170827543,553.987621939868,569.053800709934,584.080843257844,599.0688217577,614.017751974033,628.927599920092,643.798287749368,658.629698977132,673.421683116013,688.174059798481,702.886622449426,717.559141563661,732.191367635927,746.783033784746,761.333858106075,775.84354578806,790.311791014189,804.738278678668,819.12268593487,833.464683595072,847.763937397528,862.020109154889,876.232857796376,890.401840314583,904.526712626549,918.60713035759,932.642749555443,946.633227341394,960.578222504327,974.477396042991,988.330411661177,1002.13693622003,1015.89664015124,1029.60919783449,1043.2742879422,1056.8915937542,1070.46080344493,1083.98161034522,1097.45371318071,1110.87681628869,1124.25062981503,1137.57486989261,1150.84925880265,1164.07352512014,1177.2474038445,1190.37063651644,1203.44297132206,1216.46416318489,1229.43397384679,1242.3521719384,1255.21853303972,1268.03283973153,1280.7948816382,1293.50445546236,1306.16136501198,1318.76542122024,1331.31644215872,1343.81425304417,1356.25868623933,1368.64958124808,1380.98678470525,1393.27015036145,1405.49953906308,1417.67481872793,1429.79586431651,1441.86255779936,1453.87478812062,1465.83245115806,1477.73544967968,1489.58369329719,1501.37709841648,1513.11558818525,1524.79909243804,1536.42754763866,1548.00089682035,1559.51908952369,1570.98208173246,1582.38983580749,1593.74232041875,1605.03951047572,1616.28138705615,1627.46793733333,1638.59915450204,1649.67503770315,1660.69559194713,1671.66082803635,1682.57076248654,1693.42541744718,1704.22482062122,1714.9690051839,1725.65800970104,1736.29187804666,1746.87065932005,1757.39440776247,1767.8631826734,1778.27704832646,1788.63607388513,1798.94033331816,1809.18990531496,1819.38487320077,1829.5253248519,1839.61135261089,1849.64305320177,1859.62052764544,1869.54388117518,1879.41322315234,1889.22866698228,1898.99033003059,1908.69833353962,1918.35280254532,1927.95386579454,1937.50165566268,1946.99630807179,1956.43796240922,1965.82676144667,1975.16285125987,1984.44638114877,1993.67750355834,2002.85637399994,2011.98315097342,2021.05799588971,2030.08107299429,2039.05254929118,2047.97259446772,2056.84138082008,2065.6590831795,2074.42587883928,2083.14194748259,2091.80747111098,2100.4226339738,2108.9876224983,2117.50262522069,2125.96783271793,2134.38343754039,2142.74963414533,2151.06661883131,2159.33458967337,2167.55374645909,2175.7242906256,2183.84642519737,2191.9203547249,2199.94628522433,2207.92442411788,2215.85498017522,2223.73816345571,2231.57418525149,2239.36325803153,2247.10559538646,2254.80141197445,2262.45092346777,2270.0543465004,2277.61189861642,2285.12379821932,2292.59026452221,2300.01151749879,2307.38777783534,2314.71926688345,2322.00620661365,2329.24881956993,2336.44732882502,2343.60195793663,2350.71293090441,2357.78047212781,2364.80480636477
Alt_750,NaN,NaN,NaN,NaN,NaN,NaN,NaN,NaN,410.95739046338,426.209157485481,441.417654122197,456.583985330786,471.709081343627,486.79371811827,501.838535445101,516.844052936589,531.810684124032,546.738748877448,561.628484347859,576.48005461222,591.293559181779,606.069040516036,620.80649066705,635.505857163231,650.167048227702,664.789937413973,679.374367730864,693.920155319152,708.427092734261,722.894951882174,737.323486649644,751.712435264446,766.061522416837,780.370461169402,794.63895467907,808.866697752082,823.053378250128,837.198678363659,851.302275766416,865.363844663565,879.383056744333,893.359582048796,907.29308975733,921.183248910279,935.029729064547,948.832200893052,962.590336732356,976.30381108319,989.972301068094,1003.59548684994,1017.17305201475,1030.70468392175,1044.19007402354,1057.62891815865,1071.02091681887,1084.36577539319,1097.66320439027,1110.91291964102,1124.11464248279,1137.2680999265,1150.37302480796,1163.42915592445,1176.43623815769,1189.39402258396,1202.30226657238,1215.16073387204,1227.96919468877,1240.72742575214,1253.43521037333,1266.09233849447,1278.69860672991,1291.25381839995,1303.75778355746,1316.21031900778,1328.61124832237,1340.96040184644,1353.25761670106,1365.5027367799,1377.69561274105,1389.83610199404,1401.92406868251,1413.95938366256,1425.94192447723,1437.87157532712,1449.74822703753,1461.57177702221,1473.34212924397,1485.05919417226,1496.72288873793,1508.33313628534,1519.88986652195,1531.39301546553,1542.84252538911,1554.23834476389,1565.58042820014,1576.8687363862,1588.10323602583,1599.28389977386,1610.41070617035,1621.48363957332,1632.50269009012,1643.46785350768,1654.37913122145,1665.23653016348,1676.04006272936,1686.78974670439,1697.48560518888,1708.12766652272,1718.71596420932,1729.25053683893,1739.7314280114,1750.15868625854,1760.53236496602,1770.85252229499,1781.11922110334,1791.33252886677,1801.49251759971,1811.59926377606,1821.65284824987,1831.65335617605,1841.60087693097,1851.49550403327,1861.33733506464,1871.12647159087,1880.86301908294,1890.5470868385,1900.17878790341,1909.75823899378,1919.28556041814,1928.76087600012,1938.18431300139,1947.55600204514,1956.87607703989,1966.14467510381,1975.36193648957,1984.52800450969,1993.64302546234,2002.70714855788,2011.72052584582,2020.68331214244,2029.59566495909,2038.45774443103,2047.26971324699,2056.03173657939,2064.74398201519,2073.40661948755,2082.01982120811,2090.58376160001,2099.09861723166,2107.56456675126,2115.98179082209,2124.35047205849,2132.67079496268,2140.94294586238,2149.1671128491,2157.34348571739,2165.47225590469,2173.55361643219,2181.58776184631,2189.57488816111,2197.51519280146,2205.40887454705,2213.25613347716,2221.05717091635,2228.81218938085,2236.52139252587,2244.18498509363,2251.80317286232,2259.37616259576,2266.90416199397,2274.38737964449,2281.82602497456,2289.22030820405,2296.57044029924,2303.8766329274,2311.13909841215,2318.3580496896,2325.53370026536,2332.6662641722,2339.75595592862,2346.80299049813
Alt_760,NaN,NaN,NaN,NaN,NaN,NaN,NaN,NaN,405.47731176726,420.549789400588,435.579664804397,450.568070502394,465.515964982386,480.424152779686,495.293302314614,510.123961683143,524.91657260825,539.671482754023,554.388956591695,569.069184990311,583.712293687252,598.318350776521,612.887373336455,627.419333303582,641.914162685975,656.37175819748,670.791985383785,685.174682302034,699.519662807756,713.826719495878,728.095626336587,742.326141041557,756.518007191557,770.670956152505,784.784708803654,798.858977098662,812.893465477724,826.887872146749,840.841890237625,854.75520886195,868.627514069155,882.458489718641,896.247818274493,909.995181530317,923.700261270914,937.362739876775,950.982300876688,964.558629453214,978.091412905256,991.580341071513,1005.02510671819,1018.42540589406,1031.78093825549,1045.0914073641,1058.35652095904,1071.57599120604,1084.74953492499,1097.87687379772,1110.9577345574,1123.99184916096,1136.97895494583,1149.9187947719,1162.81111714998,1175.65567635751,1188.45223254245,1201.20055181617,1213.90040633587,1226.55157437754,1239.15384039964,1251.70699509844,1264.21083545531,1276.66516477651,1289.06979272598,1301.42453535138,1313.72921510402,1325.98366085279,1338.18770789254,1350.34119794724,1362.44397916821,1374.49590612756,1386.49683980734,1398.4466475844,1410.34520321138,1422.19238679386,1433.9880847641,1445.73218985132,1457.42460104888,1469.06522357847,1480.65396885142,1492.19075442745,1503.67550397072,1515.10814720371,1526.48861985867,1537.81686362703,1549.09282610687,1560.31646074836,1571.48772679758,1582.60658923862,1593.67301873408,1604.6869915642,1615.64848956455,1626.5575000625,1637.41401581248,1648.21803493015,1658.96956082554,1669.66860213525,1680.31517265381,1690.90929126421,1701.45098186771,1711.94027331305,1722.37719932498,1732.76179843231,1743.0941138955,1753.37419363382,1763.60209015213,1773.77786046743,1783.90156603504,1793.97327267475,1803.99305049662,1813.96097382684,1823.87712113344,1833.74157495201,1843.55442181142,1853.31575215964,1863.02566028962,1872.68424426536,1882.29160584808,1891.84785042268,1901.35308692435,1910.80742776556,1920.21098876323,1929.56388906635,1938.86625108385,1948.11820041293,1957.31986576774,1966.47137890858,1975.57287457144,1984.62449039812,1993.62636686679,2002.57864722309,2011.48147741177,2020.33500600886,2029.13938415446,2037.89476548606,2046.60130607252,2055.25916434863,2063.8685010503,2072.42947915044,2080.94226379542,2089.4070222423,2097.8239237966,2106.19313975089,2114.514843324,2122.78920960096,2131.01641547363,2139.19663958207,2147.33006225663,2155.41686546074,2163.45723273451,2171.45134913897,2179.39940120112,2187.30157685972,2195.15806541181,2202.96905745996,2210.73474486037,2218.45532067158,2226.13097910407,2233.76191547053,2241.34832613691,2248.89040847425,2256.38836081123,2263.8423823875,2271.25267330772,2278.61943449642,2285.94286765354,2293.22317521073,2300.46056028847,2307.65522665378,2314.80737867882,2321.91722130009,2328.98495997848
Alt_770,NaN,NaN,NaN,NaN,NaN,NaN,NaN,NaN,400.133749537016,415.031354768749,429.886990433468,444.701814860717,459.476813151073,474.212816877897,488.910521642346,503.570502655316,518.193228535087,532.779073508825,547.328328196741,561.841209143865,576.317867248886,590.758395223603,605.162834201386,619.531179598915,633.863386322671,648.15937340019,662.419028105964,676.642209642926,690.828752432677,704.97846906079,719.091152917621,733.166580569905,747.204513893967,761.204701997493,775.166882953451,789.090785366857,802.976129792524,816.822630019741,830.629994237934,844.397926095664,858.126125663894,871.814290313165,885.462115513245,899.069295562795,912.635524255817,926.16049549083,939.643903828123,953.085444999832,966.484816377076,979.841717397965,993.155849959865,1006.42691877899,1019.65463172003,1032.83870009836,1045.97883895695,1059.07476732006,1072.12620842551,1085.1328899372,1098.09454413928,1111.01090811345,1123.88172390053,1136.70673864745,1149.48570474067,1162.21837992698,1174.90452742256,1187.543916011,1200.13632013107,1212.68151995491,1225.17930145718,1237.62945647581,1250.03178276475,1262.38608403941,1274.69217001494,1286.94985643806,1299.15896511261,1311.31932391924,1323.43076682967,1335.49313391562,1347.50627135293,1359.47003142093,1371.38427249756,1383.24885905014,1395.06366162241,1406.82855681772,1418.54342727873,1430.20816166385,1441.82265462041,1453.38680675494,1464.90052460061,1476.36372058197,1487.7763129772,1499.13822587794,1510.44938914693,1521.70973837339,1532.91921482655,1544.07776540716,1555.18534259727,1566.2419044083,1577.24741432756,1588.20184126322,1599.10515948799,1609.95734858137,1620.75839337076,1631.50828387141,1642.20701522533,1652.85458763913,1663.45100632108,1673.99628141721,1684.4904279467,1694.93346573653,1705.32541935549,1715.66631804764,1725.95619566518,1736.19509060087,1746.38304572006,1756.52010829233,1766.60632992279,1776.64176648318,1786.62647804269,1796.56052879861,1806.4439870069,1816.27692491262,1826.0594186803,1835.79154832437,1845.47339763956,1855.10505413134,1864.68660894657,1874.21815680414,1883.69979592589,1893.13162796763,1902.5137579505,1911.84629419245,1921.12934824009,1930.36303480084,1939.54747167537,1948.68277969043,1957.76908263206,1966.80650717916,1975.79518283753,1984.73524187435,1993.62681925307,2002.47005256882,2011.26508198433,2020.01205016633,2028.71110222247,2037.36238563884,2045.96605021796,2054.52224801746,2063.03113328917,2071.49286241902,2079.90759386732,2088.27548810985,2096.59670757945,2104.87141660827,2113.09978137072,2121.28196982697,2129.41815166719,2137.50849825642,2145.55318258011,2153.5523791903,2161.50626415258,2169.41501499359,2177.27881064934,2185.09783141412,2192.87225889016,2200.60227593795,2208.28806662729,2215.92981618903,2223.52771096746,2231.08193837346,2238.59268683832,2246.06014576828,2253.48450549973,2260.86595725514,2268.2046930997,2275.50090589858,2282.75478927497,2289.96653756881,2297.13634579607,2304.26440960892,2311.35092525644
Alt_780,NaN,NaN,NaN,NaN,NaN,NaN,NaN,NaN,NaN,409.648599157491,424.33422127964,438.979655901701,453.585913156916,468.153850176922,482.684188352102,497.177528694804,511.634365475052,526.05509830265,540.440042823854,554.789440189642,569.103465439025,583.382234926493,597.625812908577,611.83421739126,626.00742532777,640.145377245306,654.247981369471,668.315117306519,682.34663933594,696.342379359253,710.302149545065,724.225744705434,738.112944434146,751.963515033727,765.777211254678,779.55377786754,793.2929510859,806.994459856234,820.65802702864,834.283370420793,847.870203786056,861.418237695395,874.927180341658,888.396738273794,901.826617067749,915.216521940044,928.566158309353,941.875232310868,955.143451267684,968.37052412303,981.556161836749,994.700077749091,1007.80198791457,1020.86161140837,1033.87867060751,1046.85289144882,1059.7840036655,1072.671741004,1085.51584142254,1098.31604727287,1111.07210546631,1123.78376762525,1136.45079022116,1149.07293470006,1161.64996759622,1174.18166063497,1186.66779082527,1199.10814054273,1211.50249760375,1223.85065533114,1236.15241261204,1248.40757394828,1260.61594949993,1272.77735512226,1284.89161239649,1296.95854865482,1308.97799699994,1320.94979631939,1332.873791295,1344.74983240779,1356.57777593843,1368.35748396363,1380.08882434862,1391.7716707359,1403.40590253056,1414.9914048822,1426.52806866381,1438.01579044758,1449.454472478,1460.84402264222,1472.18435443793,1483.47538693879,1494.71704475771,1505.9092580079,1517.05196226193,1528.14509850886,1539.18861310964,1550.18245775072,1561.1265893961,1572.02097023787,1582.86556764531,1593.66035411268,1604.40530720577,1615.10040950721,1625.74564856075,1636.34101681451,1646.88651156324,1657.38213488974,1667.82789360543,1678.22379919018,1688.56986773142,1698.86611986268,1709.11258070148,1719.3092797867,1729.45625101553,1739.55353257997,1749.60116690294,1759.59920057406,1769.54768428523,1779.44667276585,1789.29622471796,1799.09640275115,1808.84727331741,1818.54890664585,1828.20137667746,1837.80476099978,1847.35914078166,1856.86460070808,1866.32122891503,1875.72911692455,1885.08835957993,1894.39905498104,1903.66130441995,1912.87521231672,1922.04088615549,1931.15843642084,1940.22797653444,1949.24962279207,1958.22349430098,1967.14971291759,1976.02840318561,1984.85969227455,1993.64370991872,2002.38058835651,2011.07046227038,2019.71346872704,2028.30974711837,2036.85943910266,2045.36268854648,2053.81964146699,2062.23044597486,2070.59525221768,2078.91421232398,2087.18748034779,2095.41521221374,2103.59756566284,2111.73470019874,2119.8267770347,2127.87395904108,2135.87641069345,2143.83429802139,2151.74778855786,2159.61705128914,2167.44225660552,2175.22357625254,2182.96118328291,2190.65525200903,2198.30595795617,2205.91347781632,2213.47798940266,2220.99967160464,2228.47870434383,2235.91526853023,2243.3095460194,2250.66171957017,2257.97197280293,2265.24049015872,2272.46745685879,2279.65305886494,2286.7974828404,2293.90091611146
Alt_790,NaN,NaN,NaN,NaN,NaN,NaN,NaN,NaN,NaN,404.396525502872,418.916211955169,433.396302255009,447.83783004707,462.241676597912,476.608587749657,490.939189054574,505.233999240674,519.493442167679,533.717857430632,547.90750976004,562.062597355838,576.183259279641,590.269582016773,604.321605307132,618.339327332439,632.322709336881,646.271679748771,660.186137862446,674.065957132277,687.910988124133,701.721061164008,715.495988718536,729.235567537815,742.939580587197,756.607798791406,770.239982611538,783.835883472964,797.395245060028,810.917804491538,824.403293389386,837.851438851224,851.261964336847,864.634590476827,877.969035811009,891.265017463596,904.522251760841,917.740454796685,930.919342951117,944.058633365527,957.158044378868,970.217295928039,983.236109915584,996.214210547441,1009.15132464324,1022.04718192141,1034.90151526105,1047.71406094247,1060.48455886802,1073.2127527647,1085.89839036991,1098.54122360163,1111.14100871405,1123.69750643978,1136.21048211957,1148.67970582028,1161.10495244205,1173.48600181526,1185.82263878802,1198.11465330477,1210.36184047649,1222.56400064316,1234.72093942887,1246.83246778999,1258.89840205688,1270.91856396949,1282.89278070718,1294.8208849131,1306.70271471351,1318.53811373215,1330.32693110012,1342.06902146139,1353.76424497423,1365.41246730878,1377.0135596409,1388.56739864259,1400.07386646913,1411.53285074306,1422.94424453524,1434.30794634306,1445.62386006606,1456.89189497899,1468.1119657025,1479.28399217157,1490.40789960179,1501.48361845367,1512.51108439491,1523.49023826104,1534.42102601415,1545.30339870015,1556.13731240445,1566.92272820619,1577.65961213109,1588.34793510312,1598.98767289488,1609.57880607685,1620.12131996569,1630.61520457142,1641.06045454376,1651.45706911766,1661.80505205787,1672.10441160298,1682.35516040864,1692.55731549017,1702.7108981647,1712.81593399266,1722.8724527189,1732.8804882133,1742.84007841112,1752.75126525289,1762.61409462409,1772.42861629459,1782.19488385781,1791.91295466978,1801.58288978804,1811.20475391046,1820.77861531395,1830.30454579321,1839.78262059942,1849.21291837902,1858.59552111252,1867.93051405338,1877.2179856671,1886.45802757033,1895.65073447028,1904.79620410425,1913.89453717935,1922.9458373126,1931.95021097113,1940.9077674128,1949.81861862704,1958.68287927606,1967.50066663636,1976.27210054069,1984.99730332029,1993.67639974755,2002.30951697915,2010.8967844995,2019.43833406474,2027.93429964712,2036.38481737983,2044.7900255024,2053.15006430645,2061.46507608205,2069.73520506455,2077.96059738188,2086.14140100246,2094.27776568358,2102.36984292032,2110.41778589508,2118.42174942759,2126.38188992548,2134.29836533554,2142.17133509536,2150.00096008568,2157.78740258331,2165.53082621455,2173.23139590931,2180.88927785571,2188.50463945537,2196.07764927922,2203.60847702394,2211.097293469,2218.54427043428,2225.94958073833,2233.31339815715,2240.63589738368,2247.91725398777,2255.15764437686,2262.35724575718,2269.51623609559,2276.63479408199
Alt_800,NaN,NaN,NaN,NaN,NaN,NaN,NaN,NaN,NaN,NaN,413.628065581616,427.946717493581,442.227390075597,456.470987358944,470.678278350987,484.849911931333,498.986430139217,513.088279996625,527.155824013305,541.189349514178,555.189076920139,569.155167101945,583.087727915045,596.986820011705,610.852462015852,624.684635136077,638.483287283208,652.248336750759,665.979675509407,679.677172160333,693.340674586721,706.970012337825,720.564998775822,734.125433011909,747.651101654911,761.141780392831,774.597235425328,788.017224762953,801.401499407104,814.749804423049,828.061879916899,841.337461926192,854.576283232649,867.778074104688,880.942562976457,894.069477069387,907.158542961638,920.209487110206,933.22203632998,946.195918233564,959.130861635311,972.026596922636,984.882856397377,997.699374589714,1010.47588854687,1023.21213809863,1035.90786610153,1048.56281866333,1061.17674534936,1073.74939937196,1086.28053776443,1098.76992154048,1111.21731584028,1123.62249006406,1135.985217994,1148.3052779054,1160.58245266765,1172.81652983581,1185.00730173327,1197.15456552621,1209.25812329024,1221.31778206975,1233.33335393041,1245.30465600521,1257.23151053448,1269.11374490012,1280.95119165451,1292.74368854427,1304.49107852922,1316.19320979686,1327.84993577248,1339.46111512526,1351.02661177046,1362.54629486807,1374.02003881789,1385.44772325143,1396.82923302067,1408.1644581839,1419.45329398875,1430.69564085259,1441.89140434042,1453.04049514039,1464.14282903707,1475.19832688257,1486.20691456561,1497.16852297877,1508.08308798375,1518.95055037512,1529.77085584225,1540.54395492981,1551.26980299682,1561.94836017424,1572.57959132135,1583.1634659809,1593.69995833303,1604.18904714825,1614.63071573926,1625.02495191194,1635.3717479154,1645.67110039118,1655.92301032174,1666.1274829782,1676.28452786741,1686.39415867845,1696.45639322853,1706.47125340838,1716.43876512722,1726.35895825726,1736.23186657782,1746.05752771916,1755.835983106,1765.5672779007,1775.25146094638,1784.88858470969,1794.47870522353,1804.02188202967,1813.51817812117,1822.96765988492,1832.37039704397,1841.72646260005,1851.03593277599,1860.29888695827,1869.51540763963,1878.68558036185,1887.80949365859,1896.88723899845,1905.91891072818,1914.90460601614,1923.84442479593,1932.73846971034,1941.58684605548,1950.38966172527,1959.14702715618,1967.85905527233,1976.52586143091,1985.14756336791,1993.7242811443,2002.25613709251,2010.74325576334,2019.18576387328,2027.58379025222,2035.93746579162,2044.24692339308,2052.51229791743,2060.73372613418,2068.91134667153,2077.04529996682,2085.13572821742,2093.18277533223,2101.18658688354,2109.14731005951,2117.06509361711,2124.94008783555,2132.77244447033,2140.5623167077,2148.30985911977,2156.01522762001,2163.67857941949,2171.30007298345,2178.87986798858,2186.41812528077,2193.9150068334,2201.37067570624,2208.78529600489,2216.15903284069,2223.49205229134,2230.7845213619,2238.03660794652,2245.2484807906,2252.42030945354,2259.55226427209
Alt_810,NaN,NaN,NaN,NaN,NaN,NaN,NaN,NaN,NaN,NaN,408.46511907288,422.626105080076,436.749665327077,450.836725289768,464.888075902337,478.904388205318,492.886226446744,506.834059765785,520.748272593637,534.629173903631,548.477005435058,562.291949005512,576.074133015892,589.823638241558,603.540502992915,617.224727719219,630.876279120749,644.495093826685,658.081081689117,671.634128737452,685.154099832089,698.640841051451,712.094181842337,725.513936959878,738.899908220227,752.251886086305,765.569651104523,778.852975208251,792.101622901979,805.315352338462,818.493916299751,831.637063091744,844.744537360826,857.81608084017,870.851433032495,883.850331835257,896.812514113669,909.737716226327,922.625674507736,935.476125711562,948.28880741806,961.063458408762,973.799819011198,986.497631416164,999.156639969773,1011.77659144233,1024.3572352759,1036.89832381213,1049.39961250204,1061.86086009888,1074.28182883551,1086.66228458741,1099.0019970222,1111.3007397368,1123.558290383,1135.77443078218,1147.94894703006,1160.08162959191,1172.17227338909,1184.22067787729,1196.22664711697,1208.1899898367,1220.11051948959,1231.9880543033,1243.8224173241,1255.61343645517,1267.36094448963,1279.06477913843,1290.72478305353,1302.34080384654,1313.91269410314,1325.44031139341,1336.92351827836,1348.36218231292,1359.75617604534,1371.10537701352,1382.40966773815,1393.66893571296,1404.8830733922,1416.05197817549,1427.17555239018,1438.25370327131,1449.28634293939,1460.27338837599,1471.21476139729,1482.1103886258,1492.96020146018,1503.76413604332,1514.52213322891,1525.23413854631,1535.90010216404,1546.51997885186,1557.09372794157,1567.62131328654,1578.10270322006,1588.53787051265,1598.92679232825,1609.26945017957,1619.56582988235,1629.81592150895,1640.01971934096,1650.17722182126,1660.28843150522,1670.35335501131,1680.3720029712,1690.34438997916,1700.27053454108,1710.15045902298,1719.98418959909,1729.77175619958,1739.51319245796,1749.20853565813,1758.85782668119,1768.46110995206,1778.01843338584,1787.52984833406,1796.99540953077,1806.41517503851,1815.78920619428,1825.11756755542,1834.40032684544,1843.63755489995,1852.82932561257,1861.97571588089,1871.07680555257,1880.13267737153,1889.14341692422,1898.10911258612,1907.02985546838,1915.90573936463,1924.73686069806,1933.52331846867,1942.2652142008,1950.96265189092,1959.61573795572,1968.22458118045,1976.78929266759,1985.3099857859,1993.78677611972,2002.21978141868,2010.60912154775,2018.95491843768,2027.25729603581,2035.51638025729,2043.73229893672,2051.90518178016,2060.03516031762,2068.12236785594,2076.16693943215,2084.16901176726,2092.12872322047,2100.04621374394,2107.92162483792,2115.75509950645,2123.54678221343,2131.2968188393,2139.00535663814,2146.67254419522,2154.29853138518,2161.88346933056,2169.42751036096,2176.93080797261,2184.39351678849,2191.81579251901,2199.1977919231,2206.53967276987,2213.84159380083,2221.10371469251,2228.32619601971,2235.50919921922,2242.65288655403
Alt_820,NaN,NaN,NaN,NaN,NaN,NaN,NaN,NaN,NaN,NaN,403.422929444019,417.429894358924,431.399959404383,445.334070228029,459.233038497797,473.097556292302,486.928209007819,500.725486895841,514.489795354375,528.221464096184,541.920755311847,555.587870937392,569.222959126819,582.82612002007,596.397410887499,609.936850722916,623.444424349035,636.920086091668,650.363763072316,663.77535816284,677.154752640611,690.501808577915,703.816370995287,717.098269804879,730.347321566823,743.563331078826,756.746092816816,769.895392242358,783.011006990744,796.092707952023,809.14026025585,822.15342416978,835.131955919569,848.075608439068,860.984132056476,873.857275122975,886.694784589112,899.496406533737,912.261886649783,924.990970690735,937.683404881231,950.338936294908,962.957313202247,975.538285390962,988.08160446116,1000.58702409733,1013.05430031902,1025.4831917118,1037.87345964019,1050.22486844365,1062.53718561724,1074.81018197772,1087.04363181641,1099.23731303959,1111.39100729736,1123.50450010176,1135.57758093485,1147.61004334743,1159.60168504893,1171.55230798921,1183.4617184326,1195.32972702471,1207.15614885256,1218.94080349825,1230.68351508669,1242.38411232767,1254.04242855264,1265.65830174643,1277.23157457428,1288.76209440434,1300.24971332601,1311.69428816423,1323.09568048996,1334.45375662713,1345.76838765618,1357.03944941427,1368.26682249262,1379.45039223078,1390.59004870822,1401.68568673329,1412.73720582974,1423.74451022081,1434.70750881112,1445.62611516644,1456.50024749146,1467.32982860557,1478.11478591692,1488.85505139466,1499.55056153964,1510.20125735344,1520.80708430604,1531.36799230203,1541.88393564553,1552.35487300383,1562.78076736987,1573.16158602362,1583.49730049237,1593.78788651006,1604.03332397567,1614.23359691071,1624.38869341594,1634.49860562723,1644.56332967082,1654.58286561779,1664.55721743801,1674.48639295339,1684.37040379073,1694.20926533398,1704.00299667607,1713.75162057034,1723.45516338156,1733.1136550367,1742.72712897526,1752.29562209945,1761.81917472405,1771.29783052614,1780.73163649458,1790.12064287944,1799.46490314119,1808.76447389992,1818.01941488445,1827.22978888141,1836.39566168429,1845.51710204255,1854.59418161075,1863.62697489774,1872.61555921589,1881.56001463054,1890.46042390943,1899.31687247241,1908.12944834121,1916.89824208943,1925.62334679275,1934.30485797932,1942.94287358042,1951.53749388129,1960.08882147234,1968.59696120051,1977.06202012103,1985.48410744937,1993.86333451363,2002.19981470716,2010.49366344152,2018.74499809988,2026.95393799065,2035.12060430158,2043.24512005421,2051.32761005865,2059.36820086886,2067.36702073822,2075.3241995756,2083.23986890177,2091.11416180634,2098.94721290497,2106.7391582972,2114.49013552454,2122.20028352917,2129.86974261295,2137.49865439699,2145.08716178158,2152.63540890671,2160.14354111292,2167.61170490267,2175.04004790224,2182.42871882402,2189.77786742926,2197.08764449143,2204.35820175988,2211.58969192411,2218.78226857844,2225.93608618724
Alt_830,NaN,NaN,NaN,NaN,NaN,NaN,NaN,NaN,NaN,NaN,NaN,412.353727510934,426.173794096468,439.958425411795,453.708452708333,467.424588021063,481.107436873487,494.75750966258,508.375231835049,521.960952969184,535.514954873366,549.037458805836,562.528631912092,575.988592967462,589.417417503596,602.815142389182,616.181769927348,629.517271525049,642.821590983302,656.094647451288,669.336338082311,682.546540424962,695.725114578924,708.871905141298,721.986742966256,735.069446758126,748.119824515649,761.137674843068,774.122788141881,787.074947695521,799.993930657795,812.879508954713,825.73145010825,838.549517989623,851.333473508863,864.083075246685,876.798080034056,889.478243484246,902.123320481675,914.733065631396,927.307233672686,939.845579859831,952.347860312904,964.813832341054,977.243254740566,989.635888069747,1001.99149490248,1014.3098400621,1026.59069083722,1038.83381718066,1051.03899189302,1063.20599079177,1075.33459286709,1087.42458042527,1099.47573922065,1111.48785857681,1123.46073149773,1135.39415476968,1147.28792905431,1159.14185897363,1170.95575318732,1182.72942446286,1194.46268973895,1206.15537018254,1217.80729124001,1229.41828268263,1240.98817864683,1252.51681766943,1264.00404271819,1275.44970121791,1286.85364507236,1298.21573068216,1309.53581895899,1320.81377533618,1332.04946977594,1343.24277677338,1354.39357535751,1365.50174908935,1376.56718605727,1387.58977886982,1398.56942464599,1409.50602500319,1420.39948604296,1431.24971833466,1442.05663689698,1452.8201611777,1463.54021503157,1474.21672669644,1484.84962876779,1495.43885817172,1505.98435613639,1516.48606816215,1526.94394399029,1537.35793757054,1547.72800702738,1558.05411462522,1568.33622673254,1578.57431378498,1588.76835024752,1598.91831457571,1609.02418917614,1619.08596036605,1629.10361833221,1639.07715708912,1649.00657443654,1658.89187191646,1668.73305476943,1678.53013189042,1688.2831157842,1697.99202252023,1707.6568716872,1717.27768634714,1726.85449298923,1736.38732148331,1745.87620503305,1755.32118012899,1764.72228650128,1774.07956707225,1783.39306790888,1792.66283817506,1801.88893008382,1811.07139884949,1820.21030263969,1829.3057025275,1838.35766244339,1847.36624912738,1856.33153208111,1865.25358352,1874.13247832551,1882.9682939975,1891.76111060667,1900.51101074717,1909.21807948939,1917.88240433283,1926.50407515924,1935.08318418596,1943.61982591939,1952.11409710877,1960.56609670022,1968.97592579094,1977.34368758375,1985.66948734195,1993.95343234432,2002.19563184062,2010.39619700725,2018.55524090328,2026.67287842687,2034.74922627192,2042.78440288521,2050.77852842372,2058.73172471253,2066.64411520288,2074.51582493076,2082.34698047585,2090.1377099208,2097.88814281095,2105.59841011449,2113.26864418296,2120.89897871218,2128.48954870363,2136.04049042624,2143.55194137855,2151.02404025141,2158.45692689099,2165.85074226229,2173.2056284131,2180.52172843835,2187.79918644493,2195.03814751695,2202.23875768144,2209.40116387449
Alt_840,NaN,NaN,NaN,NaN,NaN,NaN,NaN,NaN,NaN,NaN,NaN,407.393447394778,421.066896949424,434.705404790741,448.309820643807,461.880875457107,475.41919389773,488.925305577235,502.39965510749,515.842611091617,529.254474154196,542.635484110018,555.985826363713,569.305637624722,582.595011013939,595.854000630534,609.082625639983,622.280873937534,635.448705435114,648.586055014075,661.692835181245,674.768938461265,687.814239554353,700.828597285135,713.811856365192,726.763848989295,739.68439628297,752.57330961697,765.430391802455,778.255438179077,791.048237606808,803.808573371095,816.536224009885,829.230964070116,841.892564800408,854.520794786012,867.115420531372,879.676206995124,892.202918081827,904.695317094295,917.153167149984,929.576231564544,941.96427420534,954.317059817456,966.634354324458,978.915925105972,991.161541253927,1003.37097380914,1015.5439959798,1027.68038334313,1039.77991403168,1051.84236890516,1063.86753170902,1075.85518922063,1087.80513138406,1099.71715143406,1111.59104601012,1123.42661526124,1135.22366294194,1146.9819965002,1158.7014271578,1170.3817699834,1182.0228439591,1193.62447204052,1205.1864812111,1216.70870253077,1228.19097117934,1239.63312649504,1251.03501200825,1262.39647547096,1273.71736888193,1284.99754850801,1296.23687490166,1307.43521291497,1318.59243171027,1329.70840476767,1340.78300988945,1351.8161292017,1362.8076491532,1373.75746051168,1384.66545835769,1395.53154207613,1406.35561534552,1417.13758612522,1427.8773666406,1438.57487336634,1449.23002700792,1459.84275248136,1470.41297889133,1480.94063950778,1491.42567174096,1501.86801711514,1512.26762124097,1522.62443378657,1532.93840844743,1543.20950291514,1553.4376788451,1563.62290182317,1573.76514133139,1583.86437071271,1593.92056713498,1603.93371155405,1613.9037886761,1623.83078691933,1633.71469837486,1643.55551876716,1653.35324741369,1663.10788718422,1672.81944445941,1682.48792908912,1692.11335435013,1701.69573690357,1711.23509675188,1720.73145719554,1730.18484478938,1739.59528929875,1748.96282365529,1758.28748391264,1767.56930920184,1776.80834168662,1786.00462651856,1795.15821179212,1804.26914849956,1813.33749048589,1822.36329440362,1831.34661966765,1840.28752841006,1849.18608543493,1858.04235817329,1866.85641663797,1875.62833337868,1884.35818343712,1893.04604430216,1901.69199586524,1910.29612037582,1918.8585023971,1927.37922876178,1935.85838852812,1944.29607293616,1952.69237536411,1961.04739128506,1969.36121822385,1977.63395571424,1985.86570525629,1994.05657027405,2002.20665607355,2010.31606980101,2018.38492040144,2026.41331857744,2034.40137674847,2042.34920901026,2050.25693109471,2058.12466033006,2065.95251560139,2073.74061731152,2081.48908734222,2089.19804901586,2096.86762705732,2104.49794755638,2112.08913793043,2119.64132688756,2127.15464439008,2134.6292216184,2142.06519093531,2149.46268585066,2156.82184098644,2164.14279204226,2171.42567576124,2178.67062989632,2185.87779317695,2193.04730527621
Alt_850,NaN,NaN,NaN,NaN,NaN,NaN,NaN,NaN,NaN,NaN,NaN,402.545086206354,416.075189670824,429.57082118509,443.032847876291,456.462018600292,469.858976219458,483.22426866304,496.558358857242,509.861633620796,523.134411623113,536.376950498879,549.589453207296,562.772073717224,575.924922092129,589.048069041428,602.141549997828,615.205368773744,628.239500843919,641.243896296007,654.218482486013,667.163166431215,680.077836969357,692.962366709547,705.816613797311,718.640423513632,731.433629725511,744.196056203564,756.927517820372,769.627821641758,782.296767921786,794.934151011054,807.539760186805,820.113380412443,832.654793033193,845.163776413946,857.64010652467,870.083557478179,882.493902024605,894.870912006405,907.214358777384,919.524013588852,931.799647945717,944.041033935029,956.247944529281,968.420153866495,980.557437508972,992.659572682386,1004.72633849675,1016.75751615066,1028.75288912,1040.7122433324,1052.63536732831,1064.52205240981,1076.3720927779,1088.18528565918,1099.96143142247,1111.7003336863,1123.4017994176,1135.06563902237,1146.69166642874,1158.2796991629,1169.8295584184,1181.34106911916,1192.81405997658,1204.24836354112,1215.64381624872,1227.00025846217,1238.31753450797,1249.59549270874,1260.83398541148,1272.03286901194,1283.19200397528,1294.31125485321,1305.39049029777,1316.42958307203,1327.42841005774,1338.38685226012,1349.30479481005,1360.18212696355,1371.01874209894,1381.81453771168,1392.56941540692,1403.28328089003,1413.95604395513,1424.58761847173,1435.1779223695,1445.72687762142,1456.23441022524,1466.70045018343,1477.12493148156,1487.50779206543,1497.84897381671,1508.14842252744,1518.40608787322,1528.62192338535,1538.79588642179,1548.92793813719,1559.01804345191,1569.06617102005,1579.0722931967,1589.03638600435,1598.95842909847,1608.83840573241,1618.67630272157,1628.47211040696,1638.22582261815,1647.93743663558,1657.60695315244,1667.23437623598,1676.8197132884,1686.36297500726,1695.86417534558,1705.3233314715,1714.74046372763,1724.1155955901,1733.44875362736,1742.73996745868,1751.98926971249,1761.19669598446,1770.36228479547,1779.4860775494,1788.56811849082,1797.60845466253,1806.60713586313,1815.56421460442,1824.47974606882,1833.35378806676,1842.1864009941,1850.97764778954,1859.72759389209,1868.43630719858,1877.10385802127,1885.73031904552,1894.3157652876,1902.86027405258,1911.3639248924,1919.82679956405,1928.24898198795,1936.63055820646,1944.97161634263,1953.27224655912,1961.53254101729,1969.75259383665,1977.93250105436,1986.0723605851,1994.17227218119,2002.23233739286,2010.25265952895,2018.23334361777,2026.17449636828,2034.07622613157,2041.93864286269,2049.76185808266,2057.54598484098,2065.29113767825,2072.99743258933,2080.66498698666,2088.29391966401,2095.88435076058,2103.43640172539,2110.95019528207,2118.42585539399,2125.86350722975,2133.26327712903,2140.62529256883,2147.94968213005,2155.23657546445,2162.486103262,2169.69839721859,2176.87359000416
Alt_860,NaN,NaN,NaN,NaN,NaN,NaN,NaN,NaN,NaN,NaN,NaN,NaN,411.194777303421,424.55067522754,437.873432159161,451.16381389015,464.422480563263,477.64999756073,490.84684530325,504.01342804576,517.150081759805,530.257081190868,543.334646174586,556.382947289861,569.402110920253,582.392223788274,595.353337020711,608.285469796858,621.18861262591,634.062730294548,646.907764521083,659.723636348353,672.510248303842,685.26748635219,697.995221662364,710.693312209161,723.361604226473,735.999933527727,748.608126707171,761.186002234127,773.733371450957,786.250039484307,798.735806078134,811.190466356078,823.613811519932,836.005629490235,848.365705494368,860.693822606963,872.989762246952,885.253304635105,897.48422921555,909.682315044374,921.847341148133,933.979086854797,946.077332099411,958.141857706541,970.172445651361,982.168879301087,994.130943638279,1006.0584254674,1017.95111360589,1029.80879906096,1041.63127519303,1053.41833786692,1065.16978559152,1076.88541964888,1088.56504421334,1100.20846646137,1111.81549667281,1123.38594832406,1134.91963817364,1146.41638634071,1157.87601637696,1169.29835533222,1180.68323381427,1192.03048604308,1203.33994989989,1214.61146697141,1225.84488258937,1237.04004586574,1248.19680972383,1259.3150309255,1270.39457009467,1281.43529173737,1292.43706425846,1303.39975997524,1314.32325512806,1325.20742988813,1336.05216836264,1346.85735859737,1357.62289257679,1368.34866622197,1379.03457938623,1389.68053584874,1400.28644330608,1410.85221336206,1421.37776151555,1431.86300714675,1442.30787350178,1452.71228767572,1463.0761805942,1473.39948699354,1483.68214539963,1493.92409810545,1504.1252911475,1514.28567428096,1524.40520095383,1534.48382828004,1544.52151701155,1554.51823150954,1564.47393971467,1574.38861311661,1584.26222672263,1594.09475902559,1603.88619197112,1613.63651092419,1623.34570463505,1633.01376520453,1642.64068804887,1652.22647186398,1661.77111858922,1671.27463337076,1680.73702452447,1690.1583034985,1699.53848483542,1708.87758613409,1718.17562801119,1727.43263406252,1736.64863082401,1745.82364773252,1754.95771708647,1764.05087400623,1773.10315639444,1782.11460489615,1791.08526285884,1800.01517629239,1808.904393829,1817.75296668296,1826.56094861051,1835.32839586965,1844.0553671799,1852.74192368216,1861.3881288986,1869.99404869253,1878.55975122846,1887.08530693213,1895.57078845075,1904.01627061324,1912.42183039071,1920.78754685699,1929.11350114935,1937.39977642942,1945.6464578442,1953.85363248734,1962.02138936057,1970.14981933535,1978.23901511474,1986.28907119552,1994.30008383046,2002.27215099094,2010.20537232979,2018.09984914431,2025.95568433971,2033.77298239264,2041.5518493152,2049.29239261906,2056.99472127998,2064.65894570261,2072.28517768556,2079.87353038682,2087.42411828948,2094.93705716777,2102.41246405341,2109.85045720234,2117.25115606169,2124.61468123717,2131.94115446077,2139.23069855878,2146.48343742021,2153.69949596547,2160.87900011548
Alt_870,NaN,NaN,NaN,NaN,NaN,NaN,NaN,NaN,NaN,NaN,NaN,NaN,406.421938109782,419.641145028961,432.827652882023,445.982243458341,459.105593297815,472.198284401409,485.260813893826,498.293602715062,511.297003423311,524.271307191907,537.216750079912,550.133518650994,563.021755009391,575.881561315606,588.71300383836,601.516116593529,614.290904615339,627.037346900142,639.75539905856,652.444995707758,665.106052631973,677.73846873619,690.34212781504,702.916900156427,715.462643997197,727.979206846156,740.466426688066,752.92413308064,765.352148155291,777.750287531155,790.118361150848,802.456174045551,814.763527036136,827.040217376356,839.286039343492,851.500784781264,863.684243599316,875.836204233156,887.956454068024,900.04477982981,912.100967945847,924.1248048781,936.116077431057,948.074573036379,960.000080016188,971.892387826676,983.751287283587,995.576570770951,1007.36803243435,1019.12546835986,1030.84867673972,1042.5374580257,1054.19161507104,1065.8109532617,1077.39528063776,1088.94440800559,1100.45814904135,1111.93632038647,1123.37874173559,1134.78523591743,1146.15562896907,1157.48975020401,1168.78743227438,1180.04851122767,1191.27282655833,1202.46022125444,1213.61054183987,1224.72363841204,1235.79936467566,1246.8375779725,1257.83813930762,1268.80091337206,1279.72576856224,1290.61257699634,1301.46121452761,1312.27156075494,1323.04349903081,1333.77691646658,1344.47170393555,1355.1277560736,1365.74497127768,1376.32325170233,1386.86250325408,1397.36263558409,1407.82356207896,1418.24519984983,1428.62746971992,1438.97029621042,1449.27360752505,1459.53733553309,1469.76141575117,1479.94578732373,1490.09039300233,1500.19517912379,1510.26009558717,1520.28509582985,1530.27013680248,1540.21517894309,1550.12018615028,1559.98512575553,1569.80996849477,1579.59468847914,1589.33926316507,1599.04367332368,1608.70790300949,1618.33193952858,1627.91577340618,1637.45939835371,1646.9628112353,1656.42601203389,1665.84900381685,1675.23179270121,1684.57438781851,1693.87680127931,1703.13904813734,1712.36114635341,1721.54311675898,1730.68498301954,1739.78677159773,1748.84851171631,1757.87023532084,1766.85197704235,1775.79377415977,1784.69566656227,1793.55769671151,1802.37990960385,1811.16235273241,1819.90507604918,1828.60813192704,1837.27157512185,1845.89546273446,1854.47985417279,1863.02481111395,1871.53039746645,1879.99667933237,1888.42372496972,1896.81160475488,1905.16039114507,1913.47015864103,1921.74098374979,1929.97294494757,1938.16612264288,1946.32059913975,1954.43645860113,1962.51378701249,1970.55267214562,1978.55320352261,1986.51547238006,1994.43957163351,2002.32559584207,2010.17364117334,2017.98380536849,2025.75618770768,2033.49088897567,2041.18801142773,2048.84765875577,2056.46993605481,2064.05494978968,2071.60280776201,2079.11361907755,2086.5874941137,2094.02454448742,2101.42488302341,2108.7886237226,2116.11588173089,2123.40677330835,2130.66141579855,2137.87992759837,2145.062428128
Alt_880,NaN,NaN,NaN,NaN,NaN,NaN,NaN,NaN,NaN,NaN,NaN,NaN,401.753114114385,414.838576513649,427.891761206584,440.913465072728,453.904380195856,466.865104390276,479.796150722012,492.697956091777,505.570888954736,518.415256253979,531.231309642871,544.0192510675,556.779237775363,569.511386810883,582.215779052669,594.892462842022,607.541457246975,620.162755001431,632.756325154613,645.322115462115,657.860054546308,670.37005385075,682.852009410414,695.305803457102,707.731305877222,720.128375537125,732.496861489559,744.836604073221,757.147435916084,769.429182852016,781.681664759129,793.904696327405,806.098087762336,818.26164543059,830.395172453064,842.498469250164,854.571334043613,866.613563318653,878.624952250148,890.605295095689,902.554385558533,914.472017122922,926.357983364068,938.212078234878,950.034096331294,961.823833137958,973.58108525572,985.305650612412,996.99732865814,1008.65592054626,1020.2812293011,1031.87305997334,1043.43121978404,1054.95551825796,1066.44576734705,1077.90178154468,1089.32337799132,1100.71037657213,1112.06260000708,1123.37987393398,1134.66202698502,1145.90889085699,1157.1203003758,1168.29609355548,1179.43611165209,1190.5401992127,1201.60820411992,1212.63997763205,1223.63537441916,1234.59425259539,1245.51647374754,1256.40190296026,1267.25040883799,1278.06186352376,1288.83614271511,1299.57312567719,1310.27269525327,1320.93473787267,1331.55914355633,1342.14580592017,1352.69462217619,1363.20549313158,1373.67832318588,1384.11302032622,1394.50949612084,1404.86766571089,1415.18744780065,1425.46876464617,1435.71154204248,1445.9157093094,1456.08119927601,1466.20794826385,1476.29589606896,1486.34498594271,1496.35516457157,1506.32638205584,1516.25859188735,1526.15175092629,1536.00581937708,1545.82076076341,1555.59654190249,1565.33313287848,1575.03050701528,1584.68864084853,1594.30751409704,1603.88710963356,1613.42741345498,1622.92841465202,1632.39010537829,1641.81248081901,1651.1955391592,1660.53928155142,1669.84371208317,1679.1088377439,1688.33466839163,1697.52121671936,1706.66849822106,1715.77653115749,1724.84533652169,1733.87493800435,1742.86536195884,1751.8166373662,1760.72879579989,1769.60187139039,1778.43590078973,1787.23092313586,1795.986980017,1804.70411543584,1813.38237577379,1822.02180975509,1830.62246841098,1839.18440504381,1847.70767519123,1856.19233659031,1864.63844914183,1873.04607487444,1881.41527790908,1889.74612442337,1898.03868261607,1906.29302267172,1914.50921672535,1922.68733882729,1930.8274649082,1938.9296727441,1946.99404192174,1955.02065380394,1963.00959149528,1970.96093980781,1978.87478522708,1986.75121587831,1994.59032149273,2002.39219337422,2010.15692436607,2017.88460881806,2025.5753425537,2033.22922283775,2040.84634834394,2048.42681912301,2055.97073657095,2063.4782033975,2070.94932359492,2078.38420240709,2085.78294629877,2093.14566292523,2100.47246110212,2107.76345077564,2115.01874299297,2122.23844987306,2129.42268457761
Alt_890,NaN,NaN,NaN,NaN,NaN,NaN,NaN,NaN,NaN,NaN,NaN,NaN,NaN,410.139474374471,423.062170833152,435.953802722206,448.8150768444,461.646606049359,474.448918608111,487.222466683161,499.967633961469,512.684742521383,525.374059004162,538.035800157802,550.670137816596,563.277203374896,575.857091808364,588.409865290901,600.935556450573,613.434171303295,625.905691898882,638.350078710262,650.767272793263,663.157197741286,675.519761456486,687.854857756641,700.16236783472,712.442161586299,724.694098818231,736.918030350541,749.113799022159,761.281240609958,773.420184669527,785.530455305208,797.611871876111,809.664249644111,821.687400369201,833.681132857009,845.645253462808,857.579566555877,869.48387494771,881.357980287192,893.201683425581,905.014784753828,916.797084514537,928.548383090647,940.26848127271,951.957180506468,963.614283122281,975.23959254779,986.832913505116,998.394052193732,1009.92281646007,1021.41901595486,1032.88246227897,1044.31296911876,1055.71035237142,1067.07443026122,1078.40502344711,1089.70195512231,1100.96505110639,1112.19413993044,1123.38905291548,1134.5496242449,1145.67569103098,1156.767093376,1167.82367442831,1178.84528043344,1189.83176078082,1200.78296804612,1211.69875802955,1222.5789897904,1233.42352567789,1244.23223135867,1255.00497584102,1265.74163149604,1276.44207407583,1287.10618272906,1297.73384001377,1308.32493190773,1318.87934781646,1329.39698057899,1339.8777264714,1350.32148520841,1360.72815994298,1371.0976572641,1381.42988719275,1391.72476317621,1401.98220208081,1412.20212418309,1422.38445315952,1432.52911607488,1442.63604336921,1452.70516884364,1462.73642964487,1472.72976624863,1482.68512244194,1492.6024453044,1502.48168518849,1512.32279569883,1522.12573367067,1531.89045914745,1541.61693535754,1551.30512869023,1560.95500867099,1570.56654793605,1580.1397222062,1589.67451026018,1599.17089390725,1608.62885795937,1618.04839020272,1627.42948136888,1636.77212510535,1646.07631794577,1655.3420592797,1664.56935132196,1673.75819908167,1682.9086103309,1692.02059557308,1701.09416801103,1710.1293435148,1719.12614058921,1728.08458034124,1737.00468644711,1745.88648511928,1754.73000507322,1763.53527749407,1772.30233600315,1781.03121662439,1789.72195775062,1798.37460010987,1806.98918673146,1815.56576291224,1824.10437618264,1832.60507627279,1841.06791507858,1849.49294662783,1857.88022704636,1866.22981452419,1874.54176928177,1882.81615353625,1891.05303146786,1899.25246918631,1907.4145346974,1915.53929786961,1923.62683040088,1931.67720578552,1939.69049928121,1947.66678787619,1955.60615025656,1963.5086667738,1971.37441941238,1979.20349175763,1986.99596896372,1994.75193772189,2002.47148622886,2010.15470415539,2017.80168261515,2025.41251413375,2032.98729261796,2040.52611332524,2048.02907283342,2055.49626901068,2062.92780098575,2070.32376911831,2077.68427496977,2085.00942127412,2092.29931190922,2099.55405186823,2106.77374723135,2113.95850513782
Alt_900,NaN,NaN,NaN,NaN,NaN,NaN,NaN,NaN,NaN,NaN,NaN,NaN,NaN,405.540493602384,418.335449351649,431.099737795561,443.834079657941,456.539102071643,469.215347801388,481.863283596667,494.483307734318,507.075756815874,519.640911885675,532.179003933896,544.690218845132,557.174701848843,569.632561523254,582.063873399592,594.468683208925,606.847009809565,619.19884782902,631.524170050767,643.82292957289,656.095061762576,668.340486027862,680.559107425604,692.750818122563,704.915498724616,717.053019487434,729.1632414205,741.246017295068,753.301192565451,765.328606212069,777.328091513756,789.299476756011,801.242585881211,813.157239086132,825.043253371606,836.900443048612,848.728620204684,860.527595134124,872.297176735144,884.037172876781,895.747390738103,907.427637122054,919.077718745964,930.697442510663,942.286615749857,953.845046461348,965.372543521489,976.868916884151,988.33397776537,999.767538814739,1011.16941427449,1022.53942012718,1033.87737423275,1045.18309645575,1056.45640878331,1067.69713543464,1078.9051029624,1090.0801403467,1101.22207908206,1112.33075325778,1123.40599963225,1134.44765770141,1145.45556976181,1156.42958096863,1167.36953938883,1178.27529604983,1189.14670498387,1199.98362326845,1210.78591106284,1221.55343164109,1232.28605142161,1242.98363999353,1253.64607014002,1264.27321785868,1274.86496237923,1285.42118617858,1295.94177499341,1306.42661783042,1316.8756069743,1327.28863799362,1337.66560974466,1348.00642437333,1358.31098731522,1368.57920729392,1378.8109963177,1389.00626967451,1399.16494592556,1409.28694689734,1419.37219767242,1429.42062657874,1439.43216517778,1449.40674825148,1459.34431378801,1469.24480296649,1479.10816014058,1488.93433282118,1498.72327165813,1508.47493042099,1518.18926597903,1527.8662382803,1537.50581033004,1547.10794816825,1556.6726208466,1566.19980040469,1575.68946184562,1585.141583111,1594.5561450554,1603.93313142022,1613.27252880708,1622.5743266507,1631.83851719138,1641.06509544699,1650.2540591846,1659.40540889172,1668.51914774717,1677.59528159167,1686.63381889808,1695.63477074136,1704.59815076831,1713.52397516697,1722.41226263595,1731.2630343534,1740.07631394589,1748.85212745713,1757.59050331646,1766.29147230732,1774.95506753548,1783.5813243973,1792.17028054785,1800.72197586891,1809.23645243699,1817.71375449133,1826.15392840177,1834.55702263673,1842.92308773108,1851.25217625414,1859.5443427776,1867.79964384354,1876.01813793249,1884.19988543153,1892.34494860246,1900.45339155011,1908.52528019065,1916.56068222007,1924.55966708272,1932.52230594005,1940.44867163935,1948.33883868273,1956.19288319623,1964.01088289901,1971.7929170728,1979.53906653143,1987.24941359057,1994.92404203767,2002.56303710203,2010.1664854251,2017.73447503097,2025.26709529706,2032.76443692501,2040.22659191181,2047.6536535211,2055.04571625473,2062.40287582454,2069.72522912434,2077.01287420219,2084.26591023285,2091.48443749049,2098.66855732168
Alt_910,NaN,NaN,NaN,NaN,NaN,NaN,NaN,NaN,NaN,NaN,NaN,NaN,NaN,401.038431548542,413.70831013474,426.347900811503,438.957937451326,451.539060742812,464.0918272568,476.616717677855,489.114144252872,501.584457515798,514.027952349784,526.444873447238,538.835420225596,551.199751252883,563.537988232945,575.850219595846,588.136503734662,600.396871925788,612.631330966066,624.839865556526,637.02244045935,649.179002451739,661.309482097832,673.413795357447,685.491845048384,697.543522177167,709.568707151503,721.567270886229,733.539075813297,745.483976805164,757.401822019961,769.292453675921,781.155708761757,792.991419688957,804.79941489137,816.579519376886,828.331555235506,840.0553421077,851.750697616517,863.417437766601,875.055377312925,886.664330101812,898.244109386531,909.794528119566,921.315399223439,932.806535841796,944.267751572316,955.698860682831,967.099678311973,978.470020655477,989.80970513923,1001.11855058002,1012.39637733486,1023.64300743977,1034.85826473861,1046.04197500277,1057.19396604236,1068.3140678093,1079.40211249299,1090.45793460908,1101.48137108153,1112.47226131871,1123.43044728365,1134.35577355889,1145.24808740636,1156.1072388223,1166.93308058787,1177.72546831538,1188.48426049057,1199.20931851111,1209.90050672153,1220.55769244471,1231.18074601031,1241.76954077996,1252.32395316978,1262.84386267004,1273.32915186228,1283.77970643396,1294.19541519079,1304.57617006679,1314.92186613229,1325.2324015999,1335.5076778285,1345.74759932555,1355.95207374745,1366.12101189845,1376.25432772784,1386.35193832566,1396.41376391701,1406.43972785493,1416.42975661199,1426.38377977064,1436.30173001237,1446.18354310568,1456.02915789299,1465.83851627655,1475.61156320329,1485.34824664875,1495.04851760016,1504.71233003855,1514.33964092011,1523.93041015682,1533.48460059618,1543.0021780004,1552.48311102482,1561.92737119567,1571.33493288733,1580.70577329889,1590.03987243022,1599.33721305752,1608.59778070841,1617.82156363644,1627.00855279531,1636.15874181256,1645.27212696295,1654.34870714142,1663.38848383571,1672.39146109872,1681.3576455205,1690.2870462,1699.17967471654,1708.03554510103,1716.85467380707,1725.63707968167,1734.38278393596,1743.09181011563,1751.76418407123,1760.3999339284,1768.99909005791,1777.56168504564,1786.08775366241,1794.57733283386,1803.03046161014,1811.4471811356,1819.82753461852,1828.17156730065,1836.47932642696,1844.75086121517,1852.98622282551,1861.18546433029,1869.34864068372,1877.4758086916,1885.56702698117,1893.62235597103,1901.64185784104,1909.62559650243,1917.57363756791,1925.48604832195,1933.36289769111,1941.20425621457,1949.01019601467,1956.7807907677,1964.51611567478,1972.21624743287,1979.88126420598,1987.5112455965,1995.10627261673,2002.66642766054,2010.19179447528,2017.68245813378,2025.13850500663,2032.5600227346,2039.94710020126,2047.29982750581,2054.61829593615,2061.90259794211,2069.15282710891,2076.36907813087,2083.5514467853
Alt_920,NaN,NaN,NaN,NaN,NaN,NaN,NaN,NaN,NaN,NaN,NaN,NaN,NaN,NaN,409.177604734202,421.695063660445,434.183343532405,446.643097890332,459.074896446138,471.479233189291,483.856533737903,496.207161987827,508.531426116292,520.829583996828,533.101848080389,545.348389794469,557.569343508338,569.764810108471,581.934860224336,594.079537140763,606.198859429559,618.292823329601,630.361404901596,642.404561980886,654.422235949131,666.414353343493,678.38082731985,690.321558984825,702.236438609785,714.125346738516,725.988155199063,737.824728029047,749.634922322816,761.418589007863,773.175573557194,784.905716643604,796.608854741213,808.28482067906,819.933444151066,831.554552186234,843.14796958257,854.713519307873,866.25102287021,877.760300660639,889.241172270487,900.69345678527,912.116973057141,923.511539957587,934.876976611924,946.213102617005,957.519738243422,968.796704623379,980.043823925288,991.260919516077,1002.44781611208,1013.60433991933,1024.73031876401,1035.8255822137,1046.88996169008,1057.9232905737,1068.92540430122,1079.8961404557,1090.83533885045,1101.74284160662,1112.61849322518,1123.46214065346,1134.27363334665,1145.05282332447,1155.79956522351,1166.51371634516,1177.19513669971,1187.84368904656,1198.45923893099,1209.04165471748,1219.59080761989,1230.10657172861,1240.58882403483,1251.03744445217,1261.45231583566,1271.83332399831,1282.18035772535,1292.49330878628,1302.77207194479,1313.0165449667,1323.22662862597,1333.40222670895,1343.54324601682,1353.64959636644,1363.72119058963,1373.75794453088,1383.75977704374,1393.7266099857,1403.6583682119,1413.55497956753,1423.41637487902,1433.24248794411,1443.0332555209,1452.78861731574,1462.50851597022,1472.19289704722,1481.84170901595,1491.4549032363,1501.0324339422,1510.57425822431,1520.08033601193,1529.55063005413,1538.98510590034,1548.38373188018,1557.74647908268,1567.07332133503,1576.36423518058,1585.61919985653,1594.83819727094,1604.02121197937,1613.16823116105,1622.27924459459,1631.35424463331,1640.39322618026,1649.39618666275,1658.36312600666,1667.29404661038,1676.1889533185,1685.04785339519,1693.87075649731,1702.65767464736,1711.40862220614,1720.12361584524,1728.80267451933,1737.44581943833,1746.05307403934,1754.62446395854,1763.16001700289,1771.65976312176,1780.12373437845,1788.55196492163,1796.94449095675,1805.30135071736,1813.62258443639,1821.90823431739,1830.15834450584,1838.37296106033,1846.55213192382,1854.69590689491,1862.8043375991,1870.87747746016,1878.91538167144,1886.91810716733,1894.88571259474,1902.81825828466,1910.71580622379,1918.57842002628,1926.40616490557,1934.19910764628,1941.95731657631,1949.68086153897,1957.36981386526,1965.02424634634,1972.64423320604,1980.22985007359,1987.78117395647,1995.29828321342,2002.78125752765,2010.23017788012,2017.64512652311,2025.02618695387,2032.37344388854,2039.68698323615,2046.96689207289,2054.21325861658,2061.42617220127,2068.6057232521
Alt_930,NaN,NaN,NaN,NaN,NaN,NaN,NaN,NaN,NaN,NaN,NaN,NaN,NaN,NaN,404.740315744721,417.138132321767,429.507128277803,441.847969322821,454.161237666162,466.447439992691,478.707014712842,490.940338533121,503.147732398695,515.329466861042,527.485766922592,539.616816407859,551.722761907339,563.803716336858,575.859762151368,587.890954248577,599.897322594322,611.87887459841,623.835597266663,635.767459152183,647.674412126437,659.556392988516,671.413324928989,683.245118862943,695.051674645298,706.832882180013,718.588622433597,730.318768362199,742.023185760586,753.701734040428,765.354266944534,776.980633202994,788.58067713656,800.154239212062,811.701156554163,823.221263417309,834.714391621379,846.180370954157,857.619029543465,869.030194201505,880.413690743732,891.769344284338,903.096979510244,914.396420935319,925.667493136374,936.910020972365,948.123829788065,959.308745603409,970.464595289547,981.591206732613,992.688408986065,1003.75603241244,1014.79390881525,1025.80187156172,1036.77975569693,1047.72739805007,1058.64463733319,1069.53131423298,1080.38727149607,1091.21235400825,1102.00640886791,1112.76928545414,1123.50083548982,1134.20091309986,1144.86937486513,1155.50607987201,1166.11088975813,1176.68366875422,1187.22428372252,1197.73260419185,1208.20850238939,1218.65185326961,1229.06253454028,1239.4404266858,1249.78541298795,1260.09737954427,1270.37621528405,1280.62181198223,1290.83406427108,1301.01286965003,1311.15812849349,1321.26974405696,1331.34762248137,1341.39167279576,1351.40180691847,1361.37793965677,1371.31998870512,1381.22787464201,1391.10152092553,1400.94085388776,1410.74580272784,1420.51629950406,1430.25227912475,1439.95367933819,1449.62044072153,1459.25250666879,1468.84982337788,1478.41233983683,1487.94000780921,1497.43278181868,1506.89061913289,1516.31347974661,1525.70132636416,1535.05412438126,1544.3718418662,1553.65444954042,1562.90192075859,1572.1142314881,1581.29136028803,1590.43328828773,1599.53999916479,1608.61147912275,1617.64771686828,1626.64870358801,1635.61443292499,1644.54490095484,1653.44010616149,1662.30004941275,1671.12473393542,1679.91416529032,1688.66835134691,1697.38730225781,1706.07103043297,1714.71955051378,1723.33287934692,1731.91103595802,1740.45404152525,1748.96191935271,1757.43469484369,1765.87239547389,1774.27505076447,1782.64269225503,1790.97535347659,1799.27306992439,1807.53587903075,1815.76382013784,1823.95693447043,1832.11526510864,1840.23885696072,1848.32775673571,1856.3820129163,1864.40167573156,1872.38679712977,1880.33743075134,1888.25363190167,1896.13545752415,1903.98296617325,1911.79621798761,1919.57527466326,1927.32019942694,1935.03105700949,1942.70791361938,1950.3508369163,1957.95989598492,1965.53516130876,1973.07670474417,1980.58459949447,1988.05892008422,1995.49974233362,2002.90714333313,2010.28120141812,2017.62199614384,2024.92960826041,2032.20411968806,2039.44561349253,2046.65417386066,2053.82988607609
Alt_940,NaN,NaN,NaN,NaN,NaN,NaN,NaN,NaN,NaN,NaN,NaN,NaN,NaN,NaN,400.393550102198,412.674140023202,424.926252158,437.150563725524,449.347668809254,461.518086199571,473.662266539304,485.780598812679,497.873416224356,509.941001517663,521.983591780946,534.001382789161,545.994532925118,557.963166721616,569.907378062291,581.827233075662,593.72277275357,605.594015322152,617.440958390638,629.263580900638,641.061844896217,652.835697132914,664.585070541908,676.309885563837,688.01005136519,699.685466948841,711.336022169056,722.961598660197,734.562070687388,746.137305926529,757.687166180289,769.211508036,780.710183470787,792.183040408708,803.629923234204,815.050673265729,826.445129193028,837.813127481223,849.154502744515,860.469088092072,871.756715448416,883.017215850393,894.250419722631,905.456157133197,916.634258031021,927.784552466494,938.906870796545,950.001043875361,961.066903231821,972.104281234626,983.113011246008,994.092927764853,1005.04386655996,1015.96566479413,1026.85816113972,1037.72119588624,1048.55461104049,1059.35825041976,1070.13195973854,1080.87558668909,1091.5889810164,1102.27199458765,1112.92448145681,1123.54629792435,1134.13730259257,1144.69735641677,1155.2263227524,1165.72406739851,1176.19045863766,1186.62536727255,1197.02866665942,1207.4002327385,1217.73994406169,1228.04768181746,1238.32332985328,1248.56677469562,1258.7779055676,1268.95661440459,1279.10279586756,1289.21634735463,1299.2971690106,1309.34516373478,1319.36023718706,1329.34229779239,1339.29125674365,1349.20702800314,1359.08952830252,1368.93867714151,1378.75439678526,1388.53661226045,1398.28525135028,1408.00024458829,1417.68152525111,1427.32902935017,1436.94269562249,1446.52246552041,1456.06828320054,1465.58009551182,1475.05785198266,1484.50150480747,1493.91100883229,1503.28632153977,1512.62740303348,1521.93421602153,1531.20672579958,1540.44490023325,1549.64870974003,1558.81812727053,1567.9531282893,1577.05369075517,1586.1197951011,1595.15142421356,1604.14856341154,1613.11120042518,1622.03932537392,1630.93293074447,1639.79201136826,1648.6165643987,1657.40658928809,1666.1620877643,1674.8830638071,1683.56952362435,1692.2214756279,1700.83893040927,1709.42190071521,1717.97040142296,1726.48444951547,1734.96406405637,1743.40926616486,1751.82007899046,1760.19652768762,1768.53863939027,1776.84644318629,1785.11997009184,1793.35925302569,1801.56432678348,1809.73522801193,1817.87199518304,1825.97466856822,1834.04329021247,1842.07790390853,1850.078555171,1858.04529121058,1865.97816090824,1873.87721478943,1881.7425049984,1889.57408527251,1897.37201091662,1905.13633877753,1912.86712721854,1920.56443609401,1928.22832672409,1935.85886186946,1943.45610570628,1951.0201238011,1958.55098308603,1966.04875183392,1973.51349963368,1980.94529736581,1988.34421717793,1995.71033246056,2003.04371782298,2010.34444906926,2017.61260317444,2024.84825826084,2032.05149357457,2039.22238946217
Alt_950,NaN,NaN,NaN,NaN,NaN,NaN,NaN,NaN,NaN,NaN,NaN,NaN,NaN,NaN,NaN,408.300240811583,420.437799180598,432.547895980437,444.631136564768,456.68805125829,468.719102394337,480.724690719352,492.705161205883,504.660808319282,516.591880783959,528.49858589388,540.381093409856,552.239539083326,564.074027843294,575.884636679974,587.671417255573,599.434398269797,611.173587604866,622.888974272373,634.580530181959,646.248211749738,657.891961362497,669.511708712014,681.107372012313,692.678859111324,704.226068507206,715.748890278504,727.247206936367,738.720894206163,750.169821745109,761.593853801814,772.992849823058,784.366665012563,795.715150846054,807.038155546483,818.335524522862,829.607100775877,840.852725273092,852.072237296306,863.26547476338,874.432274526624,885.572472649645,896.68590466437,907.77240580982,918.831811254043,929.863956300506,940.868676580118,951.845808229963,962.795188059714,973.716653706637,984.610043779978,995.475197995512,1006.31195730092,1017.1201639926,1027.89966182459,1038.65029610997,1049.37191381537,1060.06436364898,1070.72749614247,1081.36116372725,1091.96522080529,1102.53952381502,1113.08393129248,1123.59830392799,1134.08250461871,1144.53639851719,1154.95985307625,1165.35273809032,1175.71492573352,1186.04629059451,1196.34670970845,1206.6160625861,1216.85423124033,1227.06110020996,1237.23655658135,1247.38049000763,1257.49279272576,1267.57335957154,1277.6220879927,1287.63887806006,1297.62363247693,1307.57625658681,1317.49665837952,1327.3847484957,1337.24044022991,1347.06364953231,1356.85429500896,1366.61229792085,1376.33758218176,1386.03007435486,1395.68970364829,1405.31640190953,1414.9101036189,1424.47074588199,1433.99826842115,1443.49261356612,1452.95372624381,1462.3815539672,1471.77604682354,1481.13715746171,1490.46484107895,1499.75905540686,1509.01976069673,1518.2469197043,1527.44049767386,1536.60046232186,1545.72678381989,1554.81943477719,1563.8783902227,1572.90362758655,1581.89512668119,1590.85286968207,1599.77684110788,1608.66702780045,1617.52341890431,1626.3460058458,1635.13478231202,1643.8897442293,1652.61088974153,1661.29821918812,1669.95173508173,1678.57144208583,1687.1573469919,1695.70945869656,1704.22778817842,1712.7123484748,1721.16315465824,1729.58022381291,1737.96357501081,1746.31322928796,1754.62920962034,1762.91154089983,1771.16024990999,1779.37536530184,1787.5569175695,1795.70493902582,1803.8194637779,1811.90052770266,1819.94816842235,1827.96242527997,1835.94333931482,1843.89095323791,1851.80531140749,1859.68645980451,1867.53444600818,1875.34931917153,1883.13112999697,1890.87993071198,1898.5957750448,1906.27871820018,1913.92881683523,1921.54612903536,1929.13071429018,1936.6826334697,1944.2019488004,1951.68872384157,1959.14302346164,1966.56491381468,1973.95446231704,1981.31173762399,1988.63680960664,1995.92974932887,2003.19062902446,2010.41952207431,2017.61650298384,2024.78164736052
Alt_960,NaN,NaN,NaN,NaN,NaN,NaN,NaN,NaN,NaN,NaN,NaN,NaN,NaN,NaN,NaN,404.013703506605,416.038970723055,428.037100881991,440.00871002174,451.954339447882,463.874462659531,475.769491666436,487.639782733469,499.485641593684,511.30732817267,523.105060866434,534.87902041341,546.629353398768,558.356175426487,570.059573991757,581.739611083412,593.396325543337,605.0297352072,616.639838848405,628.226617944978,639.790038287066,651.330051440862,662.846596083169,674.339599219284,685.80897729559,697.254637217013,708.676477278481,720.074388018545,731.448253002476,742.797949541415,754.123349353461,765.424319172,776.700721306021,787.952414156709,799.179252694168,810.381088897752,821.557772163122,832.709149678888,843.835066775359,854.935367247752,866.009893655916,877.058487602511,888.080989991329,899.077241267347,910.047081639926,920.990351290449,931.906890565578,942.79654015721,953.659141270113,964.494535778126,975.302566369763,986.083076683959,996.83591143664,1007.56091653877,1018.25793920642,1028.92682806344,1039.56743323714,1050.17960644755,1060.76320109056,1071.3180723154,1081.84407709673,1092.34107430182,1102.80892475289,1113.24749128515,1123.65663880061,1134.03623431792,1144.38614701863,1154.70624828979,1164.99641176342,1175.25651335269,1185.48643128528,1195.68604613387,1205.85524084397,1215.99390075931,1226.10191364471,1236.17916970685,1246.22556161273,1256.24098450617,1266.22533602233,1276.17851630041,1286.10042799451,1295.99097628287,1305.85006887547,1315.67761602011,1325.47353050701,1335.23772767204,1344.9701253986,1354.67064411821,1364.3392068099,1373.97573899844,1383.58016875145,1393.15242667541,1402.69244591073,1412.20016212576,1421.67551350993,1431.11844076595,1440.5288871012,1449.90679821825,1459.25212230469,1468.56481002207,1477.84481449428,1487.09209129513,1496.30659843533,1505.48829634882,1514.63714787856,1523.75311826163,1532.83617511393,1541.88628841424,1550.90343048787,1559.88757598975,1568.83870188717,1577.75678744202,1586.6418141926,1595.49376593516,1604.31262870493,1613.09839075686,1621.8510425461,1630.57057670802,1639.25698803805,1647.91027347118,1656.53043206125,1665.11746495994,1673.67137539551,1682.19216865144,1690.67985204469,1699.13443490394,1707.55592854754,1715.94434626133,1724.29970327633,1732.62201674629,1740.91130572504,1749.16759114384,1757.39089578857,1765.5812442768,1773.7386630348,1781.86318027455,1789.95482597053,1798.01363183666,1806.039631303,1814.03285949257,1821.99335319805,1829.92115085851,1837.81629253617,1845.67881989303,1853.50877616768,1861.30620615199,1869.07115616791,1876.80367404427,1884.50380909358,1892.17161208898,1899.80713524112,1907.41043217523,1914.98155790809,1922.52056882526,1930.02752265821,1937.50247846169,1944.94549659104,1952.35663867972,1959.73596761688,1967.083547525,1974.39944373771,1981.68372277768,1988.93645233462,1996.15770124342,2003.34753946245,2010.50603805187
Alt_970,NaN,NaN,NaN,NaN,NaN,NaN,NaN,NaN,NaN,NaN,NaN,NaN,NaN,NaN,NaN,NaN,411.727079728378,423.61542722151,435.477574645827,447.314073751275,459.125408694366,470.912002265041,482.67422156021,494.412383141079,506.126757713815,517.817574373289,529.485024448491,541.129264986255,552.750421907496,564.348592867553,575.923849849548,587.476241517107,599.005795350247,610.512519585993,621.99640498308,633.457426428162,644.895544399184,656.310706299921,667.702847678273,679.071893339572,690.417758365014,701.740349044253,713.03956373029,724.315293623923,735.567423494305,746.795832341478,758.000394006154,769.18097773149,780.337448681128,791.469668417356,802.577495342838,813.660785109072,824.719390994384,835.75316425402,846.761954444654,857.74560972541,868.703977137288,879.636902862733,890.544232466902,901.425811122059,912.281483816401,923.111095548485,933.914491508339,944.691517246246,955.442018830088,966.165842992081,976.862837265654,987.53285011315,998.175731044995,1008.79133073091,1019.37950110369,1029.94009545606,1040.47296853104,1050.97797660627,1061.4549775726,1071.90383100738,1082.3243982428,1092.71654242941,1103.08012859537,1113.41502370143,1123.72109669203,1133.99821854272,1144.2462623041,1154.46510314241,1164.6546183771,1174.81468751538,1184.94519228404,1195.04601665856,1205.11704688981,1215.15817152828,1225.16928144612,1235.15026985704,1245.10103233409,1255.02146682559,1264.91147366921,1274.77095560421,1284.59981778211,1294.39796777567,1304.16531558644,1313.90177365077,1323.60725684446,1333.28168248611,1342.9249703392,1352.53704261289,1362.11782396179,1371.66724148445,1381.18522472099,1390.67170564954,1400.12661868182,1409.54990065774,1418.94149083915,1428.30133090268,1437.62936493183,1446.92553940826,1456.18980320231,1465.4221075628,1474.62240610625,1483.79065480526,1492.92681197645,1502.0308382677,1511.10269664481,1520.14235237767,1529.1497730259,1538.12492842393,1547.06779066564,1555.9783340886,1564.85653525777,1573.70237294888,1582.51582813136,1591.29688395092,1600.04552571177,1608.76174085848,1617.44551895758,1626.09685167878,1634.71573277595,1643.30215806783,1651.85612541843,1660.37763471727,1668.86668785933,1677.32328872481,1685.74744315868,1694.13915895007,1702.49844581143,1710.82531535762,1719.11978108473,1727.38185834888,1735.61156434481,1743.80891808441,1751.97394037511,1760.10665379819,1768.20708268699,1776.27525310508,1784.31119282435,1792.31493130301,1800.28649966363,1808.22593067101,1816.13325871018,1824.00851976423,1831.85175139226,1839.6629927072,1847.44228435375,1855.18966848623,1862.90518874654,1870.58889024204,1878.24081952357,1885.86102456344,1893.44955473347,1901.0064607831,1908.53179481755,1916.02561027603,1923.48796191004,1930.91890576171,1938.31849914225,1945.68680061048,1953.02386995141,1960.32976815495,1967.60455739475,1974.848301007,1982.06106346956,1989.24291038096,1996.39390843969
Alt_980,NaN,NaN,NaN,NaN,NaN,NaN,NaN,NaN,NaN,NaN,NaN,NaN,NaN,NaN,NaN,NaN,407.499545239298,419.280232215617,431.03502660542,442.764490082612,454.469116968283,466.149340364509,477.805537754506,489.438036102165,501.047116487253,512.633018313489,524.195943126076,535.736058073714,547.253499048045,558.748373531111,570.220763178941,581.670726166947,593.098299320473,604.503500051594,615.886328121235,627.246767243773,638.584786549531,649.900341919041,661.19337720152,672.463825328699,683.711609334039,694.936643286318,706.138833145636,717.318077549106,728.474268532701,739.607292195133,750.717029308994,761.803355883907,772.866143685934,783.905260717093,794.920571658434,805.911938279815,816.879219819191,827.822273333986,838.740954026845,849.635115547884,860.504610275315,871.349289576195,882.169004048853,892.963603748429,903.732938396819,914.476857578215,925.195210921314,935.887848269184,946.554619837691,957.195376363306,967.809969241042,978.398250653228,988.960073689731,999.495292460236,1010.00376219908,1020.48533936319,1030.9398817235,1041.36724845033,1051.76730019309,1062.13989915469,1072.48490916087,1082.80219572493,1093.09162610801,1103.35306937525,1113.58639644798,1123.79148015233,1133.96819526424,1144.11641855133,1154.23602881155,1164.32690690895,1174.38893580669,1184.4220005974,1194.42598853101,1204.40078904034,1214.34629376428,1224.26239656896,1234.14899356687,1244.005983134,1253.83326592519,1263.63074488775,1273.39832527338,1283.13591464849,1292.84342290305,1302.52076225796,1312.16784727108,1321.78459484187,1331.37092421486,1340.92675698185,1350.452017083,1359.94663080678,1369.41052678888,1378.84363601016,1388.24589179356,1397.61722980015,1406.95758802423,1416.26690678766,1425.54512873331,1434.79219881779,1444.00806430337,1453.1926747493,1462.34598200227,1471.46794018642,1480.55850569259,1489.61763716698,1498.6452954993,1507.64144381035,1516.60604743901,1525.53907392884,1534.4404930141,1543.31027660539,1552.14839877479,1560.95483574062,1569.72956585182,1578.47256957189,1587.1838294625,1595.8633301668,1604.51105839233,1613.12700289368,1621.71115445479,1630.26350587107,1638.78405193112,1647.27278939836,1655.72971699227,1664.15483536953,1672.54814710487,1680.90965667177,1689.23937042298,1697.5372965708,1705.80344516731,1714.03782808436,1722.24045899346,1730.41135334556,1738.55052835069,1746.65800295748,1754.73379783263,1762.77793534027,1770.79043952123,1778.77133607227,1786.72065232524,1794.63841722616,1802.52466131435,1810.37941670141,1818.20271705022,1825.99459755402,1833.75509491528,1841.48424732476,1849.18209444045,1856.8486773666,1864.48403863269,1872.08822217252,1879.66127330321,1887.20323870436,1894.71416639716,1902.19410572363,1909.64310732578,1917.06122312501,1924.44850630141,1931.80501127324,1939.13079367641,1946.42591034408,1953.69041928635,1960.92437966999,1968.1278517983,1975.30089709107,1982.4435780646
Alt_990,NaN,NaN,NaN,NaN,NaN,NaN,NaN,NaN,NaN,NaN,NaN,NaN,NaN,NaN,NaN,NaN,403.353887248289,415.02897625571,426.678467423749,438.302931845225,449.902873527824,461.478735432035,473.030904995533,484.559719172853,496.065469023377,507.548403882229,519.008735148626,530.446639725068,541.862263139037,553.255722376744,564.62710845623,575.976488764841,587.303909183884,598.609396021176,609.892957770176,621.154586712623,632.394260379867,643.611942886591,654.807586149237,665.981131000154,677.13250820743,688.261639409302,699.368437971158,710.452809772323,721.514653929103,732.553863459894,743.570325897606,754.563923854091,765.534535540857,776.482035249858,787.406293797855,798.307178937442,809.184555737574,820.038286936156,830.868233266986,841.674253763169,852.456206038897,863.213946551318,873.947330844069,884.656213773903,895.340449721701,905.999892789072,916.634396981596,927.243816379728,937.82800529824,948.386818435043,958.920111010129,969.427738895351,979.909558735642,990.365428062289,1000.79520539878,1011.19875035971,1021.57592374325,1031.92658761748,1042.25060540114,1052.54784193903,1062.81816357239,1073.06143820463,1083.27753536268,1093.46632625414,1103.62768382063,1113.76148278732,1123.86759970917,1133.94591301374,1143.99630304104,1154.01865208034,1164.01284440434,1173.97876630064,1183.9163061007,1193.82535420658,1203.70580311529,1213.55754744113,1223.38048393596,1233.17451150757,1242.93953123622,1252.67544638947,1262.38216243528,1272.05958705364,1281.70763014659,1291.32620384688,1300.91522252524,1310.47460279627,1320.00426352322,1329.50412582144,1338.97411306076,1348.41415086675,1357.82416712093,1367.20409196001,1376.55385777411,1385.87339920415,1395.16265313825,1404.42155870741,1413.65005728026,1422.84809245713,1432.01561006335,1441.15255814178,1450.25888694481,1459.33454892553,1468.37949872838,1477.39369317922,1486.37709127473,1495.32965417135,1504.25134517368,1513.14212972233,1522.00197538134,1530.83085182511,1539.62873082493,1548.39558623503,1557.13139397828,1565.83613203149,1574.50978041032,1583.15232115392,1591.76373830911,1600.3440179144,1608.89314798357,1617.41111848903,1625.89792134494,1634.35355039002,1642.77800137011,1651.17127192056,1659.53336154837,1667.86427161411,1676.16400531366,1684.43256765981,1692.66996546363,1700.87620731571,1709.05130356727,1717.19526631112,1725.30810936248,1733.38984823971,1741.44050014492,1749.46008394449,1757.44862014951,1765.40613089611,1773.33263992578,1781.22817256553,1789.09275570815,1796.92641779225,1804.72918878241,1812.50110014919,1820.24218484922,1827.95247730518,1835.63201338581,1843.28083038597,1850.8989670066,1858.48646333481,1866.04336082385,1873.56970227326,1881.0655318089,1888.53089486313,1895.96583815498,1903.37040967034,1910.74465864225,1918.08863553125,1925.4023920057,1932.68598092231,1939.9394563066,1947.16287333354,1954.35628830818,1961.51975864643,1968.65334285591
Alt_1000,NaN,NaN,NaN,NaN,NaN,NaN,NaN,NaN,NaN,NaN,NaN,NaN,NaN,NaN,NaN,NaN,NaN,410.859217957269,422.405398935519,433.9268447986,445.424068776952,456.897523249436,468.347605189566,479.774661143295,491.178991768033,502.560855964868,513.920474636436,525.258034102192,536.573689201403,547.867566112362,559.139764914297,570.390361916308,581.619411775615,592.826949425379,604.012991830464,615.177539587762,626.32057838606,637.442080338964,648.542005203032,659.620301492058,670.67690749733,681.711752222714,692.724756242509,703.71583248921,714.684886977634,725.631819471166,736.556524095366,747.458889903607,758.338801398999,769.196139016403,780.030779567996,790.842596655493,801.63146105186,812.397241055047,823.139802816086,833.85901064361,844.554727286732,855.226814197987,865.875131777923,876.499539602757,887.099896636416,897.676061428131,908.227892296679,918.755247502258,929.2579854069,939.735964624251,950.18904415947,960.617083539946,971.01994293747,981.397483282443,991.749566370665,1002.07605496319,1012.37681287969,1022.65170508582,1032.90059777484,1043.12335844397,1053.31985596576,1063.4899606548,1073.63354432996,1083.75048037262,1093.84064378088,1103.90391122022,1113.94016107064,1123.94927347052,1133.9311303575,1143.88561550631,1153.81261456395,1163.71201508226,1173.58370654792,1183.42758041024,1193.24353010662,1203.03145108595,1212.79124083003,1222.52279887299,1232.22602681898,1241.90082835814,1251.54710928081,1261.16477749033,1270.75374301422,1280.31391801398,1289.84521679353,1299.34755580635,1308.82085366137,1318.26503112763,1327.68001113791,1337.06571879116,1346.42208135393,1355.74902826085,1365.04649111408,1374.31440368188,1383.55270189636,1392.76132385025,1401.94020979306,1411.08930212626,1420.20854539792,1429.2978862965,1438.35727364402,1447.38665838859,1456.38599359628,1465.35523444241,1474.29433820233,1483.20326424151,1492.08197400524,1500.93043100777,1509.74860082095,1518.53645106248,1527.29395138361,1536.02107345655,1544.71779096133,1553.38407957242,1562.01991694488,1570.62528270017,1579.20015841169,1587.74452758995,1596.25837566739,1604.74168998302,1613.19445976671,1621.61667612321,1630.00833201597,1638.3694222507,1646.69994345868,1654.99989407994,1663.26927434612,1671.50808626328,1679.71633359441,1687.89402184187,1696.04115822959,1704.15775168523,1712.24381282212,1720.29935392109,1728.32438891221,1736.31893335645,1744.28300442715,1752.21662089147,1760.11980309182,1767.99257292703,1775.8349538337,1783.64697076729,1791.42865018324,1799.18002001813,1806.90110967065,1814.59194998265,1822.25257322017,1829.88301305439,1837.48330454264,1845.05348410939,1852.59358952722,1860.10365989783,1867.58373563308,1875.03385843599,1882.45407128187,1889.84441839936,1897.20494525162,1904.5356985175,1911.83672607278,1919.10807697143,1926.349801427,1933.561950794,1940.74457754937,1947.89773527401,1955.02147863445
