Row,Diam_20,Diam_21,Diam_22,Diam_23,Diam_24,Diam_25,Diam_26,Diam_27,Diam_28,Diam_29,Diam_30,Diam_31,Diam_32,Diam_33,Diam_34,Diam_35,Diam_36,Diam_37,Diam_38,Diam_39,Diam_40,Diam_41,Diam_42,Diam_43,Diam_44,Diam_45,Diam_46,Diam_47,Diam_48,Diam_49,Diam_50,Diam_51,Diam_52,Diam_53,Diam_54,Diam_55,Diam_56,Diam_57,Diam_58,Diam_59,Diam_60,Diam_61,Diam_62,Diam_63,Diam_64,Diam_65,Diam_66,Diam_67,Diam_68,Diam_69,Diam_70,Diam_71,Diam_72,Diam_73,Diam_74,Diam_75,Diam_76,Diam_77,Diam_78,Diam_79,Diam_80,Diam_81,Diam_82,Diam_83,Diam_84,Diam_85,Diam_86,Diam_87,Diam_88,Diam_89,Diam_90,Diam_91,Diam_92,Diam_93,Diam_94,Diam_95,Diam_96,Diam_97,Diam_98,Diam_99,Diam_100,Diam_101,Diam_102,Diam_103,Diam_104,Diam_105,Diam_106,Diam_107,Diam_108,Diam_109,Diam_110,Diam_111,Diam_112,Diam_113,Diam_114,Diam_115,Diam_116,Diam_117,Diam_118,Diam_119,Diam_120,Diam_121,Diam_122,Diam_123,Diam_124,Diam_125,Diam_126,Diam_127,Diam_128,Diam_129,Diam_130,Diam_131,Diam_132,Diam_133,Diam_134,Diam_135,Diam_136,Diam_137,Diam_138,Diam_139,Diam_140,Diam_141,Diam_142,Diam_143,Diam_144,Diam_145,Diam_146,Diam_147,Diam_148,Diam_149,Diam_150,Diam_151,Diam_152,Diam_153,Diam_154,Diam_155,Diam_156,Diam_157,Diam_158,Diam_159,Diam_160,Diam_161,Diam_162,Diam_163,Diam_164,Diam_165,Diam_166,Diam_167,Diam_168,Diam_169,Diam_170,Diam_171,Diam_172,Diam_173,Diam_174,Diam_175,Diam_176,Diam_177,Diam_178,Diam_179,Diam_180,Diam_181,Diam_182,Diam_183,Diam_184,Diam_185,Diam_186,Diam_187,Diam_188,Diam_189,Diam_190,Diam_191,Diam_192,Diam_193,Diam_194,Diam_195,Diam_196,Diam_197,Diam_198,Diam_199,Diam_200
Alt_200,1228.36379351149,1284.46929244109,1339.80810110062,1394.36447556088,1448.12417676081,1501.07451171438,1553.20435156487,1604.5041311537,1654.96583368606,1704.58296331233,1753.35050789512,1801.26489382847,1848.3239344719,1894.52677352737,1939.87382450075,1984.36670723816,2028.00818240006,2070.80208462814,2112.75325506536,2153.86747380576,2194.15139277579,2233.61246948128,2272.25890199236,2310.09956548272,2347.14395058846,2383.40210380511,2418.88457009907,2453.60233787132,2487.56678637682,2520.78963567165,2553.28289913272,2585.05883856997,2616.12992192964,2646.50878356857,2676.20818706297,2705.24099050174,2733.62011420248,2761.3585107791,2788.46913748184,2814.96493072475,2840.85878271089,2866.16352006219,2890.89188435894,2915.05651449261,2938.66993073559,2961.74452043201,2984.29252521486,3006.32602965665,3027.85695126288,3048.89703172024,3069.45782931437,3089.55071243525,3109.18685409137,3128.37722735753,3147.1326016844,3165.46354000165,3183.38039655006,3200.89331538121,3218.01222946738,3234.74686036707,3251.10671839542,3267.10110325151,3282.73910505815,3298.02960577219,3312.98128092679,3327.60260166937,3341.90183706183,3355.887056612,3369.56613300769,3382.94674502675,3396.03638059891,3408.84233999691,3421.37173913635,3433.63151296544,3445.62841892743,3457.36904048004,3468.85979065754,3480.1069156626,3491.11649847601,3501.89446247385,3512.44657504232,3522.77845118185,3532.89555709263,3542.80321373477,3552.50660035712,3562.01075798905,3571.32059289079,3580.44087995804,3589.37626607715,3598.131273428,3606.71030273179,3615.11763644151,3623.35744187332,3631.43377427736,3639.35057984666,3647.11169866341,3654.72086758187,3662.18172304755,3669.49780385233,3676.67255382568,3683.70932446204,3690.61137748462,3697.38188734611,3704.02394366682,3710.54055361092,3716.93464420154,3723.2090645754,3729.36658817813,3735.40991490095,3741.34167315992,3747.16442191859,3752.88065265534,3758.4927912764,3764.00319997555,3769.41417904197,3774.72796861699,3779.9467504012,3785.07264931297,3790.10773509949,3795.05402390157,3799.91347977333,3804.68801615792,3809.37949732033,3813.98973973858,3818.52051345421,3822.97354338326,3827.35051058887,3831.65305351633,3835.88276919195,3840.04121438643,3844.12990674401,3848.15032587815,3852.1039144349,3855.9920791247,3859.81619172369,3863.57759004531,3867.27757888315,3870.91743092576,3874.49838764448,3878.02166015484,3881.48843005248,3884.8998502243,3888.25704563564,3891.56111409409,3894.81312699077,3898.01413001972,3901.16514387597,3904.26716493314,3907.32116590097,3910.32809646357,3913.28888389888,3916.20443367993,3919.0756300585,3921.90333663168,3924.68839689189,3927.43163476076,3930.13385510758,3932.79584425252,3935.41837045539,3938.00218439006,3940.54801960531,3943.0565929722,3945.5286051187,3947.96474085166,3950.36566956679,3952.73204564679,3955.06450884811,3957.36368467671,3959.63018475308,3961.86460716683,3964.06753682135,3966.23954576858,3968.3811935344,3970.49302743482,3972.57558288332,3974.62938368948,3976.65494234936,3978.65276032772,3980.62332833233,3982.56712658077,3984.48462505974
Alt_210,1174.68266233281,1228.83400676804,1282.30526676351,1335.08156625832,1387.14920688618,1438.49572500557,1489.10992631972,1538.98190266666,1588.103034444,1636.46598134976,1684.06466356298,1730.89423508159,1776.95105063472,1822.23262735898,1866.73760225184,1910.46568627532,1953.41761586977,1995.59510254243,2037.00078111548,2077.63815714782,2117.51155398389,2156.62605982706,2194.98747518598,2232.60226099681,2269.47748768288,2305.62078537581,2341.04029548729,2375.74462378909,2409.74279512989,2443.04420989142,2475.65860226203,2507.59600038479,2538.86668841747,2569.4811705245,2599.45013680604,2628.7844311552,2657.49502102339,2685.59296906301,2713.08940660841,2739.99550894866,2766.32247233949,2792.08149269707,2817.28374591221,2841.94036972084,2866.06244706427,2889.66099087164,2912.74693019602,2935.33109763563,2957.42421797191,2979.03689795708,3000.1796171848,3020.86271997918,3041.09640823898,3060.89073517577,3080.255599887,3099.20074270693,3117.7357412809,3135.8700073106,3153.6127839204,3170.97314359746,3187.95998666023,3204.5820402129,3220.84785754529,3236.76581794007,3252.3441268516,3267.59081642249,3282.51374630648,3297.12060476797,3311.41891003046,3325.41601184835,3339.1190932778,3352.53517262447,3365.67110554748,3378.53358730006,3391.12915508957,3403.46419053997,3415.54492224204,3427.37742837712,3438.96763940169,3450.32134078104,3461.44417576124,3472.34164816961,3483.01912523485,3493.48184041843,3503.73489625019,3513.78326716116,3523.63180230784,3533.28522838226,3542.74815240323,3552.02506448417,3561.1203405739,3570.03824516672,3578.78293397905,3587.35845658975,3595.76875904193,3604.01768640435,3612.10898529055,3620.04630633449,3627.83320662136,3635.47315207274,3642.96951978528,3650.32560032235,3657.54459995832,3664.62964287514,3671.58377331115,3678.40995766216,3685.1110865349,3691.68997675304,3698.14937331609,3704.49195131169,3710.72031778155,3716.83701354172,3722.84451495772,3728.74523567513,3734.54152830635,3740.23568607413,3745.8299444128,3751.32648252767,3756.72742491367,3762.03484283377,3767.2507557582,3772.37713276506,3777.41589390337,3782.36891151918,3787.23801154573,3792.02497475836,3796.73153799505,3801.35939534346,3805.9101992951,3810.38556186773,3814.78705569642,3819.11621509441,3823.37453708432,3827.56348240052,3831.68447646347,3835.73891032672,3839.72814159736,3843.65349533045,3847.51626489846,3851.31771283604,3855.05907166107,3858.74154467249,3862.36630672563,3865.93450498562,3869.44725965956,3872.90566470793,3876.310788536,3879.66367466564,3882.96534238815,3886.21678739874,3889.41898241302,3892.57287776617,3895.67940199517,3898.73946240468,3901.75394561698,3904.72371810643,3907.64962671895,3910.53249917691,3913.37314456986,3916.17235383155,3918.93090020357,3921.64953968609,3924.32901147603,3926.97003839296,3929.57332729325,3932.13956947267,3934.66944105785,3937.16360338687,3939.62270337939,3942.04737389654,3944.4382340909,3946.79588974689,3949.12093361176,3951.41394571758,3953.67549369442,3955.90613307495,3958.10640759078,3960.27684946075,3962.41797967138,3964.53030824975,3966.614334529
Alt_220,1125.30791742418,1177.6088097967,1229.30368328794,1280.37866218658,1330.82077848017,1380.61804015768,1429.75947766247,1478.23517305364,1526.03627528497,1573.15500420511,1619.58464531119,1665.31953687433,1710.35505075253,1754.68756797972,1798.31445004701,1841.23400665822,1883.44546063515,1924.94891056167,1965.74529168375,2005.83633552198,2045.22452860044,2083.91307064972,2121.90583260067,2159.20731464862,2195.82260463387,2231.75733695385,2267.01765219379,2301.61015763693,2335.54188879163,2368.82027205035,2401.45308857598,2433.44843949187,2464.81471243595,2495.5605495233,2525.69481674844,2555.22657484584,2584.1650516163,2612.51961571688,2640.29975190369,2667.51503770903,2694.17512152804,2720.28970208436,2745.86850923954,2770.92128610727,2795.45777242994,2819.48768917289,2843.02072428957,2866.06651960952,2888.63465880023,2910.73465635334,2932.37594754578,2953.56787932629,2974.31970207883,2994.64056221451,3014.53949554528,3034.02542139322,3053.10713739097,3071.79331492983,3090.09249521412,3108.01308588125,3125.56335814921,3142.75144445429,3159.58533654401,3176.07288399138,3192.22179309868,3208.0396261603,3223.53380105597,3238.71159114722,3253.58012545127,3268.14638906841,3282.41722383995,3296.39932921556,3310.09926330989,3323.5234441298,3336.6781509547,3349.56952585366,3362.20357532415,3374.58617203813,3386.72305668245,3398.61983988141,3410.28200419004,3421.71490614781,3432.92377838307,3443.91373175935,3454.68975755541,3465.25672967144,3475.61940685461,3485.78243493773,3495.75034908512,3505.52757604069,3515.11843637325,3524.52714671496,3533.75782198884,3542.81447762202,3551.70103174143,3560.4213073492,3568.97903447529,3577.37785230505,3585.62131127978,3593.71287516863,3601.6559231103,3609.45375162323,3617.10957658327,3624.62653516778,3632.00768776563,3639.25601985213,3646.37444382879,3653.36580082729,3660.2328624775,3666.97833263943,3673.60484909898,3680.11498522762,3686.51125160597,3692.7960976116,3698.97191297114,3705.04102927707,3711.0057214695,3716.86820928334,3722.63065866115,3728.29518313235,3733.86384515897,3739.33865744874,3744.7215842358,3750.01454252969,3755.21940333314,3760.33799282926,3765.37209353865,3770.32344544709,3775.19374710425,3779.98465669428,3784.69779307856,3789.33473681145,3793.89703112954,3798.38618291493,3802.8036636333,3807.15091024717,3811.42932610508,3815.64028180712,3819.78511604758,3823.86513643503,3827.8816202906,3831.83581542489,3835.72894089406,3839.56218773571,3843.33671968488,3847.05367387095,3850.71416149566,3854.31926849295,3857.870056171,3861.36756183694,3864.81279940475,3868.2067599867,3871.55041246892,3874.84470407135,3878.09056089262,3881.28888844024,3884.44057214647,3887.54647787029,3890.60745238586,3893.62432385776,3896.59790230353,3899.52898004367,3902.41833213964,3905.26671682002,3908.07487589527,3910.84353516134,3913.57340479256,3916.26517972389,3918.91954002305,3921.53715125271,3924.11866482297,3926.66471833453,3929.17593591271,3931.65292853256,3934.09629433544,3936.50661893713,3938.88447572788,3941.2304261645,3943.54502005477,3945.82879583433,3948.0822808364
Alt_230,1079.76039129312,1130.31122913114,1180.31964622615,1229.77282449769,1278.65863007559,1326.96568977208,1374.68344609401,1421.8021953727,1468.31311240671,1514.20826418564,1559.48061467475,1604.1240222172,1648.13323080131,1691.5038562111,1734.23236790565,1776.31606734058,1817.75306334174,1858.542245059,1898.68325296156,1938.17644828089,1977.02288126091,2015.22425853469,2052.78290991236,2089.701754833,2125.98426870611,2161.63444934224,2196.6567836495,2231.05621475125,2264.83810966062,2298.00822762953,2330.57268927286,2362.53794655347,2393.91075369906,2424.69813910916,2454.90737829842,2484.54596791163,2513.62160083578,2542.14214242566,2570.1156078515,2597.55014056973,2624.45399191175,2650.83550177992,2676.70308043489,2702.06519135431,2726.93033513924,2751.30703444138,2775.20381988174,2798.62921692938,2821.59173370692,2844.09984968851,2866.16200525487,2887.78659206947,2908.9819442396,2929.75633022594,2950.11794546466,2970.07490566593,2989.63524075382,3008.80688941276,3027.59769420676,3046.0153972384,3064.06763631554,3081.76194159472,3099.10573267137,3116.10631608798,3132.77088323251,3149.10650860068,3165.12014839654,3180.81863944733,3196.20869840946,3211.29692124382,3226.08978293944,3240.59363746601,3254.81471793652,3268.75913696249,3282.43288718506,3295.84184196659,3308.99175622782,3321.88826741701,3334.53689659799,3346.9430496452,3359.11201853426,3371.04898271758,3382.75901057522,3394.24706093181,3405.51798463095,3416.5765261593,3427.42732531302,3438.0749188997,3448.52374246962,3458.77813207047,3468.84232602029,3478.72046669374,3488.41660231706,3497.93468876786,3507.27859137578,3516.45208672061,3525.4588644249,3534.3025289381,3542.98660130963,3551.51452094871,3559.88964736884,3568.11526191491,3576.19456947154,3584.130700151,3591.92671095941,3599.5855874402,3607.11024529379,3614.50353197254,3621.76822825041,3628.90704976661,3635.92264854275,3642.81761447312,3649.59447678776,3656.25570548813,3662.80371275514,3669.24085432952,3675.56943086447,3681.79168925072,3687.90982391386,3693.92597808432,3699.84224504003,3705.66066932198,3711.38324792293,3717.01193144965,3722.54862525875,3727.99519056668,3733.35344553408,3738.62516632489,3743.81208814064,3748.91590623024,3753.93827687567,3758.8808183541,3763.74511187671,3768.53270250471,3773.24510004298,3777.8837799118,3782.45018399701,3786.94572147916,3791.37176964196,3795.72967466057,3800.02075237011,3804.24628901486,3808.40754197853,3812.50574049601,3816.54208634718,3820.51775453295,3824.43389393415,3828.29162795356,3832.09205514154,3835.83624980562,3839.52526260443,3843.16012112641,3846.7418304536,3850.27137371097,3853.74971260153,3857.17778792767,3860.55652009909,3863.88680962756,3867.16953760892,3870.4055661927,3873.59573903952,3876.74088176671,3879.84180238246,3882.89929170868,3885.91412379307,3888.88705631039,3891.81883095353,3894.71017381444,3897.56179575519,3900.37439276961,3903.14864633546,3905.88522375769,3908.58477850282,3911.24795052472,3913.87536658205,3916.46764054762,3919.02537370979,3921.54915506612,3924.03956160965,3926.49715860776,3928.922499874
Alt_240,1037.62628162663,1086.52308411499,1134.93229461412,1182.84216155159,1230.2414318178,1277.11943328527,1323.46613611149,1369.27219744719,1414.52899295993,1459.22863773307,1503.3639984961,1546.92869870791,1589.91711769775,1632.3243848349,1674.14636952322,1715.37966768364,1756.02158528552,1796.07011940752,1835.52393724471,1874.38235342645,1912.64530596711,1950.31333113499,1987.38753749417,2023.86957934661,2059.76162977819,2095.06635349077,2129.7868795829,2163.92677442426,2197.49001475242,2230.48096110588,2262.90433169292,2294.76517678355,2326.0688536995,2356.82100246642,2387.02752218223,2416.69454814602,2445.82842978366,2474.43570939786,2502.52310176364,2530.09747458334,2557.16582980952,2583.73528583852,2609.81306057304,2635.40645534749,2660.52283970616,2685.16963702127,2709.35431093467,2733.08435260474,2756.36726873812,2779.21057038367,2801.6217624653,2823.60833402854,2845.17774917544,2866.33743866122,2887.09479212621,2907.45715093598,2927.43180160268,2947.02596976086,2966.24681467096,2985.10142422426,3003.59681042354,3021.73990531395,3039.53755733964,3056.99652810193,3074.12348949586,3090.92502120248,3107.40760851512,3123.57764047882,3139.44140832247,3155.00510416471,3170.27481997485,3185.25654677112,3199.9561740397,3214.37948935808,3228.53217820778,3242.41982396194,3256.04790803387,3269.42181017378,3282.54680890135,3295.42808206248,3308.07070749949,3320.47966382424,3332.65983128483,3344.6159927165,3356.35283456846,3367.87494799853,3379.18683002834,3390.29288475186,3401.19742459107,3411.90467159249,3422.41875875911,3432.74373141239,3442.88354857953,3452.84208440156,3462.623129558,3472.23039270433,3481.66750191872,3490.93800615472,3500.04537669702,3508.99300861739,3517.78422222842,3526.42226453271,3534.91031066543,3543.25146532832,3551.4487642135,3559.50517541545,3567.42360082979,3575.2068775376,3582.85777917425,3590.37901728158,3597.77324264272,3605.04304659867,3612.19096234604,3619.21946621534,3626.13097892934,3632.92786684109,3639.61244315127,3646.1869691046,3652.65365516503,3659.01466216977,3665.27210246171,3671.42804100057,3677.48449645248,3683.44344225812,3689.30680767952,3695.07647882562,3700.75429965659,3706.34207296728,3711.84156134977,3717.25448813535,3722.58253831615,3727.82735944653,3732.99056252471,3738.07372285465,3743.0783808886,3748.00604305067,3752.85818254154,3757.63624012472,3762.34162489471,3766.97571502724,3771.53985851207,3776.03537386851,3780.46355084407,3784.82565109666,3789.12290886038,3793.35653159556,3797.52770062312,3801.63757174372,3805.68727584195,3809.67791947587,3813.61058545232,3817.48633338815,3821.30620025783,3825.07120092762,3828.78232867675,3832.44055570571,3836.04683363217,3839.60209397463,3843.10724862416,3846.56319030457,3849.97079302117,3853.33091249846,3856.64438660703,3859.91203577985,3863.13466341831,3866.3130562882,3869.44798490586,3872.54020391481,3875.59045245301,3878.59945451105,3881.56791928148,3884.49654149946,3887.38600177502,3890.23696691705,3893.05009024933,3895.82601191869,3898.56535919564,3901.26874676747,3903.93677702421,3906.57004033751,3909.1691153326
Alt_250,998.546982954317,1045.88081743606,1092.77451327991,1139.21736387178,1185.19900593978,1230.7095066629,1275.73942968734,1320.27988473178,1364.32256422339,1407.85976953536,1450.88442877746,1493.39010764502,1535.37101450706,1576.82200067493,1617.73855661406,1658.1168047271,1697.95348923323,1737.24596358881,1775.99217583125,1814.19065217824,1851.84047917283,1888.94128463187,1925.49321762616,1961.49692769682,1996.95354349103,2031.86465098168,2066.23227141895,2100.05883914667,2133.34717940257,2166.10048620941,2198.32230045168,2230.01648822258,2261.18721951553,2291.83894732545,2321.97638721641,2351.60449740438,2380.72845939613,2409.35365921898,2437.48566926921,2465.13023080167,2492.29323707738,2518.98071718137,2545.19882051831,2570.95380198967,2596.25200785246,2621.09986225632,2645.50385445292,2669.47052666909,2693.00646263279,2716.11827673906,2738.81260384172,2761.09608965468,2782.97538174594,2804.45712110627,2825.54793427373,2846.25442599461,2866.58317240107,2886.54071468523,2906.1335532497,2925.36814231391,2944.25088495642,2962.78812857284,2980.98616072974,2998.85120539501,3016.38941952557,3033.60688999368,3050.50963083379,3067.10358079202,3083.39460116131,3099.38847388545,3115.09089991609,3130.50749780713,3145.64380253184,3160.50526450822,3175.09724881907,3189.42503461374,3203.49381467888,3217.30869516655,3230.87469546813,3244.19674822337,3257.27969945431,3270.12830881441,3282.7472499436,3295.14111092068,3307.31439480472,3319.27152025785,3331.01682224207,3342.5545527831,3353.88888179506,3365.02389795965,3375.96360965427,3386.71194592373,3397.27275749055,3407.64981779914,3417.84682408956,3427.86739849684,3437.71508917188,3447.39337142069,3456.9056488585,3466.25525457573,3475.44545231317,3484.47943764352,3493.36033915721,3502.09121964996,3510.67507731031,3519.11484690514,3527.41340096151,3535.57355094316,3543.59804842046,3551.48958623227,3559.25079963875,3566.88426746385,3574.39251322673,3581.77800626115,3589.04316282198,3596.19034717837,3603.22187269276,3610.14000288534,3616.94695248345,3623.64488845551,3630.23593102921,3636.7221546936,3643.10558918492,3649.38822045591,3655.57199162858,3661.65880393019,3667.6505176125,3673.54895285417,3679.35589064642,3685.0730736618,3690.70220710635,3696.24495955505,3701.70296377071,3707.07781750643,3712.37108429183,3717.58429420302,3722.71894461666,3727.77650094818,3732.75839737445,3737.6660375409,3742.50079525353,3747.26401515591,3751.95701339134,3756.5810782505,3761.13747080478,3765.62742552551,3770.05215088932,3774.41282996991,3778.71062101647,3782.94665801889,3787.12205126021,3791.23788785633,3795.29523228335,3799.29512689281,3803.23859241492,3807.12662845024,3810.96021394983,3814.74030768423,3818.46784870154,3822.14375677471,3825.76893283835,3829.3442594153,3832.87060103311,3836.34880463074,3839.77969995564,3843.16409995145,3846.50280113648,3849.79658397333,3853.04621322961,3856.25243833019,3859.41599370105,3862.53759910501,3865.61795996938,3868.65776770595,3871.65770002324,3874.61842123144,3877.54058254001,3880.42482234824,3883.27176652891,3886.08202870517,3888.85621052088
Alt_260,962.210619248708,1008.06735911479,1053.52518593582,1098.57439810552,1143.20550713209,1187.40932832848,1231.17705044173,1274.50028896909,1317.37112664477,1359.78214369112,1401.72643979414,1443.19764930593,1484.189950844,1524.69807221197,1564.71729138339,1604.24343415317,1643.27286895616,1681.80249927199,1719.82975397216,1757.35257591578,1794.36940906037,1830.87918432152,1866.88130438868,1902.37562768137,1937.36245161106,1971.84249529733,2005.81688187194,2039.28712049181,2072.25508816966,2104.72301152083,2136.69344851466,2168.16927030999,2199.15364324589,2229.65001105092,2259.66207732724,2289.19378835875,2318.24931628661,2346.83304268933,2374.94954259929,2402.60356898257,2429.80003770423,2456.54401299685,2482.84069344625,2508.69539850456,2534.11355553759,2559.10068741027,2583.66240061139,2607.80437391612,2631.53234758285,2654.85211307863,2677.76950332605,2700.29038346248,2722.42064210165,2744.16618308606,2765.53291771792,2786.52675745555,2807.15360706113,2827.41935818577,2847.32988337681,2866.89103049243,2886.10861750821,2904.98842770022,2923.53620518932,2941.75765083114,2959.65841843664,2977.24411130806,2994.52027907545,3011.49241481913,3028.16595246391,3044.54626443096,3060.63865953388,3076.44838110567,3091.98060534388,3107.24043986143,3122.23292243131,3136.96301991346,3151.43562735286,3165.65556723809,3179.62758891019,3193.35636811202,3206.84650666871,3220.10253229032,3233.1288984882,3245.92998459681,3258.51009589346,3270.87346380839,3283.02424621852,3294.96652781798,3306.70432055936,3318.24156415971,3329.58212666567,3340.72980507252,3351.68832599214,3362.46134636525,3373.05245421343,3383.46516942697,3393.70294458441,3403.76916580043,3413.66715359842,3423.40016380472,3432.97138846149,3442.3839567554,3451.64093595966,3460.7453323868,3469.70009235019,3478.50810313202,3487.17219395594,3495.6951369625,3504.07964818578,3512.3283885297,3520.44396474259,3528.42893038872,3536.28578681561,3544.01698411614,3551.62492208428,3559.11195116372,3566.48037338852,3573.73244331502,3580.87036894439,3587.89631263516,3594.81239200528,3601.62068082324,3608.32320988763,3614.92196789515,3621.41890229633,3627.81592013903,3634.11488889927,3640.3176372993,3646.42595611276,3652.44159895664,3658.36628307027,3664.20169008088,3669.94946675601,3675.61122574262,3681.18854629281,3686.68297497642,3692.09602638031,3697.42918379453,3702.68389988538,3707.8615973555,3712.96366959105,3717.99148129612,3722.94636911452,3727.82964223896,3732.64258300798,3737.38644749051,3742.06246605851,3746.67184394753,3751.21576180567,3755.69537623089,3760.11182029689,3764.46620406786,3768.75961510211,3772.99311894484,3777.16775961025,3781.28456005315,3785.34452263026,3789.3486295514,3793.29784332064,3797.19310716788,3801.03534547068,3804.82546416678,3808.56435115745,3812.25287670175,3815.89189380197,3819.48223858043,3823.02473064779,3826.52017346298,3829.96935468513,3833.37304651738,3836.73200604297,3840.04697555373,3843.31868287103,3846.54784165947,3849.73515173337,3852.88129935639,3855.98695753413,3859.05278630025,3862.07943299586,3865.06753254269,3868.01770770989
Alt_270,928.344992510462,972.805291639656,1016.90262353331,1060.62824124642,1103.97350100777,1146.92995578951,1189.48942777726,1231.64406455719,1273.38638255133,1314.70930032504,1355.60616374326,1396.07076448487,1436.09735308331,1475.68064741068,1514.81583733521,1553.49858614158,1591.72502919677,1629.49177026186,1666.79587578703,1703.63486747677,1740.00671337284,1775.90981767048,1811.34300945754,1846.30553054434,1880.79702253431,1914.81751326991,1948.36740277481,1981.44744880192,2014.05875208641,2046.20274139333,2077.88115844131,2109.09604277586,2139.84971665891,2170.14477003432,2199.98404562334,2229.37062419814,2258.30781007615,2286.79911687307,2314.84825354783,2342.45911076834,2369.63574762286,2396.38237869801,2422.70336154127,2448.60318452189,2474.08645510202,2499.15788852632,2523.82229693627,2548.08457891295,2571.94970944985,2595.42273035542,2618.50874108354,2641.21288998809,2663.54036599687,2685.49639069869,2707.08621083633,2728.31509119722,2749.18830789286,2769.7111420173,2789.88887367445,2809.72677636346,2829.23011171105,2848.40412453941,2867.25403825813,2885.78505056825,2904.00232946673,2921.91100953942,2939.51618853078,2956.82292417852,2973.83623130171,2990.56107913067,3007.00238886773,3023.16503146743,3039.0538256257,3054.67353596733,3070.02887142147,3085.1244837753,3099.96496639609,3114.5548531125,3128.89861724586,3143.0006707829,3156.86536368151,3170.49698330143,3183.8997539522,3197.07783655089,3210.03532838255,3222.7762629566,3235.30460995263,3247.62427524947,3259.73910103159,3271.65286596726,3283.36928545312,3294.89201192008,3306.22463519577,3317.37068291898,3328.33362100174,3339.11685413503,3349.72372633418,3360.15752152044,3370.42146413514,3380.51871978337,3390.45239590401,3400.22554246332,3409.84115266937,3419.30216370488,3428.61145747595,3437.77186137465,3446.78614905323,3455.65704120821,3464.38720637239,3472.97926171318,3481.4357738357,3489.75925958912,3497.95218687505,3506.01697545656,3513.95599776678,3521.77157971602,3529.46600149635,3537.04149838289,3544.50026153073,3551.84443876705,3559.07613537745,3566.19741488604,3573.21029982859,3580.11677251844,3586.91877580435,3593.61821382024,3600.21695272618,3606.71682144043,3613.11961236218,3619.42708208477,3625.64095209909,3631.76290948708,3637.7946076051,3643.73766675696,3649.5936748567,3655.36418808083,3661.05073151003,3666.65479976039,3672.17785760391,3677.62134057854,3682.9866555875,3688.27518148809,3693.48826967,3698.627244623,3703.69340449433,3708.68802163565,3713.61234313975,3718.46759136699,3723.25496446171,3727.97563685863,3732.63075977929,3737.22146171877,3741.74884892274,3746.21400585495,3750.6179956553,3754.96186058866,3759.2466224845,3763.47328316753,3767.64282487944,3771.75621069189,3775.81438491098,3779.81827347312,3783.76878433269,3787.66680784151,3791.51321712025,3795.30886842193,3799.05460148773,3802.75123989515,3806.39959139871,3810.00044826336,3813.55458759062,3817.06277163777,3820.5257481301,3823.94425056631,3827.31899851738,3830.65069791886,3833.94004135686,3837.18770834764,3840.39436561132,3843.56066733934,3846.68725545627
Alt_280,896.711703435282,939.851108974204,982.658999176412,1025.12752629996,1067.248852428,1109.01524542207,1150.41915368711,1191.45326463209,1232.11055040634,1272.38430356996,1312.26816469666,1351.75614343094,1390.84263417277,1429.52242730603,1467.79071669575,1505.64310403501,1543.07560051342,1580.08462619527,1616.66700743114,1652.81997257573,1688.54114624537,1723.82854231642,1758.68055584032,1793.09595402997,1827.07386645464,1860.61377456616,1893.71550066639,1926.3791964157,1958.60533097215,1990.39467884349,2021.74830752585,2052.66756499708,2083.15406712576,2113.20968505192,2142.83653258984,2172.03695369866,2200.81351006198,2229.16896881332,2257.10629044047,2284.62861689802,2311.73925995387,2338.44168979219,2364.73952389255,2390.63651620171,2416.13654661233,2441.24361075998,2465.96181014797,2490.29534260715,2514.24849309584,2537.82562484367,2561.0311708408,2583.86962567334,2606.34553770357,2628.46350159307,2650.22815116534,2671.64415260363,2692.71619797891,2713.44899910202,2733.84728169342,2753.91577986352,2773.65923089576,2793.08237032456,2812.18992729971,2830.98662022843,2849.47715268647,2867.66620958899,2885.55845361221,2903.15852185668,2920.47102274293,2937.50053313029,2954.25159564995,2970.72871624298,2986.93636189468,3002.87895855631,3018.56088924565,3033.98649231807,3049.16005989971,3064.08583647484,3078.76801761965,3093.21074887477,3107.41812474919,3121.39418784858,3135.14292812096,3148.66828221322,3161.97413293199,3175.06430880283,3187.94258372166,3200.61267669296,3213.07825164905,3225.34291734548,3237.4102273274,3249.28367996218,3260.96671853377,3272.46273139441,3283.77505216962,3294.90696001255,3305.86167990385,3316.64238299369,3327.25218698241,3337.69415653675,3347.9713037385,3358.08658856286,3368.04291938372,3377.84315350335,3387.49009770407,3396.9865088197,3406.33509432456,3415.53851293814,3424.59937524342,3433.52024431719,3442.30363637065,3450.9520213987,3459.46782383662,3467.85342322256,3476.11115486479,3484.24331051233,3492.25213902803,3500.13984706298,3507.9085997313,3515.56052128444,3523.09769578424,3530.52216777386,3537.83594294601,3545.04098880778,3552.13923534146,3559.13257566089,3566.02286666274,3572.81192967238,3579.50155108386,3586.09348299358,3592.58944382753,3598.99111896147,3605.30016133415,3611.51819205296,3617.64680099212,3623.68754738305,3629.64196039675,3635.51153971816,3641.29775611232,3647.00205198217,3652.62584191807,3658.17051323882,3663.63742652425,3669.02791613927,3674.34329074938,3679.58483382773,3684.75380415357,3689.85143630226,3694.87894112676,3699.83750623073,3704.7282964332,3709.55245422494,3714.31110021654,3719.00533357826,3723.63623247178,3728.20485447388,3732.71223699213,3737.15939767275,3741.54733480055,3745.87702769133,3750.14943707656,3754.36550548059,3758.52615759045,3762.63230061837,3766.68482465709,3770.68460302808,3774.63249262282,3778.52933423713,3782.37595289884,3786.17315818873,3789.92174455499,3793.62249162118,3797.276164488,3800.88351402867,3804.44527717839,3807.96217721769,3811.43492404996,3814.8642144732,3818.25073244608,3821.59514934848,3824.89812423652
Alt_290,867.101239600362,908.990389918567,950.575636840464,991.849974700586,1032.80632793641,1073.43764906954,1113.73699537576,1153.69758919123,1193.31286548341,1232.57650938051,1271.48248568304,1310.02506189521,1348.19882595879,1385.99869960978,1423.41994808228,1460.45818673698,1497.10938508018,1533.36986855362,1569.2363184096,1604.70576993438,1639.77560924272,1674.44356883408,1708.70772207546,1742.56647675517,1776.01856783435,1809.06304950934,1841.69928668574,1873.92694595515,1905.74598615651,1937.15664859669,1968.15944699807,1998.75515723474,2028.94480691379,2058.72966485293,2088.11123050142,2117.09122334689,2145.67157234683,2173.85440542002,2201.64203902955,2229.03696788617,2256.04185479753,2282.65952068616,2308.89293479657,2334.745205109,2360.21956897554,2385.31938399177,2410.0481191153,2434.40934604066,2458.40673083816,2482.04402586275,2505.3250619376,2528.25374081538,2550.83402791926,2573.06994536434,2594.96556525922,2616.52500328631,2637.75241255887,2658.65197775173,2679.22790950208,2699.48443907604,2719.42581329628,2739.05628972522,2758.38013209828,2777.40160600103,2796.12497478383,2814.55449570751,2832.69441631311,2850.54897100882,2868.12237786704,2885.41883562443,2902.44252087772,2919.19758546812,2935.6881540472,2951.91832181699,2967.89215243738,2983.61367609372,2999.08688771781,3014.31574535549,3029.30416867427,3044.05603760436,3058.57519110698,3072.86542606357,3086.93049628007,3100.77411160032,3114.39993712295,3127.81159251635,3141.01265142635,3154.00664097149,3166.79704132107,3179.38728535102,3191.78075837329,3203.98079793411,3215.99069367711,3227.81368726714,3239.45297237098,3250.91169469124,3262.19295204989,3273.29979451804,3284.23522458883,3295.00219739021,3305.60362093483,3316.04235640423,3326.3212184646,3336.44297561175,3346.41035054273,3356.22602055201,3365.89261795004,3375.41273050202,3384.78890188524,3394.02363216293,3403.11937827307,3412.07855453048,3420.9035331407,3429.59664472425,3438.16017884992,3446.59638457577,3454.90747099679,3463.09560779799,3471.16292581193,3479.11151757975,3486.94343791472,3494.66070446753,3502.26529829255,3509.75916441418,3517.14421239282,3524.42231688969,3531.59531822988,3538.66502296326,3545.63320442254,3552.5016032782,3559.27192808972,3565.94585585283,3572.52503254236,3579.0110736504,3585.40556471943,3591.71006187022,3597.92609232416,3604.05515491997,3610.09872062434,3616.05823303662,3621.93510888715,3627.73073852929,3633.44648642489,3639.08369162321,3644.64366823313,3650.12770588864,3655.53707020749,3660.873003243,3666.13672392905,3671.32942851807,3676.45229101218,3681.50646358744,3686.49307701112,3691.41324105218,3696.26804488478,3701.05855748507,3705.78582802108,3710.45088623589,3715.05474282415,3719.59838980184,3724.08280086951,3728.50893176896,3732.8777206334,3737.19008833131,3741.44693880383,3745.64915939601,3749.79762118176,3753.8931792828,3757.93667318147,3761.92892702769,3765.87074993999,3769.76293630075,3773.60626604579,3777.40150494827,3781.14940489717,3784.8507041702,3788.50612770143,3792.11638734363,3795.68218212544,3799.2041985034,3802.683110609
Alt_300,839.32886166395,880.033733487732,920.459020176618,960.598501544888,1000.44581903087,1039.99457544433,1079.23841325896,1118.17107645478,1156.78645958545,1195.07864679954,1233.04194286522,1270.67089775474,1307.96032598332,1344.90532162965,1381.50126976574,1417.74385487328,1453.6290667099,1489.15320400134,1524.31287626807,1559.10500404291,1593.52681769464,1627.57585504051,1661.24995790454,1694.54726775751,1727.46622055762,1760.00554089691,1792.16423554688,1823.94158648687,1855.33714349056,1886.35071633888,1916.98236672118,1947.23239988117,1977.10135605909,2006.59000177748,2035.69932101345,2064.43050629711,2092.78494977216,2120.76423425171,2148.37012429928,2175.60455736241,2202.46963498358,2228.96761411084,2255.10089852829,2280.87203042436,2306.28368211388,2331.33864792817,2356.03983628527,2380.39026195131,2404.39303850187,2428.05137099132,2451.36854883614,2474.34793891774,2496.99297890826,2519.3071708225,2541.29407479772,2562.95730310218,2584.30051437257,2605.32740807967,2626.04171922075,2646.44721323676,2666.54768115184,2686.34693493174,2705.84880305806,2725.0571263139,2743.975753777,2762.60853901559,2780.95933648213,2799.03199809992,2816.83037003727,2834.35828966392,2851.61958268411,2868.61806044083,2885.35751738551,2901.84172870755,2918.07444811795,2934.0594057815,2949.80030639171,2965.3008273831,2980.56461727517,2995.59529414274,3010.39644420716,3024.97162054325,3039.32434189686,3053.45809160778,3067.37631663338,3081.08242666801,3094.57979335352,3107.87174957645,3120.96158884739,3133.85256475839,3146.54789051417,3159.05073853329,3171.36424011531,3183.49148517036,3195.43552200749,3207.19935717842,3218.78595537337,3230.19823936583,3241.43909000324,3252.51134624067,3263.41780521478,3274.16122235532,3284.74431153171,3295.16974523219,3305.44015477341,3315.55813053803,3325.52622223841,3335.34693920433,3345.02275069288,3354.55608621861,3363.94933590248,3373.20485083768,3382.32494347103,3391.3118879984,3400.16792077283,3408.89524072395,3417.49600978762,3425.97235334454,3434.32636066673,3442.56008537096,3450.675545878,3458.67472587697,3466.55957479374,3474.33200826281,3481.99390860165,3489.54712528706,3496.99347543271,3504.33474426736,3511.57268561309,3518.7090223631,3525.74544695855,3532.68362186396,3539.52518004074,3546.2717254185,3552.9248333638,3559.48605114584,3565.95689839899,3572.33886758174,3578.63342443188,3584.8420084176,3590.96603318438,3597.00688699744,3602.96593317947,3608.84451054374,3614.64393382212,3620.36549408816,3626.01045917496,3631.58007408778,3637.07556141132,3642.49812171156,3647.84893393215,3653.12915578526,3658.33992413683,3663.48235538627,3668.55754584052,3673.56657208246,3678.51049133369,3683.39034181168,3688.20714308127,3692.96189640056,3697.65558506119,3702.28917472306,3706.86361374348,3711.37983350083,3715.83874871272,3720.24125774873,3724.58824293774,3728.88057086997,3733.11909269362,3737.30464440639,3741.43804714173,3745.52010745001,3749.55161757457,3753.53335572281,3757.46608633233,3761.35056033214,3765.18751539908,3768.97767620955,3772.7217546864,3776.42045024133,3780.07445001273
Alt_310,813.231148104888,852.813328626674,892.137406704729,931.197892924204,969.989100339212,1008.50524578772,1046.74052959718,1084.68919873692,1122.34559713466,1159.70420592017,1196.75967567163,1233.50685224033,1269.94079736204,1306.05680499131,1341.85041409186,1377.31741846263,1412.45387406293,1447.25610421085,1481.72070296051,1515.84453691007,1549.62474565078,1583.0587410342,1616.14420540842,1648.8790889532,1681.26160622662,1713.29023202216,1744.96369662348,1776.28098053467,1807.24130875562,1837.84414466544,1868.08918357076,1897.97634597077,1927.50577058627,1956.67780719593,1985.49300931951,2013.95212678425,2042.05609820802,2069.80604342964,2097.20325591464,2124.24919516204,2150.94547913572,2177.2938767418,2203.29630037147,2228.95479852693,2254.27154854634,2279.24884944208,2303.88911486502,2328.19486620612,2352.16872584527,2375.81341055611,2399.13172507407,2422.1265558342,2444.80086488385,2467.15768397464,2489.20010883689,2510.93129363927,2532.35444563519,2553.47281999696,2574.28971483819,2594.80846642394,2615.03244456791,2634.96504821528,2654.60970120932,2673.96984823967,2693.04895096948,2711.85048433869,2730.37793304003,2748.63478816441,2766.62454401184,2784.3506950641,2801.81673311502,2819.02614455421,2835.98240779996,2852.68899087689,2869.14934913388,2885.36692309789,2901.34513645905,2917.0873941826,2932.59708074315,2947.87755847666,2962.93216604595,2977.7642170151,2992.3769985285,3006.77377009035,3020.95776244019,3034.93217652064,3048.70018253307,3062.26491907734,3075.62949237184,3088.79697554997,3101.77040802945,3114.55279495098,3127.14710668273,3139.55627838733,3151.78320964828,3163.83076415245,3175.70176942581,3187.39901661943,3198.92526034305,3210.28321854332,3221.47557242431,3232.50496640782,3243.37400813085,3254.08526847828,3264.64128164831,3275.04454524865,3285.29752042147,3295.40263199512,3305.36226866092,3315.17878317303,3324.85449257,3334.39167841623,3343.79258706185,3353.05942991964,3362.19438375755,3371.1995910056,3380.07716007578,3388.82916569391,3397.45764924238,3405.96461911246,3414.35205106556,3422.62188860217,3430.77604333775,3438.81639538474,3446.74479373977,3454.56305667553,3462.27297213639,3469.87629813716,3477.37476316453,3484.77006658036,3492.06387902641,3499.25784283007,3506.35357241039,3513.35265468416,3520.25664947153,3527.06708990082,3533.78548281213,3540.41330915937,3546.95202441052,3553.40305894571,3559.76781845293,3566.04768432101,3572.24401402984,3578.35814153741,3584.39137766358,3590.34501047047,3596.22030563909,3602.01850684241,3607.74083611434,3613.38849421481,3618.96266099075,3624.46449573281,3629.89513752781,3635.25570560684,3640.54729968892,3645.77100032022,3650.92786920871,3656.01894955429,3661.04526637432,3666.00782682456,3670.90762051543,3675.74561982372,3680.52278019961,3685.24004046906,3689.89832313159,3694.49853465346,3699.04156575615,3703.52829170044,3707.95957256573,3712.33625352497,3716.65916511505,3720.9291235027,3725.14693074596,3729.31337505128,3733.42923102624,3737.49525992796,3741.51220990726,3745.48081624854,3749.40180160553,3753.27587623288,3757.10373821372
Alt_320,788.663084175907,827.180052047143,865.457950250341,903.491968114049,941.277046054562,978.807978301134,1016.07949385574,1053.0863207868,1089.82323761234,1126.28511456714,1162.46694685477,1198.36388147937,1233.97123887999,1269.28453031434,1304.29947173151,1339.01199471788,1373.41825498124,1407.5146387476,1441.29776737492,1474.76450043337,1507.91193745916,1540.73741855533,1573.23852398607,1605.4130728898,1637.259121219,1668.77495900082,1699.95910700092,1730.81031286354,1761.32754679284,1791.50999683399,1821.35706380655,1850.86835593804,1880.04368324113,1908.88305167431,1937.38665712243,1965.55487923056,1993.38827512206,2020.887573029,2048.05366586111,2074.88760473723,2101.39059250123,2127.56397724265,2153.40924584062,2178.92801754789,2204.12203763056,2228.99317107736,2253.54339639126,2277.77479947476,2301.68956761915,2325.28998360676,2348.57841993432,2371.55733316435,2394.22925841082,2416.59680396414,2438.66264606,2460.42952379554,2481.90023419582,2503.07762743282,2523.96460219836,2544.56410123229,2564.87910700599,2584.91263756155,2604.66774250583,2624.14749915871,2643.35500885419,2662.29339339269,2680.96579164267,2699.37535628937,2717.52525072821,2735.41864610019,2753.05871846649,2770.44864611915,2787.59160702477,2804.49077639794,2821.1493244009,2837.57041396621,2853.7571987387,2869.71282113319,2885.44041050447,2900.94308142586,2916.22393207267,2931.28604270711,2946.13247426094,2960.76626701231,2975.1904393533,2989.40798664464,3003.42188015424,3017.23506607603,3030.85046462594,3044.27096921159,3057.49944567276,3070.53873158927,3083.39163565337,3096.06093710371,3108.54938521791,3120.8596988611,3132.99456608747,3144.95664379251,3156.7485574131,3168.37290067322,3179.83223537273,3191.12909121708,3202.26596568554,3213.24532393606,3224.06959874444,3234.74119047609,3245.26246708826,3255.63576416105,3265.86338495545,3275.94760049661,3285.89064968092,3295.69473940514,3305.36204471636,3314.89470898113,3324.29484407262,3333.56453057441,3342.7058179997,3351.72072502486,3360.61123973606,3369.3793198881,3378.02689317426,3386.55585750637,3394.96808130407,3403.26540379246,3411.44963530736,3419.52255760733,3427.48592419171,3435.34146062413,3443.09086486061,3450.73580758188,3458.27793252913,3465.71885684274,3473.06017140343,3480.30344117546,3487.4502055512,3494.50197869686,3501.46024989881,3508.32648391025,3515.10212129776,3521.78857878745,3528.38724961041,3534.89950384715,3541.32668877075,3547.67012918849,3553.93112778176,3560.11096544394,3566.2109016161,3572.23217462043,3578.17600199104,3584.04358080216,3589.8360879934,3595.55468069222,3601.20049653315,3606.77465397395,3612.27825260842,3617.71237347589,3623.0780793672,3628.37641512721,3633.60840795376,3638.7750676929,3643.87738713053,3648.91634228027,3653.89289266763,3658.80798161038,3663.66253649504,3668.45746904974,3673.19367561304,3677.87203739909,3682.49342075889,3687.05867743765,3691.56864482848,3696.02414622213,3700.42599105296,3704.77497514119,3709.07188093128,3713.31747772666,3717.51252192063,3721.65775722369,3725.75391488707,3729.80171392275,3733.80186131973
Alt_330,765.495601510735,803.001006205472,840.284249991812,877.341152012754,914.167237636396,950.757842461324,987.108194405305,1023.2134790118,1059.0688917628,1094.66968022135,1130.01117812797,1165.08883306518,1199.89822892722,1234.4351041527,1268.69536646797,1302.67510473022,1336.37059833892,1369.77832459152,1402.89496428761,1435.71740583065,1468.24274803217,1500.46830178973,1532.39159078206,1564.01035130354,1595.32253134252,1626.32628899362,1657.01999028294,1687.40220647526,1717.47171092472,1747.22747552352,1776.66866679795,1805.79464169605,1834.60494310721,1863.09929515053,1891.27759826538,1919.13992413527,1946.68651047311,1973.91775569421,2000.83421350108,2027.43658740212,2053.72572518492,2079.70261336293,2105.368371613,2130.72424721979,2155.77160954178,2180.51194451234,2204.94684918817,2229.07802635644,2252.90727921058,2276.43650610412,2299.66769539078,2322.60292035803,2345.24433426094,2367.59416546184,2389.65471268089,2411.4283403619,2432.91747415706,2454.12459653351,2475.05224250444,2495.70299548641,2516.0794832845,2536.18437420619,2556.02037330448,2575.59021875038,2594.89667833466,2613.94254609809,2632.73063908948,2651.2637942502,2669.54486542389,2687.57672048967,2705.36223861693,2722.90430763984,2740.20582154915,2757.26967809915,2774.0987765272,2790.69601538331,2807.06429046709,2823.20649286935,2839.12550711552,2854.82420940812,2870.30546596534,2885.57213145283,2900.62704750582,2915.47304133863,2930.11292443872,2944.54949134221,2958.78551848827,2972.82376314921,2986.6669624338,3000.31783236065,3013.77906699931,3027.05333767611,3040.14329224221,3053.05155440134,3065.78072309454,3078.33337193959,3090.71204872264,3102.91927493972,3114.95754538577,3126.82932778915,3138.53706248925,3150.08316215527,3161.47001154413,3172.69996729541,3183.77535776164,3194.69848287192,3205.47161402724,3216.09699402568,3226.57683701592,3236.91332847748,3247.10862522616,3257.1648554431,3267.08411872635,3276.8684861632,3286.52000042236,3296.04067586447,3305.43249866992,3314.69742698274,3323.83739106955,3332.85429349248,3341.75000929506,3350.52638620024,3359.18524481943,3367.72837887189,3376.15755541362,3384.47451507482,3392.68097230535,3400.77861562746,3408.76910789493,3416.65408655833,3424.43516393538,3432.11392748624,3439.69194009284,3447.17074034203,3454.5518428118,3461.83673836035,3469.02689441738,3476.1237552773,3483.12874239397,3490.04325467656,3496.86866878623,3503.60633943325,3510.25759967436,3516.82376120996,3523.30611468101,3529.70592996523,3536.02445647247,3542.26292343909,3548.42254022094,3554.504496585,3560.5099629993,3566.44009092114,3572.29601308325,3578.07884377797,3583.7896791392,3589.42959742194,3594.99965927953,3600.50090803823,3605.93436996928,3611.30105455819,3616.60195477126,3621.83804731932,3627.01029291846,3632.1196365479,3637.16700770484,3642.15332065622,3647.07947468745,3651.94635434804,3656.75482969408,3661.50575652757,3666.19997663259,3670.83831800832,3675.42159509883,3679.95060901971,3684.42614778152,3688.84898651004,3693.21988766333,3697.53960124563,3701.80886501812,3706.02840470648,3710.19893420536
Alt_340,743.613491831688,780.157424701099,816.494257840303,852.620394545392,888.531904973537,924.224631315534,959.694270910771,994.936442465578,1029.94673919103,1064.72077170873,1099.25420287073,1133.5427761253,1167.58233868033,1201.36886043293,1234.89844942134,1268.16736439433,1301.17202497072,1333.90901976734,1366.3751128011,1398.56724841426,1430.48255492728,1462.11834718914,1493.47212816689,1524.54158969417,1555.32461248084,1585.81926547111,1616.02380462623,1645.93667119789,1675.55648955083,1704.88206458636,1733.91237881308,1762.64658910633,1791.08402319402,1819.22417590296,1847.06670519679,1874.61142803416,1901.85831607328,1928.80749124706,1955.45922123105,1981.8139148248,2007.87211726571,2033.63450549284,2059.10188337711,2084.27517693283,2109.15542952442,2133.74379708124,2158.04154333219,2182.05003507094,2205.77073746166,2229.2052093944,2252.3550988981,2275.22213861902,2297.80814137091,2320.11499576331,2342.144661913,2363.89916724365,2385.38060237754,2406.5911171231,2427.53291656134,2448.20825723367,2468.61944343325,2488.76882360167,2508.65878683202,2528.29175947949,2547.6702018799,2566.79660517648,2585.67348825475,2604.30339478529,2622.68889037365,2640.83255981669,2658.73700446426,2676.40483968497,2693.83869243474,2711.04119892641,2728.0150023989,2744.76275098392,2761.28709566845,2777.59068835084,2793.67617998855,2809.54621883523,2825.20344876505,2840.65050768183,2855.89002601086,2870.9246252709,2885.75691672414,2900.38950010163,2914.82496240192,2929.06587676047,2943.11480138755,2956.97427857223,2970.64683375012,2984.13497463272,2997.44119039588,3010.56795092543,3023.51770611744,3036.29288523135,3048.89589629348,3061.32912554918,3073.59493696131,3085.69567175332,3097.63364799483,3109.41116022793,3121.03047913233,3132.49385122758,3143.8034986107,3154.96161872739,3165.97038417545,3176.83194253855,3187.54841624905,3198.12190247828,3208.55447305294,3218.84817439616,3229.00502749196,3239.02702787185,3248.91614562226,3258.67432541168,3268.30348653643,3277.80552298383,3287.18230351181,3296.43567174395,3305.56744627899,3314.57942081386,3323.47336427929,3332.25102098736,3340.91411078988,3349.46432924708,3357.90334780574,3366.23281398606,3374.45435157667,3382.56956083707,3390.58001870682,3398.48727902113,3406.29287273202,3413.99830813467,3421.60507109849,3429.11462530233,3436.52841247339,3443.84785262952,3451.07434432434,3458.20926489493,3465.25397071161,3472.2097974296,3479.07806024205,3485.86005413436,3492.55705413925,3499.17031559261,3505.70107438947,3512.15054724029,3518.51993192702,3524.81040755882,3531.02313482728,3537.15925626091,3543.21989647876,3549.20616244288,3555.11914370969,3560.95991267992,3566.72952484707,3572.42901904427,3578.05941768944,3583.62172702854,3589.11693737699,3594.54602335902,3599.90994414493,3605.20964368617,3610.44605094819,3615.62008014104,3620.73263094749,3625.78458874886,3630.77682484835,3635.71019669186,3640.58554808633,3645.40370941548,3650.165497853,3654.8717175731,3659.52315995847,3664.12060380558,3668.66481552736,3673.15654935315,3677.59654752608,3681.98554049773,3686.32424712011
Alt_350,722.913632065784,758.542885028732,793.978487194107,829.217383625825,864.25615155204,899.091106602175,933.718386860251,968.134019912919,1002.33397672998,1036.31421524746,1070.07071581883,1103.5995101826,1136.8967052117,1169.95850242415,1202.78121401958,1235.3612760432,1267.69525915449,1299.77987738211,1331.61199517281,1363.18863298413,1394.50697162585,1425.56435551927,1456.35829501535,1486.88646788991,1517.14672011641,1547.13706600168,1576.85568775867,1606.30093457996,1635.47132126841,1664.36552647414,1692.98239058194,1721.32091328827,1749.38025090315,1777.15971340909,1804.65876130587,1831.87700226792,1858.81418763846,1885.47020878297,1911.84509332242,1937.93900126541,1963.75222105698,1989.28516556011,2014.53836798543,2039.51247778288,2064.20825650846,2088.6265736781,2112.76840261978,2136.63481633417,2160.22698337334,2183.54616374615,2206.59370485849,2229.37103749557,2251.87967185302,2274.12119362281,2296.09726013957,2317.80959659207,2339.25999230453,2360.45029709142,2381.38241768935,2402.058314269,2422.4799970297,2442.64952287877,2462.56899219757,2482.24054569562,2501.666361354,2520.84865145875,2539.78965972506,2558.49165851228,2576.95694612993,2595.18784423457,2613.18669531698,2630.95586027924,2648.49771610086,2665.81465359298,2682.90907523978,2699.78339312563,2716.44002694688,2732.88140210679,2749.10994789207,2765.12809572942,2780.93827752047,2796.54292405335,2811.94446348904,2827.14531992083,2842.14791200482,2856.95465165982,2871.56794283448,2885.99018033989,2900.22374874576,2914.27102133804,2928.13435913622,2941.81610996841,2955.31860760212,2968.64417092901,2981.79510320166,2994.77369132051,3007.58220516917,3020.22289699629,3032.69800084219,3045.00973200857,3057.16028656961,3069.15184092268,3080.98655137714,3092.66655377969,3104.19396317453,3115.57087349696,3126.79935729899,3137.88146550534,3148.81922719869,3159.61464943253,3170.26971707064,3180.78639265163,3191.16661627753,3201.41230552506,3211.5253553786,3221.50763818365,3231.3610036197,3241.08727869155,3250.688267738,3260.16575245703,3269.52149194649,3278.75722275939,3287.87465897305,3296.87549227115,3305.76139203798,3314.53400546408,3323.19495766264,3331.74585179578,3340.18826921032,3348.52376958205,3356.75389106826,3364.88015046769,3372.90404338739,3380.82704441606,3388.65060730324,3396.37616514398,3404.00513056837,3411.53889593569,3418.97883353259,3426.32629577501,3433.58261541338,3440.74910574081,3447.8270608039,3454.81775561584,3461.72244637146,3468.54237066405,3475.27874770356,3481.93277853592,3488.50564626335,3494.99851626525,3501.4125364197,3507.74883732503,3514.00853252156,3520.19271871323,3526.3024759888,3532.33886804274,3538.30294239541,3544.19573061249,3550.01824852356,3555.7714964396,3561.45645936944,3567.07410723487,3572.62539508448,3578.11126330604,3583.53263783733,3588.89043037546,3594.18553858433,3599.41884630056,3604.59122373746,3609.7035276872,3614.75660172101,3619.75127638751,3624.68836940892,3629.56868587528,3634.39301843664,3639.16214749302,3643.87684138233,3648.5378565661,3653.14593781302,3657.70181838032,3662.20622019287
Alt_360,703.303469447606,738.06177904983,772.638475603458,807.031006738598,841.236421539795,875.251477750701,909.072726687162,942.696581045367,976.11936945851,1009.3373806896,1042.34689964287,1075.14423685695,1107.72575275805,1140.08787766297,1172.22712830497,1204.14012149066,1235.82358537002,1267.27436870496,1298.48944844626,1329.46593587074,1360.20108148407,1390.69227885868,1420.93706754727,1450.93313518976,1480.6783189126,1510.17060610499,1539.40813464422,1568.38919263245,1597.11221769933,1625.57579591804,1653.77866037681,1681.71968944335,1709.39790475562,1736.81246896911,1763.96268328801,1790.84798480495,1817.46794367211,1843.82226012457,1869.91076137497,1895.73339839721,1921.29024261555,1946.58148251439,1971.60742018254,1996.36846780532,2020.86514411647,2045.09807082117,2069.06796900066,2092.77565550808,2116.22203936475,2139.40811816489,2162.33497449678,2185.00377238728,2207.41575377626,2229.57223502697,2251.4746034778,2273.1243140403,2294.52288584823,2315.67189896134,2336.57299112794,2357.22785460914,2377.63823306795,2397.80591852548,2417.73274838669,2437.42060253729,2456.87140051363,2476.08709874654,2495.06968788048,2513.82119016845,2532.34365694348,2550.63916616674,2568.7098200526,2586.55774277049,2604.18507822333,2621.593987902,2638.7866488156,2655.76525149643,2672.53199807921,2689.08910045344,2705.4387784879,2721.58325832623,2737.52477075234,2753.26554962444,2768.80783037632,2784.15384858449,2799.30583859979,2814.26603224194,2829.03665755562,2843.61993762642,2858.01808945519,2872.23332288922,2886.26783960866,2900.12383216652,2913.80348308082,2927.30896397712,2940.64243478001,2953.80604295188,2966.80192277747,2979.63219469263,2992.29896465579,3004.80432356063,3017.15034668839,3029.33909319856,3041.37260565623,3053.25290959499,3064.9820131138,3076.56190650652,3087.99456192289,3099.2819330595,3110.42595487963,3121.4285433607,3132.29159526809,3143.01698795422,3153.60657918175,3164.06220696982,3174.3856894622,3184.57882481644,3194.64339111285,3204.58114628259,3214.39382805362,3224.0831539139,3233.6508210908,3243.09850654588,3252.42786698436,3261.64053887825,3270.73813850272,3279.72226198461,3288.59448536269,3297.35636465883,3306.00943595944,3314.55521550668,3322.99519979861,3331.330865698,3339.56367054902,3347.69505230133,3355.72642964119,3363.65920212892,3371.49475034243,3379.2344360262,3386.87960224541,3394.43157354484,3401.89165611199,3409.26113794425,3416.54128901961,3423.73336147067,3430.83858976166,3437.85819086797,3444.79336445822,3451.64529307825,3458.41514233708,3465.10406109434,3471.71318164912,3478.24361992992,3484.69647568552,3491.07283267653,3497.37375886751,3503.60030661941,3509.75351288224,3515.83439938764,3521.84397284149,3527.7832251161,3533.65313344207,3539.45466059963,3545.18875510928,3550.85635142174,3556.458370107,3561.99571804244,3567.4692885999,3572.87996183161,3578.22860465494,3583.51607103587,3588.7432021711,3593.91082666879,3599.01976072777,3604.07080831536,3609.06476134347,3614.00239984323,3618.88449213791,3623.71179501413,3628.48505389145,3633.20500299011,3637.87236549709
Alt_370,684.699724343415,718.628000123933,752.385461795904,785.970023384587,819.379173088645,852.610081358366,885.659686595512,918.524763660262,951.201979048158,983.687935638117,1015.97920920806,1048.07237839463,1079.96404938666,1111.6508763523,1143.12957838074,1174.39695355331,1205.44989063103,1236.28537874802,1266.9005154234,1297.29251314554,1327.45870473525,1357.39654765811,1387.10362742668,1416.5776602099,1445.81649474844,1474.8181136594,1503.58063420167,1532.10230856319,1560.38152372292,1588.416800934,1616.20679486857,1643.75029246015,1671.04621147566,1698.09359884562,1724.89162877856,1751.4396006828,1777.73693691706,1803.78318038947,1829.57799202263,1855.12114810145,1880.41253751889,1905.45215893367,1930.24011785314,1954.77662365339,1979.06198654786,2003.09661451509,2026.88101019532,2050.41576776505,2073.70156979808,2096.73918412084,2119.52946066943,2142.07332835499,2164.37179194388,2186.42592895831,2208.23688660278,2229.80587872132,2251.13418279001,2272.22313694872,2293.07413707612,2313.68863391094,2334.06813022294,2354.21417803589,2374.12837590533,2393.81236625296,2413.26783275973,2432.496497819,2451.50012005133,2470.28049188186,2488.83943718123,2507.17880897078,2525.30048719245,2543.20637654379,2560.89840437814,2578.37851867012,2595.6486860461,2612.71088987963,2629.56712845118,2646.2194131718,2662.66976687019,2678.92022214218,2694.97281976217,2710.82960715542,2726.49263693031,2741.96396546959,2757.24565157959,2772.33975519618,2787.24833614638,2801.97345296449,2816.51716176138,2830.88151514588,2845.0685611968,2859.08034248446,2872.9188951403,2886.5862479734,2900.0844216325,2913.41542781221,2926.58126850219,2939.58393527786,2952.42540863147,2965.10765734221,2977.63263788395,2990.00229386958,3002.21855553055,3014.28333923037,3026.19854701099,3037.96606617066,3049.58776887242,3061.06551178166,3072.40113573204,3083.59646541837,3094.65330911555,3105.57345842241,3116.35868802948,3127.01075550976,3137.53140113136,3147.92234769115,3158.18530036859,3168.32194659863,3178.33395596305,3188.2229800992,3197.99065262545,3207.63858908254,3217.16838688996,3226.58162531678,3235.87986546613,3245.06465027256,3254.13750451183,3263.09993482221,3271.95342973688,3280.69945972679,3289.33947725327,3297.87491683004,3306.30719509389,3314.63771088366,3322.86784532695,3330.99896193409,3339.03240669896,3346.96950820613,3354.81157774406,3362.55990942373,3370.21578030253,3377.78045051291,3385.25516339549,3392.64114563631,3399.93960740776,3407.15174251312,3414.27872853419,3421.32172698183,3428.28188344918,3435.16032776718,3441.9581741623,3448.67652141607,3455.31645302639,3461.87903737023,3468.36532786763,3474.77636314675,3481.11316720986,3487.37674959998,3493.56810556818,3499.68821624119,3505.73804878936,3511.71855659466,3517.63067941876,3523.47534357092,3529.25346207565,3534.96593484009,3540.61364882079,3546.19747819012,3551.71828450185,3557.17691685621,3562.57421206395,3567.91099480965,3573.18807781404,3578.40626199531,3583.56633662933,3588.66907950879,3593.71525710107,3598.70562470502,3603.64092660631,3608.52189623156,3613.34925630113
Alt_380,667.02727597207,700.163812877767,733.139244083296,765.951916682191,798.599727629246,831.080232599031,863.390732402524,895.528342136727,927.490046933244,959.272747216077,990.873295676409,1022.28852765218,1053.51528621248,1084.55044295577,1115.3909153105,1146.03368095912,1176.47578987796,1206.7143743859,1236.74665751789,1266.56995997928,1296.18170588909,1325.57942748357,1354.76076892115,1383.72348930642,1412.46546503157,1440.98469151844,1469.27928443166,1497.3474804234,1525.1876374617,1552.79823478766,1580.17787254095,1607.32527108829,1634.23927008595,1660.91882730348,1687.36301723348,1713.57102950945,1739.54216715212,1765.27584466232,1790.77158597742,1816.02902230675,1841.04788986002,1865.82802748226,1890.36937420707,1914.67196673987,1938.7359368814,1962.5615089014,1986.14899687173,2009.49880196712,2032.61140974192,2055.4873873899,2078.1273809942,2100.53211277386,2122.70237833283,2144.639043917,2166.34304368456,2187.81537699427,2209.05710571612,2230.06935156846,2250.85329348524,2271.41016501685,2291.74125176758,2311.84788887256,2331.73145851669,2351.3933874979,2370.83514483667,2390.05823943367,2409.06421777712,2427.85466170111,2446.43118619624,2464.79543727332,2482.9490898811,2500.89384587859,2518.63143206243,2536.16359824967,2553.49211541608,2570.61877389011,2587.54538160242,2604.27376239076,2620.80575435998,2637.14320829673,2653.28798613847,2669.24195949614,2685.00700822997,2700.58501907768,2715.97788433436,2731.18750058322,2746.21576747634,2761.06458656457,2775.73586017563,2790.23149033937,2804.55337775939,2818.70342082979,2832.68351469611,2846.49555035943,2860.14141382256,2873.62298527709,2886.94213833048,2900.10073927191,2913.10064637579,2925.94370924204,2938.63176817179,2951.16665357762,2963.55018542723,2975.78417271937,2987.87041299117,2999.81069185562,3011.6067825684,3023.26044562282,3034.77342837209,3046.14746467778,3057.38427458364,3068.48556401378,3079.45302449422,3090.28833289708,3100.99315120637,3111.56912630465,3122.01788977957,3132.34105774964,3142.54023070829,3152.61699338557,3162.57291462661,3172.40954728618,3182.12842813867,3191.7310778027,3201.21900067976,3210.5936849062,3219.85660231801,3229.00920842761,3238.05294241227,3246.98922711342,3255.81946904645,3264.54505842026,3273.16736916629,3281.68775897633,3290.10756934877,3298.42812564272,3306.65073713964,3314.77669711204,3322.80728289874,3330.74375598646,3338.58736209721,3346.33933128123,3354.000878015,3361.57320130412,3369.05748479066,3376.45489686466,3383.76659077951,3390.99370477097,3398.13736217943,3405.19867157531,3412.17872688717,3419.07860753253,3425.89937855088,3432.64209073891,3439.30778078766,3445.89747142133,3452.41217153766,3458.85287634969,3465.22056752864,3471.51621334783,3477.7407688275,3483.89517588029,3489.98036345734,3495.99724769479,3501.94673206065,3507.82970750185,3513.64705259132,3519.39963367515,3525.08830501958,3530.71390895771,3536.27727603604,3541.77922516049,3547.22056374204,3552.60208784176,3557.92458231528,3563.18882095651,3568.39556664069,3573.54557146661,3578.63957689791,3583.67831390361,3588.66250309754
Alt_390,650.218202252553,682.598877364206,714.82719261618,746.901897485833,778.821269588419,810.583224222163,842.185401433044,873.625235754012,904.90001248128,936.006913402732,966.943054194527,997.705515182958,1028.29136678069,1058.69769061451,1088.92159714029,1118.96024037235,1148.81083022423,1178.47064285819,1207.93702936254,1237.20742301491,1266.27934534181,1295.15041114673,1323.8183326489,1352.28092285074,1380.5360982325,1408.58188085726,1436.41639995633,1464.03789305509,1491.44470669066,1518.63529676587,1545.60822857813,1572.36217655719,1598.89592374159,1625.20836102025,1651.298486163,1677.16540266114,1702.80831839732,1728.2265441621,1753.41949203306,1778.38667363099,1803.12769826654,1827.64227098969,1851.93019055331,1875.99134730154,1899.82572099277,1923.43337856631,1946.81447186137,1969.96923529628,1992.8979835154,2015.60110901063,2038.07907972411,2060.33243663806,2082.36179135747,2104.16782369096,2125.75127923467,2147.11296696372,2168.25375683565,2189.17457740954,2209.87641348468,2230.36030376198,2250.62733853132,2270.6786573876,2290.51544697815,2310.13893878375,2329.55040693552,2348.75116606949,2367.7425692206,2386.52600575773,2405.10289936094,2423.47470604226,2441.6429122109,2459.60903278381,2477.37460934229,2494.9412083351,2512.31041932869,2529.48385330471,2546.46314100504,2563.24993132442,2579.84588975073,2596.25269685271,2612.47204681498,2628.5056460201,2644.3552116773,2660.02247049743,2675.50915741375,2690.8170143479,2705.94778902049,2720.90323380579,2735.68510462966,2750.2951599101,2764.73515953972,2779.00686390913,2793.1120329708,2807.0524253421,2820.82979744717,2834.44590269625,2847.90249070204,2861.20130653188,2874.34408999497,2887.33257496377,2900.1684887286,2912.85355138454,2925.38947524974,2937.77796431428,2950.02071371857,2962.11940926051,2974.07572693044,2985.8913324731,2997.56788097557,3009.10701648054,3020.51037162392,3031.77956729597,3042.91621232522,3053.9219031843,3064.79822371687,3075.54674488502,3086.16902453614,3096.66660718883,3107.04102383679,3117.29379177028,3127.42641441425,3137.44038118258,3147.33716734772,3157.11823392512,3166.7850275718,3176.3389804985,3185.78151039475,3195.11402036636,3204.33789888471,3213.4545197474,3222.46524204962,3231.37141016579,3240.17435374101,3248.87538769181,3257.47581221571,3265.97691280925,3274.37996029395,3282.68621084985,3290.89690605619,3299.01327293894,3307.03652402466,3314.96785740046,3322.80845677966,3330.55949157281,3338.22211696378,3345.79747399064,3353.28668963088,3360.69087689098,3368.01113489968,3375.24854900508,3382.40419087496,3389.4791186004,3396.47437680218,3403.39099673997,3410.229996424,3416.99238072894,3423.67914150994,3430.29125772057,3436.82969553245,3443.29540845644,3449.6893374653,3456.01241111747,3462.26554568206,3468.44964526473,3474.56560193442,3480.61429585076,3486.59659539207,3492.51335728381,3498.36542672738,3504.15363752921,3509.87881222989,3515.54176223353,3521.1432879369,3526.6841788586,3532.16521376796,3537.5871608137,3542.95077765226,3548.25681157568,3553.50599963907,3558.69906878752,3563.83673598245
Alt_400,634.210949941922,665.869404103496,697.38339245906,728.752038622607,759.97397489614,791.047452406358,821.970428749143,852.740638266918,883.35564881166,913.812907908994,944.109780544682,974.243580277773,1004.21159499716,1034.01110834587,1063.63941761544,1093.09384874284,1122.37176891217,1151.47059716194,1180.38781332035,1209.12096552923,1237.66767656887,1266.02564915733,1294.19267036751,1322.16661528058,1349.94544997477,1377.52723393252,1404.91012193633,1432.09236551279,1459.072313976,1485.8484151141,1512.41921555727,1538.78336086016,1564.93959532809,1590.8867616126,1616.62380009945,1642.14974810929,1667.46373892951,1692.56500069396,1717.45285512538,1742.1267161546,1766.58608842889,1790.83056572123,1814.85982925109,1838.67364592673,1862.27186651813,1885.65442376924,1908.82133045735,1931.77267740723,1954.50863146685,1977.02943345124,1999.3353960606,2021.42690177834,2043.30440075438,2064.96840867871,2086.41950464985,2107.65832904258,2128.68558137907,2149.50201820706,2170.10845098868,2190.50574400331,2210.69481226721,2230.67661947302,2250.45217595155,2270.02253665829,2289.38879918669,2308.55210181046,2327.51362155632,2346.2745723092,2364.836202951,2383.19979553447,2401.36666349326,2419.33814988907,2437.1156256969,2454.7004881291,2472.09415899875,2489.29808312302,2506.31372676678,2523.14257612684,2539.78613585697,2556.24592763379,2572.52348876362,2588.62037083018,2604.53813838304,2620.27836766658,2635.84264538923,2651.23256753268,2666.44973820069,2681.49576850699,2696.37227550197,2711.08088113744,2725.6232112691,2740.00089469607,2754.21556223675,2768.26884584066,2782.16237773522,2795.89778960714,2809.47671181752,2822.90077264994,2836.17159759094,2849.29080864199,2862.26002366237,2875.08085574205,2887.75491260392,2900.28379603455,2912.66910134277,2924.91241684523,2937.01532337832,2948.97939383549,2960.80619272947,2972.49727577841,2984.05418951537,2995.47847092036,3006.77164707422,3017.93523483363,3028.97074052656,3039.87965966749,3050.66347669164,3061.32366470768,3071.86168526811,3082.27898815686,3092.57701119326,3102.75718005196,3112.82090809812,3122.76959623724,3132.60463277914,3142.32739331553,3151.93924061052,3161.44152450366,3170.83558182496,3180.12273632133,3189.30429859404,3198.38156604666,3207.35582284304,3216.22833987489,3225.00037473856,3233.67317172046,3242.24796179092,3250.72596260594,3259.10837851649,3267.39640058498,3275.59120660865,3283.69396114929,3291.70581556929,3299.62790807334,3307.46136375578,3315.20729465311,3322.86679980142,3330.4409652985,3337.93086437029,3345.3375574415,3352.66209221008,3359.90550372529,3367.06881446922,3374.15303444151,3381.15916124697,3388.08818018601,3394.94106434765,3401.71877470488,3408.42226021227,3415.05245790556,3421.61029300313,3428.0966790092,3434.51251781857,3440.85869982276,3447.13610401743,3453.34559811098,3459.48803863406,3465.56427105009,3471.57512986649,3477.52143874661,3483.40401062217,3489.22364780627,3494.98114210662,3500.67727493923,3506.31281744209,3511.88853058916,3517.40516530426,3522.86346257498,3528.26415356645,3533.607959735,3538.89559294149
Alt_410,618.949615257364,649.917420395568,680.747898192375,711.440520387451,741.994249969631,772.407651808606,802.678980810161,832.806252680797,862.787301138184,892.619824478751,922.301423725878,951.829634068015,981.201950909598,1010.41585156532,1039.46881340588,1068.3583290929,1097.08191940963,1125.63714409204,1154.02161098582,1182.23298379249,1210.26898861873,1238.12741950419,1265.80614307221,1293.3031024227,1320.61632036699,1347.74390208773,1374.6840372944,1401.43500193388,1427.99515950688,1454.36296203406,1480.53695070928,1506.51575627293,1532.29809913378,1557.88278926471,1583.26872589444,1608.45489701512,1633.44037872361,1658.22433441227,1682.80601382381,1707.18475198325,1731.35996801902,1755.33116388419,1779.09792298789,1802.65990874628,1826.01686306173,1849.16860473829,1872.11502784079,1894.85610000471,1917.39186070322,1939.72241947756,1961.84795413639,1983.76870892959,2005.48499270134,2026.99717702736,2048.30569434059,2069.41103604953,2090.31375065298,2111.01444185493,2131.51376668286,2151.81243361272,2171.9112007034,2191.8108737435,2211.51230441288,2231.0163884614,2250.32406390697,2269.43630925489,2288.35414174034,2307.07861559566,2325.610820344,2343.95187912066,2362.10294702333,2380.06520949247,2397.83988072266,2415.42820210593,2432.83144070765,2450.05088777585,2467.08785728434,2483.94368451011,2500.61972464547,2517.11735144505,2533.43795590802,2549.5829449955,2565.55374038333,2581.35177725003,2596.97850310007,2612.43537662212,2627.72386658222,2642.84545075149,2657.80161486831,2672.59385163432,2687.22365974422,2701.69254294868,2716.00200915002,2730.15356953032,2744.14873771116,2757.9890289448,2771.67595933605,2785.21104509427,2798.59580181511,2811.8317437911,2824.92038335079,2837.86323022561,2850.66179094392,2863.31756825158,2875.83206055849,2888.20676141033,2900.44315898495,2912.54273561279,2924.50696732058,2936.3373233978,2948.03526598524,2959.60224968492,2971.0397211909,2982.34911894027,2993.53187278373,3004.58940367516,3015.52312337951,3026.33443419855,3037.02472871378,3047.59538954603,3058.04778913104,3068.38328951065,3078.60324213893,3088.7089877027,3098.70185595609,3108.58316556842,3118.35422398501,3128.01632730046,3137.57076014382,3147.01879557532,3156.36169499407,3165.6007080564,3174.7370726043,3183.77201460371,3192.70674809204,3201.54247513467,3210.28038579009,3218.92165808305,3227.46745798569,3235.91893940608,3244.27724418388,3252.5435020928,3260.71883084955,3268.80433612896,3276.80111158497,3284.71023887717,3292.53278770269,3300.26981583305,3307.92236915582,3315.4914817208,3322.97817579045,3330.38346189433,3337.70833888739,3344.95379401181,3352.12080296226,3359.21032995429,3366.22332779572,3373.16073796082,3380.0234906671,3386.81250495455,3393.5286887671,3400.17293903625,3406.74614176666,3413.24917212345,3419.68289452131,3426.04816271504,3432.34581989151,3438.57669876293,3444.74162166125,3450.8414006336,3456.87683753869,3462.84872414402,3468.75784222383,3474.60496365768,3480.39085052959,3486.11625522758,3491.78192054372,3497.3885797743,3502.93695682037,3508.42776628836,3513.8617135908
Alt_420,604.3833184751,634.690131500209,664.866083839613,694.910971391664,724.824065656892,754.604224766245,784.249982077142,813.759617374443,843.131214489875,872.362708242629,901.451922923592,930.396604035406,959.194444615829,987.843107180104,1016.3402420955,1044.68350303048,1072.87055998904,1100.89911033867,1128.7668881602,1156.47167218533,1184.0112925379,1211.38363645596,1238.58665313991,1265.61835784742,1292.47683533508,1319.16024273077,1345.66681190721,1371.99485141644,1398.14274803597,1424.10896797013,1449.89205774405,1475.49064482265,1500.90343798301,1526.12922746459,1551.16688491951,1576.01536318179,1600.67369587312,1625.14099686032,1649.41645957866,1673.49935623335,1697.38903689088,1721.08492847052,1744.58653364571,1767.89342966398,1791.00526709378,1813.92176850567,1836.64272709486,1859.16800525184,1881.49753308697,1903.63130691493,1925.56938770431,1947.31189949741,1968.85902780484,1990.21101797952,2011.36817357404,2032.33085468546,2053.09947629099,2073.67450657821,2094.05646527287,2114.24592196737,2134.24349445269,2154.04984705647,2173.66568898958,2193.09177270362,2212.32889226134,2231.37788172201,2250.2396135436,2268.91499700336,2287.40497663843,2305.71053070788,2323.83266967738,2341.77243472787,2359.53089628908,2377.10915259896,2394.50832828988,2411.72957300227,2428.77406002651,2445.64298497339,2462.33756447389,2478.85903490849,2495.20865116645,2511.38768543523,2527.39742602031,2543.23917619549,2558.91425308372,2574.42398656854,2589.76971823596,2604.95280034686,2619.97459483951,2634.83647236236,2649.53981133656,2664.08599704812,2678.47642076942,2692.71247890961,2706.79557219374,2720.72710487006,2734.50848394517,2748.14111844661,2761.62641871238,2774.96579570699,2788.16066036351,2801.2124229512,2814.1224924681,2826.8922760582,2839.52317845261,2852.01660143411,2864.37394332477,2876.59659849591,2888.68595689985,2900.64340362314,2912.47031846043,2924.16807550866,2935.73804278091,2947.18158183944,2958.50004744734,2969.6947872383,2980.76714140395,2991.71844239825,3002.55001465842,3013.26317434189,3023.85922907885,3034.33947773975,3044.70521021739,3054.95770722311,3065.09824009655,3075.12807062857,3085.04845089681,3094.86062311361,3104.56581948562,3114.16526208485,3123.6601627307,3133.0517228825,3142.34113354229,3151.5295751673,3160.61821759188,3169.6082199584,3178.50073065692,3187.29688727304,3195.99781654388,3204.60463432153,3213.118445544,3221.54034421304,3229.87141337877,3238.11272513063,3246.2653405945,3254.33030993569,3262.30867236744,3270.20145616477,3278.00967868343,3285.73434638359,3293.37645485816,3300.93698886544,3308.41692236594,3315.81721856306,3323.13882994752,3330.38269834528,3337.54975496879,3344.64092047137,3351.65710500453,3358.59920827809,3365.46811962292,3372.26471805607,3378.98987234831,3385.64444109375,3392.22927278143,3398.74520586891,3405.19306885746,3411.57368036898,3417.88784922432,3424.13637452304,3430.3200457244,3436.4396427295,3442.49593596454,3448.48968646493,3454.42164596034,3460.29255696047,3466.10315284159,3471.85415793355,3477.5462876074,3483.18024836347,3488.75673791975
Alt_430,590.465658706914,620.139362928311,649.688074483721,679.111891326354,708.410372972757,737.582651827248,766.627522147669,795.543511631273,824.328939404916,852.98196330911,881.500618694252,909.882850441877,938.126539541444,966.229525262387,994.189623738912,1022.00464361409,1049.67239925763,1077.19072196898,1104.55746949699,1131.77053414431,1158.82784967449,1185.72739720059,1212.4672102018,1239.04537878971,1265.46005332512,1291.70944746976,1317.79184074387,1343.70558064946,1369.44908441028,1395.02084037181,1420.41940909865,1445.64342420161,1470.69159292231,1495.56269649992,1520.25559034138,1544.76920401401,1569.1025410775,1593.2546787701,1617.22476756255,1641.01203059196,1664.61576298659,1688.03533109146,1711.27017160413,1734.31979062892,1757.18376265736,1779.86172948203,1802.35339905044,1824.65854426512,1846.77700173561,1868.70867048786,1890.45351063598,1912.01154202102,1933.3828428213,1954.56754813842,1975.56584856275,1996.37798872221,2017.00426581773,2037.4450281486,2057.70067363081,2077.77164831121,2097.65844488023,2117.36160118557,2136.8816987494,2156.21936129106,2175.37525325755,2194.35007836353,2213.14457814278,2231.75953051273,2250.19574835355,2268.45407810328,2286.53539837038,2304.4406185647,2322.17067754824,2339.72654230647,2357.10920664123,2374.31968988609,2391.35903564471,2408.22831055306,2424.92860306593,2441.46102226831,2457.82669671202,2474.02677327794,2490.06241606421,2505.93480530053,2521.64513628879,2537.19461837025,2552.5844739191,2567.81593736264,2582.89025422805,2597.80868021551,2612.57248029774,2627.18292784581,2641.6413037809,2655.94889575199,2670.10699733911,2684.11690728198,2697.9799287337,2711.69736853913,2725.27053653781,2738.70074489085,2751.98930743157,2765.13753903946,2778.14675503704,2791.01827060931,2803.75340024519,2816.35345720072,2828.81975298349,2841.15359685777,2853.35629537016,2865.42915189494,2877.37346619898,2889.19053402562,2900.88164669701,2912.44809073459,2923.89114749711,2935.21209283582,2946.41219676637,2957.49272315693,2968.45492943208,2979.30006629207,2990.02937744696,3000.64409936523,3011.14546103644,3021.53468374743,3031.81298087179,3041.98155767201,3052.04161111407,3061.99432969393,3071.84089327562,3081.58247294048,3091.22023084722,3100.75532010238,3110.1888846409,3119.52205911634,3128.75596880046,3137.89172949187,3146.93044743325,3155.87321923705,3164.72113181915,3173.47526234021,3182.13667815455,3190.70643676608,3199.18558579106,3207.57516292747,3215.87619593068,3224.08970259507,3232.21669074148,3240.25815821018,3248.21509285911,3256.08847256713,3263.87926524215,3271.58842883381,3279.21691135055,3286.76565088087,3294.23557561855,3301.62760389163,3308.94264419505,3316.18159522663,3323.34534592631,3330.43477551846,3337.45075355708,3344.39413997377,3351.26578512824,3358.06652986134,3364.79720555027,3371.4586341661,3378.05162833323,3384.57699139074,3391.0355174556,3397.42799148746,3403.75518935509,3410.01787790413,3416.21681502633,3422.35274972987,3428.42642221097,3434.43856392643,3440.38989766718,3446.28113763273,3452.11298950632,3457.8861505309,3463.60130958564
Alt_440,577.154237283919,606.221072275416,635.168248068916,663.996144263786,692.70458943751,721.292972664169,749.760332777438,778.105430289244,806.326805712336,834.422827158664,862.391729424551,890.231646273929,917.940637251549,945.516710068855,972.957839383452,1000.2619826223,1027.4270933664,1054.45113271163,1081.33207893967,1108.0679357695,1134.65673940939,1161.0965645897,1187.38552972442,1213.52180132413,1239.50359776198,1265.32919247777,1290.99691669162,1316.50516168711,1341.85238071532,1367.03709056311,1392.05787282288,1416.91337489619,1441.60231075876,1466.12346151139,1490.47567573774,1514.65786968778,1538.66902730341,1562.50820010085,1586.17450692301,1609.66713357356,1632.98533234339,1656.12842143903,1679.09578432198,1701.88686896675,1724.50118704525,1746.9383130442,1769.19788332178,1791.27959510962,1813.18320546527,1834.90853018046,1856.45544264973,1877.8238727039,1899.01380541267,1920.02527986001,1940.85838789628,1961.51327287029,1981.99012834479,2002.28919679825,2022.41076831589,2042.35517927271,2062.12281101105,2081.71408851502,2101.12947908416,2120.36949100838,2139.43467224614,2158.32560910789,2177.04292494633,2195.58727885515,2213.95936437795,2232.15990822847,2250.18966902365,2268.04943603068,2285.74002792907,2303.26229158895,2320.61710086636,2337.80535541645,2354.82797952547,2371.68592096213,2388.38014984901,2404.91165755459,2421.28145560637,2437.49057462566,2453.54006328412,2469.43098728271,2485.16442835304,2500.74148328158,2516.16326295662,2531.43089143839,2546.54550505217,2561.5082515046,2576.32028902312,2590.98278551845,2605.49691777017,2619.86387063514,2634.08483627879,2648.16101342893,2662.09360665215,2675.88382565225,2689.53288459088,2703.04200142976,2716.41239729444,2729.64529585928,2742.74192275325,2755.70350498634,2768.53127039621,2781.2264471147,2793.79026305396,2806.22394541172,2818.52872019538,2830.70581176459,2842.75644239191,2854.68183184113,2866.48319696289,2878.16175130731,2889.71870475304,2901.15526315251,2912.47262799295,2923.6719960727,2934.75455919256,2945.7215038617,2956.57401101771,2967.31325576057,2977.94040709994,2988.45662771558,2998.86307373042,3009.16089449595,3019.35123238952,3029.43522262334,3039.41399306454,3049.28866406627,3059.06034830926,3068.73015065362,3078.29916800045,3087.76848916308,3097.13919474747,3106.41235704155,3115.58903991314,3124.6702987162,3133.6571802051,3142.55072245654,3151.35195479901,3160.0618977493,3168.68156295606,3177.21195314982,3185.65406209951,3194.00887457509,3202.27736631603,3210.4605040055,3218.5592452499,3226.57453856371,3234.5073233592,3242.35852994101,3250.12907950523,3257.81988414287,3265.43184684753,3272.96586152705,3280.4228130189,3287.80357710932,3295.10902055579,3302.34000111291,3309.49736756133,3316.58195973971,3323.59460857946,3330.53613614223,3337.40735565989,3344.20907157693,3350.94207959517,3357.60716672057,3364.2051113121,3370.73668313256,3377.20264340108,3383.60374484748,3389.94073176804,3396.21434008291,3402.42529739476,3408.57432304884,3414.66212819417,3420.68941584588,3426.65688094855,3432.5652104405,3438.41508331901
Alt_450,564.410240016941,592.894920842119,621.264797658875,649.520512844309,677.66214649163,705.689328018829,733.601325655171,761.397118639562,789.075455836711,816.634903620756,844.073885226864,871.390713278181,898.583616819913,925.650763904951,952.590280554656,979.400266747892,1006.07880995902,1032.62399666229,1059.03392213907,1085.30669886039,1111.44046366696,1137.43338392804,1163.28366282893,1188.98954391035,1214.54931496258,1239.96131135979,1265.2239189067,1290.33557625792,1315.29477696142,1340.10007116982,1364.75006705674,1389.24343197049,1413.57889335282,1437.75523944671,1461.77131981441,1485.62604568411,1509.31839014148,1532.84738818056,1556.21213662683,1579.41179394394,1602.4455799345,1625.31277534413,1648.01272137747,1670.54481913373,1692.90852896886,1715.10336979092,1737.12891829466,1758.98480814073,1780.67072908484,1802.18642606159,1823.53169822739,1844.70639796682,1865.71042986613,1886.5437496578,1907.20636313942,1927.69832507025,1948.01973804852,1968.17075137228,1988.15155988665,2007.96240281991,2027.60356261092,2047.07536373014,2066.37817149634,2085.51239089119,2104.47846537335,2123.27687569419,2141.90813871653,2160.37280623813,2178.6714638214,2196.80472963066,2214.77325327825,2232.57771468076,2250.21882292641,2267.69731515463,2285.01395544884,2302.1695337433,2319.16486474482,2336.00078687004,2352.6781611991,2369.19787044606,2385.5608179469,2401.76792666538,2417.82013821734,2433.71841191368,2449.46372382252,2465.05706585072,2480.49944484498,2495.79188171282,2510.93541056348,2525.93107786897,2540.77994164526,2555.48307065366,2570.04154362248,2584.45644848889,2598.72888166086,2612.85994729933,2626.85075662022,2640.70242721637,2654.41608239921,2667.99285055988,2681.43386454981,2694.74026108037,2707.91318014152,2720.95376443903,2733.86315885033,2746.64250989833,2759.2929652433,2771.81567319232,2784.21178222602,2796.48244054242,2808.62879561747,2820.65199378193,2832.55317981446,2844.33349655037,2855.99408450585,2867.53608151735,2878.96062239564,2890.26883859442,2901.46185789294,2912.54080409253,2923.50679672639,2934.36095078266,2945.10437644018,2955.73817881671,2966.26345772923,2976.68130746617,2986.99281657089,2997.19906763656,3007.30113711163,3017.30009511604,3027.19700526747,3036.99292451761,3046.68890299798,3056.28598387512,3065.7852032147,3075.18758985452,3084.49416528582,3093.70594354283,3102.82393110028,3111.8491267785,3120.78252165587,3129.62509898849,3138.3778341367,3147.04169449818,3155.61763944757,3164.10662028211,3172.5095801734,3180.8274541247,3189.06116893384,3197.21164316143,3205.27978710412,3213.2665027727,3221.17268387504,3228.99921580337,3236.74697562599,3244.41683208307,3252.00964558643,3259.52626822312,3266.96754376258,3274.33430766739,3281.62738710721,3288.84760097594,3295.99575991194,3303.07266632105,3310.0791144024,3317.01589017683,3323.88377151779,3330.68352818459,3337.41592185786,3344.08170617722,3350.68162678084,3357.21642134698,3363.68681963735,3370.09354354203,3376.43730712618,3382.71881667805,3388.93877075857,3395.09786025219,3401.19676841891,3407.23617094756,3413.21673601012
Alt_460,552.198070125781,580.12389679243,607.93934590279,635.645305141775,663.242089861138,690.729554672992,718.107183084734,745.374159923162,772.529430204841,799.571747275738,826.499712406896,853.311807547448,880.006422564917,906.581878017828,933.036444286056,959.368357714362,985.575834292342,1011.65708129067,1037.61030719233,1063.43373019336,1089.12558549694,1114.68413158394,1140.10765561063,1165.39447805827,1190.54295673797,1215.5514902373,1240.41852088098,1265.14253726674,1289.72207642793,1314.15572566676,1338.44212409578,1362.57996391957,1386.56799148461,1410.40500812131,1434.08987079899,1457.62149261242,1480.99884311574,1504.22094851817,1527.28689175412,1550.19581243887,1572.94690672007,1595.53942703402,1617.97268177514,1640.24603488583,1662.35890537386,1684.31076676329,1706.10114648485,1727.72962521089,1749.19583614,1770.49946423579,1791.64024542398,1812.61796575193,1833.43246051417,1854.08361334756,1874.57135529914,1894.89566386994,1915.05656203753,1935.05411726004,1954.88844046428,1974.55968502027,1994.06804570463,2013.41375765479,2032.59709531627,2051.61837138477,2070.477935745,2089.17617440792,2107.71350844802,2126.0903929421,2144.3073159111,2162.36479726617,2180.26338776031,2198.00366794688,2215.58624714573,2233.01176241845,2250.28087755328,2267.39428206078,2284.35269018107,2301.15683990334,2317.80749199836,2334.30542906459,2350.65145458859,2366.8463920201,2382.89108386237,2398.78639077819,2414.5331907119,2430.13237802786,2445.5848626655,2460.8915693114,2476.05343658848,2491.07141626247,2505.94647246598,2520.67958094002,2535.27172829327,2549.72391127904,2564.03713608995,2578.21241767036,2592.25077904649,2606.15325067419,2619.92086980427,2633.55467986529,2647.05572986374,2660.42507380141,2673.66377010982,2686.77288110159,2699.75347243849,2712.60661261602,2725.33337246434,2737.93482466527,2750.41204328516,2762.76610332344,2774.99808027648,2787.10904971667,2799.10008688633,2810.97226630625,2822.72666139856,2834.36434412372,2845.88638463119,2857.29385092375,2868.58780853498,2879.76932021962,2890.83944565674,2901.79924116515,2912.64975943095,2923.39204924687,2934.02715526314,2944.55611774953,2954.97997236842,2965.29974995847,2975.51647632869,2985.63117206261,2995.64485233229,3005.5585267219,3015.37319906056,3025.08986726423,3034.70952318634,3044.23315247697,3053.66173445021,3062.99624195958,3072.2376412812,3081.38689200438,3090.44494692967,3099.4127519737,3108.29124608107,3117.08136114267,3125.78402192039,3134.40014597804,3142.93064361815,3151.3764178245,3159.7383642102,3168.01737097112,3176.21431884438,3184.33008107189,3192.36552336855,3200.32150389516,3208.19887323559,3215.99847437834,3223.72114270207,3231.36770596509,3238.93898429859,3246.43579020348,3253.85892855068,3261.2091965847,3268.48738393046,3275.69427260304,3282.83063702041,3289.89724401885,3296.89485287116,3303.82421530719,3310.68607553699,3317.48117027608,3324.21022877298,3330.87397283888,3337.47311687911,3344.00836792668,3350.48042567745,3356.88998252704,3363.23772360937,3369.52432683659,3375.75046294057,3381.91679551563,3388.02398106255
Alt_470,540.485024893934,567.873982856097,595.156604698575,622.334007213484,649.406725929337,676.374826582722,703.237994825466,729.995608819546,756.646798321656,783.190493049244,809.625462497909,835.950348903088,862.163694672528,888.263965333998,914.249568824614,940.118871778964,965.870213341334,991.501916924016,1017.01230025241,1042.39968397338,1067.66239905215,1092.79879314259,1117.80723608255,1142.68612464023,1167.43388661567,1192.0489843847,1216.5299179582,1240.87522761816,1265.08349618258,1289.15335094333,1313.08346531456,1336.87256022414,1360.51940527572,1384.02281970564,1407.38167315544,1430.59488627832,1453.66143119547,1476.58033181644,1499.35066403592,1521.97155581813,1544.44218717874,1566.76179007308,1588.92964819884,1610.9450967204,1632.8075219215,1654.51636079217,1676.07110055554,1697.47127813956,1718.71647959845,1739.80633948797,1760.7405401989,1781.51881125219,1802.14092855949,1822.60671365224,1842.91603288251,1863.06879659838,1883.0649582967,1902.90451375568,1922.58750014985,1942.11399514963,1961.48411600763,1980.69801863384,1999.75589666148,2018.65798050549,2037.4045364153,2055.9958655235,2074.432302892,2092.71421655713,2110.84200657496,2128.81610406832,2146.63697027646,2164.30509560881,2181.82099870363,2199.18522549273,2216.39834827321,2233.46096478689,2250.37369730856,2267.13719174357,2283.75211673554,2300.21916278494,2316.53904137894,2332.71248413332,2348.74024194675,2364.623084168,2380.36179777655,2395.95718657678,2411.41007040634,2426.72128435875,2441.89167802072,2456.92211472421,2471.81347081357,2486.56663492787,2501.18250729856,2515.66199906256,2530.00603159081,2544.21553583253,2558.29145167485,2572.23472731826,2586.04631866745,2599.72718873784,2613.27830707746,2626.70064920433,2639.99519605915,2653.16293347313,2666.20485165096,2679.12194466876,2691.91520998673,2704.58564797655,2717.13426146316,2729.56205528093,2741.87003584379,2754.05921072939,2766.13058827687,2778.08517719819,2789.92398620261,2801.64802363429,2813.25829712273,2824.75581324565,2836.14157720437,2847.41659251119,2858.58186068865,2869.63838098044,2880.58715007362,2891.42916183202,2902.16540704049,2912.79687315978,2923.32454409185,2933.74939995522,2944.07241687033,2954.29456675447,2964.41681712612,2974.44013091853,2984.36546630212,2994.19377651566,3003.92600970586,3013.56310877516,3023.10601123762,3032.55564908242,3041.91294864505,3051.17883048576,3060.35420927508,3069.43999368635,3078.4370862948,3087.34638348319,3096.16877535373,3104.90514564605,3113.55637166101,3122.12332419031,3130.6068674515,3139.00785902835,3147.32714981638,3155.56558397328,3163.72399887421,3171.80322507165,3179.80408625976,3187.72739924299,3195.57397390884,3203.34461320465,3211.04011311815,3218.66126266177,3226.20884386049,3233.683631743,3241.08639433634,3248.41789266344,3255.6788807439,3262.8701055975,3269.99230725056,3277.04621874498,3284.03256614974,3290.9520685749,3297.80543818789,3304.59338023203,3311.31659304718,3317.97576809239,3324.57158997049,3331.10473645451,3337.57587851582,3343.98568035401,3350.3347994282,3356.62388649002,3362.85358561784
Alt_480,529.241010158015,556.113862628903,582.884074079655,609.552975360968,636.121308168161,662.589336283243,688.95693527701,715.223665218946,741.388829935273,767.451525571348,793.410680608267,819.265089015896,845.013437863825,870.654330432862,896.186305653566,921.607854530105,946.917434076329,972.113479187828,997.19441279245,1022.15865455742,1047.00462837992,1071.73076884724,1096.33552681946,1120.81737426157,1145.17480843007,1169.40635550197,1193.51057371982,1217.48605611456,1241.33143285872,1265.04537329433,1288.62658767337,1312.07382864339,1335.38589250598,1358.56162027233,1381.59989853669,1404.49966018597,1427.25988496148,1449.87959988668,1472.35787957336,1494.69384641729,1516.88667069302,1538.93557055659,1560.83981196404,1582.59870851281,1604.21162121239,1625.67795819019,1646.9971743379,1668.16877090322,1689.19229503159,1710.06733926193,1730.79354098047,1751.370581836,1771.79818712014,1792.07612511558,1812.2042064153,1832.18228321556,1852.01024858508,1871.68803571305,1891.21561713812,1910.59300396059,1929.82024503982,1948.89742617883,1967.82466929785,1986.60213159866,2005.23000472125,2023.70851389434,2042.0379170814,2060.21850412328,2078.25059587905,2096.13454336604,2113.87072690041,2131.4595552393,2148.90146472559,2166.19691843623,2183.34640533517,2200.35043943158,2217.20955894428,2233.92432547318,2250.49532317829,2266.92315796711,2283.20845669087,2299.35186635031,2315.35405331147,2331.21570253195,2346.93751679811,2362.52021597362,2377.96453625971,2393.27122946741,2408.44106230222,2423.47481566129,2438.37328394344,2453.13727437226,2467.7676063324,2482.26511071917,2496.6306293017,2510.86501409963,2524.96912677346,2538.94383802859,2552.79002703319,2566.50858084965,2580.10039387995,2593.56636732466,2606.90740865558,2620.1244311021,2633.21835315102,2646.19009805989,2659.04059338368,2671.7707705147,2684.38156423568,2696.87391228582,2709.24875493968,2721.50703459887,2733.64969539614,2745.67768281197,2757.59194330329,2769.39342394429,2781.08307207904,2792.66183498572,2804.1306595524,2815.49049196401,2826.74227740036,2837.88695974511,2848.92548130523,2859.85878254108,2870.68780180652,2881.41347509926,2892.03673582077,2902.55851454601,2912.97973880237,2923.30133285785,2933.52421751818,2943.64930993269,2953.67752340871,2963.60976723425,2973.44694650882,2983.18996198219,2992.83970990082,3002.39708186173,3011.86296467379,3021.23824022601,3030.52378536276,3039.7204717657,3048.82916584228,3057.85072862045,3066.78601564964,3075.63587690765,3084.40115671329,3093.08269364468,3101.68132046297,3110.19786404132,3118.63314529898,3126.98797914027,3135.26317439838,3143.4595337838,3151.57785383712,3159.61892488625,3167.58353100773,3175.47244999208,3183.28645331306,3191.02630610061,3198.69276711745,3206.28658873913,3213.80851693745,3221.25929126704,3228.63964485514,3235.95030439427,3243.19199013783,3250.3654158984,3257.47128904875,3264.5103105253,3271.48317483412,3278.39057005918,3285.23317787284,3292.01167354855,3298.7267259755,3305.37899767533,3311.9691448206,3318.49781725513,3324.96565851602,3331.37330585727,3337.72139027498
Alt_490,518.438287620157,544.814660402484,571.091775222843,597.271162987628,623.353758526063,649.340011494005,675.229975992765,701.023383337311,726.719701446432,752.318183570977,777.817908486835,803.217813821971,828.516723832277,853.713372665911,878.80642394183,903.794487301271,928.676132460184,953.449901187827,978.114317555519,1002.66789673516,1027.10915257586,1051.43660414585,1075.64878139405,1099.74423005893,1123.7215159306,1147.57922855495,1171.31598445367,1194.93042992291,1218.42124346312,1241.78713788491,1265.02686212907,1288.13920283336,1311.12298567409,1333.97707650663,1356.7003823259,1379.29185206487,1401.75047724711,1424.07529250735,1446.26537599223,1468.31984965218,1490.23787943414,1512.01867538366,1533.66149166414,1555.16562650015,1576.5304220512,1597.7552642215,1618.83958241108,1639.78284921285,1660.5845800602,1681.24433282881,1701.76170739678,1722.13634516617,1742.36792854943,1762.45618042346,1782.40086355432,1802.20177999502,1821.85877045892,1841.37171367106,1860.7405256996,1879.96515926931,1899.04560305921,1917.98188098606,1936.77405147549,1955.42220672236,1973.92647194204,1992.28700461384,2010.5039937182,2028.57765896888,2046.50825004132,2064.29604579856,2081.94135351555,2099.44450810322,2116.80587133303,2134.02583106317,2151.10480046714,2168.04321726565,2184.84154296258,2201.50026208578,2218.01988143336,2234.40092932613,2250.64395486689,2266.74952720702,2282.71823482092,2298.55068478886,2314.24750208867,2329.80932889661,2345.23682389793,2360.53066160737,2375.69153169998,2390.72013835254,2405.61719959581,2420.3834466779,2435.01962343892,2449.5264856971,2463.9048006466,2478.15534626703,2492.27891074487,2506.27629190693,2520.14829666575,2533.89574047722,2547.51944681024,2561.02024662858,2574.3989778849,2587.65648502685,2600.79361851538,2613.81123435503,2626.71019363622,2639.49136208959,2652.15560965208,2664.70381004483,2677.13684036281,2689.45558067589,2701.66091364144,2713.75372412825,2725.73489885162,2737.60532601945,2749.36589498931,2761.0174959362,2772.56101953093,2783.99735662892,2795.32739796926,2806.5520338839,2817.67215401669,2828.68864705227,2839.60240045443,2850.41430021394,2861.12523060558,2871.73607395414,2882.24771040932,2892.66101772932,2902.97687107282,2913.19614279931,2923.31970227758,2933.34841570197,2943.28314591658,2953.12475224683,2962.87409033859,2972.53201200431,2982.09936507635,2991.57699326704,3000.96573603541,3010.26642846048,3019.47990112078,3028.60697998009,3037.64848627909,3046.60523643292,3055.47804193425,3064.26770926201,3072.97503979528,3081.60082973248,3090.14587001552,3098.61094625883,3106.99683868311,3115.30432205366,3123.53416562312,3131.68713307856,3139.76398249262,3147.76546627879,3155.69233115048,3163.54531808388,3171.3251622845,3179.03259315711,3186.66833427917,3194.23310337748,3201.72761230795,3209.1525670385,3216.50866763482,3223.79660824894,3231.01707711057,3238.17075652103,3245.2583228497,3252.28044653285,3259.23779207487,3266.13101805168,3272.96077711625,3279.72771600628,3286.43247555375,3293.07569069638,3299.65799049095,3306.17999812831,3312.64233095
Alt_500,508.051250707699,533.949710191936,559.75201320818,585.459877665298,611.074419384114,636.596262553582,662.025629187339,687.362411892784,712.606233351316,737.756495181391,762.812418284742,787.773076329884,812.637423679331,837.404318796018,862.072543952999,886.640821904959,911.107830050219,935.47221250949,959.732590466651,983.887571052449,1007.93575500069,1031.87574326534,1055.70614275383,1079.42557130525,1103.03266202012,1126.5260670312,1149.90446078993,1173.16654293154,1196.31104077192,1219.33671148141,1242.24234397381,1265.02676054357,1287.68881827926,1310.22741027753,1332.6414666787,1354.92995554217,1377.0918835775,1399.12629674517,1421.03228073922,1442.80896136261,1464.45550480489,1485.97111783064,1507.35504788644,1528.60658313311,1549.72505240935,1570.70982513259,1591.56031114174,1612.27596048691,1632.85626316991,1653.30074883971,1673.60898644636,1693.78058385653,1713.81518743403,1733.71248158792,1753.47218829094,1773.09406657088,1792.57791197701,1811.92355602393,1831.13086561486,1850.19974244625,1869.13012239564,1887.92197489442,1906.57530228723,1925.0901391794,1943.46655177406,1961.70463720027,1979.80452283333,1997.76636560884,2015.59035133137,2033.27669397911,2050.82563500541,2068.23744263835,2085.51241117918,2102.65086030061,2119.65313434585,2136.51960162908,2153.25065373822,2169.84670484073,2186.30819099309,2202.63556945452,2218.82931800575,2234.88993427319,2250.81793505914,2266.61385567853,2282.27824930264,2297.81168631014,2313.21475364608,2328.48805418885,2343.63220612584,2358.64784233774,2373.53560979204,2388.29616894581,2402.93019315813,2417.43836811227,2431.82139124781,2446.07997120296,2460.21482726714,2474.22668884393,2488.11629492458,2501.88439357206,2515.53174141582,2529.05910315719,2542.46725108561,2555.75696460555,2568.92902977423,2581.98423885016,2594.92338985229,2607.74728613004,2620.45673594385,2633.05255205643,2645.53555133454,2657.90655436128,2670.16638505869,2682.31587032073,2694.35583965646,2706.28712484332,2718.11055959033,2729.82697921132,2741.43722030772,2752.94212046113,2764.34251793528,2775.63925138741,2786.83315958881,2797.92508115444,2808.91585428151,2819.80631649674,2830.59730441236,2841.28965349045,2851.88419781571,2862.38176987623,2872.78320035242,2883.08931791365,2893.3009490226,2903.41891774713,2913.44404557953,2923.37715126289,2933.21905062456,2942.97055641647,2952.63247816216,2962.20562201036,2971.69079059502,2981.08878290147,2990.4003941388,2999.62641561813,3008.76763463659,3017.82483436705,3026.7987937533,3035.69028741049,3044.50008553092,3053.22895379471,3061.87765328552,3070.44694041098,3078.93756682776,3087.35027937116,3095.68581998905,3103.94492568005,3112.12832843589,3120.23675518761,3128.2709277558,3136.23156280445,3144.11937179849,3151.93506096481,3159.67933125674,3167.35287832168,3174.95639247207,3182.49055865929,3189.95605645062,3197.353560009,3204.6837380756,3211.94725395501,3219.14476550307,3226.27692511707,3233.34437972845,3240.34777079774,3247.28773431171,3254.16490078268,3260.97989524985,3267.7333372826,3274.42584098573,3281.05801500643,3287.63046254306
Alt_510,498.056225322659,523.494350249664,548.839165780476,574.092564636181,599.255832298787,624.32975690997,649.314718485703,674.210761628125,699.017655053206,723.734940557112,748.361973492151,772.897956389001,797.341967021679,821.692981945376,845.949896328682,870.111540737918,894.176695402398,918.144102387603,942.012476022512,965.780511863103,989.446894422685,1013.01030385853,1036.46942177112,1059.82293624541,1083.0695462418,1106.20796542679,1129.23692551846,1152.15517921043,1174.96150272775,1197.65469806013,1220.2335949113,1242.69705239739,1265.04396052289,1287.27324145834,1309.38385064109,1331.37477771725,1353.24504734086,1374.99371984421,1396.61989179152,1418.12269642673,1439.50130402501,1460.75492215639,1481.88279586914,1502.88420779953,1523.75847821415,1544.50496499033,1565.12306353942,1585.61220667764,1605.97186444856,1626.20154390091,1646.30078882537,1666.26917945328,1686.10633212051,1705.81189889899,1725.38556719865,1744.82705934206,1764.13613211392,1783.31257628775,1802.35621613142,1821.26690889362,1840.04454427288,1858.68904387087,1877.20036063144,1895.57847826695,1913.82341067325,1931.93520133466,1949.9139227202,1967.75967567215,1985.47258878831,2003.05281779875,2020.50054493833,2037.81597831572,2054.99935128006,2072.05092178592,2088.97097175756,2105.75980645317,2122.41775382986,2138.94516391013,2155.3424081504,2171.60987881231,2187.74798833736,2203.75716872544,2219.63787091772,2235.39056418446,2251.01573551821,2266.51388903276,2281.88554536828,2297.13124110303,2312.25152817196,2327.24697329258,2342.11815739829,2356.86567507957,2371.49013403315,2385.99215451951,2400.37236882884,2414.63142075561,2428.76996508204,2442.78866707051,2456.68820196508,2470.46925450217,2484.13251843068,2497.67869604131,2511.10849770551,2524.42264142381,2537.62185238374,2550.70686252728,2563.6784101279,2576.53723937716,2589.28409998085,2601.91974676467,2614.44493928943,2626.86044147566,2639.16702123766,2651.3654501269,2663.45650298465,2675.44095760384,2687.3195944001,2699.09319609171,2710.76254738858,2722.32843469007,2733.79164579152,2745.15296959938,2756.41319585493,2767.57311486632,2778.63351724898,2789.59519367408,2800.45893462507,2811.22553016219,2821.89576969458,2832.4704417602,2842.95033381317,2853.33623201844,2863.62892105378,2873.82918391879,2883.9378017509,2893.95555364816,2903.88321649871,2913.72156481681,2923.47137058522,2933.13340310386,2942.70842884458,2952.19721131195,2961.6005109098,2970.91908481354,2980.15368684806,2989.30506737097,2998.37397316124,3007.36114731296,3016.26732913412,3025.09325405038,3033.8396535135,3042.50725491451,3051.09678150138,3059.60895230111,3068.04448204606,3076.40408110451,3084.68845541518,3092.89830642579,3101.03433103535,3109.09722154016,3117.08766558345,3125.00634610849,3132.85394131504,3140.63112461914,3148.33856461601,3155.97692504608,3163.54686476396,3171.04903771028,3178.48409288636,3185.85267433156,3193.15542110316,3200.39296725888,3207.56594184173,3214.67496886725,3221.72066731299,3228.70365111019,3235.62452913757,3242.48390521711,3249.28237811183,3256.02054152541,3262.69898410366
Alt_520,488.431292344029,513.425739877233,538.329494885853,563.144613497673,587.872540265897,612.514217400371,637.070173660155,661.540596949504,685.925393849784,710.224238657147,734.436613964323,758.561844403577,782.599124835671,806.547544008424,830.406104502952,854.173739623827,877.849327761638,901.431704655286,924.919673900976,948.312015990796,971.607496112517,994.804870900998,1017.90289429839,1040.90032265342,1063.79591916805,1086.58845778223,1109.27672657246,1131.85953072818,1154.33569515994,1176.70406678513,1198.96351653027,1221.112941083,1243.15126442255,1265.07743915297,1286.89044766056,1308.58930311372,1330.17305032126,1351.64076646317,1372.99156170601,1394.2245797138,1415.33899806375,1436.3340285754,1457.20891756064,1477.96294600126,1498.59542966003,1519.10571913083,1539.49319983252,1559.75729195122,1579.89745033474,1599.91316434317,1619.8039576587,1639.56938805796,1659.20904714971,1678.7225600805,1698.10958521074,1717.36981376355,1736.50296944849,1755.5088080621,1774.38711706728,1793.13771515311,1811.7604517769,1830.25520668993,1848.62188944846,1866.86043891133,1884.97082272552,1902.95303680089,1920.8071047753,1938.53307747131,1956.13103234542,1973.6010729309,1990.94332827531,2008.1579523734,2025.24512359645,2042.20504411885,2059.03793934261,2075.74405732071,2092.32366817979,2108.77706354313,2125.10455595431,2141.30647830225,2157.38318324829,2173.33504265571,2189.16244702227,2204.86580491625,2220.44554241648,2235.90210255667,2251.2359447746,2266.4475443664,2281.53739194637,2296.50599291259,2311.35386691875,2326.08154735226,2340.68958081918,2355.17852663593,2369.54895632824,2383.80145313738,2397.93661153392,2411.95503673917,2425.85734425445,2439.64415939835,2453.31611685197,2466.87386021249,2480.31804155487,2493.64932100195,2506.86836630295,2519.9758524204,2532.9724611255,2545.85888060213,2558.63580505918,2571.30393435158,2583.8639736097,2596.31663287735,2608.66262675822,2620.90267407069,2633.03749751118,2645.06782332569,2656.99438098976,2668.81790289661,2680.53912405341,2692.15878178575,2703.67761544998,2715.09636615361,2726.41577648346,2737.63659024164,2748.75955218907,2759.78540779669,2770.71490300402,2781.54878398512,2792.28779692174,2802.93268778366,2813.48420211598,2823.94308483335,2834.31008002097,2844.58593074227,2854.77137885309,2864.86716482235,2874.874027559,2884.79270424512,2894.62393017515,2904.36843860099,2914.02696058302,2923.60022484667,2933.08895764472,2942.49388262498,2951.81572070328,2961.05518994172,2970.21300543204,2979.28987918387,2988.28652001794,2997.20363346396,3006.04192166319,3014.80208327544,3023.48481339056,3032.09080344414,3040.62074113743,3049.07531036129,3057.45519112415,3065.76105948376,3073.99358748273,3082.15344308769,3090.24129013201,3098.25778826193,3106.20359288607,3114.07935512815,3121.88572178289,3129.62333527493,3137.29283362077,3144.89485039353,3152.43001469049,3159.89895110344,3167.30227969144,3174.64061595636,3181.91457082064,3189.12475060756,3196.27175702378,3203.35618714406,3210.37863339812,3217.33968355962,3224.2399207371,3231.07992336682,3237.86026520752
Alt_530,479.156129185473,503.722695789882,528.200978200485,552.593185260497,576.900910679907,601.12524148902,625.26684652846,649.326048870134,673.302885309726,697.197155443248,721.008462330436,744.736246340148,768.379813449408,791.938359011928,815.410987809874,838.796731042993,862.094560782749,885.303402318771,908.422144745018,931.449650069245,954.384761078164,977.226308149534,999.97311516916,1022.62400468379,1045.17780239901,1067.63334111325,1089.98946416437,1112.24502845319,1134.39890709836,1156.44999176869,1178.39719473218,1200.23945065526,1221.97571818102,1243.60498131111,1265.12625061261,1286.5385642684,1307.84098898704,1329.03262078622,1350.11258566193,1371.08004015426,1391.93417181923,1412.67419961508,1433.2993742105,1453.80897822145,1474.20232638244,1494.47876565777,1514.63767529744,1534.67846684207,1554.6005840809,1574.4035029663,1594.08673148832,1613.64980951204,1633.09230858072,1652.41383168718,1671.61401301588,1690.69251765784,1709.64904130048,1728.48330989434,1747.19507929842,1765.78413490588,1784.25029125162,1802.5933916033,1820.81330753718,1838.90993850012,1856.88321135897,1874.73307993859,1892.45952454962,1910.06255150699,1927.54219264041,1944.89850479747,1962.13156934067,1979.24149163888,1996.22840055434,2013.09244792586,2029.83380804902,2046.45267715403,2062.94927288202,2079.32383376038,2095.5766186777,2111.70790635896,2127.71799484155,2143.60720095258,2159.37585978796,2175.02432419391,2190.55296425099,2205.96216676151,2221.2523347403,2236.42388690949,2251.47725719762,2266.41289424317,2281.2312609032,2295.93283376701,2310.51810267541,2324.98757024555,2339.34175140181,2353.58117291274,2367.70637293445,2381.71790056037,2395.61631537785,2409.40218703148,2423.07609479339,2436.63862714072,2450.09038134011,2463.43196303961,2476.66398586786,2489.78707104074,2502.80184697549,2515.70894891229,2528.5090185435,2541.2027036504,2553.79065774758,2566.27353973485,2578.65201355689,2590.92674787034,2603.09841571856,2615.1676942139,2627.13526422748,2639.00181008645,2650.76801927868,2662.43458216485,2674.00219169782,2685.47154314926,2696.84333384354,2708.11826289868,2719.29703097437,2730.38034002696,2741.36889307133,2752.26339394961,2763.06454710655,2773.77305737157,2784.3896297473,2794.91496920461,2805.34978048394,2815.69476790286,2825.95063516983,2836.11808520393,2846.19781996059,2856.19054026308,2866.09694563983,2875.91773416722,2885.65360231807,2895.30524481535,2904.87335449137,2914.35862215201,2923.76173644616,2933.08338374004,2942.3242479965,2951.48501065901,2960.56635054034,2969.56894371583,2978.49346342105,2987.34057995388,2996.11096058081,3004.80526944739,3013.42416749274,3021.96831236799,3030.43835835858,3038.83495631034,3047.15875355914,3055.41039386426,3063.59051734504,3071.69976042106,3079.73875575551,3087.70813220179,3095.60851475326,3103.4405244959,3111.20477856401,3118.90189009873,3126.53246820929,3134.097117937,3141.59644022179,3149.03103187138,3156.40148553274,3163.70838966612,3170.95232852119,3178.13388211559,3185.2536262155,3192.31213231838,3199.30996763771,3206.24769508966,3213.12587328173
Alt_540,470.211868083207,494.365545663942,518.433158246113,542.417057347838,566.318976538292,590.140139003541,613.881345553244,637.543046807083,661.125402603754,684.628331083561,708.05154940881,731.394607693111,754.656917396373,777.837775192403,800.93638311771,823.95186565279,846.88328426225,869.729649820675,892.489933271796,915.163074805009,937.74799178227,960.243585607301,982.648747695779,1004.9623646782,1027.18332294509,1049.31051262633,1071.34283108151,1093.27918596617,1115.11849792862,1136.859702984,1158.50175460486,1180.0436255622,1201.48430954593,1222.82282258942,1244.05820431987,1265.18951905286,1286.21585674737,1307.13633383516,1327.95009393706,1348.65630847669,1369.25417720128,1389.74292861797,1410.12182035291,1430.39013944002,1450.54720254505,1470.59235613045,1490.52497656569,1510.34447018747,1530.05027331351,1549.64185221365,1569.11870304147,1588.48035172919,1607.72635384884,1626.85629444202,1645.86978782059,1664.76647734043,1683.54603515034,1702.20816191779,1720.75258653334,1739.17906579533,1757.48738407639,1775.67735297311,1793.74881094036,1811.7016229113,1829.53567990462,1847.25089861979,1864.84722102164,1882.3246139152,1899.68306851177,1916.92259998717,1934.04324703303,1951.04507140194,1967.92815744733,1984.69261165869,2001.33856219302,2017.86615840307,2034.27557036308,2050.56698839264,2066.74062257924,2082.79670230008,2098.73547574369,2114.55720943187,2130.26218774235,2145.85071243283,2161.32310216653,2176.67969203999,2191.92083311326,2207.04689194296,2222.05825011851,2236.95530380196,2251.73846327151,2266.4081524693,2280.96480855343,2295.40888145475,2309.74083343841,2323.96113867057,2338.07028279036,2352.06876248735,2365.95708508462,2379.7357681277,2393.40533897942,2406.96633442086,2420.41930025848,2433.76479093758,2447.00336916219,2460.13560552136,2473.16207812211,2486.08337222892,2498.90007990997,2511.61279968997,2524.2221362099,2536.7286998934,2549.13310661997,2561.43597740505,2573.63793808677,2585.73961901957,2597.74165477464,2609.64468384697,2621.44934836933,2633.15629383278,2644.76616881393,2656.27962470884,2667.69731547345,2679.01989737055,2690.24802872323,2701.38236967474,2712.42358195469,2723.37232865152,2734.22927399123,2744.99508312219,2755.67042190606,2766.25595671463,2776.75235423268,2787.16028126653,2797.48040455843,2807.71339060656,2817.8599054906,2827.92061470278,2837.89618298434,2847.78727416724,2857.59455102111,2867.31867510533,2876.9603066261,2886.52010429842,2895.99872521298,2905.39682470772,2914.71505624407,2923.95407128772,2933.1145191939,2942.19704709695,2951.20229980426,2960.13091969431,2968.98354661884,2977.76081780901,2986.46336778548,2995.09182827227,3003.64682811441,3012.12899319918,3020.53894638092,3028.87730740931,3037.14469286101,3045.34171607463,3053.4689870889,3061.52711258393,3069.51669582557,3077.43833661275,3085.2926312276,3093.08017238855,3100.80154920598,3108.4573471407,3116.04814796488,3123.57452972556,3131.03706671057,3138.43632941688,3145.77288452112,3153.04729485247,3160.26011936764,3167.41191312794,3174.50322727844,3181.53460902904,3188.50660163751
Alt_550,461.580969104763,485.335996816859,509.007007008347,532.596484425222,556.106293761849,579.537786229329,602.891886998082,626.169167089959,649.369902659294,672.494124048346,695.541656539778,718.512154351027,741.405129110923,764.219973815364,786.955983064562,809.612370229708,832.188282073579,854.682811251236,877.095007038236,899.423884570664,921.668432830483,943.827621568688,965.90040732557,987.885738680358,1009.78256084053,1031.58981966301,1053.30646518477,1074.93145472799,1096.46375563498,1117.90234767973,1139.24622519574,1160.49439895435,1181.6458978225,1202.69977022519,1223.655085434,1244.51093470062,1265.26643225137,1285.92071615701,1306.47294909016,1326.92231898107,1347.26803958132,1367.5093509439,1387.64551982699,1407.67584002815,1427.59963265475,1447.41624633597,1467.125057381,1486.72546988782,1506.21691580632,1525.59885495927,1544.87077502437,1564.03219148018,1583.08264751865,1602.02171392671,1620.84898893912,1639.56409806465,1658.16669388753,1676.65645584605,1695.03308998979,1713.29632871722,1731.44593049504,1749.48167956061,1767.4033856089,1785.21088346493,1802.90403274314,1820.48271749452,1837.94684584267,1855.29634960978,1872.53118393327,1889.65132687429,1906.65677901854,1923.54756307052,1940.3237234418,1956.98532583404,1973.53245681753,1989.9652234058,2006.28375262702,2022.4881910927,2038.57870456434,2054.55547751846,2070.41871271067,2086.16863073911,2101.80546960786,2117.3294842907,2132.74094629561,2148.04014323048,2163.22737837038,2178.3029702267,2193.26725211862,2208.12057174706,2222.8632907716,2237.49578439052,2252.01844092424,2266.43166140252,2280.73585915554,2294.93145940913,2309.01889888433,2322.99862540157,2336.87109748949,2350.63678399868,2364.29616372051,2377.84972501105,2391.29796542043,2404.64139132747,2417.88051758003,2431.01586714083,2444.04797073911,2456.97736652799,2469.80459974776,2482.53022239507,2495.15479289806,2507.6788757975,2520.10304143401,2532.42786564129,2544.65392944548,2556.78181877054,2568.81212414976,2580.74544044344,2592.58236656245,2604.32350519809,2615.96946255782,2627.52084810709,2638.97827431716,2650.34235641885,2661.61371216223,2672.79296158216,2683.88072676971,2694.87763164928,2705.78430176151,2716.60136405184,2727.32944666468,2737.96917874308,2748.52119023397,2758.98611169875,2769.36457412923,2779.65720876888,2789.86464693924,2799.98751987148,2810.02645854302,2819.9820935191,2829.85505479929,2839.64597166874,2849.35547255428,2858.98418488505,2868.53273495783,2878.00174780679,2887.39184707763,2896.70365490616,2905.93779180102,2915.09487653061,2924.17552601411,2933.18035521647,2942.1099770474,2950.96500226405,2959.74603937764,2968.45369456357,2977.08857157528,2985.65127166153,2994.14239348718,3002.56253305724,3010.91228364432,3019.1922357192,3027.4029768845,3035.5450918115,3043.61916217983,3051.62576662017,3059.56548065964,3067.4388766701,3075.24652381899,3082.98898802292,3090.66683190369,3098.28061474686,3105.83089246271,3113.31821754954,3120.74313905928,3128.10620256523,3135.40795013211,3142.64892028801,3149.82964799856,3156.95066464292,3164.01249799178
Alt_560,453.247106138226,476.617018241838,499.904804248327,523.113073226491,546.243812777298,569.298494495491,592.278160767264,615.183496308092,638.014887271116,660.772470241945,683.456172998003,706.06574854887,728.600803679999,751.060822985282,773.445189184091,795.753200366488,817.984084688843,840.137012944869,862.211109359075,884.205460886976,906.119125255874,927.951137939125,949.700518223707,971.366274503902,992.947408911884,1014.44292137795,1035.85181319827,1057.17309017591,1078.40576539045,1099.54886164358,1120.60141362052,1141.56246980172,1162.43109415402,1183.20636762665,1203.8873894737,1224.47327842192,1244.96317370019,1265.35623594481,1285.65164799311,1305.84861557611,1325.94636791991,1345.94415826418,1365.84126430516,1385.63698856978,1405.33065872685,1424.92162784047,1444.40927457044,1463.79300332387,1483.07224436171,1502.24645386391,1521.31511395598,1540.27773270017,1559.13384405353,1577.88300779554,1596.52480942732,1615.05886004449,1633.48479618558,1651.80227965773,1670.01099734121,1688.11066097445,1706.10100692073,1723.98179591811,1741.75281281365,1759.41386628323,1776.96478853788,1794.40543501793,1811.73568407567,1828.95543664768,1846.06461591756,1863.06316696999,1879.95105643689,1896.7282721364,1913.39482270547,1929.95073722669,1946.39606485003,1962.7308744101,1978.95525403962,1995.06931077953,2011.07317018629,2026.96697593711,2042.75088943324,2058.42508940214,2073.98977149867,2089.44514790607,2104.79144693673,2120.02891263351,2135.15780437176,2150.17839646242,2165.09097775663,2179.89585125201,2194.59333370104,2209.1837552218,2223.66745891122,2238.04480046128,2252.31614777823,2266.48188060513,2280.54239014796,2294.49807870538,2308.34935930243,2322.09665532827,2335.74040017817,2349.28103689991,2362.71901784459,2376.05480432218,2389.2888662618,2402.42168187681,2415.4537373349,2428.38552643325,2441.21755027868,2453.95031697318,2466.58434130449,2479.12014444212,2491.55825363867,2503.89920193647,2516.14352787975,2528.29177523217,2540.34449269977,2552.30223365951,2564.16555589313,2575.93502132659,2587.61119577491,2599.19464869253,2610.685952929,2622.08568449022,2633.39442230496,2644.61274799681,2655.74124566147,2666.78050164927,2677.731104353,2688.593644001,2699.36871245528,2710.05690301492,2720.65881022447,2731.1750296873,2741.60615788407,2751.95279199597,2762.21552973283,2772.39496916609,2782.49170856641,2792.50634624596,2802.4394804053,2812.29170898481,2822.06362952052,2831.7558390044,2841.36893374889,2850.90350925576,2860.36016008903,2869.73947975215,2879.04206056906,2888.2684935693,2897.41936837698,2906.49527310358,2915.49679424445,2924.42451657906,2933.27902307474,2942.06089479403,2950.77071080546,2959.40904809768,2967.97648149696,2976.47358358784,2984.90092463706,2993.25907252047,3001.54859265306,3009.77004792191,3017.92399862204,3026.01100239504,3034.03161417055,3041.98638611035,3049.87586755509,3057.7006049736,3065.46114191472,3073.15801896147,3080.79177368768,3088.36294061695,3095.87205118372,3103.31963369671,3110.70621330435,3118.03231196237,3125.29844840338,3132.50513810837,3139.65289328021
Alt_570,445.195064350971,468.192734451798,491.110027933277,513.949669777427,536.713762745033,559.403891621808,582.021209290536,604.566507854549,627.040277528531,649.44275553891,671.773966864589,694.033758303941,716.221827070864,738.337744892923,760.380978399402,782.350906438177,804.24683484088,826.068009059806,847.813625022903,869.482838490987,891.074773151115,912.588527639367,934.023181653252,955.377801286999,976.651443700997,997.843161218555,1018.9520049283,1039.97702785828,1060.91728777757,1081.77184967287,1102.5397879405,1123.22018832813,1143.81214965603,1164.31478534296,1184.72722475888,1205.0486144232,1225.27811906516,1245.41492256042,1265.45822875664,1285.40726219861,1305.26126876283,1325.01951620978,1344.6812946614,1364.24591701044,1383.71271926744,1403.0810608507,1422.35032482383,1441.51991808514,1460.58927151268,1479.5578400682,1498.42510286335,1517.19056319077,1535.85374852271,1554.41421047946,1572.87152476982,1591.22529110559,1609.47513309182,1627.6206980946,1645.66165708794,1663.59770448116,1681.42855792823,1699.15395812024,1716.77366856229,1734.28747533584,1751.69518684763,1768.99663356616,1786.19166774661,1803.28016314525,1820.26201472389,1837.13713834556,1853.90547046183,1870.56696779268,1887.12160699955,1903.56938435231,1919.91031539059,1936.14443458024,1952.27179496546,1968.29246781705,1984.20654227737,2000.01412500251,2015.71533980214,2031.31032727738,2046.79924445735,2062.18226443459,2077.45957599979,2092.63138327635,2107.6979053549,2122.65937592831,2137.51604292739,2152.26816815763,2166.91602693733,2181.45990773721,2195.90011182206,2210.23695289434,2224.47075674025,2238.60186087831,2252.63061421074,2266.55737667783,2280.38251891546,2294.10642191596,2307.72947669245,2321.25208394687,2334.67465374178,2347.9976051761,2361.22136606483,2374.34637262304,2387.37306915403,2400.30190774186,2413.13334794839,2425.86785651471,2438.50590706729,2451.04797982871,2463.49456133311,2475.84614414638,2488.10322659119,2500.26631247681,2512.3359108338,2524.31253565361,2536.19670563303,2547.98894392358,2559.68977788587,2571.29973884875,2582.81936187353,2594.249185523,2605.58975163543,2616.84160510334,2628.00529365728,2639.08136765435,2650.07037987153,2660.97288530387,2671.78944096736,2682.52060570656,2693.16694000687,2703.72900581144,2714.20736634273,2724.60258592851,2734.91522983249,2745.14586408926,2755.29505534375,2765.36337069494,2775.35137754393,2785.25964344619,2795.08873596804,2804.83922254718,2814.51167035735,2824.10664617695,2833.62471626158,2843.06644622051,2852.43240089693,2861.72314425192,2870.93923925218,2880.08124776134,2889.14973043483,2898.14524661821,2907.06835424904,2915.91960976202,2924.69956799746,2933.40878211297,2942.0478034984,2950.61718169379,2959.11746431045,2967.54919695498,2975.9129231562,2984.20918429501,2992.43851953696,3000.60146576762,3008.69855753058,3016.73032696813,3024.6973037644,3032.60001509106,3040.43898555548,3048.21473715118,3055.92778921069,3063.57865836063,3071.16785847899,3078.6959006546,3086.1632931487,3093.57054135847,3100.91814778272,3108.20661198932,3115.43643058468
Alt_580,437.410647803152,460.048329786647,482.607255413054,505.090257621642,527.499547018557,549.836814799605,572.103318016509,594.299950225974,616.427300117825,638.48570028702,660.475267930058,682.39593891907,704.247496435271,726.029595121194,747.741781530856,769.383511511341,790.95416503199,812.453058882755,833.879457587073,855.232582813001,876.511621516498,897.715733010302,918.844055118923,939.895709553382,960.869806617366,981.765449338366,1002.5817371025,1023.31776885944,1043.97264595355,1064.54547462911,1085.03536825009,1105.44144926932,1125.76285097674,1145.99871905236,1166.14821294591,1186.2105071023,1206.18479204941,1226.07027536257,1245.86618251828,1265.57175764817,1285.18626420278,1304.70898553368,1324.13922540139,1343.47630841571,1362.71958041434,1381.86840878505,1400.9221827361,1419.88031351895,1438.74223460727,1457.50740183542,1476.17529349962,1494.74541042453,1513.21727599774,1531.59043617461,1549.86445945544,1568.03893683697,1586.11348174004,1604.08772991498,1621.96133932633,1639.73399001832,1657.4053839623,1674.97524488754,1692.44331809648,1709.80937026543,1727.07318923185,1744.23458376915,1761.29338334986,1778.24943789806,1795.10261753187,1811.85281229682,1828.49993189069,1845.04390538068,1861.48468091342,1877.82222541855,1894.05652430643,1910.18758116052,1926.21541742501,1942.14007208817,1957.96160136204,1973.68007835875,1989.29559276404,2004.80825050842,2020.21817343628,2035.52549897349,2050.7303797937,2065.83298348385,2080.83349220914,2095.73210237782,2110.52902430609,2125.22448188346,2139.81871223875,2154.31196540715,2168.70450399845,2182.99660286673,2197.18854878185,2211.28064010272,2225.27318645284,2239.16650839806,2252.96093712692,2266.65681413365,2280.25449090399,2293.75432860407,2307.1566977724,2320.46197801513,2333.67055770476,2346.78283368233,2359.79921096329,2372.72010244704,2385.54592863038,2398.27711732479,2410.91410337776,2423.45732839812,2435.90724048555,2448.26429396426,2460.52894912083,2472.70167194643,2484.78293388329,2496.7732115755,2508.67298662425,2520.48274534737,2532.20297854339,2543.83418125993,2555.37685256658,2566.83149533218,2578.19861600658,2589.47872440675,2600.6723335074,2611.77995923595,2622.80212027193,2633.73933785071,2644.5921355716,2655.36103921033,2666.04657653572,2676.64927713074,2687.16967221771,2697.60829448773,2707.96567793432,2718.24235769111,2728.43886987369,2738.5557514254,2748.59353996724,2758.55277365162,2768.43399102011,2778.23773086491,2787.96453209431,2797.61493360172,2807.18947413852,2816.68869219052,2826.11312585801,2835.46331273934,2844.73978981806,2853.94309335335,2863.07375877399,2872.13232057553,2881.11931222078,2890.03526604345,2898.88071315502,2907.65618335467,2916.36220504219,2924.99930513395,2933.56800898174,2942.06884029451,2950.50232106291,2958.86897148653,2967.16930990394,2975.40385272529,2983.5731143675,2991.67760719203,2999.71784144508,3007.69432520025,3015.60756430352,3023.45806232057,3031.24632048643,3038.97283765717,3046.63811026397,3054.24263226908,3061.78689512401,3069.27138772966,3076.69659639836,3084.0630048179,3091.37109401742
Alt_590,429.880596069437,452.169962008988,474.382074143076,496.519865828114,518.585648597734,540.58121365519,562.507916253736,584.366745811302,606.158384230803,627.883254509645,649.541561365888,671.133325299687,692.658411249023,714.116552784382,735.507372612011,756.830400013177,778.085085731817,799.270814729894,820.386917154531,841.432677800042,862.407344298548,883.310134232663,904.140241330988,924.896840880341,945.579094466722,966.186154138947,986.717166073972,1007.17127381066,1027.54762110848,1047.84535447909,1068.06362543181,1088.20159246773,1108.25842285267,1128.23329419447,1148.12539584696,1167.93393015983,1187.6581135909,1207.29717769536,1226.85037000464,1246.3169548058,1265.69621383126,1284.9874468673,1304.18997228885,1323.30312752729,1342.32626947693,1361.25877484577,1380.1000404548,1398.84948349036,1417.50654171316,1436.0706736273,1454.54135861249,1472.9180970221,1491.2004102496,1509.38784076568,1527.47995212811,1545.47632896635,1563.37657694245,1581.18032269016,1598.88721373347,1616.49691838615,1634.00912563349,1651.42354499748,1668.7399063865,1685.95795993064,1703.07747580362,1720.09824403213,1737.02007429359,1753.84279570315,1770.56625659055,1787.19032426778,1803.71488478812,1820.13984269717,1836.46512077669,1852.69065978161,1868.816418171,1884.84237183336,1900.7685138069,1916.59485399516,1932.32141887858,1947.94825122238,1963.47540978119,1978.90296900094,1994.23101871819,2009.45966385757,2024.5890241274,2039.61923371408,2054.55044097536,2069.38280813301,2084.11651096504,2098.75173849782,2113.28869269835,2127.72758816702,2142.06865183096,2156.31212263836,2170.45825125391,2184.5072997556,2198.45954133305,2212.31525998762,2226.07475023445,2239.73831680662,2253.30627436151,2266.77894718966,2280.15666892617,2293.43978226484,2306.62863867505,2319.72359812173,2332.72502878829,2345.63330680275,2358.44881596718,2371.17194749048,2383.80309972452,2396.34267790397,2408.79109388952,2421.14876591493,2433.41611833769,2445.59358139343,2457.6815909542,2469.68058829058,2481.59101983765,2493.41333696487,2505.14799574997,2516.79545675669,2528.35618481661,2539.83064881489,2551.21932148006,2562.52267917775,2573.74120170853,2584.87537210964,2595.92567646078,2606.89260369386,2617.77664540675,2628.57829568095,2639.29805090324,2649.93640959122,2660.49387222275,2670.97094106926,2681.36812003294,2691.68591448767,2701.92483112379,2712.08537779661,2722.16806337861,2732.17339761528,2742.10189098473,2751.95405456072,2761.73039987938,2771.43143880938,2781.05768342558,2790.60964588609,2800.08783831279,2809.49277267502,2818.82496067674,2828.08491364681,2837.2731424325,2846.39015729611,2855.43646781477,2864.41258278314,2873.31901011928,2882.15625677327,2890.92482863891,2899.6252304681,2908.25796578815,2916.82353682171,2925.32244440951,2933.75518793563,2942.12226525543,2950.42417262601,2958.66140463915,2966.83445415668,2974.94381224827,2982.98996813153,2990.97340911444,2998.89462054001,3006.75408573308,3014.5522859494,3022.28970032667,3029.96680583773,3037.5840772457,3045.14198706116,3052.64100550113,3060.08160045004,3067.46423742244
Alt_600,422.592508867081,444.544684160606,466.421000903357,488.224485710582,509.957544489766,531.62206239667,553.219487250346,574.750899053593,596.217067960259,617.618502687978,638.955491048021,660.228133974168,681.436374185417,702.580020411321,723.658767939196,744.672216103907,765.619883228367,786.501219431417,807.315617645596,828.06242312709,848.740941691158,869.350446866444,889.890186129023,910.359386350312,930.757258571138,951.08300219617,971.335808688083,991.514864828469,1011.61935560227,1031.64846675401,1051.60138705691,1071.4773103301,1091.27543723402,1110.99497686995,1130.63514820602,1150.19518134897,1169.67431867849,1189.07181585863,1208.386942739,1227.61898415693,1246.76724065015,1265.83102908878,1284.80968323392,1303.70255422971,1322.50901103466,1341.2284407975,1359.86024918227,1378.40386064683,1396.85871867849,1415.22428599015,1433.50004468007,1451.68549635789,1469.78016223944,1487.7835832126,1505.69531987638,1523.51495255487,1541.24208128806,1558.87632580087,1576.41732545213,1593.86473916457,1611.21824533737,1628.47754174217,1645.64234540385,1662.71239246702,1679.68743804902,1696.56725608068,1713.35163913527,1730.04039824676,1746.63336271792,1763.1303799191,1779.53131507833,1795.83605106327,1812.04448815579,1828.15654381961,1844.17215246162,1860.09126518735,1875.91384955115,1891.63988930145,1907.26938412172,1922.80234936733,1938.23881579894,1953.57882931274,1968.82245066777,1983.969755211,1999.02083260016,2013.97578652493,2028.83473442666,2043.59780721694,2058.26514899534,2072.83691676664,2087.31328015763,2101.69442113402,2115.98053371743,2130.17182370283,2144.26850837669,2158.27081623585,2172.17898670761,2185.99326987092,2199.71392617905,2213.34122618389,2226.87545026195,2240.31688834227,2253.66583963645,2266.9226123708,2280.08752352084,2293.16089854827,2306.14307114045,2319.03438295259,2331.83518335267,2344.54582916927,2357.16668444226,2369.69812017663,2382.14051409932,2394.49425041931,2406.75971959086,2418.93731808013,2431.02744813503,2443.03051755862,2454.94693948577,2466.77713216345,2478.52151873439,2490.18052702438,2501.75458933303,2513.24414222822,2524.64962634404,2535.97148618237,2547.21016991812,2558.36612920801,2569.43981900302,2580.4316973645,2591.34222528377,2602.17186650547,2612.92108735441,2623.59035656609,2634.18014512069,2644.69092608071,2655.12317443209,2665.47736692887,2675.75398194133,2685.9534993076,2696.07640018866,2706.12316692686,2716.09428290769,2725.99023242499,2735.81150054942,2745.5585730002,2755.23193602019,2764.83207625401,2774.35948062948,2783.8146362421,2793.19803024266,2802.51014972787,2811.75148163401,2820.92251263354,2830.02372903465,2839.05561668367,2848.01866087033,2856.91334623579,2865.74015668343,2874.49957529236,2883.1920842336,2891.8181646888,2900.37829677161,2908.87295945158,2917.30263048043,2925.66778632092,2933.96890207796,2942.20645143218,2950.3809065757,2958.49273815025,2966.54241518746,2974.53040505129,2982.45717338265,2990.32318404605,2998.1288990783,3005.87477863924,3013.56128096434,3021.18886231933,3028.75797695658,3036.2690770734,3043.72261277206
Alt_610,415.534777812935,437.160373779025,458.711408592242,480.190995319423,501.601628023198,522.945280076875,544.223486535164,565.437413000831,586.587913193842,607.67557713301,628.700771543337,649.663673832229,670.564300743753,691.4025326027,712.178133896477,732.890770808194,753.540026204322,774.125412490567,794.646382676654,815.102339931219,835.492645859568,855.816627697506,876.073584582064,896.262793033421,916.383511760484,936.434985884628,956.416450661199,976.327134766071,996.166263204307,1015.93305988941,1035.62674993454,1055.24656169098,1074.79172856433,1094.26149063429,1113.65509610077,1132.97180257554,1152.21087823639,1171.37160285856,1190.45326873594,1209.45518150351,1228.3766608706,1247.21704127368,1265.97567245619,1284.65191998216,1303.24516568951,1321.75480808826,1340.18026270846,1358.52096240189,1376.77635760137,1394.94591654095,1413.02912544016,1431.02548865489,1448.93452879748,1466.75578682822,1484.48882212035,1502.13321250035,1519.68855426533,1537.15446217904,1554.53056944786,1571.81652767829,1589.01200681702,1606.11669507472,1623.13029883478,1640.05254254779,1656.88316861278,1673.62193724612,1690.26862633881,1706.82303130303,1723.28496490851,1739.65425710967,1755.93075486381,1772.1143219413,1788.20483872819,1804.20220202172,1820.10632481946,1835.91713610233,1851.63458061226,1867.25861862458,1882.78922571601,1898.22639252822,1913.57012452767,1928.82044176202,1943.97737861339,1959.04098354892,1974.01131886888,1988.88846045275,2003.67249750344,2018.36353229007,2032.96167988949,2047.46706792686,2061.87983631556,2076.20013699656,2090.42813367767,2104.56400157275,2118.60792714108,2132.56010782727,2146.42075180166,2160.19007770159,2173.86831437363,2187.45570061696,2200.95248492799,2214.35892524654,2227.67528870357,2240.90185137057,2254.03889801098,2267.08672183343,2280.04562424717,2292.91591461972,2305.6979100368,2318.39193506465,2330.99832151491,2343.51740821204,2355.94954076342,2368.29507133214,2380.55435841269,2392.72776660937,2404.8156664178,2416.8184340092,2428.73645101788,2440.57010433165,2452.31978588544,2463.98589245794,2475.56882547156,2487.06899079542,2498.48679855168,2509.82266292503,2521.07700197549,2532.25023745441,2543.34279462378,2554.35510207884,2565.2875915739,2576.14069785152,2586.91485847488,2597.61051366354,2608.22810613236,2618.76808093369,2629.23088530289,2639.61696850697,2649.9267816965,2660.16077776069,2670.31941118571,2680.40313791604,2690.41241521905,2700.34770155267,2710.2094564361,2719.99814032357,2729.71421448121,2739.35814086676,2748.93038201238,2758.43140091032,2767.86166090147,2777.22162556682,2786.51175862174,2795.73252381297,2804.88438481849,2813.96780514999,2822.98324805813,2831.93117644032,2840.81205275122,2849.62633891571,2858.37449624447,2867.05698535198,2875.67426607699,2884.22679740541,2892.71503739555,2901.1394431057,2909.500470524,2917.79857450053,2926.03420868163,2934.20782544643,2942.3198758454,2950.37080954109,2958.36107475086,2966.29111819169,2974.16138502684,2981.97231881454,2989.72436145857,2997.41795316062,3005.05353237456,3012.63153576239,3020.15239815202
Alt_620,408.696524539546,430.005668683181,451.241459785031,472.407090879572,493.505138274264,514.537658119748,535.506267658052,556.412213376154,577.256428131923,598.039579070315,618.762107881905,639.424264706262,660.026136762167,680.567672598344,701.048702700668,721.468957061218,741.828080207329,762.125644100898,782.361159246515,802.534084288327,822.643834327676,842.689788154374,862.671294552323,882.587677813845,902.438242575326,922.222278068877,941.939061869839,961.58786320767,981.167945897493,1000.67857094101,1020.11899883835,1039.48849164641,1058.78631481421,1078.01173882142,1097.16404064277,1116.24250505787,1135.24642582346,1154.17510672272,1173.02786250464,1191.80401972462,1210.50291749614,1229.12390816216,1247.66635789388,1266.12964722353,1284.51317151727,1302.81634139331,1321.03858309009,1339.17933878865,1357.23806689293,1375.21424227141,1393.10735646314,1410.91691785072,1428.64245180293,1446.28350078907,1463.83962446713,1481.31039974759,1498.69542083456,1515.99429924588,1533.20666381341,1550.3321606651,1567.3704531898,1584.32122198603,1601.18416479586,1617.95899642462,1634.64544864755,1651.24327010426,1667.75222618149,1684.17209888536,1700.50268670337,1716.74380445716,1732.89528314644,1748.95696978468,1764.92872722732,1780.81043399278,1796.60198407687,1812.30328676118,1827.9142664157,1843.43486229632,1858.86502833743,1874.20473294015,1889.45395875652,1904.61270247002,1919.68097457272,1934.65879913948,1949.54621359946,1964.34326850521,1979.0500272997,1993.66656608158,2008.19297336885,2022.62934986122,2036.97580820152,2051.23247273624,2065.3994792755,2079.47697485265,2093.46511748375,2107.36407592706,2121.17402944275,2134.89516755306,2148.52768980298,2162.07180552176,2175.52773358521,2188.89570217917,2202.17594856413,2215.36871884108,2228.47426771903,2241.49285828386,2254.42476176911,2267.27025732833,2280.02963180958,2292.7031795317,2305.29120206287,2317.79400800124,2330.21191275781,2342.54523834176,2354.79431314807,2366.95947174763,2379.04105467997,2391.0394082485,2402.95488431837,2414.78784011711,2426.53863803794,2438.20764544583,2449.79523448646,2461.3017818979,2472.72766882524,2484.07328063811,2495.33900675104,2506.52524044683,2517.63237870283,2528.66082202018,2539.610974256,2550.48324245861,2561.27803670563,2571.99576994517,2582.63685783989,2593.20171861411,2603.69077290385,2614.10444360983,2624.44315575344,2634.70733633561,2644.89741419864,2655.01381989092,2665.05698553453,2675.02734469575,2684.92533225836,2694.75138429985,2704.50593797037,2714.18943137448,2723.80230345572,2733.34499388378,2742.81794294453,2752.22159143262,2761.55638054676,2770.82275178764,2780.02114685839,2789.15200756767,2798.21577573519,2807.2128930998,2816.14380123003,2825.00894143699,2833.80875468976,2842.54368153305,2851.21416200724,2859.8206355707,2868.36354102433,2876.84331643837,2885.26039908132,2893.61522535111,2901.90823070828,2910.13984961128,2918.31051545386,2926.42066050433,2934.47071584694,2942.46111132511,2950.39227548656,2958.26463553031,2966.07861725556,2973.83464501224,2981.53314165345,2989.17452848957,2996.75922524398
Alt_630,402.067544493447,423.069908632244,444.000046344346,464.861224446145,485.65609586393,506.386794357291,527.055014567309,547.66207939814,568.208996654842,588.696506659774,609.125122335971,629.495163017367,649.80678303929,670.059995983695,690.254695302192,710.390671913655,730.467629268821,750.485196288414,770.442938510912,790.340367728406,810.176950341674,829.95211462684,849.665257074161,869.315747933227,888.902936077298,908.42615328161,927.884717995667,947.277938677282,966.605116745812,985.865549203548,1005.05853096698,1024.18335694373,1043.2393238857,1062.225732045,1081.14188665524,1099.98709925797,1118.76068889138,1137.46198315594,1156.09031917019,1174.64504442765,1193.1255175651,1211.53110905064,1229.86120179939,1248.11519172348,1266.29248822234,1284.39251461863,1302.41470854445,1320.35852228209,1338.22342306315,1356.00889332915,1373.714430957,1391.33954945175,1408.88377810925,1426.34666215091,1443.72776283254,1461.02665752917,1478.24293979747,1495.37621941736,1512.42612241416,1529.39229106263,1546.27438387405,1563.07207556744,1579.78505702605,1596.41303523982,1612.95573323502,1629.4128899916,1645.78426034924,1662.06961490265,1678.2687398869,1694.38143705346,1710.40752353737,1726.34683171635,1742.19920906213,1757.96451798476,1773.6426356702,1789.23345391175,1804.73687893566,1820.15283122148,1835.48124531742,1850.72206965114,1865.87526633634,1880.94081097554,1895.91869245927,1910.80891276206,1925.6114867356,1940.32644189916,1954.9538182278,1969.49366793846,1983.9460552742,1998.31105628694,2012.58875861886,2026.77926128267,2040.88267444101,2054.89911918518,2068.82872731337,2082.67164110865,2096.42801311678,2110.09800592418,2123.68179193605,2137.17955315494,2150.5914809599,2163.91777588621,2177.15864740609,2190.31431371029,2203.38500149078,2216.37094572468,2229.27238945955,2242.08958360001,2254.82278669603,2267.47226473277,2280.03829092223,2292.52114549658,2304.92111550358,2317.23849460382,2329.47358287008,2341.62668658881,2353.69811806375,2365.68819542187,2377.59724242146,2389.42558826277,2401.17356740084,2412.84151936091,2424.4297885562,2435.93872410834,2447.36867967016,2458.72001325119,2469.99308704576,2481.18826726359,2492.30592396319,2503.3464308878,2514.31016530404,2525.19750784327,2536.00884234559,2546.74455570657,2557.40503772672,2567.99068096357,2578.50188058655,2588.93903423452,2599.30254187604,2609.59280567225,2619.81022984255,2629.95522053286,2640.02818568658,2650.02953491823,2659.95967938964,2669.81903168888,2679.60800571166,2689.32701654544,2698.97648035602,2708.55681427668,2718.0684362999,2727.51176517154,2736.88722028747,2746.19522159269,2755.43618948288,2764.61054470832,2773.71870828021,2782.76110137929,2791.73814526687,2800.65026119801,2809.49787033711,2818.28139367561,2827.00125195198,2835.65786557376,2844.25165454192,2852.78303837714,2861.25243604829,2869.66026590291,2878.00694559968,2886.29289204297,2894.51852131919,2902.68424863521,2910.79048825855,2918.8376534595,2926.82615645501,2934.75640835441,2942.62881910689,2950.44379745066,2958.20175086384,2965.90308551703,2973.54820622749
Alt_640,NaN,416.343082244103,436.976734453131,457.542547134652,478.043244470289,498.481032911147,518.85767994936,539.174580669232,559.432813852239,579.633189259353,599.776287512856,619.862493793051,639.892026373239,659.864960847179,679.781250758357,699.640745218643,719.443204002527,739.188310519362,758.875682997056,778.504884153893,798.075429588595,817.586795080347,837.038422959014,856.429727679751,875.760100714711,895.028914856801,914.235528015658,933.379286573747,952.459528360252,971.475585291863,990.426785722405,1009.31245653719,1028.13192502295,1046.88452053982,1065.56957601833,1084.18642930119,1102.734424347,1121.21291231091,1139.62125251518,1157.95881332104,1176.2249729118,1194.41911999606,1212.54065443853,1230.58898782543,1248.56354397043,1266.46375936639,1284.2890835878,1302.03897964788,1319.71292431442,1337.31040838746,1354.83093694203,1372.27402953854,1389.63922040336,1406.92605858181,1424.13410806548,1441.26294789586,1458.3121722458,1475.2813904804,1492.17022719877,1508.97832225778,1525.70533077917,1542.35092314095,1558.91478495422,1575.39661702622,1591.79613531057,1608.11307084549,1624.3471696807,1640.49819279375,1656.56591599644,1672.55012983193,1688.45063946316,1704.26726455305,1719.99983913711,1735.64821148885,1751.21224397857,1766.69181292581,1782.08680844606,1797.397134292,1812.62270768971,1827.76345917025,1842.8193323968,1857.79028398793,1872.67628333707,1887.47731242873,1902.19336565152,1916.82444960845,1931.37058292463,1945.83179605274,1960.20813107644,1974.49964151194,1988.70639210812,2002.82845864517,2016.86592773211,2030.81889660343,2044.68747291491,2058.47177453889,2072.17192935914,2085.78807506554,2099.32035894865,2112.76893769438,2126.13397717896,2139.41565226423,2152.61414659345,2165.72965238784,2178.76237024379,2191.71250893101,2204.58028519174,2217.36592354095,2230.0696560679,2242.69172223887,2255.23236870141,2267.69184909001,2280.07042383341,2292.36835996347,2304.58593092586,2316.72341639247,2328.78110207577,2340.75927954498,2352.65824604432,2364.47830431322,2376.21976240866,2387.88293352964,2399.46813584373,2410.97569231599,2422.40593053998,2433.75918257117,2445.03578476255,2456.23607760266,2467.36040555597,2478.40911690556,2489.38256359833,2500.28110109249,2511.10508820758,2521.85488697688,2532.5308625023,2543.13338281165,2553.66281871851,2564.11954368438,2574.50393368348,2584.81636706984,2595.05722444702,2605.22688854009,2615.32574407024,2625.35417763172,2635.31257757122,2645.20133386973,2655.02083802672,2664.7714829468,2674.45366282865,2684.06777305645,2693.61421009354,2703.09337137847,2712.5056552233,2721.85146071429,2731.13118761474,2740.34523627016,2749.49400751561,2758.57790258531,2767.59732302435,2776.55267060258,2785.44434723068,2794.27275487824,2803.038295494,2811.74137092811,2820.38238285639,2828.96173270662,2837.47982158682,2845.93705021539,2854.33381885328,2862.67052723796,2870.94757451928,2879.16535919715,2887.32427906106,2895.42473113131,2903.46711160206,2911.45181578602,2919.37923806091,2927.24977181749,2935.0638094093,2942.82174210398,2950.52396003612
Alt_650,NaN,409.815778631725,430.161714514291,450.440857357052,470.655997476176,490.809409328824,510.902928932351,530.938019527039,550.91582710383,570.837227318356,590.702865144821,610.513188438762,630.268476400652,649.968863773212,669.614361467264,689.204874193832,708.740215582038,728.220121180723,747.644259674268,767.012242587363,786.323632707565,805.577951416667,824.774685090658,843.913290702276,862.99320073884,882.013827530318,900.974567067937,919.874802381366,938.713906532297,957.491245273699,976.206179416842,994.858066942136,1013.44626488478,1031.97013102183,1050.42902538382,1068.82231161068,1087.14935816938,1105.40953944831,1123.60223674138,1141.72683913341,1159.78274429683,1177.76935920841,1195.68610079382,1213.5323965069,1231.30768484959,1249.01141583794,1266.64305141893,1284.20206584235,1301.68794599157,1319.10019167638,1336.43831589128,1353.7018450416,1370.89031914011,1388.00329197628,1405.0403312602,1422.00101874302,1438.88495031545,1455.69173608602,1472.42100044033,1489.07238208259,1505.64553406067,1522.14012377574,1538.55583297732,1554.89235774494,1571.14940845697,1587.32670974766,1603.42400045295,1619.4410335458,1635.37757606174,1651.23340901512,1667.00832730676,1682.70213962344,1698.31466832979,1713.84574935298,1729.29523206081,1744.66297913344,1759.94886642933,1775.15278284564,1790.27463017358,1805.31432294897,1820.27178829837,1835.14696578117,1849.93980722778,1864.65027657439,1879.27834969447,1893.82401422734,1908.28726940397,1922.66812587044,1936.96660550901,1951.1827412574,1965.3165769261,1979.36816701424,1993.33757652405,2007.22488077413,2021.03016521177,2034.7535252244,2048.39506595047,2061.95490208979,2075.43315771355,2088.82996607426,2102.1454694155,2115.37981878196,2128.53317382958,2141.60570263615,2154.59758151234,2167.5089948134,2180.34013475153,2193.09120120909,2205.76240155274,2218.35395044858,2230.86606967845,2243.29898795737,2255.65294075229,2267.92817010221,2280.12492443975,2292.24345841413,2304.28403271586,2316.24691390296,2328.13237422889,2339.94069147229,2351.67214876842,2363.32703444252,2374.90564184505,2386.40826918883,2397.8352193882,2409.18679990012,2420.46332256743,2431.66510346401,2442.79246274224,2453.84572448239,2464.82521654427,2475.73127042104,2486.56422109516,2497.32440689655,2508.01216936298,2518.62785310265,2529.17180565904,2539.64437737795,2550.04592127682,2560.37679291626,2570.63735027385,2580.82795362016,2590.94896539705,2601.0007500982,2610.98367415179,2620.89810580556,2630.74441501394,2640.5229733275,2650.23415378453,2659.87833080484,2669.45588008574,2678.96717850014,2688.41260399688,2697.79253550309,2707.10735282873,2716.35743657322,2725.54316803414,2734.664929118,2743.72310225304,2752.71807030404,2761.65021648918,2770.5199242988,2779.32757741622,2788.07355964041,2796.75825481058,2805.38204673271,2813.94531910791,2822.44845546263,2830.89183908065,2839.27585293696,2847.60087963327,2855.86730133541,2864.07549971233,2872.22585587686,2880.31875032808,2888.35456289545,2896.33367268439,2904.25645802357,2912.12329641376,2919.93456447811,2927.69063791414
Alt_660,NaN,403.479143278074,423.545755424741,443.546553559719,463.48438923767,483.361600451044,503.18008762223,522.941378320491,542.646682168252,562.296937352779,581.892850025762,601.434927711665,620.923507684039,640.358781120239,659.740813714116,679.069563313896,698.344895057673,717.566594399621,736.73437835411,755.847905230338,774.906783084919,793.910577082546,812.858815924001,831.750997475237,850.586593710082,869.365055061554,888.085814262107,906.74828974099,925.351888636646,943.89600947358,962.380044545931,980.803382043946,999.165407954466,1017.46550776221,1035.70306797499,1053.87747749292,1071.98812883889,1090.03441926559,1108.0157517521,1125.93153590165,1143.78118875062,1161.56413549764,1179.27981016055,1196.92765616817,1214.50712689286,1232.01768612935,1249.45880852451,1266.82997996246,1284.13069790866,1301.36047171649,1318.51882289932,1335.60528537076,1352.61940565563,1369.56074307386,1386.42886989916,1403.22337149459,1419.9438464264,1436.58990655777,1453.16117712382,1469.65729678917,1486.07791768914,1502.42270545564,1518.69133922892,1534.88351165578,1550.99892887533,1567.03731049296,1582.99838954328,1598.88191244267,1614.68763893215,1630.41534201099,1646.06480786187,1661.63583576788,1677.12823802194,1692.54183982912,1707.8764792023,1723.13200685152,1738.30828606747,1753.4051925995,1768.42261452842,1783.36045213459,1798.21861776141,1812.99703567469,1827.69564191814,1842.31438416523,1856.85322156769,1871.31212460097,1885.69107490683,1899.99006513337,1914.20909877262,1928.34818999605,1942.40736348808,1956.38665427785,1970.28610756949,1984.10577857092,1997.84573232156,2011.50604351897,2025.08679634462,2038.58808428901,2052.0100099762,2065.35268498798,2078.61622968771,2091.80077304412,2104.90645245506,2117.93341357135,2130.88181012095,2143.75180373341,2156.54356376483,2169.25726712335,2181.89309809537,2194.45124817242,2206.93191587904,2219.33530660142,2231.66163241721,2243.91111192635,2256.08397008304,2268.18043802908,2280.20075292835,2292.14515780283,2304.0139013699,2315.80723788124,2327.5254269632,2339.16873345881,2350.7374272714,2362.23178320989,2373.65208083583,2384.99860431219,2396.27164225394,2407.47148758045,2418.59843736976,2429.65279271475,2440.63485858117,2451.54494366767,2462.38336026772,2473.15042413353,2483.84645434198,2494.47177316249,2505.02670592699,2515.51158090183,2525.92672916177,2536.272484466,2546.54918313617,2556.75716393657,2566.8967679562,2576.96833849304,2586.97222094028,2596.90876267461,2606.77831294658,2616.58122277296,2626.31784483115,2635.98853335561,2645.59364403629,2655.13353391909,2664.60856130828,2674.01908567092,2683.36546754325,2692.64806843901,2701.86725075977,2711.02337770705,2720.11681319653,2729.14792177396,2738.11706853313,2747.02461903555,2755.87093923204,2764.65639538616,2773.38135399938,2782.04618173807,2790.65124536227,2799.19691165613,2807.68354736016,2816.11151910511,2824.48119334757,2832.79293630718,2841.04711390553,2849.24409170664,2857.38423485901,2865.46790803927,2873.49547539738,2881.46730050329,2889.38374629518,2897.24517502912,2905.05194823017
Alt_670,NaN,NaN,417.120162787367,436.850591016152,456.519030516687,476.127878544904,495.6790959986,515.174271131801,534.614673795792,554.001301514517,573.334918603575,592.616089403695,611.845206553778,631.022515090533,650.148133038173,669.222069044347,688.244237527116,707.214471720882,726.132534944937,744.998130364853,763.810909472575,782.570479474331,801.276409745009,819.92823748234,838.525472673278,857.067602467491,875.554095038321,893.98440299945,912.35796643531,930.674215594794,948.932573290611,967.132457040635,985.273280982463,1003.3544575881,1021.37539920199,1039.33551942263,1057.23423434501,1075.07096367938,1092.8451317593,1110.55616845083,1128.20350997277,1145.78659963702,1163.30488851685,1180.75783604995,1198.14491058244,1215.46558985926,1232.71936146562,1249.90572322395,1267.02418355007,1284.07426177198,1301.05548841437,1317.96740545157,1334.80956653133,1351.58153717186,1368.2828949338,1384.91322956932,1401.47214314972,1417.95925017309,1434.37417765356,1450.71656519312,1466.98606503745,1483.18234211652,1499.3050740712,1515.3539512666,1531.32867679299,1547.22896645517,1563.05454875083,1578.80516483875,1594.48056849731,1610.08052607397,1625.60481642623,1641.05323085455,1656.42557302782,1671.7216589017,1686.94131663025,1702.08438647146,1717.15072068675,1732.14018343506,1747.05265066173,1761.88800998253,1776.64616056322,1791.32701299477,1805.93048916474,1820.45652212488,1834.90505595535,1849.2760456258,1863.56945685339,1877.78526595824,1891.9234597163,1905.98403520988,1919.96699967627,1933.87237035426,1947.70017432907,1961.45044837574,1975.12323880114,1988.71860128475,2002.23660071847,2015.6773110455,2029.04081509848,2042.32720443707,2055.536579185,2068.66904786681,2081.72472724446,2094.70374215368,2107.60622534053,2120.43231729795,2133.18216610261,2145.85592725212,2158.45376350262,2170.97584470698,2183.42234765349,2195.79345590541,2208.08935964121,2220.31025549565,2232.45634640188,2244.52784143448,2256.52495565361,2268.44790995025,2280.29693089267,2292.07225057418,2303.77410646208,2315.40274124813,2326.95840270025,2338.44134351579,2349.85182117627,2361.1900978036,2372.45644001792,2383.65111879706,2394.77440933754,2405.82659091736,2416.80794676041,2427.71876390258,2438.55933305967,2449.32994849704,2460.03090790101,2470.66251225208,2481.22506570001,2491.71887544063,2502.14425159456,2512.50150708776,2522.79095753392,2533.01292111873,2543.16771848602,2553.25567262572,2563.27710876378,2573.2323542539,2583.12173847111,2592.94559270733,2602.70425006866,2612.39804537463,2622.02731505928,2631.59239707406,2641.09363079265,2650.53135691752,2659.90591738841,2669.21765529253,2678.46691477669,2687.65404096108,2696.77937985495,2705.84327827399,2714.8460837595,2723.78814449928,2732.66980925026,2741.49142726282,2750.25334820682,2758.95592209931,2767.59949923387,2776.18443011163,2784.71106537392,2793.17975573643,2801.59085192514,2809.94470461359,2818.24166436191,2826.48208155726,2834.66630635579,2842.79468862614,2850.86757789435,2858.88532329027,2866.84827349538,2874.75677669202,2882.61118051399
Alt_680,NaN,NaN,410.876740673152,430.344442276931,449.751067671371,469.099069288687,488.390464749234,507.626899517203,526.809700432929,545.939921318326,565.018381789055,584.045700292688,603.022322262476,621.948544149353,640.824533978768,659.650348976861,678.425950722743,697.151218209245,715.825959131968,734.449919674284,753.022793012396,771.544226728441,790.013829289511,808.43117572554,826.79581261816,845.107262495338,863.365027712143,881.5685938859,899.717432943862,917.811005833041,935.848764934662,953.830156219698,971.754621176815,989.621598539755,1007.43052583751,1025.18084078748,1042.87198254929,1060.50339285429,1078.07451702447,1095.58480489195,1113.03371162976,1130.42069850241,1147.74523354448,1165.00679217398,1182.20485774676,1199.33892205727,1216.40848579069,1233.41305893046,1250.35216112538,1267.22532201939,1284.03208154726,1300.7719901989,1317.44460925479,1334.04951099464,1350.5862788815,1367.05450772286,1383.45380381069,1399.78378504166,1416.04408101908,1432.23433313771,1448.35419465262,1464.40333073315,1480.38141850292,1496.28814706674,1512.12321752536,1527.88634297864,1543.57724851797,1559.19567120857,1574.74136006228,1590.21407600131,1605.61359181364,1620.93969210048,1636.19217321622,1651.37084320138,1666.47552170897,1681.5060399246,1696.46224048071,1711.34397736539,1726.15111582591,1740.88353226747,1755.54111414741,1770.12375986506,1784.6313786477,1799.06389043271,1813.42122574622,1827.70332557861,1841.91014125685,1856.04163431417,1870.09777635698,1884.07854892959,1897.98394337651,1911.81396070292,1925.56861143322,1939.24791546785,1952.85190193876,1966.38060906339,1979.83408399752,1993.2123826871,2006.51556971909,2019.74371817162,2032.89690946345,2045.97523320296,2058.97878703668,2071.90767649758,2084.76201485325,2097.54192295388,2110.24752908042,2122.8789687928,2135.4363847784,2147.91992670087,2160.32975104933,2172.66602098806,2184.92890620685,2197.11858277182,2209.23523297721,2221.27904519771,2233.25021374187,2245.14893870623,2256.97542583064,2268.72988635441,2280.41253687375,2292.02359920018,2303.56330022027,2315.03187175654,2326.42955042967,2337.75657752201,2349.01319884252,2360.19966459301,2371.3162292359,2382.36315136338,2393.34069356809,2404.24912231533,2415.0887078168,2425.85972390588,2436.5624479146,2447.19716055204,2457.76414578459,2468.2636907176,2478.6960854789,2489.06162310387,2499.36059942221,2509.5933129464,2519.76006476188,2529.86115841889,2539.89689982609,2549.86759714576,2559.77356069086,2569.61510282372,2579.39253785646,2589.10618195311,2598.75635303349,2608.34337067873,2617.86755603855,2627.32923174021,2636.72872179914,2646.06635153129,2655.34244746715,2664.55733726736,2673.71134964016,2682.80481426024,2691.83806168946,2700.81142329906,2709.72523119351,2718.57981813601,2727.37551747548,2736.11266307524,2744.79158924317,2753.41263066345,2761.97612232981,2770.48239948029,2778.93179753357,2787.32465202667,2795.66129855418,2803.94207270897,2812.16731002427,2820.33734591717,2828.45251563357,2836.51315419448,2844.51959634363,2852.47217649653,2860.37122869077
Alt_690,NaN,NaN,404.807756588501,424.020060923067,443.172145242308,462.266513239063,481.305235667574,500.290011885129,519.222222632628,538.102975136563,556.933141588255,575.713391966285,594.444222054989,613.125977396239,631.758873803481,650.343014970307,668.878407621813,687.36497458519,705.802566095326,724.190969600224,742.529918288472,760.819098525432,779.058156355216,797.246703200846,815.3843208744,833.470565991785,851.504973872419,869.4870619921,887.416333047212,905.292277680021,923.114376907587,940.882104290864,958.594927875419,976.252311930896,993.853718512668,1011.398608866,1028.88644469034,1046.31668927919,1063.68880854876,1081.0022719674,1098.25655339579,1115.45113184712,1132.58549217502,1149.65912569644,1166.6715307554,1183.62221323334,1200.51068701073,1217.33647438439,1234.09910644429,1250.79812341332,1267.43307495306,1284.00352043832,1300.50902920299,1316.94918075933,1333.32356499274,1349.63178233394,1365.87344390999,1382.04817167594,1398.15559852814,1414.19536840076,1430.16713634646,1446.07056860231,1461.90534264193,1477.67114721473,1493.36768237303,1508.99465948782,1524.55180125387,1540.03884168483,1555.45552609892,1570.80161109571,1586.07686452462,1601.28106544553,1616.41400408201,1631.47548176761,1646.4653108855,1661.38331480204,1676.22932779443,1691.00319497297,1705.70477219807,1720.33392599246,1734.89053344882,1749.37448213315,1763.78566998403,1778.12400520823,1792.3894061727,1806.58180129327,1820.70112892029,1834.74733722137,1848.72038406145,1862.62023688043,1876.44687256845,1890.20027733906,1903.8804466005,1917.48738482515,1931.02110541733,1944.48163057973,1957.86899117841,1971.18322660665,1984.42438464783,1997.59252133723,2010.68770082321,2023.70999522761,2036.65948450562,2049.53625630524,2062.34040582635,2075.07203567959,2087.73125574513,2100.3181830313,2112.83294153339,2125.27566209256,2137.64648225494,2149.94554613107,2162.17300425574,2174.32901344826,2186.4137366733,2198.42734290232,2210.37000697561,2222.2419094652,2234.04323653838,2245.77417982224,2257.43493626897,2269.02570802221,2280.54670228436,2291.99813118493,2303.38021164998,2314.69316527277,2325.93721818546,2337.11260093209,2348.21954834284,2359.25829940947,2370.22909716215,2381.1321885476,2391.96782430858,2402.7362588648,2413.4377501952,2424.07255972171,2434.64095219442,2445.14319557826,2455.57956094111,2465.95032234349,2476.25575672968,2486.49614382043,2496.67176600717,2506.78290824779,2516.82985796393,2526.81290493989,2536.73234122303,2546.58846102582,2556.38156062938,2566.11193828863,2575.77989413903,2585.38573010484,2594.92974980898,2604.41225848449,2613.83356288746,2623.19397121161,2632.49379300436,2641.73333908453,2650.91292146145,2660.03285325574,2669.09344862151,2678.09502267018,2687.03789139565,2695.92237160118,2704.74878082753,2713.51743728278,2722.22865977344,2730.88276763714,2739.48008067669,2748.02091909559,2756.50560343494,2764.93445451175,2773.30779335865,2781.62594116498,2789.88921921915,2798.09794885249,2806.25245138427,2814.35304806814,2822.40006003982,2830.39380826606,2838.33461349488
Alt_700,NaN,NaN,NaN,417.869848307215,436.77437161164,455.622030451048,474.41494527755,493.154866170935,511.843224824914,530.481179112431,549.069651205987,567.60936016398,586.100849797921,604.544512531387,622.940609861296,641.289289940978,659.590602724322,677.844513041219,696.050911915685,714.209626388497,732.320428064461,750.383040569579,768.397146074259,786.362391014322,804.278391121249,822.144735856082,839.960992327162,857.726708759937,875.441417577039,893.104638138398,910.715879184031,928.274641016138,945.780417452038,963.232697575154,980.63096730759,997.974710824695,1015.26341182933,1032.49655470132,1049.67362553543,1066.79411307988,1083.85750958539,1100.86331157417,1117.81102053653,1134.70014356236,1151.53019391357,1168.30069154309,1185.01116356514,1201.66114468141,1218.25017756669,1234.77781321763,1251.24361126764,1267.6471402707,1283.98797795653,1300.26571145949,1316.47993752306,1332.6302626818,1348.71630342252,1364.73768632596,1380.6940481906,1396.58503613959,1412.41030771209,1428.16953094006,1443.86238441129,1459.48855731981,1475.0477495042,1490.53967147473,1505.96404443001,1521.32060026364,1536.60908156164,1551.82924159104,1566.98084428032,1582.06366419197,1597.0774864878,1612.02210688737,1626.89733161979,1641.70297736959,1656.43887121657,1671.1048505704,1685.70076309999,1700.22646665799,1714.68182920078,1729.06672870421,1743.38105307517,1757.6247000595,1771.79757714628,1785.89960146876,1799.93069970222,1813.89080795883,1827.77987167985,1841.59784552524,1855.34469326091,1869.0203876438,1882.62491030487,1896.15825163027,1909.62041064079,1923.01139486969,1936.33122023914,1949.57991093534,1962.75749928246,1975.86402561561,1988.89953815275,2001.86409286596,2014.75775335188,2027.58059070166,2040.33268337034,2053.01411704598,2065.62498451835,2078.16538554756,2090.63542673251,2103.03522137935,2115.36488937001,2127.62455703089,2139.81435700171,2151.93442810473,2163.98491521432,2175.96596912689,2187.87774643144,2199.72040938053,2211.494125762,2223.19906877128,2234.83541688444,2246.40335373201,2257.90306797372,2269.33475317393,2280.69860767821,2291.99483449064,2303.22364115232,2314.38523962079,2325.47984615055,2336.50768117474,2347.46896918786,2358.36393862978,2369.19282177084,2379.95585459823,2390.65327670361,2401.28533117201,2411.85226447197,2422.35432634707,2432.79176970872,2443.16485053033,2453.47382774285,2463.71896313165,2473.9005212348,2484.01876924276,2494.0739768995,2504.06641640492,2513.99636231888,2523.86409146644,2533.66988284476,2543.41401753123,2553.09677859317,2562.71845099896,2572.2793215305,2581.77967869731,2591.21981265185,2600.60001510645,2609.92057925159,2619.18179967563,2628.38397228599,2637.52739423169,2646.6123638274,2655.63918047882,2664.60814460952,2673.51955758912,2682.3737216629,2691.17093988282,2699.91151603978,2708.59575459741,2717.22396062709,2725.79643974435,2734.31349804661,2742.77544205219,2751.18257864068,2759.53521499458,2767.83365854221,2776.07821690189,2784.26919782739,2792.40690915461,2800.49165874947,2808.52375445706,2816.50350405194
Alt_710,NaN,NaN,NaN,411.886623000984,430.550287446507,449.157887955956,467.71159138542,486.213195502907,504.664180138199,523.065751178551,541.418878304289,559.724327318769,577.982687848336,596.194397095818,614.359760239052,632.478967980506,650.552111677906,668.57919641946,686.560152350477,704.494844509945,722.383081394974,740.224622436823,758.019184543579,775.766447840591,793.466060719618,811.117644290863,828.720796317905,846.275094703709,863.7801005859,881.235361091113,898.640411791094,915.994778897271,933.297981225391,950.549531957537,967.748940225114,984.895712533307,1001.98935404481,1019.02936973829,1036.0152654552,1052.94654884669,1069.82273023101,1086.64332337061,1103.40784617678,1120.11582134914,1136.76677695592,1153.36024696096,1169.89577170193,1186.37289832445,1202.79118117585,1219.15018216207,1235.44947107079,1251.68862586363,1267.86723293983,1283.98488737371,1300.04119312797,1316.03576324454,1331.96822001476,1347.83819513033,1363.64532981635,1379.38927494784,1395.06969115065,1410.68624888802,1426.2386285336,1441.72652043176,1457.14962494621,1472.50765249739,1487.80032358951,1503.02736882776,1518.18852892636,1533.28355470795,1548.31220709471,1563.27425709201,1578.16948576457,1592.99768420602,1607.75865350182,1622.45220468624,1637.07815869353,1651.6363463037,1666.12660808319,1680.54879432073,1694.90276495864,1709.18838951984,1723.40554703085,1737.55412594096,1751.63402403786,1765.64514835986,1779.58741510497,1793.46074953704,1807.26508588912,1821.00036726416,1834.66654553337,1848.2635812323,1861.79144345478,1875.25010974493,1888.63956598742,1901.95980629599,1915.21083290048,1928.39265603251,1941.50529380978,1954.54877211934,1967.52312449977,1980.42839202242,1993.26462317193,2006.0318737259,2018.7302066341,2031.35969189708,2043.9204064444,2056.4124340125,2068.8358650224,2081.19079645715,2093.47733173929,2105.69558060823,2117.84565899779,2129.92768891385,2141.94179831214,2153.88812097645,2165.76679639708,2177.57796964975,2189.32179127491,2200.99841715764,2212.60800840808,2224.15073124247,2235.62675686491,2247.0362613498,2258.37942552503,2269.65643485601,2280.8674793305,2292.01275334439,2303.09245558832,2314.10678893528,2325.05596032923,2335.94018067469,2346.75966472738,2357.51463098597,2368.20530158487,2378.83190218817,2389.39466188476,2399.8938130845,2410.32959141573,2420.70223562385,2431.0119874712,2441.2590916381,2451.44379562522,2461.56634965712,2471.62700658718,2481.62602180365,2491.56365313714,2501.44016076934,2511.25580714302,2521.0108568734,2530.70557666079,2540.34023520458,2549.91510311851,2559.43045284732,2568.88655858468,2578.28369619244,2587.62214312127,2596.90217833253,2606.12408222152,2615.28813654204,2624.39462433225,2633.44382984185,2642.43603846057,2651.37153664793,2660.25061186433,2669.0735525034,2677.84064782566,2686.55218789342,2695.20846350693,2703.80976614187,2712.35638788798,2720.84862138896,2729.28675978369,2737.6710966485,2746.00192594077,2754.2795419437,2762.50423921224,2770.6763125202,2778.79605680854,2786.8637671348,2794.87973862365
Alt_720,NaN,NaN,NaN,406.063592696368,424.492836668599,442.866769833451,461.187602289577,479.457176585926,497.677017993674,515.848377899689,533.97227113176,552.049508011975,570.080721873481,588.0663926959,606.006867431084,623.902377511323,641.753053960081,659.558940461925,677.320004693543,695.036148170987,712.707214828627,730.33299851187,747.913249537568,765.447680452412,782.935971099801,800.377773088991,817.772713746376,835.120399616965,852.420419574219,869.67234758805,886.875745193712,904.030163698358,921.135146156909,938.190229144633,955.194944350102,972.148820009082,989.05138219724,1005.90215599721,1022.70066655365,1039.44644002811,1056.13900446427,1072.77789057256,1089.3626324423,1105.89276818851,1122.36784053959,1138.78739737147,1155.15099219326,1171.45818458859,1187.70854061673,1203.90163317694,1220.0370423391,1236.11435564345,1252.13316837202,1268.0930837939,1283.99371338639,1299.83467703399,1315.61560320669,1331.33612911926,1346.99590087273,1362.59457357949,1378.13181147288,1393.60728800262,1409.02068591676,1424.37169733116,1439.66002378721,1454.88537629866,1470.04747538804,1485.14605111346,1500.18084308634,1515.15160048045,1530.05808203303,1544.90005603824,1559.67730033344,1574.38960227873,1589.0367587301,1603.61857600656,1618.13486985161,1632.58546538931,1646.97019707526,1661.28890864286,1675.54145304497,1689.72769239139,1703.84749788221,1717.90074973744,1731.88733712302,1745.80715807349,1759.66011941141,1773.44613666391,1787.16513397632,1800.81704402323,1814.4018079171,1827.91937511445,1841.36970332008,1854.7527583891,1868.06851422722,1881.31695268925,1894.498063476,1907.61184402973,1920.65829942824,1933.63744227771,1946.54929260442,1959.39387774546,1972.17123223853,1984.88139771093,1997.5244227678,2010.10036287982,2022.60928027026,2035.0512438017,2047.42632886236,2059.73461725206,2071.97619706814,2084.15116259109,2096.25961417027,2108.30165810949,2120.27740655285,2132.18697737055,2144.03049404503,2155.80808555735,2167.51988627381,2179.1660358331,2190.74667903374,2202.26196572206,2213.71205068074,2225.09709351785,2236.41725855659,2247.67271472559,2258.86363545004,2269.99019854343,2281.05258610018,2292.05098438896,2302.98558374699,2313.85657847506,2324.66416673363,2335.40855043969,2346.08993516467,2356.70853003335,2367.26454762372,2377.7582038679,2388.18971795408,2398.55931222958,2408.86721210493,2419.11364595912,2429.29884504589,2439.42304340123,2449.48647775199,2459.48938742559,2469.43201426102,2479.31460252089,2489.13739880474,2498.90065196354,2508.60461301533,2518.24953506213,2527.83567320802,2537.36328447845,2546.83262774074,2556.24396362584,2565.59755445127,2574.89366414527,2584.13255817223,2593.31450345927,2602.43976832406,2611.50862240385,2620.52133658576,2629.47818293817,2638.37943464341,2647.22536593162,2656.01625201574,2664.75236902784,2673.43399395643,2682.06140458512,2690.63487943233,2699.15469769223,2707.6211391768,2716.03448425901,2724.39501381722,2732.70300918059,2740.95875207568,2749.16252457417,2757.31460904163,2765.41528808736,2773.46484451539
Alt_730,NaN,NaN,NaN,400.39432833562,418.59533971846,436.741749641081,454.835808406931,472.879400557095,490.874094223299,508.821183886879,526.721727268194,544.57657708334,562.386408361806,580.151741951208,597.872964760242,615.55034721748,633.184058355834,650.774178872052,668.320712458027,685.823595655377,703.282706446228,720.697871760445,738.068874051977,755.395457073771,772.677330961131,789.914176716993,807.105650178698,824.251385534211,841.350998445891,858.404088831578,875.410243345782,892.36903759774,909.280038138098,926.142804241623,942.956889509714,959.721843313323,976.437212094215,993.102540540213,1009.71737264805,1026.28125268584,1042.79372606552,1059.25434013463,1075.66264489542,1092.01819365847,1108.32054363717,1124.56925648858,1140.76389880575,1156.90404256578,1172.98926553773,1189.01915165363,1204.99329134602,1220.91128185458,1236.77272750453,1252.57723995898,1268.3244384473,1284.01394997134,1299.64540949119,1315.21846009194,1330.73275313284,1346.1879483801,1361.58371412447,1376.91972728456,1392.19567349697,1407.41124719397,1422.56615166966,1437.66009913515,1452.69281076363,1467.66401672584,1482.57345621653,1497.42087747241,1512.20603778226,1526.92870348935,1541.58864998687,1556.18566170672,1570.71953210183,1585.19006362271,1599.59706768822,1613.94036465107,1628.21978375835,1642.43516310718,1656.58634959603,1670.6731988716,1684.69557527189,1698.65335176533,1712.54640988642,1726.37463966794,1740.13793957002,1753.83621640618,1767.46938526657,1781.03736943852,1794.54010032463,1807.97751735846,1821.34956791812,1834.65620723772,1847.8973983169,1861.07311182867,1874.18332602546,1887.22802664373,1900.20720680713,1913.12086692828,1925.96901460948,1938.75166454219,1951.4688384056,1964.12056476424,1976.70687896486,1989.22782303249,2001.68344556596,2014.07380163282,2026.39895266383,2038.65896634702,2050.85391652147,2062.98388307086,2075.04895181684,2087.04921441225,2098.98476823439,2110.85571627825,2122.66216704986,2134.40423445975,2146.08203771664,2157.69570122139,2169.24535446122,2180.73113190427,2192.15317289465,2203.51162154786,2214.80662664668,2226.03834153767,2237.20692402819,2248.31253628403,2259.35534472772,2270.33551993747,2281.25323654686,2292.10867314528,2302.9020121791,2313.63343985372,2324.30314603636,2334.91132415979,2345.45817112686,2355.94388721601,2366.36867598764,2376.73274419148,2387.03630167487,2397.27956129206,2407.46273881447,2417.58605284201,2427.6497247154,2437.65397842949,2447.59904054772,2457.48514011756,2467.31250858705,2477.08137972245,2486.79198952692,2496.44457616036,2506.03937986028,2515.57664286386,2525.05660933103,2534.47952526876,2543.84563845636,2553.15519837204,2562.40845612042,2571.60566436134,2580.74707723963,2589.83295031614,2598.86354049977,2607.83910598071,2616.75990616478,2625.62620160879,2634.43825395718,2643.19632587958,2651.90068100963,2660.55158388479,2669.14929988726,2677.69409518605,2686.18623668006,2694.62599194222,2703.01362916479,2711.34941710558,2719.63362503537,2727.86652268623,2736.048380201,2744.17946808368,2752.26005715092
Alt_740,NaN,NaN,NaN,NaN,412.851468906894,430.776264988838,448.649416099042,466.47284609253,484.248163487006,501.976703555413,519.659564754309,537.297640163952,554.891644591019,572.442137930071,589.949545313667,607.414174513751,624.836230993401,642.215830950767,659.553012646497,676.847746262317,694.09994250093,711.309460105544,728.476112450368,745.599673330553,762.679882060841,779.716447975937,796.709054411934,813.657362236552,830.561012986205,847.41963165965,864.232829210967,881.000204778696,897.721347682892,914.395839217602,931.023254262534,947.603162734642,964.135130897571,980.618722544688,997.053500069379,1013.43902543463,1029.77486105241,1046.06057058207,1062.29571965603,1078.47987653972,1094.61261273238,1110.69350351417,1126.72212844461,1142.6980718169,1158.62092307189,1174.49027717542,1190.30573496198,1206.06690344772,1221.77339611518,1237.42483317207,1253.02084178618,1268.56105629823,1284.04511841432,1299.47267737952,1314.84339013397,1330.1569214527,1345.41294407033,1360.6111387917,1375.75119458931,1390.83280868853,1405.85568664124,1420.8195423888,1435.72409831487,1450.56908528871,1465.35424269968,1480.07931848328,1494.74406913932,1509.34825974267,1523.89166394698,1538.37406398182,1552.79525064352,1567.1550232802,1581.45318977111,1595.68956650078,1609.86397832819,1623.97625855119,1638.02624886648,1652.01379932534,1665.93876828547,1679.80102235893,1693.6004363566,1707.33689322924,1721.01028400542,1734.62050772634,1748.16747137788,1761.65108982003,1775.07128571369,1788.42798944518,1801.72113904851,1814.95068012553,1828.11656576416,1841.21875645478,1854.25722000488,1867.23193145218,1880.14287297619,1892.99003380847,1905.77341014157,1918.49300503683,1931.14882833112,1943.74089654253,1956.26923277532,1968.73386662388,1981.13483407617,1993.47217741634,2005.74594512694,2017.9561917906,2030.10297799123,2042.18637021504,2054.2064407511,2066.16326759187,2078.05693433348,2089.88753007594,2101.65514932339,2113.35989188431,2125.00186277188,2136.58117210441,2148.09793500607,2159.55227150771,2170.94430644812,2182.27416937552,2193.54199444947,2204.74792034313,2215.89209014611,2226.97465126765,2237.99575534044,2248.95555812497,2259.85421941445,2270.69190294042,2281.46877627894,2292.18501075752,2302.84078136277,2313.43626664874,2323.97164864605,2334.44711277185,2344.86284774051,2355.21904547519,2365.51590102026,2375.75361245456,2385.93238080558,2396.05240996451,2406.11390660223,2416.11708008621,2426.06214239837,2435.9493080539,2445.778794021,2455.55081964168,2465.26560655346,2474.92337861214,2484.52436181548,2494.068784228,2503.55687590668,2512.9888688278,2522.36499681467,2531.6854954665,2540.95060208824,2550.16055562146,2559.3155965763,2568.41596696436,2577.46191023277,2586.45367119915,2595.39149598771,2604.2756319663,2613.10632768456,2621.88383281303,2630.60839808337,2639.28027522951,2647.89971692988,2656.46697675062,2664.98230908981,2673.44596912273,2681.85821274805,2690.21929653507,2698.52947767196,2706.78901391491,2714.99816353827,2723.15718528575,2731.26633832245
Alt_750,NaN,NaN,NaN,NaN,407.255225666941,424.964094067782,442.62198350292,460.230854566539,477.792353787048,495.307855021705,512.778495398993,530.205206422231,547.588740841615,564.929695859839,582.228533179369,599.485596338375,616.701125723347,633.875271592273,651.008105394028,668.099629627566,685.149786448189,702.158465197161,719.125509004519,736.050720592559,752.93386738854,769.774686039141,786.572886405671,803.32815510761,820.040158672367,836.708546340937,853.332952572209,869.912999282746,886.448297853836,902.938450933348,919.383054056227,935.781697104379,952.133965623977,968.439442015935,984.697706613297,1000.9083386576,1017.07091718479,1033.18502182992,1049.25023355895,1065.2661353347,1081.2323127235,1097.14835444808,1113.01385289176,1128.82840455845,1144.59161049234,1160.30307666088,1175.96241430424,1191.56924025398,1207.12317722368,1222.62385407353,1238.07090605122,1253.46397501077,1268.80270961113,1284.08676549593,1299.31580545586,1314.48949957494,1329.6075253616,1344.66956786599,1359.67531978405,1374.62448154948,1389.51676141437,1404.351875519,1419.12954795184,1433.8495108,1448.51150419095,1463.11527632595,1477.6605835056,1492.14719014816,1506.5748688008,1520.94340014443,1535.25257299224,1549.5021842825,1563.69203906581,1577.82195048707,1591.89173976265,1605.90123615274,1619.8502769294,1633.73870734035,1647.56638056884,1661.33315768976,1675.03890762222,1688.6835070787,1702.26684051115,1715.78880005399,1729.24928546428,1742.64820405928,1755.9854706514,1769.2610074808,1782.47474414576,1795.62661753091,1808.71657173349,1821.74455798773,1834.71053458746,1847.61446680717,1860.45632682144,1873.23609362302,1885.95375293953,1898.60929714902,1911.20272519429,1923.73404249625,1936.20326086633,1948.61039841795,1960.95547947724,1973.2385344931,1985.45959994654,1997.61871825951,2009.71593770322,2021.75131230602,2033.72490176101,2045.63677133321,2057.48699176662,2069.27563919105,2081.00279502885,2092.66854590156,2104.27298353658,2115.81620467383,2127.29831097256,2138.71940891827,2150.07960972982,2161.37902926672,2172.6177879368,2183.79601060405,2194.91382649693,2205.97136911701,2216.968776148,2227.90618936531,2238.78375454609,2249.60162137967,2260.35994337874,2271.05887779099,2281.69858551132,2292.27923099485,2302.80098217037,2313.26401035468,2323.66849016747,2334.014599447,2344.30251916657,2354.53243335162,2364.70452899777,2374.81899598953,2384.87602701988,2394.8758175107,2404.81856553403,2414.70447173412,2424.53373925046,2434.30657364161,2444.02318280994,2453.6837769273,2463.28856836153,2472.83777160397,2482.33160319781,2491.77028166744,2501.15402744867,2510.48306281997,2519.75761183453,2528.97790025342,2538.14415547957,2547.25660649277,2556.31548378561,2565.32101930035,2574.27344636679,2583.17299964106,2592.01991504535,2600.81442970867,2609.55678190845,2618.2472110132,2626.88595742602,2635.47326252912,2644.00936862929,2652.49451890422,2660.92895734983,2669.31292872855,2677.64667851841,2685.93045286319,2694.16449852337,2702.34906282806,2710.48439362779
Alt_760,NaN,NaN,NaN,NaN,401.800919538539,419.299333960775,436.747398190846,454.147107084107,471.500142897278,488.807915954037,506.071600076653,523.292163333479,540.470394664615,557.606926919204,574.70225678983,591.756762074978,608.770716646064,625.744303444652,642.677625789607,659.570717233488,676.423550172438,693.236043383621,710.008068638521,726.739456518458,743.430001540109,760.07946668301,776.687587397705,793.254075161862,809.778620642096,826.260896511112,842.700559962876,859.09725496262,875.450614263515,891.760261217554,908.025811404546,924.246874099989,940.423053599921,956.553950418527,972.639162372315,988.678285562949,1004.67091526935,1020.6166467584,1036.51507602249,1052.36580045112,1068.16841944302,1083.92253496448,1099.62775205884,1115.2836793118,1130.88992927635,1146.44611886099,1161.95186968447,1177.40680839976,1192.81056698994,1208.16278303822,1223.46309997419,1238.7111672982,1253.90664078546,1269.04918267149,1284.13846182018,1299.17415387582,1314.15594140019,1329.08351399571,1343.95656841571,1358.77480866248,1373.53794607418,1388.24569940101,1402.89779487159,1417.49396624998,1432.03395488401,1446.51750974533,1460.94438746183,1475.31435234272,1489.62717639676,1503.88263934401,1518.08052862151,1532.22063938314,1546.30277449404,1560.32674451987,1574.29236771116,1588.19946998309,1602.0478848908,1615.83745360068,1629.56802485758,1643.23945494845,1656.85160766233,1670.40435424708,1683.89757336292,1697.33115103296,1710.70498059094,1724.01896262628,1737.27300492653,1750.46702241753,1763.60093710124,1776.67467799146,1789.68818104756,1802.64138910625,1815.53425181168,1828.3667255438,1841.13877334513,1853.85036484617,1866.50147618935,1879.09208995174,1891.6221950666,1904.09178674379,1916.50086638924,1928.84944152339,1941.13752569888,1953.36513841742,1965.53230504593,1977.63905673209,1989.68543031933,2001.67146826128,2013.59721853582,2025.46273455877,2037.26807509717,2049.01330418248,2060.69849102339,2072.3237099186,2083.88904016948,2095.39456599262,2106.84037643251,2118.22656527413,2129.55323095572,2140.82047648163,2152.02840933539,2163.17714139299,2174.26678883636,2185.29747206722,2196.26931562116,2207.18244808223,2218.03700199772,2228.83311379354,2239.57092368995,2250.25057561784,2260.87221713544,2271.43599934564,2281.94207681384,2292.39060748637,2302.78175260954,2313.11567664931,2323.3925472116,2333.6125349633,2343.77581355391,2353.88255953795,2363.93295229804,2373.92717396875,2383.86540936116,2393.74784588824,2403.57467349098,2413.34608456526,2423.06227388962,2432.72343855378,2442.32977788795,2451.88149339305,2461.37878867171,2470.82186936011,2480.21094306071,2489.54621927583,2498.82790934201,2508.0562263654,2517.23138515783,2526.35360217391,2535.42309544893,2544.44008453763,2553.40479045389,2562.3174356113,2571.17824376455,2579.9874399518,2588.74525043785,2597.45190265823,2606.10762516417,2614.7126475684,2623.26720049194,2631.7715155116,2640.22582510854,2648.63036261749,2656.98536217704,2665.29105868062,2673.54768772845,2681.75548558031,2689.91468910908
Alt_770,NaN,NaN,NaN,NaN,NaN,413.776380580392,431.01985650077,448.215603225066,465.365336542888,482.470501210106,499.532305845293,516.55175330159,533.529667030439,550.466713938069,567.36342419705,584.220208427246,601.037372610799,617.815131058169,634.553617698823,651.252895931415,667.912967234503,684.533778709548,701.115229702833,717.657177631498,734.159443120607,750.621814542675,767.044052037872,783.425891081993,799.767045659731,816.067211092783,832.326066565409,848.543277384273,864.718497004364,880.851368848583,896.941527944913,912.988602401997,928.992214741234,944.951983101253,960.867522328583,976.738444966672,992.564362153902,1008.34488443998,1024.07962252892,1039.76818795602,1055.41019370509,1071.00525477188,1086.55298867856,1102.05301594387,1117.50496051303,1132.90845015076,1148.26311680089,1163.56859691517,1178.82453175405,1194.03056766163,1209.18635631689,1224.29155496303,1239.34582661669,1254.34884025849,1269.30027100636,1284.19980027284,1299.04711590748,1313.84191232551,1328.58389062357,1343.27275868341,1357.90823126445,1372.4900300858,1387.0178838984,1401.49152854806,1415.91070702974,1430.27516953377,1444.58467348436,1458.838983571,1473.03787177295,1487.18111737743,1501.26850699167,1515.29983454937,1529.27490131159,1543.19351586271,1557.05549410141,1570.86065922716,1584.60884172232,1598.29987933018,1611.93361702905,1625.50990700272,1639.02860860735,1652.48958833511,1665.89271977465,1679.23788356855,1692.52496736804,1705.75386578493,1718.92448034113,1732.03671941567,1745.09049818951,1758.08573858819,1771.02236922247,1783.90032532707,1796.71954869755,1809.47998762559,1822.18159683261,1834.82433740192,1847.40817670948,1859.93308835331,1872.39905208174,1884.80605372046,1897.15408509855,1909.44314397353,1921.67323395548,1933.84436443037,1945.95655048255,1958.0098128167,1970.00417767897,1981.93967677769,1993.81634720351,2005.63423134915,2017.39337682872,2029.09383639674,2040.73566786684,2052.31893403031,2063.84370257443,2075.31004600064,2086.71804154271,2098.06777108483,2109.35932107969,2120.59278246668,2131.76825059009,2142.88582511751,2153.9456099584,2164.9477131828,2175.89224694032,2186.77932737945,2197.60907456705,2208.38161240832,2219.09706856702,2229.75557438614,2240.35726480898,2250.90227830068,2261.39075677019,2271.82284549281,2282.19869303313,2292.51845116863,2302.7822748138,2312.99032194476,2323.14275352462,2333.23973342936,2343.28142837436,2353.26800784159,2363.19964400748,2373.07651167144,2382.89878818508,2392.66665338217,2402.38028950925,2412.03988115703,2421.6456151925,2431.19768069179,2440.69626887377,2450.14157303448,2459.53378848224,2468.8731124736,2478.15974415008,2487.39388447564,2496.57573617503,2505.70550367286,2514.78339303354,2523.80961190197,2532.78436944508,2541.70787629418,2550.58034448811,2559.40198741718,2568.173019768,2576.89365746902,2585.564117637,2594.18461852424,2602.75537946656,2611.27662083225,2619.74856397166,2628.17143116773,2636.54544558725,2644.87083123297,2653.14781289646,2661.37661611183,2669.55746711021
Alt_780,NaN,NaN,NaN,NaN,NaN,408.389910094145,425.433844394262,442.430641353983,459.382048181913,476.289542110279,493.154364732033,509.977551977773,526.759960202073,543.502288846773,560.205100119725,576.868836086224,593.493833525476,610.080336860235,626.628509426782,643.138443315458,659.610167979399,676.043657780806,692.438838619615,708.7955937685,725.113769020237,741.393177238183,757.633602387682,773.83480311514,789.996515932143,806.118458053984,822.200329935171,838.241817538696,854.24259437085,870.202323309195,886.120658247615,901.997245579317,917.831725535914,933.623733398494,949.372900594538,965.078855692867,980.741225307311,996.3596349185,1011.93370962208,1027.46307481067,1042.94735679602,1058.38618337715,1073.77918435954,1089.12599202988,1104.42624159045,1119.67957155674,1134.88562412147,1150.04404548795,1165.15448617531,1180.21660129802,1195.2300508216,1210.19449979663,1225.10961857256,1239.97508299298,1254.79057457367,1269.55578066472,1284.27039459788,1298.9341158201,1313.54665001438,1328.10770920852,1342.61701187288,1357.07428300767,1371.47925422041,1385.8316637944,1400.13125674849,1414.37778488881,1428.571006853,1442.71068814722,1456.79660117646,1470.82852526856,1484.80624669214,1498.72955866899,1512.59826138105,1526.41216197236,1540.17107454617,1553.8748201576,1567.52322680195,1581.11612939896,1594.6533697732,1608.13479663083,1621.56026553282,1634.92963886498,1648.24278580476,1661.4995822852,1674.69991095595,1687.84366114172,1700.93072879818,1713.96101646542,1726.93443321921,1739.8508946201,1752.71032266044,1765.51264570951,1778.25779845691,1790.94572185408,1803.57636305438,1816.14967535152,1828.66561811663,1841.12415673398,1853.52526253544,1865.86891273374,1878.1550903547,1890.38378416834,1902.55498861916,1914.66870375543,1926.72493515776,1938.72369386687,1950.66499631071,1962.54886423096,1974.37532460891,1986.14440959098,1997.85615641363,2009.51060732798,2021.10780952407,2032.64781505481,2044.13068075971,2055.55646818837,2066.92524352392,2078.23707750622,2089.49204535512,2100.69022669359,2111.83170547097,2122.91656988619,2133.94491231111,2144.91682921401,2155.8324210832,2166.69179235086,2177.49505131706,2188.24231007412,2198.93368443111,2209.56929383883,2220.149261315,2230.67371336988,2241.14277993226,2251.55659427588,2261.91529294626,2272.21901568799,2282.46790537257,2292.66210792662,2302.80177226072,2312.88705019874,2322.91809640773,2332.89506832839,2342.81812610608,2352.68743252253,2362.50315292802,2372.26545517434,2381.97450954826,2391.63048870576,2401.23356760683,2410.78392345098,2420.28173561349,2429.7271855822,2439.1204568952,2448.46173507903,2457.75120758774,2466.9890637426,2476.17549467251,2485.31069325525,2494.39485405934,2503.4281732867,2512.41084871609,2521.34307964719,2530.22506684553,2539.05701248816,2547.83912010997,2556.57159455093,2565.25464190391,2573.88846946341,2582.47328567496,2591.00930008525,2599.49672329311,2607.93576690118,2616.32664346829,2624.66956646272,2632.96475021607,2641.21240987798,2649.4127613715
Alt_790,NaN,NaN,NaN,NaN,NaN,403.134861710669,419.984119712702,436.786800363739,453.544680253995,470.259267209747,486.931834047251,503.563448135602,520.154997190318,536.707211731112,553.220684617894,569.695888044698,586.133188331151,602.532858810474,618.895091074504,635.220004801108,651.507656358125,667.758046350588,683.971126254266,700.146804258078,716.284950420465,732.385401229769,748.447963645949,764.472418690038,780.458524638466,796.406019871494,812.314625418218,828.184047234854,844.013978248125,859.804100191286,875.554085256785,891.263597586413,906.932294617132,922.559828298497,938.145846195581,953.689992489623,969.191908887109,984.65123544674,1000.0676113326,1015.44067550091,1030.77006732678,1046.05542717686,1061.29639693293,1076.49262047092,1091.64374409957,1106.74941696223,1121.80929140505,1136.82302331451,1151.79027242679,1166.71070261146,1181.58398213139,1196.40978388095,1211.1877856041,1225.91767009394,1240.59912537514,1255.23184487043,1269.81552755242,1284.34987808173,1298.83460693231,1313.26943050497,1327.6540712298,1341.98825765827,1356.27172454558,1370.50421292404,1384.68547016784,1398.8152500499,1412.89331279121,1426.91942510301,1440.89336022246,1454.81489794188,1468.68382463221,1482.49993326071,1496.26302340354,1509.97290125322,1523.62937962136,1537.23227793699,1550.78142224053,1564.2766451738,1577.71778596619,1591.10469041722,1604.4372108756,1617.7152062151,1630.9385418073,1644.10708949134,1657.22072754098,1670.27934062892,1683.28281978867,1696.23106237395,1709.12397201594,1721.96145857829,1734.74343811017,1747.46983279729,1760.14057091125,1772.75558675701,1785.31482061886,1797.81821870477,1810.26573308934,1822.65732165533,1834.992948034,1847.27258154415,1859.49619713012,1871.66377529862,1883.77530205472,1895.8307688368,1907.83017245073,1919.7735150032,1931.6608038344,1943.49205144995,1955.26727545228,1966.98649847146,1978.64974809548,1990.25705680012,2001.80846187841,2013.30400536979,2024.74373398885,2036.12769905395,2047.45595641556,2058.7285663844,2069.94559365952,2081.10710725625,2092.21318043409,2103.26389062464,2114.25931935949,2125.1995521982,2136.08467865635,2146.91479213374,2157.68998984274,2168.41037273676,2179.07604543903,2189.68711617154,2200.24369668431,2210.74590218488,2221.19385126819,2231.58766584672,2241.92747108109,2252.21339531094,2262.4455699863,2272.62412959934,2282.74921161658,2292.82095641154,2302.83950719792,2312.8050099632,2322.71761340283,2332.5774688549,2342.38473023537,2352.13955397384,2361.8420989499,2371.49252643008,2381.0910000053,2390.63768552909,2400.13275105623,2409.57636678214,2418.9687049829,2428.30993995579,2437.60024796063,2446.83980716167,2456.02879757017,2465.16740098766,2474.25580094984,2483.29418267118,2492.28273299022,2501.22164031547,2510.11109457211,2518.95128714929,2527.7424108482,2536.48465983075,2545.17822956901,2553.82331679535,2562.42011945323,2570.96883664874,2579.46966860282,2587.92281660416,2596.32848296285,2604.68687096468,2612.99818482614,2621.26262965018,2629.48041138258
Alt_800,NaN,NaN,NaN,NaN,NaN,NaN,414.665695714701,431.278922733253,447.847906774541,464.374184445606,480.859058101429,497.303624974811,513.708802662008,530.075351362732,546.403893263542,562.694929426272,578.948854508044,595.165969602394,611.346493455069,627.49057227485,643.598288329854,659.669667493404,675.704685880516,691.703275696169,707.665330399384,723.590709272434,739.47924147198,755.330729628159,771.144953048499,786.921670575718,802.660623141768,818.361536054766,834.024121050581,849.648078136634,865.233097251878,880.778859763848,896.285039821,911.751305576256,927.177320295729,942.562743364839,957.907231202612,973.210438093593,988.472016945768,1003.69161998185,1018.86889937045,1034.00350780297,1049.09509902133,1064.14332830105,1079.1478528939,1094.10833243357,1109.02442930784,1123.89580899987,1138.72214040149,1153.50309610072,1168.23835264555,1182.92759078599,1197.57049569611,1212.16675717755,1226.71606984587,1241.21813330113,1255.6726522838,1270.07933681695,1284.43790233589,1298.74806980585,1313.00956582878,1327.22212273979,1341.38547869399,1355.49937774431,1369.56356991093,1383.57781124269,1397.54186387114,1411.45549605754,1425.31848223326,1439.13060303398,1452.89164532801,1466.60140223904,1480.25967316374,1493.86626378429,1507.42098607633,1520.92365831236,1534.37410506103,1547.77215718241,1561.11765181943,1574.41043238579,1587.65034855046,1600.83725621885,1613.97101751105,1627.05150073706,1640.07858036922,1653.05213701214,1665.97205736996,1678.83823421135,1691.65056633222,1704.40895851631,1717.11332149367,1729.76357189734,1742.35963221811,1754.90143075755,1767.38890157947,1779.82198445979,1792.20062483491,1804.52477374879,1816.79438779862,1829.00942907936,1841.16986512708,1853.27566886121,1865.32681852579,1877.32329762976,1889.26509488642,1901.15220415198,1912.9846243634,1924.76235947551,1936.4854183975,1948.15381492876,1959.76756769425,1971.32670007929,1982.83124016398,1994.28122065716,2005.67667883007,2017.01765644965,2028.30419971161,2039.53635917325,2050.71418968611,2061.83775032844,2072.90710433763,2083.92231904248,2094.88346579549,2105.79061990511,2116.64386056805,2127.4432708016,2138.1889373761,2148.88095074746,2159.51940498992,2170.10439772883,2180.63603007381,2191.114406552,2201.53963504163,2211.91182670582,2222.23109592669,2232.49756023983,2242.711340269,2252.87255966132,2262.98134502273,2273.03782585389,2283.04213448651,2292.99440602003,2302.89477825888,2312.74339165003,2322.54038922117,2332.28591651928,2341.98012154974,2351.62315471595,2361.21516875945,2370.75631870063,2380.24676177993,2389.68665739961,2399.07616706616,2408.41545433314,2417.70468474474,2426.94402577986,2436.13364679681,2445.2737189786,2454.36441527885,2463.40591036834,2472.39838058211,2481.34200386729,2490.23695973145,2499.08342919167,2507.8815947242,2516.63164021478,2525.3337509096,2533.98811336687,2542.5949154091,2551.15434607601,2559.66659557801,2568.13185525044,2576.55031750841,2584.92217580227,2593.24762457377,2601.52685921282,2609.76007601497
Alt_810,NaN,NaN,NaN,NaN,NaN,NaN,409.473825788722,425.902098790991,442.286657163744,458.62906454636,474.930651210414,491.192542737898,507.415685183827,523.600867086313,539.748738687519,555.859828708625,571.934558991949,587.973257289936,603.976168447468,619.943464192606,635.87525172241,651.771581245102,667.632452617593,683.45782119802,699.247603016223,715.001679350713,730.71990078832,746.402090832159,762.048049114514,777.657554263461,793.230366465507,808.766229760766,824.264874102419,839.726017207973,855.149366226307,870.534619241376,885.881466630826,901.189592295464,916.45867477356,931.688388252257,946.878403486867,962.028388637555,977.138010031799,992.206932860025,1007.23482181098,1022.22134165264,1037.16615776389,1052.06893662142,1066.92934624609,1081.74705661235,1096.52174002396,1111.25307145895,1125.94072888647,1140.58439355782,1155.18375027391,1169.73848763082,1184.24829824549,1198.71287896279,1213.13193104562,1227.50516034914,1241.83227748042,1256.11299794447,1270.34704227764,1284.53413616929,1298.67401057246,1312.76640180435,1326.81105163722,1340.80770738033,1354.75612195352,1368.65605395293,1382.50726770926,1396.30953333917,1410.06262679011,1423.76632987892,1437.42043032472,1451.02472177624,1464.57900383399,1478.08308206753,1491.53676802803,1504.93987925659,1518.2922392882,1531.5936776519,1544.84402986711,1558.04313743649,1571.19084783526,1584.28701449755,1597.33149679947,1610.32416003945,1623.26487541572,1636.1535200013,1648.98997671634,1661.77413429824,1674.50588726948,1687.18513590327,1699.81178618724,1712.38574978518,1724.90694399695,1737.37529171666,1749.79072138924,1762.15316696535,1774.46256785498,1786.71886887952,1798.92202022254,1811.07197737938,1823.16870110555,1835.21215736395,1847.20231727114,1859.13915704263,1871.02265793718,1882.85280620035,1894.62959300716,1906.35301440409,1918.0230712503,1929.63976915834,1941.20311843415,1952.71313401659,1964.16983541648,1975.57324665517,1986.92339620274,1998.22031691582,2009.46404597507,2020.65462482249,2031.79209909834,2042.87651857798,2053.90793710852,2064.88641254526,2075.81200668818,2086.68478521826,2097.50481763376,2108.27217718662,2118.98694081873,2129.64918909842,2140.25900615688,2150.81647962481,2161.3217005692,2171.77476343015,2182.17576595807,2192.52480915094,2202.82199719185,2213.06743738683,2223.26124010289,2233.4035187064,2243.4943895018,2253.53397167058,2263.52238721063,2273.45976087604,2283.34622011714,2293.18189502102,2302.96691825251,2312.70142499545,2322.38555289454,2332.01944199753,2341.60323469798,2351.13707567838,2360.62111185387,2370.05549231635,2379.44036827921,2388.77589302246,2398.06222183848,2407.29951197826,2416.48792259815,2425.62761470723,2434.71875111517,2443.76149638068,2452.75601676052,2461.70248015909,2470.60105607859,2479.45191556972,2488.25523118305,2497.01117692088,2505.71992818978,2514.38166175366,2522.99655568746,2531.56478933144,2540.08654324606,2548.56199916747,2556.99133996359,2565.37474959081,2573.71241305127,2582.00451635079,2590.25124645731
Alt_820,NaN,NaN,NaN,NaN,NaN,NaN,404.403989244706,420.65165208593,436.856101210148,453.018925601661,469.14148188523,485.224922534169,501.270220695013,517.278191955596,533.249513393794,549.184740231118,565.084320390487,580.948607227855,596.777870676746,612.572307015427,628.332047439378,644.057165597404,659.747684228261,675.403581015864,691.024793764858,706.611224984231,722.16274595458,737.679200344195,753.160407430261,768.606164973795,784.016251790393,799.390430053288,814.728447360323,830.030038592394,845.294927587281,860.522828649777,875.713447916368,890.866484590414,905.981632061847,921.058578923682,936.097009896137,951.096606667902,966.05704866296,980.978013740393,995.859178833756,1010.70022053585,1025.50081563409,1040.26064160106,1054.97937704444,1069.65670211982,1084.29229890984,1098.88585177259,1113.43704766171,1127.94557642082,1142.41113105421,1156.83340797581,1171.21210723815,1185.54693274278,1199.83759243378,1214.08379847538,1228.28526741501,1242.44172033286,1256.55288297879,1270.61848589753,1284.63826454303,1298.61195938254,1312.53931599128,1326.42008513812,1340.25402286301,1354.04089054652,1367.78045497214,1381.47248838155,1395.11676852354,1408.71307869671,1422.26120778649,1435.76095029666,1449.21210637574,1462.61448183857,1475.96788818322,1489.27214260362,1502.527067998,1515.73249297347,1528.88825184687,1541.99418464209,1555.05013708407,1568.05596058959,1581.01151225509,1593.91665484158,1606.77125675682,1619.57519203494,1632.32834031358,1645.03058680865,1657.68182228692,1670.28194303642,1682.8308508349,1695.32845291629,1707.77466193539,1720.16939593083,1732.51257828635,1744.80413769056,1757.0440080952,1769.232128672,1781.36844376818,1793.45290286078,1805.48546050971,1817.46607630975,1829.3947148414,1841.27134562086,1853.09594304896,1864.86848635928,1876.58895956544,1888.25735140755,1899.87365529805,1911.43786926684,1922.9499959057,1934.41004231233,1945.81802003367,1957.17394500887,1968.47783751173,1979.72972209284,1990.92962752124,2002.07758672588,2013.17363673673,2024.21781862563,2035.21017744702,2046.15076217835,2057.03962566049,2067.87682453798,2078.6624191991,2089.39647371609,2100.07905578512,2110.71023666649,2121.29009112466,2131.81869736848,2142.29613699148,2152.72249491218,2163.09785931465,2173.42232158914,2183.69597627298,2193.91892099152,2204.09125639949,2214.21308612244,2224.28451669847,2234.30565752031,2244.27662077763,2254.19752139963,2264.06847699801,2273.8896078103,2283.66103664344,2293.38288881788,2303.05529211188,2312.67837670642,2322.25227513029,2331.77712220581,2341.25305499481,2350.68021274518,2360.05873683777,2369.38877073384,2378.67045992289,2387.90395187106,2397.08939596994,2406.22694348591,2415.31674751,2424.35896290818,2433.35374627228,2442.30125587131,2451.2016516034,2460.0550949482,2468.86174891985,2477.62177802052,2486.33534819438,2495.00262678225,2503.6237824767,2512.19898527777,2520.72840644916,2529.21221847508,2537.65059501757,2546.0437108744,2554.39174193756,2562.69486515229,2570.95325847665
Alt_830,NaN,NaN,NaN,NaN,NaN,NaN,NaN,415.523125776638,431.551635077548,447.539018699391,463.486658111953,479.395731275292,495.26723711172,511.10201701991,526.900773741727,542.664087886558,558.392432398325,574.086185224502,589.745640418612,605.371017880317,620.962471911671,636.520098744815,652.043943175761,667.534004420667,682.990241295161,698.412576803509,713.800902212571,729.155080675245,744.474950459345,759.760327830295,775.011009629555,790.226775585137,805.407390385779,820.552605546261,835.662161087774,850.73578705424,865.773204882839,880.774128644718,895.738266169898,910.665320068713,925.554988660586,940.406966819719,955.220946746109,969.996618669364,984.733671491903,999.431793377419,1014.09067228979,1028.7099964871,1043.28945497486,1057.82873792215,1072.32753704394,1086.78554595266,1101.2024604814,1115.57797898147,1129.91180259619,1144.20363551287,1158.45318519494,1172.66016259542,1186.82428235353,1200.9452629755,1215.02282700075,1229.05670115465,1243.04661648865,1256.9923085088,1270.89351729336,1284.74998760031,1298.56146896534,1312.32771579108,1326.04848742794,1339.72354824728,1353.35266770726,1366.9356204118,1380.47218616316,1393.96215000844,1407.40530228033,1420.80143863254,1434.15036007004,1447.45187297458,1460.7057891256,1473.91192571684,1487.07010536889,1500.1801561378,1513.24191152014,1526.25521045444,1539.21989731939,1552.13582192889,1565.00283952411,1577.82081076268,1590.58960170522,1603.30908379925,1615.97913386066,1628.59963405294,1641.17047186404,1653.69154008124,1666.16273676398,1678.58396521476,1690.95513394825,1703.27615665866,1715.54695218546,1727.76744447756,1739.93756255602,1752.05724047528,1764.12641728316,1776.14503697948,1788.11304847362,1800.03040554079,1811.89706677735,1823.71299555508,1835.47815997446,1847.19253281709,1858.85609149725,1870.4688180127,1882.03069889467,1893.5417251572,1905.00189224586,1916.41119998579,1927.76965252926,1939.07725830265,1950.33402995304,1961.53998429423,1972.69514225255,1983.79952881213,1994.85317295997,2005.85610763068,2016.80836965094,2027.70999968385,2038.56104217291,2049.36154528606,2060.11156085939,2070.81114434094,2081.46035473425,2092.05925454204,2102.60790970972,2113.10638956906,2123.55476678176,2133.95311728318,2144.30152022608,2154.60005792452,2164.84881579786,2175.0478823149,2185.1973489382,2195.2973100686,2205.34786298989,2215.34910781378,2225.30114742504,2235.20408742695,2245.05803608697,2254.86310428278,2264.61940544849,2274.32705552131,2283.98617288849,2293.59687833454,2303.15929498893,2312.67354827403,2322.13976585357,2331.55807758132,2340.92861545034,2350.25151354251,2359.52690797854,2368.75493686842,2377.93574026224,2387.06946010153,2396.156240171,2405.19622605075,2414.18956506899,2423.13640625512,2432.03690029342,2440.89119947713,2449.69945766305,2458.46183022662,2467.17847401753,2475.84954731576,2484.4752097882,2493.05562244572,2501.59094760078,2510.08134882555,2518.52699091052,2526.92803982365,2535.28466267,2543.59702765197,2551.86530402994
Alt_840,NaN,NaN,NaN,NaN,NaN,NaN,NaN,410.512269957228,426.368868272275,442.184814545507,457.961513635609,473.700167634987,489.401799974453,505.067276671521,520.697325005694,536.292549905671,551.853448319209,567.38042181431,582.873787635392,598.333788412805,613.76060069997,629.154342490299,644.515079846175,659.842832754671,675.137580309298,690.39926530361,705.627798310925,720.823061314353,735.984910942707,751.113181360404,766.207686853104,781.268224145301,796.294574481355,811.286505497386,826.243772907929,841.166122028214,856.053289150339,870.905002789314,885.720984813016,900.500951468375,915.244614314662,929.951681073438,944.621856403625,959.254842609165,973.850340285911,988.408048913613,1002.92766739823,1017.4088945692,1031.85142963589,1046.25497260679,1060.61922467492,1074.94388857229,1089.22866889612,1103.47327240924,1117.6774083168,1131.84078852111,1145.96312785659,1160.04414430622,1174.08355920093,1188.08109740331,1202.03648747678,1215.94946184127,1229.81975691627,1243.64711325245,1257.43127565225,1271.17199328049,1284.86901976551,1298.52211329155,1312.13103668281,1325.69555747989,1339.21544800889,1352.69048544379,1366.12045186239,1379.50513429623,1392.84432477487,1406.1378203648,1419.38542320329,1432.58694052749,1445.74218469902,1458.85097322428,1471.91312877069,1484.92847917914,1497.89685747278,1510.81810186235,1523.69205574824,1536.51856771946,1549.29749154958,1562.02868618993,1574.71201576007,1587.34734953573,1599.93456193436,1612.47353249826,1624.96414587563,1637.40629179948,1649.79986506452,1662.14476550219,1674.44089795386,1686.68817224232,1698.88650314162,1711.03581034537,1723.13601843356,1735.18705683791,1747.188859806,1759.14136636401,1771.04452027832,1782.89827001598,1794.702568704,1806.45737408776,1818.16264848833,1829.81835875893,1841.42447624051,1852.98097671654,1864.487840367,1875.9450517217,1887.35259961286,1898.71047712713,1910.01868155702,1921.27721435172,1932.48608106749,1943.64529131757,1954.75485872161,1965.81480085479,1976.82513919652,1987.78589907888,1998.69710963467,2009.55880374534,2020.37101798858,2031.13379258577,2041.84717134926,2052.51120162949,2063.12593426205,2073.69142351458,2084.20772703368,2094.67490579176,2105.09302403388,2115.4621492246,2125.78235199489,2136.05370608907,2146.27628831185,2156.45017847547,2166.57545934693,2176.65221659542,2186.68053873984,2196.66051709652,2206.59224572718,2216.475821387,2226.31134347301,2236.09891397268,2245.83863741272,2255.53062080826,2265.17497361218,2274.77180766485,2284.32123714407,2293.82337851546,2303.27835048303,2312.68627394024,2322.04727192127,2331.36146955276,2340.6289940059,2349.84997444885,2359.02454199957,2368.15282967913,2377.23497236526,2386.2711067465,2395.26137127659,2404.20590612944,2413.10485315441,2421.95835583213,2430.76655923066,2439.5296099622,2448.24765614015,2456.92084733674,2465.54933454101,2474.1332701173,2482.67280776427,2491.16810247427,2499.61931049326,2508.02658928121,2516.39009747294,2524.70999483946,2532.98644224978
Alt_850,NaN,NaN,NaN,NaN,NaN,NaN,NaN,405.615029846234,421.303611495296,436.951990989607,452.561595169687,468.133648953162,483.669199057735,499.169134971944,514.634207429326,530.065044650716,545.462166610582,560.825997565169,576.156877058075,591.455069595678,606.720773162285,621.954126723887,637.155216850371,652.324083569067,667.460725547555,682.565104690596,697.637150224681,712.676762333862,727.683815402035,742.658160909512,757.599630025396,772.508035931851,787.383175911659,802.224833226396,817.032778809118,831.806772792379,846.546565889847,861.251900647506,875.922512578479,890.558131193823,905.158480940167,919.723282053786,934.252251339574,948.745102882424,963.201548697659,977.621299326403,992.004064381143,1006.34955304615,1020.65747453693,1034.92753852237,1049.15945551304,1063.35293721841,1077.5076968759,1091.62344955395,1105.69991243143,1119.73680505521,1133.73384957774,1147.69077097614,1161.60729725435,1175.48315962946,1189.31809270357,1203.11183462222,1216.86412722022,1230.57471615593,1244.24335103478,1257.86978552264,1271.45377744988,1284.9950889066,1298.49348632973,1311.94874058236,1325.36062702596,1338.72892558579,1352.05342080993,1365.33390192244,1378.57016287075,1391.76200236787,1404.90922392949,1418.01163590643,1431.06905151254,1444.08128884846,1457.04817092127,1469.96952566041,1482.84518593,1495.67498953767,1508.45877924022,1521.19640274616,1533.88771271532,1546.53256675567,1559.13082741749,1571.68236218501,1584.18704346563,1596.6447485769,1609.05535973125,1621.41876401869,1633.73485338753,1646.00352462314,1658.22467932506,1670.39822388223,1682.52406944669,1694.60213190573,1706.63233185251,1718.61459455529,1730.54884992534,1742.43503248359,1754.273081326,1766.06294008784,1777.80455690691,1789.4978843856,1801.14287955213,1812.73950382072,1824.28772295099,1835.78750700649,1847.23883031239,1858.64167141256,1869.99601302586,1881.30184200181,1892.55914927564,1903.76792982284,1914.92818261306,1926.03991056365,1937.10312049263,1948.11782307132,1959.08403277658,1970.00176784262,1980.87105021259,1991.69190548982,2002.46436288883,2013.18845518608,2023.86421867055,2034.49169309412,2045.07092162184,2055.60195078204,2066.08483041635,2076.51961362968,2086.9063567401,2097.24511922875,2107.53596368969,2117.77895577984,2127.97416416885,2138.12166048917,2148.22151928604,2158.27381796773,2168.27863675576,2178.23605863537,2188.14616930601,2198.00905713215,2207.82481309411,2217.59353073919,2227.31530613302,2236.99023781101,2246.61842673021,2256.19997622127,2265.73499194077,2275.22358182375,2284.66585603655,2294.06192693,2303.41190899283,2312.71591880546,2321.97407499407,2331.18649818507,2340.35331095987,2349.47463780998,2358.55060509254,2367.58134098619,2376.56697544727,2385.50764016647,2394.40346852584,2403.2545955562,2412.06115789495,2420.82329374426,2429.54114282973,2438.21484635943,2446.84454698334,2455.43038875326,2463.97251708311,2472.4710787097,2480.92622165389,2489.33809518223,2497.70684976898,2506.03263705869,2514.31560982907
Alt_860,NaN,NaN,NaN,NaN,NaN,NaN,NaN,400.827534770992,416.351865310249,431.836421385952,447.28265045969,462.691799011759,478.064935868205,493.40297288241,508.706683198662,523.976717341801,539.213617373678,554.417829343065,569.58971423637,584.729557615467,599.837578107963,614.913934895402,629.958734326738,644.97203576807,659.953856785156,674.904177742533,689.822945891956,704.710079013243,719.565468662272,734.38898307366,749.180469759411,763.939757839472,778.666660135458,793.360975054833,808.022488289364,822.650974348657,837.246197947023,851.807915259647,866.335875062133,880.82981976575,895.289486359277,909.71460726707,924.10491113181,938.460123529472,952.779967623165,967.064164761768,981.312435028613,995.524497744903,1009.70007193205,1023.83887673667,1037.94063182152,1052.00505772548,1066.03187619513,1080.02081049046,1093.97158566672,1107.88392883461,1121.75756940025,1135.59223928686,1149.38767313929,1163.14360851292,1176.85978604802,1190.53594963064,1204.17184654103,1217.76722759046,1231.32184724733,1244.83546375314,1258.3078392292,1271.73873977457,1285.12793555582,1298.47520088916,1311.78031431541,1325.04305866824,1338.26322113611,1351.44059331825,1364.57497127505,1377.66615557324,1390.71395132598,1403.71816822838,1416.67862058853,1429.5951273543,1442.46751213624,1455.29560322663,1468.07923361507,1480.81824100057,1493.51246780048,1506.16176115636,1518.76597293696,1531.32495973839,1543.83858288168,1556.30670840789,1568.72920707075,1581.10595432709,1593.43683032508,1605.72171989042,1617.96051251057,1630.15310231706,1642.29938806612,1654.39927311747,1666.45266541159,1678.45947744541,1690.41962624655,1702.33303334606,1714.19962474997,1726.01933090947,1737.79208668987,1749.51783133849,1761.19650845135,1772.82806593893,1784.41245599081,1795.94963503953,1807.43956372342,1818.88220684867,1830.27753335057,1841.62551625406,1852.92613263345,1864.17936357162,1875.38519411849,1886.54361324893,1897.65461382016,1908.71819252856,1919.73434986608,1930.70309007613,1941.62442110915,1952.49835457772,1963.32490571133,1974.1040933109,1984.83593970295,1995.52047069351,2006.15771552181,2016.74770681381,2027.29048053544,2037.78607594582,2048.23453555024,2058.63590505307,2068.99023331063,2079.29757228392,2089.55797699136,2099.77150546149,2109.93821868572,2120.05818057101,2130.13145789265,2140.1581202471,2150.13824000488,2160.07189226358,2169.95915480093,2179.80010802805,2189.5948349428,2199.34342108333,2209.04595448173,2218.70252561795,2228.3132273738,2237.87815498733,2247.39740600724,2256.87108024766,2266.29927974313,2275.68210870383,2285.01967347108,2294.31208247312,2303.55944618119,2312.76187706589,2321.91948955383,2331.03239998466,2340.1007265683,2349.12458934263,2358.10411013146,2367.0394125028,2375.93062172755,2384.77786473853,2393.58127008984,2402.34096791661,2411.05708989515,2419.7297692034,2428.35914048188,2436.9453397949,2445.48850459225,2453.98877367127,2462.44628713927,2470.86118637643,2479.23361399902,2487.56371382311,2495.8516308286
Alt_870,NaN,NaN,NaN,NaN,NaN,NaN,NaN,NaN,411.509809564554,426.834163725791,442.120617135395,457.370436615869,472.584711963663,487.764376330116,502.910224265029,518.02292764596,533.103049718514,548.15105746283,563.167332485187,578.152180614726,593.105840365943,608.028490408958,622.92025617226,637.781215686985,652.611404767781,667.410821612971,682.179430895936,696.917167410174,711.623939322351,726.299631080524,740.944106018586,755.557208692703,770.138766980872,784.688593972813,799.206489673928,813.692242544141,828.145630889812,842.566424124713,856.954383914116,871.309265214358,885.630817218762,899.918784219559,914.172906394293,928.392920524257,942.578560651632,956.729558681262,970.845644932341,984.926548644715,998.971998443989,1012.98172276919,1026.95545026633,1040.89291015089,1054.79383254188,1068.65794876994,1082.48499166168,1096.27469580206,1110.02679777687,1123.74103639662,1137.41715290344,1151.0548911623,1164.65399783767,1178.21422255674,1191.73531806025,1205.21704034159,1218.65914877535,1232.06140623572,1245.42357920558,1258.74543787696,1272.02675624326,1285.26731218394,1298.46688754205,1311.62526819505,1324.7422441194,1337.81760944921,1350.85116252933,1363.84270596323,1376.79204665597,1389.69899585241,1402.56336917115,1415.38498663421,1428.16367269281,1440.89925624943,1453.59157067627,1466.24045383045,1478.84574806594,1491.40730024249,1503.92496173168,1516.39858842026,1528.82804071084,1541.21318352014,1553.55388627484,1565.85002290522,1578.10147183661,1590.30811597886,1602.46984271378,1614.58654388081,1626.65811576083,1638.68445905833,1650.66547888199,1662.60108472364,1674.49119043583,1686.33571420798,1698.13457854115,1709.88771022164,1721.59504029326,1733.25650402853,1744.87204089877,1756.44159454309,1767.96511273648,1779.44254735687,1790.87385435134,1802.25899370146,1813.59792938787,1824.89062935402,1836.13706546925,1847.33721349117,1858.4910530274,1869.59856749669,1880.65974408952,1891.6745737281,1902.64305102591,1913.5651742468,1924.44094526357,1935.27036951628,1946.05345597002,1956.79021707253,1967.48066871132,1978.12483017062,1988.72272408806,1999.27437641106,2009.77981635306,2020.23907634953,2030.65219201388,2041.01920209315,2051.34014842363,2061.6150758864,2071.84403236276,2082.02706868964,2092.16423861492,2102.25559875282,2112.30120853925,2122.30113018715,2132.25542864191,2142.16417153686,2152.0274291488,2161.84527435362,2171.61778258203,2181.34503177543,2191.02710234187,2200.66407711221,2210.25604129635,2219.80308243977,2229.30529038009,2238.76275720397,2248.17557720414,2257.54384683665,2266.86766467839,2276.1471313848,2285.38234964788,2294.57342415441,2303.72046154446,2312.8235703702,2321.88286105492,2330.89844585246,2339.87043880678,2348.79895571202,2357.68411407273,2366.52603306447,2375.32483349473,2384.08063776423,2392.79356982847,2401.4637551597,2410.09132070917,2418.67639486982,2427.2191074392,2435.71958958292,2444.17797379827,2452.59439387839,2460.96898487668,2469.30188307163,2477.59322593207
Alt_880,NaN,NaN,NaN,NaN,NaN,NaN,NaN,NaN,406.773793506173,421.941450482368,437.071612292083,452.165564919317,467.224418031342,482.24912504765,497.240500954234,512.199238064888,527.125919939059,542.021033659766,556.884980661843,571.718086284058,586.520608200942,601.292743872713,616.034637135323,630.746384037625,645.428038019209,660.079614510473,674.70109502598,689.292430812947,703.853546108662,718.384341053686,732.88469430163,747.354465361055,761.793496700522,776.201615643896,790.578636079566,804.924360004354,819.23857892029,833.52107510022,847.771622736291,861.989988983681,876.175934910473,890.329216363309,904.449584757338,918.536787798005,932.590570141381,946.610673998966,960.596839692274,974.548806161907,988.466311435325,1002.34909305707,1016.19688848481,1030.00943545423,1043.78647231546,1057.52773834343,1071.2329740245,1084.90192132107,1098.53432391623,1112.12992743981,1125.68847967754,1139.20973076432,1152.69343336312,1166.13934283038,1179.54721736892,1192.91681816937,1206.24790954082,1219.54025903151,1232.79363754016,1246.00781941868,1259.18258256674,1272.31770851877,1285.41298252383,1298.46819361887,1311.48313469571,1324.45760256216,1337.39139799758,1350.28432580334,1363.13619484824,1375.94681810945,1388.71601270893,1401.44359994586,1414.12940532506,1426.77325858176,1439.37499370286,1451.93444894484,1464.45146684849,1476.92589425076,1489.35758229357,1501.74638643009,1514.0921664283,1526.39478637218,1538.65411466055,1550.87002400363,1563.0423914175,1575.17109821661,1587.25603000419,1599.297076661,1611.29413233218,1623.2470954125,1635.15586853001,1647.02035852807,1658.84047644607,1670.61613749859,1682.34726105338,1694.03377060802,1705.67559376527,1717.27266220748,1728.82491166969,1740.33228191182,1751.79471668979,1763.21216372577,1774.58457467744,1785.91190510642,1797.19411444596,1808.43116596774,1819.62302674805,1830.76966763316,1841.87106320416,1852.92719174111,1863.93803518659,1874.90357910878,1885.82381266391,1896.69872855836,1907.5283230102,1918.31259571036,1929.05154978338,1939.74519174783,1950.39353147637,1960.99658215549,1971.55436024498,1982.06688543715,1992.53418061578,2002.95627181492,2013.33318817744,2023.66496191343,2033.95162825848,2044.19322543182,2054.38979459435,2064.54137980661,2074.64802798666,2084.70978886791,2094.72671495697,2104.69886149145,2114.62628639776,2124.50905024898,2134.34721622269,2144.14085005897,2153.89002001836,2163.59479683995,2173.25525369959,2182.87146616819,2192.4435121701,2201.97147194173,2211.45542799023,2220.89546505236,2230.29167005356,2239.64413206715,2248.95294227379,2258.21819392105,2267.43998228331,2276.61840462182,2285.75356014496,2294.8455499688,2303.8944770779,2312.90044628635,2321.86356419907,2330.7839391734,2339.66168128098,2348.49690226985,2357.28971552696,2366.04023604084,2374.74858036469,2383.41486657971,2392.03921425878,2400.62174443041,2409.16257954312,2417.66184342999,2426.11966127371,2434.53615957181,2442.91146610238,2451.24570989,2459.53902117212
Alt_890,NaN,NaN,NaN,NaN,NaN,NaN,NaN,NaN,402.140326543538,417.15467911501,432.131922746082,447.073361439119,461.980123668878,476.853182128246,491.693371304003,506.501403062582,521.277880439237,536.023309822274,550.738111713698,565.422630233236,580.077141516602,594.701861142697,609.29695070895,623.862523659726,638.398650459754,652.90536319295,667.382659656791,681.830507013415,696.248845050737,710.637589100061,724.996632650689,739.32584969689,753.625096848097,767.89421522931,782.133032195332,796.341362879528,810.519011595261,824.665773105962,838.781433777859,852.86577262774,866.918562276648,880.939569819155,894.928557616735,908.885284022812,922.809504046164,936.700969958666,950.55943185267,964.384638152747,978.17633608602,991.934272114848,1005.65819233525,1019.34784284409,1033.00297007774,1046.62332112465,1060.20864401403,1073.75868798268,1087.27320372159,1100.75194360415,1114.19466189724,1127.60111495663,1140.97106140781,1154.30426231345,1167.60048132835,1180.8594848429,1194.08104211576,1207.26492539664,1220.41091003969,1233.51877460835,1246.58830097201,1259.61927439519,1272.61148361959,1285.56472093952,1298.47878227118,1311.35346721596,1324.18857911839,1336.98392511884,1349.73931620136,1362.45456723695,1375.12949702243,1387.76392831531,1400.3576878647,1412.91060643852,1425.42251884739,1437.89326396501,1450.32268474557,1462.7106282381,1475.05694559804,1487.36149209609,1499.62412712454,1511.84471420112,1524.02312097055,1536.15921920392,1548.25288479591,1560.30399776,1572.31244222185,1584.2781064107,1596.20088264919,1608.08066734141,1619.91736095937,1631.71086802801,1643.46109710865,1655.16796078123,1666.83137562501,1678.4512621982,1690.0275450163,1701.56015252926,1713.04901709759,1724.49407496747,1735.89526624474,1747.25253486805,1758.56582858105,1769.83509890374,1781.06030110299,1792.2413941623,1803.37834075077,1814.47110719147,1825.519663429,1836.52398299658,1847.4840429824,1858.39982399554,1869.27131013122,1880.09848893569,1890.88135137056,1901.61989177671,1912.31410783782,1922.96400054347,1933.56957415191,1944.13083615254,1954.64779722796,1965.1204712159,1975.54887507075,1985.93302882496,1996.27295555015,2006.56868131811,2016.82023516153,2027.02764903469,2037.19095777392,2047.31019905802,2057.38541336859,2067.4166439502,2077.40393677063,2087.34734048098,2097.24690637578,2107.10268835313,2116.91474287479,2126.68312892634,2136.40790797737,2146.08914394173,2155.72690313779,2165.32125424889,2174.87226828378,2184.38001853721,2193.84458055066,2203.26603207316,2212.64445302225,2221.97992544514,2231.27253347996,2240.52236331727,2249.72950316166,2258.89404319361,2268.01607553152,2277.09569419394,2286.13299506207,2295.1280758424,2304.08103602965,2312.99197686994,2321.86100132419,2330.68821403177,2339.47372127444,2348.21763094052,2356.92005248938,2365.58109691613,2374.20087671669,2382.77950585309,2391.31709971906,2399.81377510593,2408.26965016886,2416.68484439333,2425.05947856195,2433.39367472162,2441.68755615097
Alt_900,NaN,NaN,NaN,NaN,NaN,NaN,NaN,NaN,NaN,412.470403183205,427.297995914562,442.090168707834,456.848067816197,471.572684244291,486.264871076363,500.925358878962,515.554769355263,530.153627430494,544.72237194078,559.261365085584,573.77090078952,588.251212104421,602.702477767996,617.124828021812,631.518349778924,645.883091220296,660.219065889226,674.526256344238,688.804617423218,703.054079164849,717.27454942758,731.465916241247,745.628049922055,759.760804977797,773.864021826839,787.937528351506,801.981141303991,815.994667580714,829.977905379146,843.930645249466,857.852671051958,871.743760829789,885.60368760571,899.432220110245,913.22912344809,926.994159708695,940.727088526344,954.427667594478,968.095653138497,981.730800350807,995.332863791532,1008.90159775789,1022.43675662501,1035.93809516055,1049.40536881547,1062.83833399275,1076.23674829607,1089.60037075986,1102.92896206232,1116.22228472275,1129.48010328426,1142.70218448311,1155.88829740555,1169.03821363317,1182.15170737754,1195.22855560479,1208.26853815108,1221.27143782927,1234.23704052764,1247.16513530101,1260.0555144548,1272.90797362255,1285.72231183719,1298.4983315965,1311.23583892314,1323.93464341949,1336.59455831766,1349.21540052498,1361.79699066511,1374.33915311511,1386.84171603868,1399.3045114157,1411.72737506838,1424.11014668408,1436.45266983508,1448.75479199538,1461.01636455463,1473.23724282956,1485.41728607267,1497.5563574787,1509.65432418867,1521.71105729179,1533.72643182527,1545.70032677215,1557.63262505719,1569.52321354103,1581.37198301252,1593.17882817947,1604.94364765782,1616.66634395924,1628.34682347735,1639.98499647257,1651.58077705559,1663.13408316969,1674.64483657172,1686.11296281208,1697.53839121352,1708.9210548489,1720.26089051801,1731.55783872336,1742.81184364511,1754.02285311518,1765.19081859041,1776.31569512509,1787.39744134261,1798.4360194065,1809.43139499074,1820.38353724948,1831.29241878606,1842.1580156216,1852.98030716293,1863.75927617005,1874.49490872312,1885.18719418896,1895.8361251872,1906.44169755591,1917.00391031697,1927.52276564105,1937.99826881223,1948.43042819238,1958.8192551852,1969.16476420009,1979.46697261569,1989.72590074329,1999.94157178999,2010.11401182169,2020.24324972601,2030.32931717496,2040.37224858755,2050.37208109233,2060.3288544898,2070.24261121479,2080.11339629873,2089.941257332,2099.72624442616,2109.46841017621,2119.1678096229,2128.82450021498,2138.43854177161,2148.00999644468,2157.53892868134,2167.02540518648,2176.46949488539,2185.87126888648,2195.2308004441,2204.54816492152,2213.82343975401,2223.05670441209,2232.2480403649,2241.39753104375,2250.50526180587,2259.57131989825,2268.5957944218,2277.57877629555,2286.52035822121,2295.42063464781,2304.27970173664,2313.0976573264,2321.87460089853,2330.61063354283,2339.30585792334,2347.9603782444,2356.57430021701,2365.14773102545,2373.68077929417,2382.17355505489,2390.62616971408,2399.03873602061,2407.41136803374,2415.7441810914,2424.03729177875
Alt_910,NaN,NaN,NaN,NaN,NaN,NaN,NaN,NaN,NaN,407.8853240257,422.566431273728,437.212485517091,451.824649790772,466.403932480857,480.951204396067,495.467213979956,509.95260082425,524.407907650401,538.83359092244,553.230030244345,567.597536682534,581.936360140402,596.246695898287,610.528690419372,624.782446510125,639.008027913151,653.205463400697,667.374750428518,681.515858402335,695.628731602525,709.713291806952,723.769440646819,737.797061726092,751.796022531226,765.766176154641,779.707362852512,793.619411454961,807.502140644526,821.355360116941,835.17887163655,848.972469997282,862.73594389883,876.469076746566,890.17164738279,903.843430756025,917.484198534347,931.093719668085,944.671760906638,958.218087273653,971.732462504366,985.214649448495,998.664410441743,1012.08150764864,1025.46570337917,1038.81676038145,1052.13444211239,1065.41851298816,1078.6687386161,1091.88488600956,1105.06672378701,1118.21402235647,1131.32655408671,1144.4040934658,1157.44641724823,1170.45330459133,1183.42453718167,1196.35989935226,1209.25917819108,1222.1221636416,1234.94864859573,1247.7384289798,1260.49130383391,1273.20707538511,1285.88554911481,1298.52653382076,1311.12984167386,1323.69528827021,1336.22269267857,1348.71187748357,1361.16266882486,1373.57489643245,1385.94839365838,1398.28299750504,1410.5785486502,1422.83489146893,1435.05187405265,1447.22934822541,1459.36716955743,1471.46519737627,1483.5232947755,1495.54132862115,1507.51916955593,1519.45669200151,1531.35377415863,1543.21029800555,1555.0261492945,1566.80121754659,1578.53539604492,1590.22858182628,1601.88067567124,1613.49158209283,1625.06120932395,1636.58946930331,1648.07627766029,1659.52155369846,1670.92522037811,1682.28720429754,1693.6074356734,1704.88584832006,1716.12237962792,1727.31697054093,1738.46956553318,1749.58011258467,1760.64856315635,1771.67487216429,1782.6589979533,1793.60090226972,1804.50055023366,1815.3579103106,1826.17295428239,1836.94565721771,1847.67599744202,1858.36395650705,1869.00951915969,1879.61267331063,1890.17341000242,1900.69172337727,1911.16761064438,1921.60107204702,1931.9921108292,1942.34073320217,1952.6469483105,1962.91076819804,1973.13220777356,1983.31128477623,1993.44801974084,2003.54243596297,2013.59455946387,2023.60441895529,2033.57204580413,2043.49747399705,2053.38074010494,2063.22188324737,2073.0209450569,2082.77796964342,2092.49300355849,2102.16609575954,2111.79729757421,2121.38666266463,2130.93424699172,2140.44010877958,2149.90430847988,2159.32690873635,2168.7079743493,2178.04757224028,2187.34577141679,2196.60264293713,2205.81825987532,2214.9926972862,2224.12603217061,2233.21834344077,2242.26971188576,2251.28022013719,2260.24995263502,2269.17899559358,2278.06743696774,2286.91536641931,2295.72287528359,2304.49005653617,2313.21700475991,2321.90381611214,2330.55058829209,2339.15742050856,2347.72441344777,2356.25166924152,2364.73929143553,2373.18738495808,2381.59605608885,2389.96541242805,2398.29556286581,2406.58661755181
Alt_920,NaN,NaN,NaN,NaN,NaN,NaN,NaN,NaN,NaN,403.396282963374,417.933972353281,432.436958709406,446.906420882649,461.343383739915,475.748734970115,490.123240098526,504.467555853051,518.782242036868,533.067772061113,547.324542283722,561.552880289716,575.753052235814,589.925269369716,604.069693822251,618.186443759239,632.275597969608,646.337199956987,660.371261593733,674.377766389015,688.356672416173,702.307914938909,716.231408770964,730.127050399614,743.994719899606,757.834282660862,771.645590950448,785.428485326853,799.182795922406,812.908343607852,826.604941051399,840.272393683153,853.910500574579,867.519055241549,881.097846378545,894.646658530764,908.165272710123,921.653466960486,935.1110168769,948.537696083078,961.933276670937,975.297529605613,988.630225098988,1001.9311329545,1015.20002288568,1028.43666481067,1041.64082912464,1054.8122869521,1067.95081038051,1081.05617267679,1094.12814848813,1107.16651402814,1120.17104724963,1133.1415280049,1146.07773819444,1158.97946190505,1171.84648553789,1184.67859792736,1197.47559045128,1210.23725713314,1222.96339473675,1235.65380285393,1248.3082839856,1260.92664361678,1273.50869028572,1286.0542356477,1298.56309453371,1311.03508500431,1323.47002839899,1335.86774938126,1348.22807597976,1360.55083962549,1372.83587518553,1385.08302099329,1397.29211887559,1409.46301417663,1421.5955557791,1433.68959612251,1445.74499121893,1457.76160066621,1469.73928765883,1481.67791899654,1493.57736509075,1505.43749996902,1517.25820127745,1529.03935028126,1540.78083186365,1552.48253452285,1564.14435036763,1575.7661751112,1587.34790806369,1598.88945212316,1610.39071376529,1621.8516030317,1633.27203351716,1644.6519223555,1655.99119020445,1667.28976122932,1678.5475630858,1689.76452690155,1700.94058725705,1712.07568216543,1723.16975305142,1734.22274472958,1745.23460538165,1756.20528653316,1767.13474302939,1778.02293301053,1788.86981788632,1799.67536230998,1810.43953415157,1821.16230447084,1831.84364748946,1842.48354056286,1853.08196415149,1863.63890179165,1874.15434006601,1884.62826857353,1895.06067989919,1905.45156958325,1915.80093609023,1926.10878077755,1936.37510786394,1946.59992439748,1956.78324022349,1966.92506795216,1977.02542292594,1987.08432318676,1997.10178944311,2007.07784503688,2017.01251591014,2026.90583057177,2036.75782006395,2046.56851792863,2056.33796017381,2066.06618523989,2075.75323396585,2085.39914955549,2095.00397754356,2104.56776576199,2114.09056430599,2123.57242550026,2133.01340386524,2142.4135560833,2151.77294096505,2161.09161941574,2170.36965440164,2179.60711091659,2188.80405594855,2197.96055844637,2207.07668928652,2216.15252124008,2225.18812893976,2234.18358884709,2243.13897921977,2252.05438007911,2260.92987317773,2269.76554196728,2278.56147156648,2287.31774872925,2296.03446181304,2304.71170074736,2313.34955700251,2321.94812355847,2330.50749487411,2339.02776685644,2347.50903683025,2355.95140350785,2364.35496695909,2372.71982858161,2381.04609107133,2389.33385839314
Alt_930,NaN,NaN,NaN,NaN,NaN,NaN,NaN,NaN,NaN,NaN,413.397499228542,427.760375478893,442.09007646916,456.387642674542,470.653977847057,484.889863824774,499.095973744968,513.272883802867,527.421083700003,541.54098592109,555.632933969223,569.69720967818,583.734039709026,597.743601326834,611.726027542575,625.681411695324,639.609811540965,653.511252905539,667.385732954262,681.233223120964,695.05367173714,708.847006395023,722.613136074801,736.35195306245,750.063334681402,763.747144858477,777.403235542038,791.031447988199,804.631613929044,818.203556635175,831.747091883485,845.262028839811,858.748170864999,872.205316251986,885.633258900626,899.031788936286,912.400693277537,925.739756157722,939.048759604672,952.327483882377,965.57570789804,978.793209577565,991.979766212247,1005.13515477914,1018.25915223733,1031.35153580212,1044.41208319895,1057.44057289867,1070.43678433574,1083.40049811051,1096.33149617706,1109.22956201748,1122.09448080371,1134.92603954785,1147.72402724176,1160.4882349867,1173.21845611376,1185.91448629562,1198.57612365033,1211.2031688376,1223.79542514807,1236.35269858601,1248.87479794597,1261.36153488355,1273.8127239809,1286.22818280705,1298.60773197351,1310.95119518538,1323.25839928818,1335.52917431073,1347.7633535042,1359.96077337765,1372.12127373012,1384.24469767957,1396.33089168879,1408.37970558837,1420.39099259698,1432.36460933906,1444.30041586005,1456.19827563918,1468.05805560016,1479.87962611961,1491.66286103357,1503.40763764197,1515.11383671133,1526.78134247567,1538.41004263568,1549.99982835639,1561.55059426323,1573.06223843658,1584.53466240503,1595.96777113719,1607.36147303227,1618.71567990941,1630.03030699582,1641.30527291383,1652.54049966683,1663.73591262421,1674.89144050524,1686.00701536213,1697.08257256208,1708.11805076851,1719.11339192145,1730.0685412172,1740.98344708712,1751.85806117585,1762.6923383187,1773.4862365185,1784.23971692174,1794.95274379421,1805.62528449599,1816.2573094559,1826.84879214557,1837.39970905283,1847.91003965481,1858.37976639052,1868.808874633,1879.1973526612,1889.54519163133,1899.85238554799,1910.11893123496,1920.34482830563,1930.53007913317,1940.67468882052,1950.77866516998,1960.84201865274,1970.86476237805,1980.84691206234,1990.78848599803,2000.68950502231,2010.54999248567,2020.36997422037,2030.1494785088,2039.88853605167,2049.58717993619,2059.2454456042,2068.86337082012,2078.44099563902,2087.97836237452,2097.47551556676,2106.93250195032,2116.34937042218,2125.72617200962,2135.06295983829,2144.35978910015,2153.61671702157,2162.83380283145,2172.01110772943,2181.14869485413,2190.24662925153,2199.30497784339,2208.32380939586,2217.30319448805,2226.24320548092,2235.1439164861,2244.00540333497,2252.82774354787,2261.61101630337,2270.3553024078,2279.06068426488,2287.72724584556,2296.35507265795,2304.94425171756,2313.49487151756,2322.00702199941,2330.48079452353,2338.91628184025,2347.31357806094,2355.67277862937,2363.99398029323,2372.27728107595
Alt_940,NaN,NaN,NaN,NaN,NaN,NaN,NaN,NaN,NaN,NaN,408.954021474689,423.179656144675,437.372448612448,451.533454115633,465.663591678042,479.763658706582,493.834344045326,507.876239615394,521.889850774852,535.875605530187,549.833862723561,563.764919310415,577.669016831401,591.546347172,605.397057693048,619.221255805849,633.019013057004,646.790368780252,660.535333365719,674.253891190832,687.946003251743,701.611609529361,715.25063111993,728.862972156446,742.448521544032,756.007154529593,769.538734123663,783.043112390228,796.520131618436,809.969625388519,823.391419542793,836.785333071384,850.151178921231,863.488764735947,876.797893533302,890.078364326317,903.329972693351,916.552511301939,929.745770390667,942.909538212909,956.043601445845,969.147745567852,982.221755207008,995.265414463211,1008.27850720615,1021.26081735113,1034.21212911461,1047.13222725104,1060.02089727256,1072.87792565289,1085.70310001652,1098.49620931458,1111.25704398809,1123.98539611975,1136.68105957496,1149.34383013296,1161.97350560868,1174.56988596596,1187.13277342284,1199.66197254928,1212.15729035792,1224.61853638833,1237.04552278513,1249.43806437031,1261.7959787103,1274.11908617783,1286.40721000915,1298.66017635672,1310.87781433772,1323.05995607848,1335.20643675533,1347.31709463168,1359.39177109197,1371.43031067223,1383.43256108777,1395.39837325793,1407.32760132817,1419.22010268955,1431.07573799576,1442.89437117783,1454.67586945663,1466.42010335322,1478.12694669724,1489.79627663331,1501.42797362566,1513.02192146101,1524.57800724971,1536.09612142535,1547.57615774283,1559.01801327498,1570.42158840772,1581.78678683401,1593.11351554639,1604.40168482842,1615.65120824482,1626.86200263063,1638.03398807921,1649.16708792921,1660.26122875064,1671.31634032988,1682.33235565392,1693.30921089366,1704.24684538639,1715.14520161751,1726.00422520149,1736.82386486211,1747.604072412,1758.34480273153,1769.04601374713,1779.70766640888,1790.32972466769,1800.91215545181,1811.4549286429,1821.95801705159,1832.42139639253,1842.8450452591,1853.22894509755,1863.57308018093,1873.87743758246,1884.14200714869,1894.36678147221,1904.55175586416,1914.69692832636,1924.80229952319,1934.86787275322,1944.8936539206,1954.87965150622,1964.82587653866,1974.73234256497,1984.59906562126,1994.42606420312,2004.21335923594,2013.96097404505,2023.66893432576,2033.33726811335,2042.96600575289,2052.55517986904,2062.10482533577,2071.61497924603,2081.0856808814,2090.5169716817,2099.90889521455,2109.26149714503,2118.57482520519,2127.84892916376,2137.0838607957,2146.27967385197,2155.43642402919,2164.55416893943,2173.6329680801,2182.67288280381,2191.67397628843,2200.63631350712,2209.55996119857,2218.44498783723,2227.29146360379,2236.09946035565,2244.86905159757,2253.60031245248,2262.29331963237,2270.94815140938,2279.564887587,2288.14360947143,2296.68439984315,2305.18734292859,2313.65252437204,2322.08003120764,2330.46995183168,2338.82237597498,2347.13739467551,2355.4151002512
Alt_950,NaN,NaN,NaN,NaN,NaN,NaN,NaN,NaN,NaN,NaN,404.600671550463,418.691847363676,432.750499105905,446.777695956634,460.774371444603,474.74133782528,488.679298969936,502.588861881733,516.470546963074,530.324797158258,544.151986089941,557.95242529966,571.726370693092,585.474028280919,599.195559296561,612.891084763043,626.56068957294,640.204426137882,653.822317657321,667.414361050331,680.980529588889,694.520775266443,708.035030931481,721.523212212223,734.98521925543,748.420938299559,761.830243100101,775.212996222846,788.569050218939,801.898248694044,815.200427282449,828.475414535774,841.723032734807,854.943098632069,868.135424131865,881.299816913814,894.436081005257,907.544017307298,920.623424078773,933.674097381994,946.69583149367,959.688419284129,972.651652567577,985.585322425908,998.489219508301,1011.36313430864,1024.20685742255,1037.02017978579,1049.80289289536,1062.55478901483,1075.27566136501,1087.96530430112,1100.6235134775,1113.25008600071,1125.84482057198,1138.40751761967,1150.93797942247,1163.43601022403,1175.9014163396,1188.3340062551,1200.73359071934,1213.0999828296,1225.43299811115,1237.73245459109,1249.99817286674,1262.22997616905,1274.42769042125,1286.59114429301,1298.72016925049,1310.81459960232,1322.87427254191,1334.89902818621,1346.88870961111,1358.84316288372,1370.76223709163,1382.64578436931,1394.49365992184,1406.30572204609,1418.08183214946,1429.82185476628,1441.52565757204,1453.19311139553,1464.82409022894,1476.41847123609,1487.97613475885,1499.49696432182,1510.9808466353,1522.42767159675,1533.83733229073,1545.20972498735,1556.54474913936,1567.84230737794,1579.10230550717,1590.32465249738,1601.50926047721,1612.6560447247,1623.76492365717,1634.83581882026,1645.86865487578,1656.86335958885,1667.81986381395,1678.73810148024,1689.61800957602,1700.45952813239,1711.26260020617,1722.02717186214,1732.7531921545,1743.44061310778,1754.08938969707,1764.69947982761,1775.27084431392,1785.80344685824,1796.2972540286,1806.75223523625,1817.16836271274,1827.54561148649,1837.88395935892,1848.18338688019,1858.44387732464,1868.66541666567,1878.84799355053,1888.99159927455,1899.09622775522,1909.16187550592,1919.18854160941,1929.17622769103,1939.12493789169,1949.03467884066,1958.9054596281,1968.73729177746,1978.53018921769,1988.28416825526,1997.99924754608,2007.6754480673,2017.31279308889,2026.91130814527,2036.47102100673,2045.9919616508,2055.47416223362,2064.91765706113,2074.32248256034,2083.68867725049,2093.01628171421,2102.30533856868,2111.55589243678,2120.76798991821,2129.94167956074,2139.07701183131,2148.17403908738,2157.23281554811,2166.25339726576,2175.23584209708,2184.18020967474,2193.08656137892,2201.9549603089,2210.78547125482,2219.57816066944,2228.33309664015,2237.05034886093,2245.72998860453,2254.37208869478,2262.97672347894,2271.54396880031,2280.07390197089,2288.56660174419,2297.02214828828,2305.44062315887,2313.82210927265,2322.16669088077,2330.47445354245,2338.74548409883
Alt_960,NaN,NaN,NaN,NaN,NaN,NaN,NaN,NaN,NaN,NaN,400.334698581267,414.294115752109,428.221312938264,442.117372464526,455.9832416209,469.819746813606,483.627606283309,497.407441492524,511.159787296356,524.88510101293,538.583770506231,552.256121387163,565.902423430155,579.522896293591,593.117714623367,606.687012610306,620.230888064248,633.749406060361,647.242602206728,660.710485576427,674.153041342158,687.570233146914,700.962005240174,714.328284405553,727.668981702775,740.9839940441,754.273205622951,767.536489210448,780.773707333664,793.984713347895,807.16935241376,820.327462388782,833.458874641973,846.563414799012,859.640903424788,872.691156649308,885.713986742342,898.709202641612,911.6766104388,924.616013827223,937.527214514618,950.410012604123,963.264206946237,976.089595464265,988.885975455481,1001.65314387006,1014.39089756962,1027.09903356699,1039.77734924877,1052.42564258198,1065.04371230613,1077.63135811166,1090.18838080597,1102.71458246785,1115.20976659118,1127.67373821867,1140.10630406636,1152.50727263954,1164.87645434061,1177.21366156954,1189.51870881727,1201.79141275267,1214.03159230337,1226.23906873088,1238.41366570035,1250.55520934535,1262.66352832781,1274.73845389369,1286.77981992429,1298.78746298373,1310.76122236269,1322.70094011856,1334.60646111241,1346.47763304265,1358.31430647584,1370.11633487462,1381.883574623,1393.61588504904,1405.31312844517,1416.97517008626,1428.60187824536,1440.19312420752,1451.74878228152,1463.26872980979,1474.75284717643,1486.2010178136,1497.61312820626,1508.98906789527,1520.32872947907,1531.63200861388,1542.89880401256,1554.12901744212,1565.32255372002,1576.47932070922,1587.59922931214,1598.68219346343,1609.72813012178,1620.73695926067,1631.70860385814,1642.64298988563,1653.54004629601,1664.39970501061,1675.2219009056,1686.00657179745,1696.75365842773,1707.46310444715,1718.13485639891,1728.76886370145,1739.36507863047,1749.92345630046,1760.44395464559,1770.92653440006,1781.37115907793,1791.77779495245,1802.14641103495,1812.4769790532,1822.76947342939,1833.02387125773,1843.24015228156,1853.41829887019,1863.55829599534,1873.66013120723,1883.72379461044,1893.74927883936,1903.73657903343,1913.68569281213,1923.59662024966,1933.46936384946,1943.30392851847,1953.1003215412,1962.85855255362,1972.57863351688,1982.26057869088,1991.90440460764,2001.51013004464,2011.07777599796,2020.60736565534,2030.09892436914,2039.55247962925,2048.96806103586,2058.34570027225,2067.68543107749,2076.98728921909,2086.25131246563,2095.47754055943,2104.66601518907,2113.81677996211,2122.92988037762,2132.00536379885,2141.04327942591,2150.04367826845,2159.00661311841,2167.93213852283,2176.82031075666,2185.67118779574,2194.48482928973,2203.26129653526,2212.00065244899,2220.70296154097,2229.3682898879,2237.99670510667,2246.58827632785,2255.14307416946,2263.66117071069,2272.14263946595,2280.58755535882,2288.99599469634,2297.36803514336,2305.703755697,2314.00323666131,2322.26655962212
Alt_970,NaN,NaN,NaN,NaN,NaN,NaN,NaN,NaN,NaN,NaN,NaN,409.98374188742,423.782092146553,437.549607987748,451.287249740649,464.995857285753,478.676162595997,492.328800990651,505.954321205403,519.553194387197,533.125822120615,546.672543587111,560.193641950979,573.689350057679,587.159855521811,600.605305273907,614.025809627655,627.421445922183,640.792261787747,654.13827807749,667.4594915029,680.755877006148,694.027389898532,707.273967790768,720.49553233786,733.691990818556,746.863237567073,760.009155272719,773.129616161204,786.22448306988,799.293610427726,812.336845149696,825.354027453959,838.344991609617,851.30956662166,864.247576859174,877.158842632176,890.043180721882,902.90040486869,915.730326221744,928.532753753512,941.307494642484,954.05435462678,966.773138331162,979.463649569721,992.125691626272,1004.7590675143,1017.36358021812,1029.93903291676,1042.48522919194,1055.00197322137,1067.4890699585,1079.94632529978,1092.3735462403,1104.7705410187,1117.13711925216,1129.47309206204,1141.77827219107,1154.05247411236,1166.29551413107,1178.50721047906,1190.68738340301,1202.83585524654,1214.9524505265,1227.03699600401,1239.08932075048,1251.10925620888,1263.09663625057,1275.05129722804,1286.97307802364,1298.86182009464,1310.71736751476,1322.53956701247,1334.32826800607,1346.08332263584,1357.80458579344,1369.49191514856,1381.14517117312,1392.76421716302,1404.34891925764,1415.89914645718,1427.41477063787,1438.89566656533,1450.34171190595,1461.7527872365,1473.12877605213,1484.46956477258,1495.775042747,1507.04510225716,1518.27963851931,1529.47854968463,1540.64173683844,1551.7691039981,1562.86055810978,1573.91600904401,1584.93536959024,1595.91855545025,1606.86548523063,1617.77608043425,1628.65026545084,1639.48796754668,1650.28911685339,1661.05364635601,1671.78149188022,1682.47259207883,1693.12688841759,1703.74432516025,1714.32484935304,1724.86841080846,1735.37496208852,1745.84445848735,1756.27685801331,1766.67212137054,1777.03021194003,1787.3510957602,1797.63474150703,1807.88112047371,1818.09020654997,1828.26197620092,1838.39640844554,1848.49348483485,1858.5531894297,1868.57550877823,1878.56043189308,1888.50795022827,1898.41805765578,1908.29075044198,1918.12602722367,1927.92388898406,1937.68433902839,1947.40738295943,1957.09302865283,1966.7412862322,1976.35216804412,1985.92568863298,1995.46186471568,2004.96071515619,2014.42226094007,2023.84652514884,2033.23353293427,2042.58331149259,2051.89589003869,2061.17129978018,2070.40957389149,2079.61074748787,2088.77485759943,2097.90194314508,2106.99204490656,2116.04520550238,2125.06146936187,2134.04088269913,2142.98349348711,2151.8893514317,2160.7585079458,2169.59101612352,2178.38693071438,2187.14630809761,2195.86920625653,2204.5556847529,2213.20580470152,2221.81962874479,2230.3972210274,2238.93864717113,2247.44397424977,2255.9132707641,2264.34660661704,2272.74405308887,2281.10568281263,2289.4315697496,2297.72178916495,2305.97641760348
Alt_980,NaN,NaN,NaN,NaN,NaN,NaN,NaN,NaN,NaN,NaN,NaN,405.7581146646,419.430150031348,433.071641034036,446.683560341268,460.266760651609,473.821987052794,487.349888137327,500.851025967906,514.325884993304,527.774880015491,541.19836330469,554.596630952713,567.96992854753,581.31845624425,594.642373300111,607.941802133833,621.216831963041,634.467522067325,647.693904719075,660.895987819258,674.073757270983,687.22717911981,700.356201486381,713.460756313895,726.540760950367,739.596119583249,752.626724541965,765.632457482121,778.61319046359,791.568786933257,804.499102622043,817.403986364699,830.283280849992,843.13682330799,855.964446140512,868.765977500082,881.541241822217,894.290060315343,907.012251412176,919.707631186056,932.376013735307,945.017211538434,957.631035782668,970.217296668113,982.775803689558,995.306365897782,1007.80879214204,1020.28289129521,1032.72847246307,1045.14534517874,1057.53331958373,1069.89220659628,1082.22181806823,1094.52196693106,1106.79246733201,1119.03313476088,1131.24378616831,1143.42424007597,1155.57431667931,1167.69383794339,1179.78262769211,1191.84051169147,1203.86731772701,1215.86287567607,1227.82701757488,1239.75957768108,1251.66039253175,1263.52930099732,1275.36614433154,1287.17076621778,1298.94301281181,1310.68273278134,1322.38977734241,1334.06400029283,1345.70525804287,1357.31340964327,1368.88831681075,1380.42984395114,1391.93785818022,1403.4122293425,1414.85283002781,1426.25953558603,1437.63222413998,1448.97077659644,1460.27507665557,1471.54501081871,1482.78046839452,1493.98134150383,1505.14752508295,1516.27891688564,1527.37541748386,1538.43693026723,1549.4633614413,1560.45462002475,1571.41061784542,1582.33126953539,1593.21649252498,1604.06620703585,1614.88033607316,1625.65880541687,1636.40154361217,1647.10848195914,1657.7795545016,1668.41469801522,1679.01385199497,1689.5769586418,1700.10396284874,1710.59481218635,1721.04945688756,1731.46784983192,1741.84994652935,1752.19570510334,1762.50508627359,1772.77805333827,1783.01457215574,1793.21461112585,1803.37814117085,1813.50513571587,1823.595570669,1833.64942440109,1843.66667772508,1853.64731387511,1863.59131848527,1873.49867956805,1883.36938749256,1893.20343496239,1903.00081699335,1912.76153089085,1922.48557622716,1932.17295481839,1941.82367070132,1951.43773011005,1961.01514145243,1970.55591528644,1980.06006429632,1989.52760326859,1998.95854906805,2008.35292061352,2017.71073885359,2027.03202674223,2036.31680921438,2045.56511316139,2054.77696740648,2063.9524026801,2073.09145159529,2082.19414862295,2091.2605300672,2100.2906340406,2109.28450043943,2118.24217091899,2127.16368886888,2136.04909938829,2144.89844926137,2153.71178693255,2162.48916248199,2171.230627601,2179.93623556758,2188.60604122196,2197.24010094225,2205.83847262014,2214.40121563671,2222.92839083823,2231.4200605122,2239.87628836334,2248.29713948977,2256.68268035924,2265.03297878552,2273.34810390484,2281.62812615253,2289.8731172397
Alt_990,NaN,NaN,NaN,NaN,NaN,NaN,NaN,NaN,NaN,NaN,NaN,401.614725982819,415.162905709795,428.680818693199,442.169449259848,455.629662289426,469.062215385669,482.467769848925,495.846900532938,509.200104678457,522.527809818296,535.830380845855,549.108126333868,562.361304183538,575.590126677133,588.794764999979,601.975353290959,615.131992274204,628.264752518831,641.373677368227,654.458785575632,667.520073678481,680.557518140223,693.571077284938,706.560693047167,719.526292556726,732.467789576019,745.385085805307,758.278072069677,771.146629399824,783.990630017452,796.80993823486,809.604411277219,822.373900035118,835.118249754133,847.837300667434,860.530888576805,873.198845386902,885.840999597028,898.457176754306,911.047199871701,923.610889814001,936.148065654562,948.658545005324,961.14214432239,973.598679189188,986.027964579106,998.429815099236,1010.80404521678,1023.15046946947,1035.46890266127,1047.75916004446,1060.0210574892,1072.25441164144,1084.45904007009,1096.63476140416,1108.78139546074,1120.89876336423,1132.98668765765,1145.04499240648,1157.07350329548,1169.07204771905,1181.04045486552,1192.97855579571,1204.8861835162,1216.7631730476,1228.60936148812,1240.42458807273,1252.20869422817,1263.96152362409,1275.68292222048,1287.37273831161,1299.03082256677,1310.65702806779,1322.25121034377,1333.81322740293,1345.34293976184,1356.84021047222,1368.3049051453,1379.73689197401,1391.13604175288,1402.50222789614,1413.83532645363,1425.13521612505,1436.40177827237,1447.63489693058,1458.83445881681,1470.00035333796,1481.13247259687,1492.23071139702,1503.29496724602,1514.32514035767,1525.32113365293,1536.28285275965,1547.21020601115,1558.10310444382,1568.9614617936,1579.78519449148,1590.57422165812,1601.32846509748,1612.04784928964,1622.73230138273,1633.38175118407,1643.99613115062,1654.57537637856,1665.11942459223,1675.62821613244,1686.10169394402,1696.53980356282,1706.94249310208,1717.30971323827,1727.6414171963,1737.93756073428,1748.19810212772,1758.42300215329,1768.6122240721,1778.76573361251,1788.88349895255,1798.96549070196,1809.01168188377,1819.02204791558,1828.99656659046,1838.93521805755,1848.83798480225,1858.70485162625,1868.53580562715,1878.33083617788,1888.08993490582,1897.81309567175,1907.50031454846,1917.15158979926,1926.76692185619,1936.34631329812,1945.88976882865,1955.39729525378,1964.86890145953,1974.30459838937,1983.70439902149,1993.06831834602,2002.39637334204,2011.68858295464,2020.94496807172,2030.16555150085,2039.35035794595,2048.49941398404,2057.61274804179,2066.69039037215,2075.73237303084,2084.73872985293,2093.70949642932,2102.6447100832,2111.54440984658,2120.40863643675,2129.23743223283,2138.03084125223,2146.78890912726,2155.51168308167,2164.19921190732,2172.85154594078,2181.46873704012,2190.05083856161,2198.59790533663,2207.10999364854,2215.58716120965,2224.02946713829,2232.43697193598,2240.80973746461,2249.14782692381,2257.45130482835,2265.72023698566,2273.95469047348
Alt_1000,NaN,NaN,NaN,NaN,NaN,NaN,NaN,NaN,NaN,NaN,NaN,NaN,410.977878983748,424.374591381774,437.742298257494,451.081876053093,464.394094307266,477.679626480047,490.939059697021,504.172903497346,517.381597673975,530.565519293316,543.724988977411,556.860276525986,569.97160594926,583.059159975765,596.12308409297,609.163490172417,622.18045972539,635.174046830056,648.144280766321,661.091168390513,674.014696278316,686.914832661069,699.791529177653,712.644722461639,725.474335581068,738.280279346302,751.062453499568,763.820747798328,776.555043003209,789.265211780051,801.951119524572,814.612625117204,827.249581614861,839.861836885648,852.449234191886,865.011612726277,877.548808105498,890.060652825108,902.546976679215,915.007607148034,927.442369756131,939.851088403877,952.2335856744,964.589683118072,976.919201516409,989.221961127049,1001.49778191135,1013.74648374593,1025.96788661956,1038.16181081626,1050.328077086,1062.46650680363,1074.57692211709,1086.65914608562,1098.71300280866,1110.73831754618,1122.73491683098,1134.70262857346,1146.64128215952,1158.55070854188,1170.43074032537,1182.28121184653,1194.10195924789,1205.8928205472,1217.65363570211,1229.38424667031,1241.08449746563,1252.7542342102,1264.39330518298,1276.00156086477,1287.57885398002,1299.12503953552,1310.63997485618,1322.12351961804,1333.57553587866,1344.99588810507,1356.3844431993,1367.74107052173,1379.06564191226,1390.35803170953,1401.61811676815,1412.84577647412,1424.04089275854,1435.20335010958,1446.3330355829,1457.4298388106,1468.49365200862,1479.52436998284,1490.52189013378,1501.48611246012,1512.41693956093,1523.31427663677,1534.17803148964,1545.00811452197,1555.80443873441,1566.56691972284,1577.29547567425,1587.99002736187,1598.65049813933,1609.27681393406,1619.86890323984,1630.42669710862,1640.95012914158,1651.43913547953,1661.89365479255,1672.3136282691,1682.69899960438,1693.04971498819,1703.36572309216,1713.64697505647,1723.89342447601,1734.10502738604,1744.2817422474,1754.42352993122,1764.53035370318,1774.60217920737,1784.63897444978,1794.64070978128,1804.60735788036,1814.53889373547,1824.43529462698,1834.29654010887,1844.12261199012,1853.91349431575,1863.66917334763,1873.38963754506,1883.074877545,1892.72488614214,1902.33965826878,1911.91919097438,1921.46348340503,1930.97253678269,1940.44635438423,1949.88494152036,1959.28830551438,1968.65645568078,1977.98940330373,1987.28716161547,1996.5497457745,2005.77717284382,2014.96946176893,2024.12663335585,2033.24871024899,2042.33571690908,2051.38767959086,2060.40462632092,2069.38658687536,2078.33359275748,2087.24567717542,2096.12287501986,2104.96522284157,2113.77275882911,2122.54552278645,2131.28355611058,2139.98690176926,2148.65560427863,2157.28970968101,2165.8892655226,2174.45432083135,2182.98492609476,2191.48113323783,2199.94299560103,2208.3705679183,2216.7639062952,2225.12306818706,2233.44811237724,2241.73909895551,2249.99608929643,2258.21914603791
