Row,Diam_20,Diam_21,Diam_22,Diam_23,Diam_24,Diam_25,Diam_26,Diam_27,Diam_28,Diam_29,Diam_30,Diam_31,Diam_32,Diam_33,Diam_34,Diam_35,Diam_36,Diam_37,Diam_38,Diam_39,Diam_40,Diam_41,Diam_42,Diam_43,Diam_44,Diam_45,Diam_46,Diam_47,Diam_48,Diam_49,Diam_50,Diam_51,Diam_52,Diam_53,Diam_54,Diam_55,Diam_56,Diam_57,Diam_58,Diam_59,Diam_60,Diam_61,Diam_62,Diam_63,Diam_64,Diam_65,Diam_66,Diam_67,Diam_68,Diam_69,Diam_70,Diam_71,Diam_72,Diam_73,Diam_74,Diam_75,Diam_76,Diam_77,Diam_78,Diam_79,Diam_80,Diam_81,Diam_82,Diam_83,Diam_84,Diam_85,Diam_86,Diam_87,Diam_88,Diam_89,Diam_90,Diam_91,Diam_92,Diam_93,Diam_94,Diam_95,Diam_96,Diam_97,Diam_98,Diam_99,Diam_100,Diam_101,Diam_102,Diam_103,Diam_104,Diam_105,Diam_106,Diam_107,Diam_108,Diam_109,Diam_110,Diam_111,Diam_112,Diam_113,Diam_114,Diam_115,Diam_116,Diam_117,Diam_118,Diam_119,Diam_120,Diam_121,Diam_122,Diam_123,Diam_124,Diam_125,Diam_126,Diam_127,Diam_128,Diam_129,Diam_130,Diam_131,Diam_132,Diam_133,Diam_134,Diam_135,Diam_136,Diam_137,Diam_138,Diam_139,Diam_140,Diam_141,Diam_142,Diam_143,Diam_144,Diam_145,Diam_146,Diam_147,Diam_148,Diam_149,Diam_150,Diam_151,Diam_152,Diam_153,Diam_154,Diam_155,Diam_156,Diam_157,Diam_158,Diam_159,Diam_160,Diam_161,Diam_162,Diam_163,Diam_164,Diam_165,Diam_166,Diam_167,Diam_168,Diam_169,Diam_170,Diam_171,Diam_172,Diam_173,Diam_174,Diam_175,Diam_176,Diam_177,Diam_178,Diam_179,Diam_180,Diam_181,Diam_182,Diam_183,Diam_184,Diam_185,Diam_186,Diam_187,Diam_188,Diam_189,Diam_190,Diam_191,Diam_192,Diam_193,Diam_194,Diam_195,Diam_196,Diam_197,Diam_198,Diam_199,Diam_200
Alt_200,1085.73103841293,1135.59537758289,1184.79899748911,1233.32844573831,1281.17142839635,1328.31686677053,1374.75493075583,1420.47705360613,1465.47593181772,1509.74551298625,1553.28097390517,1596.07869074096,1638.13620279781,1679.45217113819,1720.02633313453,1759.85945387398,1798.95327521351,1837.31046317824,1874.93455430697,1911.82990147161,1948.00161962959,1983.45553190742,2018.19811635953,2052.23645369727,2085.57817623853,2118.23141828793,2150.20476812086,2181.50722171148,2212.1481383147,2242.137197985,2271.48436109089,2300.1998298621,2328.29401198728,2355.77748626354,2382.66097028396,2408.95529013699,2434.67135208038,2459.82011614339,2484.41257160335,2508.45971427623,2531.97252555629,2554.96195313584,2577.43889333325,2599.41417495601,2620.8985446239,2641.90265347746,2662.43704519696,2682.51214525798,2702.13825135068,2721.32552489169,2740.08398355921,2758.42349478414,2776.35377013242,2793.88436051601,2811.02465217291,2827.78386335877,2844.17104169585,2860.19506212737,2875.86462542822,2891.18825722566,2906.17430748613,2920.83095042707,2935.16618481483,2949.18783461264,2962.90354994436,2976.32080834256,2989.44691625118,3002.28901075533,3014.85406151261,3027.14887286236,3039.18008609077,3050.9541818317,3062.4774825844,3073.75615533108,3084.79621423837,3095.60352342822,3106.18379980499,3116.5426159266,3126.68540290864,3136.61745335137,3146.34392428065,3155.86984009423,3165.2000955063,3174.33945848329,3183.29257316511,3192.0639627663,3200.65803245239,3209.07907218719,3217.3312595472,3225.41866250003,3233.34524214371,3241.11485540461,3248.73125769182,3256.19810550605,3263.51895900172,3270.69728450096,3277.73645695845,3284.6397623764,3291.4104001692,3298.05148547712,3304.56605142917,3310.9570513547,3317.22736094415,3323.37978035888,3329.41703629051,3335.3417839701,3341.15660912772,3346.86402990282,3352.46649870614,3357.96640403381,3363.36607223425,3368.66776922877,3373.87370218655,3378.98602115491,3384.00682064564,3388.93814117834,3393.78197078154,3398.54024645262,3403.21485557733,3407.80763730988,3412.32038391447,3416.75484206917,3421.1127141331,3425.39565937773,3429.60529518325,3433.74319820093,3437.81090548222,3441.80991557553,3445.74168959164,3449.60765223834,3453.40919282539,3457.14766624038,3460.82439389644,3464.44066465254,3467.99773570714,3471.49683346585,3474.93915438403,3478.32586578488,3481.65810665376,3484.93698840943,3488.16359565296,3491.33898689476,3494.46419526058,3497.54022917702,3500.568073037,3503.5486878461,3506.48301185002,3509.3719611439,3512.21643026397,3515.01729276214,3517.77540176384,3520.49159050991,3523.16667288272,3525.80144391719,3528.39668029708,3530.95314083701,3533.47156695063,3535.95268310539,3538.39719726424,3540.80580131478,3543.17917148606,3545.51796875357,3547.82283923273,3550.09441456107,3552.33331226978,3554.54013614452,3556.71547657623,3558.85991090193,3560.97400373595,3563.0583072919,3565.11336169559,3567.13969528916,3569.13782492675,3571.108256262,3573.05148402741,3574.96799230607,3576.85825479587,3578.72273506632,3580.56188680835,3582.37615407732,3584.16597152918
Alt_210,1038.0384443924,1086.14741551467,1133.67005343735,1180.59378299832,1226.90690770044,1272.59867945749,1317.65934545526,1362.08017694647,1405.85348359355,1448.9726161271,1491.43195948295,1533.2269181424,1574.35389507692,1614.81026545546,1654.59434608684,1693.70536142443,1732.14340684439,1769.9094098145,1807.00508949169,1843.43291522015,1879.19606434381,1914.29837969664,1948.74432708942,1982.53895307108,2015.68784320652,2048.19708107963,2080.07320820021,2111.32318496579,2141.95435280471,2171.97439760344,2201.39131450089,2230.21337411336,2258.44909023692,2286.10718905888,2313.19657989628,2339.72632746739,2365.70562569152,2391.14377300318,2416.05014915851,2440.43419350519,2464.30538468087,2487.6732217006,2510.54720638968,2532.93682711485,2554.85154376491,2576.30077392927,2597.29388022248,2617.84015870133,2637.94882832155,2657.62902138064,2676.88977489426,2695.74002285424,2714.18858931711,2732.24418227368,2749.915388251,2767.21066760024,2784.13835042502,2800.7066331069,2816.92357538623,2832.79709795858,2848.33498054861,2863.5448604252,2878.43423132339,2893.01044274068,2907.28069957665,2921.25206208699,2934.93144612442,2948.32562364086,2961.44122342642,2974.2847320629,2986.86249507024,2999.18071822633,3011.24546904173,3023.06267837195,3034.63814215147,3045.97752323462,3057.08635332957,3067.9700350128,3078.6338438122,3089.08293034811,3099.32232252229,3109.35692774569,3119.19153519664,3128.8308181018,3138.27933603281,3147.54153721246,3156.62176082419,3165.52423932016,3174.25310072265,3182.81237091486,3191.20597591704,3199.43774414461,3207.51140864509,3215.43060931123,3223.19889506778,3230.81972602983,3238.29647563096,3245.63243271937,3252.83080362088,3259.89471416735,3266.8272116898,3273.63126697526,3280.30977618673,3286.86556274582,3293.30137917769,3299.61990891795,3305.82376808152,3311.91550719337,3317.8976128811,3323.77250952971,3329.54256089852,3335.21007170067,3340.77728914554,3346.24640444434,3351.61955427945,3356.8988222378,3362.08624020902,3367.18378974867,3372.19340340718,3377.11696602519,3381.95631599564,3386.71324649348,3391.38950667347,3395.98680283668,3400.50679956646,3404.95112083438,3409.32135107689,3413.61903624324,3417.84568481548,3422.00276880092,3426.09172469796,3430.11395443575,3434.07082628836,3437.96367576411,3441.79380647063,3445.56249095626,3449.27097152846,3452.92046104971,3456.51214371159,3460.04717578747,3463.52668636455,3466.95177805568,3470.32352769145,3473.64298699325,3476.91118322768,3480.12911984283,3483.29777708698,3486.41811261013,3489.49106204895,3492.51753959544,3495.49843854993,3498.4346318587,3501.32697263676,3504.17629467619,3506.98341294039,3509.74912404466,3512.47420672358,3515.15942228541,3517.80551505403,3520.41321279868,3522.98322715184,3525.5162540157,3528.01297395742,3530.47405259353,3532.90014096389,3535.29187589529,3537.64988035522,3539.97476379599,3542.26712248937,3544.52753985227,3546.75658676345,3548.95482187173,3551.12279189582,3553.26103191606,3555.37006565825,3557.45040576991,3559.50255408903,3561.52700190569,3563.52423021661,3565.49470997292,3567.43890232131
Alt_220,994.186596903668,1040.6363710675,1086.56331705813,1131.95582644239,1176.80293892255,1221.09442138755,1264.820824473,1307.97352145279,1350.5447330509,1392.52754089391,1433.91589170624,1474.70459390229,1514.88930790189,1554.46653125088,1593.43357944414,1631.78856320597,1669.53036287144,1706.65860042349,1743.17360966782,1779.07640496783,1814.36864891087,1849.05261923324,1883.13117529329,1916.60772434804,1949.48618785837,1981.77096802068,2013.46691469773,2044.57929289896,2075.11375093972,2105.07628938982,2134.47323090439,2163.3111910141,2191.59704993729,2219.33792546327,2246.54114694402,2273.21423042066,2299.36485490143,2325.00083979886,2350.1301235265,2374.7607432483,2398.90081576798,2422.55851954041,2445.74207778264,2468.45974265815,2490.71978050511,2512.53045807645,2533.90002975759,2554.83672572617,2575.34874101661,2595.44422545175,2615.13127440338,2634.41792034288,2653.31212514372,2671.82177309762,2689.95466460666,2707.71851051439,2725.12092703972,2742.16943127831,2758.87143723722,2775.23425236964,2791.26507457777,2806.97098965297,2822.35896912364,2837.43586848265,2852.2084257671,2866.68326046475,2880.86687272263,2894.76564283439,2908.38583098457,2921.73357722863,2934.8149016893,2947.63570495046,2960.20176863118,2972.51875612336,2984.59221347773,2996.42757042345,3008.03014150815,3019.40512734538,3030.55761595806,3041.49258420662,3052.21489929182,3062.72932032268,3073.04049994074,3083.15298599246,3093.07122324231,3102.7995551195,3112.34222549197,3121.70338046184,3130.88707017669,3139.89725065196,3148.73778559975,3157.4124482599,3165.9249232297,3174.27880828863,3182.47761621515,3190.52477659266,3198.42363760216,3206.1774677993,3213.78945787379,3221.26272238942,3228.60030150301,3235.80516266098,3242.88020227224,3249.8282473563,3256.65205716586,3263.35432478287,3269.93767868755,3276.40468429987,3282.7578454929,3288.9996060779,3295.13235126072,3301.15840906953,3307.08005175368,3312.89949715364,3318.61891004226,3324.24040343718,3329.7660398848,3335.19783271577,3340.53774727246,3345.78770210844,3350.94957016051,3356.02517989339,3361.01631641766,3365.92472258104,3370.75210003367,3375.50011026763,3380.17037563124,3384.7644803184,3389.28397133368,3393.73035943332,3398.10512004285,3402.40969415158,3406.64548918459,3410.8138798526,3414.91620898021,3418.95378831294,3422.9278993036,3426.83979387839,3430.69069518328,3434.48179831093,3438.21427100886,3441.8892543691,3445.50786349991,3449.07118817989,3452.58029349496,3456.03622045865,3459.4399866161,3462.79258663212,3466.09499286383,3469.34815591815,3472.5530051946,3475.71044941375,3478.82137713178,3481.8866572413,3484.90713945911,3487.88365480086,3490.81701604335,3493.70801817446,3496.55743883127,3499.36603872651,3502.13456206386,3504.86373694214,3507.55427574894,3510.20687554379,3512.82221843125,3515.40097192417,3517.94378929734,3520.45130993194,3522.92415965076,3525.36295104481,3527.76828379121,3530.14074496279,3532.48090932965,3534.78933965275,3537.06658696985,3539.31319087401,3541.52967978487,3543.71657121278,3545.87437201615,3548.00357865208,3550.10467742057
Alt_230,953.745350990967,998.628405175025,1043.04307350942,1086.9787443077,1130.4252633677,1173.37301983667,1215.81300983945,1257.73688272421,1299.13697351949,1340.00632430736,1380.33869658419,1420.12857622247,1459.37117231244,1498.06241091399,1536.19892456319,1573.77803823547,1610.79775235788,1647.25672337617,1683.15424231385,1718.49021170338,1753.26512122389,1787.4800223397,1821.1365022009,1854.23665703734,1886.78306525184,1918.77876039521,1950.22720418465,1981.13225970848,2011.49816494255,2041.32950668825,2070.63119502691,2099.40843837267,2127.66671919306,2155.41177045553,2182.6495528477,2209.38623280967,2235.62816140799,2261.38185407317,2286.65397121553,2311.45129972742,2335.7807353748,2359.64926607526,2383.06395605574,2406.03193087884,2428.5603633232,2450.65646010071,2472.32744939037,2493.580569167,2514.42305630064,2534.86213640172,2554.90501438538,2574.55886572798,2593.83082838795,2612.72799536291,2631.25740785483,2649.4260490151,2667.24083824134,2684.7086259985,2701.83618913674,2718.63022667961,2735.09735605625,2751.24410975246,2767.07693235571,2782.60217797048,2797.82610798083,2812.75488913805,2827.39459195206,2841.75118936632,2855.83055569646,2869.63846581436,2883.1805945596,2896.46251636158,2909.48970505623,2922.2675338821,2934.80127564146,2947.09610301274,2959.15708900154,2970.98920751815,2982.59733407002,2993.98624655864,3005.16062617079,3016.12505835457,3026.8840338716,3037.441949917,3047.80311129961,3057.97173167508,3067.95193482534,3077.74775597815,3087.36314316095,3096.80195858378,3106.06798004611,3115.16490236331,3124.09633880822,3132.86582256418,3141.47680818583,3149.93267306441,3158.23671889455,3166.39217313987,3174.40219049478,3182.26985434024,3189.99817819148,3197.59010713569,3205.04851925806,3212.37622705464,3219.57597883064,3226.65046008303,3233.60229486621,3240.43404714002,3247.14822209907,3253.74726748272,3260.23357486522,3266.60948092527,3272.87726869472,3279.03916878603,3285.09736059805,3291.05397350017,3296.91108799442,3302.67073685557,3308.33490624908,3313.90553682702,3319.38452480186,3324.77372299823,3330.07494188292,3335.28995057294,3340.42047782218,3345.46821298658,3350.43480696811,3355.32187313792,3360.1309882387,3364.86369326668,3369.5214943335,3374.10586350826,3378.61823963998,3383.06002916096,3387.43260687112,3391.73731670392,3395.9754724739,3400.14835860648,3404.25723085006,3408.30331697102,3412.28781743181,3416.21190605248,3420.07673065605,3423.88341369805,3427.63305288049,3431.32672175074,3434.96547028549,3438.55032546022,3442.08229180454,3445.56235194358,3448.99146712594,3452.3705777383,3455.70060380722,3458.98244548826,3462.21698354283,3465.40507980298,3468.54757762455,3471.64530232878,3474.69906163285,3477.70964606948,3480.67782939596,3483.6043689928,3486.49000625229,3489.33546695728,3492.14146165031,3494.9086859934,3497.63782111878,3500.32953397073,3502.98447763869,3505.6032916821,3508.1866024469,3510.73502337408,3513.24915530045,3515.72958675179,3518.17689422867,3520.59164248496,3522.97438479947,3525.3256632406,3527.64600892451,3529.93594226666,3532.19597322713
Alt_240,916.343768275149,959.748080788948,1002.7308718256,1045.28251887853,1087.39369852249,1129.0554773855,1170.25938102356,1210.99744560047,1251.2622559896,1291.04697300749,1330.34535184107,1369.15175326197,1407.46114887905,1445.26912142705,1482.57186089981,1519.36615719308,1555.64938981163,1591.41951510984,1626.67505146711,1661.41506274551,1695.63914033255,1729.34738403565,1762.54038206403,1795.21919030733,1827.38531109758,1859.0406716209,1890.1876021276,1920.82881407301,1950.96737830713,1980.60670341755,2009.75051431816,2038.4028311647,2066.56794866813,2094.25041586699,2121.45501641124,2148.18674940196,2174.45081082374,2200.25257559975,2225.59758029315,2250.49150647294,2274.94016475672,2298.94947953856,2322.52547440561,2345.67425824328,2368.40201202551,2390.71497628355,2412.61943924397,2434.12172562441,2455.22818607343,2475.94518723924,2496.27910245053,2516.23630299151,2535.8231499523,2555.04598663495,2573.91113149494,2592.42487159752,2610.5934565681,2628.42309301555,2645.9199394077,2663.09010137801,2679.93962744285,2696.47450510918,2712.70065735247,2728.62393944555,2744.25013611919,2759.58495903601,2774.63404455958,2789.40295180154,2803.89716092978,2818.12207172158,2832.08300234614,2845.78518836165,2859.23378191246,2872.43385111292,2885.39037960464,2898.10826627483,2910.59232512403,2922.84728527173,2934.87779108951,2946.68840245138,2958.28359509199,2969.66776106346,2980.84520928256,2991.82016615995,3002.59677630424,3013.17910329345,3023.57113050752,3033.7767620153,3043.79982351049,3053.64406329079,3063.31315327527,3072.81069005521,3082.14019597388,3091.30512023115,3100.3088400091,3109.15466161505,3117.84582163869,3126.38548812025,3134.77676172685,3143.0226769345,3151.12620321322,3159.09024621322,3166.91764894993,3174.61119298621,3182.1735996099,3189.60753100523,3196.91559141667,3204.10032830397,3211.16423348715,3218.10974428056,3224.93924461491,3231.6550661466,3238.25948935342,3244.75474461625,3251.14301328589,3257.4264287347,3263.60707739263,3269.68699976719,3275.66819144712,3281.55260408948,3287.34214638999,3293.03868503645,3298.64404564515,3304.16001368011,3309.58833535532,3314.93071851972,3320.18883352516,3325.36431407726,3330.45875806935,3335.47372839947,3340.41075377076,3345.27132947507,3350.0569181603,3354.76895058132,3359.40882633495,3363.9779145789,3368.47755473519,3372.90905717792,3377.273703906,3381.5727492007,3385.80742026854,3389.97891786955,3394.08841693136,3398.13706714916,3402.12599357187,3406.05629717483,3409.92905541918,3413.74532279818,3417.5061313708,3421.21249128275,3424.86539127528,3428.4657991819,3432.01466241339,3435.51290843126,3438.96144520992,3442.36116168788,3445.71292820802,3449.01759694752,3452.27600233723,3455.48896147114,3458.65727450589,3461.78172505066,3464.86308054768,3467.90209264352,3470.89949755138,3473.85601640463,3476.77235560179,3479.64920714315,3482.48724895919,3485.28714523106,3488.04954670331,3490.77509098896,3493.46440286726,3496.1180945741,3498.73676608551,3501.32100539418,3503.8713887793,3506.38848106988,3508.87283590167,3511.32499596786,3513.74549326368
Alt_250,881.660789576952,923.669448972051,965.29708885091,1006.53504528775,1047.37482114203,1087.80818095637,1127.82722380959,1167.42443908073,1206.59274877501,1245.32553913885,1283.61668363014,1321.4605588314,1358.85205454359,1395.78657903962,1432.26006026339,1468.26894361411,1503.81018684428,1538.88125251349,1573.4800983728,1607.60516600115,1641.25536797201,1674.43007379389,1707.12909483877,1739.35266844878,1771.10144139004,1802.37645280506,1833.17911679895,1863.51120478111,1893.37482767096,1922.77241806544,1951.70671245532,1980.18073356804,2008.1977729058,2035.76137354005,2062.87531321543,2089.54358780984,2115.77039519061,2141.56011950092,2166.91731590514,2191.84669581678,2216.35311262791,2240.44154795491,2264.11709841133,2287.38496291521,2310.25043053482,2332.71886887419,2354.79571299687,2376.48645488414,2397.79663342208,2418.73182490947,2439.2976340777,2459.49968561176,2479.34361616068,2498.8350668246,2517.97967610477,2536.78307330232,2555.2508723509,2573.38866606797,2591.20202080928,2608.69647151076,2625.87751710227,2642.75061627715,2659.32118360221,2675.59458595234,2691.57613925467,2707.27110552696,2722.68469019565,2737.822039679,2752.68823922125,2767.28831096421,2781.62721224288,2795.70983409234,2809.54099995344,2823.12546456542,2836.46791303381,2849.57296006271,2862.44514934079,2875.08895307078,2887.50877163295,2899.70893337312,2911.69369450652,2923.46723912902,2935.03367932785,2946.39705538407,2957.56133605977,2968.53041896313,2979.30813098489,2989.89822880016,3000.30439942981,3010.53026085614,3020.57936268758,3030.45518686773,3040.16114842423,3049.70059625318,3059.07681393528,3068.29302057979,3077.35237169305,3086.25796006822,3095.01281669312,3103.61991167367,3112.08215516991,3120.4023983425,3128.58343430723,3136.62799909563,3144.53877261954,3152.318379638,3159.9693907248,3167.49432323512,3174.89564226984,3182.17576163641,3189.33704480486,3196.38180585808,3203.31231043536,3210.13077666824,3216.83937610791,3223.44023464347,3229.93543341041,3236.32700968864,3242.61695778965,3248.80722993236,3254.89973710719,3260.89634992802,3266.7988994718,3272.60917810551,3278.32894030024,3283.95990343227,3289.50374857097,3294.96212125348,3300.33663224592,3305.62885829135,3310.84034284426,3315.97259679156,3321.02709916034,3326.00529781215,3330.90861012402,3335.73842365633,3340.49609680747,3345.1829594555,3349.80031358699,3354.34943391296,3358.83156847228,3363.24793922252,3367.59974261852,3371.88815017871,3376.11430903944,3380.27934249755,3384.38435054112,3388.43041036891,3392.41857689833,3396.34988326241,3400.22534129579,3404.04594200996,3407.81265605801,3411.5264341889,3415.18820769167,3418.79888882965,3422.35937126479,3425.87053047251,3429.33322414708,3432.74829259775,3436.11655913589,3439.43883045327,3442.71589699165,3445.94853330388,3449.13749840672,3452.28353612548,3455.38737543077,3458.44973076739,3461.47130237567,3464.4527766053,3467.39482622195,3470.29811070668,3473.16327654849,3475.99095752999,3478.78177500644,3481.5363381783,3484.25524435747,3486.9390792272,3489.58841709613,3492.20382114621,3494.78584367502
Alt_260,849.417498114334,890.108582207616,930.453784695393,970.445356235762,1010.07560316527,1049.33698549635,1088.22219285801,1126.72420339034,1164.83632928191,1202.55225170211,1239.86604720738,1276.7722072127,1313.26565176279,1349.34173857301,1384.99626811255,1420.22548535406,1455.02607869995,1489.39517650859,1523.33034157576,1556.82956387311,1589.8912518029,1622.5142221941,1654.69768923674,1686.4412525284,1717.74488438685,1748.60891656687,1779.03402650419,1809.02122319767,1838.57183282921,1867.68748421123,1896.37009414263,1924.62185274572,1952.44520884952,1979.84285547766,2006.81771549288,2033.37292744431,2059.51183165814,2085.23795660727,2110.5550055909,2135.46684375047,2159.9774854446,2184.09108200155,2207.81190986472,2231.1443591431,2254.09292257588,2276.66218491783,2298.85681274932,2320.68154471305,2342.14118217704,2363.24058032219,2383.98463965068,2404.37829791021,2424.42652242785,2444.1343028461,2463.50664425277,2482.54856069555,2501.26506907142,2519.66118338041,2537.74190933272,2555.51223929811,2572.97714758568,2590.14158604253,2607.01047995915,2623.58872426975,2639.88118003536,2655.89267119799,2671.62798159376,2687.09185221354,2702.28897869946,2717.22400906601,2731.90154163468,2746.32612317129,2760.50224721559,2774.43435259276,2788.12682209694,2801.58398133726,2814.81009773697,2827.80937967676,2840.58597577365,2853.14397428724,2865.48740264517,2877.62022708041,2889.54635237283,2901.26962168829,2912.79381650846,2924.12265664505,2935.25980033242,2946.20884439279,2956.97332446855,2967.55671531663,2977.96243115984,2988.19382609054,2998.25419452239,3008.14677168585,3017.87473416355,3027.44120046187,3036.84923161517,3046.10183181941,3055.20194909213,3064.15247595579,3072.95625014179,3081.61605531268,3090.13462180004,3098.51462735598,3106.758697916,3114.86940837137,3122.84928334924,3130.70079799864,3138.42637878105,3146.02840426388,3153.50920591561,3160.87106890134,3168.11623287757,3175.2468927852,3182.26519963975,3189.17326131789,3195.97314333949,3202.66686964444,3209.25642336356,3215.74374758293,3222.13074610116,3228.41928417907,3234.61118928125,3240.70825180923,3246.71222582577,3252.62482977001,3258.4477471632,3264.1826273048,3269.83108595856,3275.39470602875,3280.87503822594,3286.27360172266,3291.59188479843,3296.83134547447,3301.99341213768,3307.07948415418,3312.09093247208,3317.02910021379,3321.8953032577,3326.6908308092,3331.41694596137,3336.07488624509,3340.6658641688,3345.19106774794,3349.65166102423,3354.04878457475,3358.38355601104,3362.65707046828,3366.87040108467,3371.02459947115,3375.12069617151,3379.15970111317,3383.14260404858,3387.07037498747,3390.94396462018,3394.76430473196,3398.53230860865,3402.24887143371,3405.91487067678,3409.53116647399,3413.09860200007,3416.61800383242,3420.09018230736,3423.5159318686,3426.89603140816,3430.23124459984,3433.52232022537,3436.76999249346,3439.97498135175,3443.13799279195,3446.25971914821,3449.34083938893,3452.38201940204,3455.38391227396,3458.34715856243,3461.27238656317,3464.16021257065,3467.01124113303,3469.82606530144,3472.60526687358,3475.34941663203
Alt_270,819.370697588168,858.817325701297,897.948669033261,936.757841766785,975.237919917493,1013.382041842,1051.18348663419,1088.63573547089,1125.73251963556,1162.46785799942,1198.83608605721,1234.83187811897,1270.450263895,1305.68664044229,1340.53678023889,1374.99683600103,1409.06334274206,1442.73321748369,1476.00375696076,1508.87263360737,1541.33789006904,1573.39793245187,1605.0515224917,1636.29776880409,1667.13611735675,1697.5663412907,1727.58853020285,1757.20307899122,1786.41067635395,1815.21229302435,1843.60916981636,1871.60280554766,1899.19494490102,1926.38756627896,1953.18286970079,1979.58326478661,2005.59135886773,2031.20994525901,2056.44199172428,2081.29062916251,2105.75914053864,2129.85095007994,2153.56961275571,2176.91880405508,2199.90231007551,2222.52401793178,2244.78790649314,2266.69803745455,2288.25854674554,2309.47363627898,2330.34756604032,2350.88464651631,2371.08923146136,2390.96571099799,2410.51850504736,2429.75205708469,2448.67082821352,2467.27929155245,2485.58192692688,2503.58321585838,2521.28763684333,2538.69966091254,2555.82374746311,2572.66434035358,2589.2258642534,2605.51272123744,2621.52928761647,2637.27991099426,2652.76890754227,2668.00055948275,2682.97911277121,2697.70877496944,2712.19371330039,2726.43805287622,2740.44587509124,2754.22121617159,2767.76806587359,2781.09036632318,2794.19201098879,2807.07684378046,2819.74865826826,2832.21119701301,2844.46815100304,2856.52315919045,2868.37980812105,2880.04163165204,2891.51211075185,2902.79467337706,2913.89269442092,2924.80949572901,2935.54834617717,2946.11246180729,2956.50500601693,2966.72908979851,2976.78777202459,2986.68405977528,2996.4209087047,3006.00122344304,3015.42785803121,3024.7036163852,3033.83125278749,3042.81347240275,3051.65293181557,3060.35223958786,3068.91395683377,3077.34059781011,3085.6346305204,3093.79847733068,3101.83451559557,3109.74507829281,3117.53245466506,3125.19889086736,3132.74659061915,3140.17771585958,3147.49438740509,3154.69868560812,3161.7926510161,3168.77828502982,3175.65755056032,3182.43237268365,3189.10463929267,3195.67620174544,3202.14887550943,3208.52444080115,3214.80464322062,3220.9911943804,3227.08577252851,3233.09002316519,3239.00555965291,3244.83396381955,3250.57678655426,3256.23554839607,3261.81174011472,3267.30682328385,3272.72223084606,3278.0593676701,3283.3196110997,3288.50431149428,3293.61479276118,3298.65235287959,3303.61826441603,3308.51377503137,3313.3401079794,3318.09846259687,3322.79001478523,3327.41591748381,3331.97730113469,3336.47527413917,3340.91092330608,3345.28531429168,3349.5994920315,3353.85448116413,3358.05128644686,3362.19089316351,3366.27426752434,3370.30235705827,3374.27609099734,3378.19638065372,3382.06411978917,3385.88018497719,3389.64543595787,3393.36071598565,3397.02685216998,3400.64465580905,3404.21492271677,3407.73843354295,3411.21595408689,3414.64823560454,3418.03601510924,3421.38001566616,3424.68094668066,3427.93950418053,3431.15637109234,3434.33221751195,3437.46770096931,3440.56346668763,3443.62014783709,3446.63836578308,3449.61873032924,3452.56183995528,3455.46828204965
Alt_280,791.307572607974,829.578065602652,867.560010559463,905.247331185617,942.633833300023,979.713307422814,1016.47960917149,1052.9267225696,1089.04881003332,1124.84025184412,1160.29567722487,1195.40998863428,1230.17838052426,1264.5963535312,1298.65972486645,1332.36463551653,1365.70755474598,1398.68528230483,1431.29494867295,1463.53401361874,1495.40026330649,1526.89180615252,1558.00706760255,1588.74478398065,1619.10399554138,1649.08403884187,1678.68453853765,1707.905398695,1736.74679370358,1765.20915886451,1793.2931807224,1820.99978720288,1848.33013761193,1875.28561254785,1901.86780377194,1928.07850407983,1953.91969721105,1979.39354783105,2004.50239161604,2029.24872546822,2053.63519788548,2077.66459950719,2101.33985385502,2124.66400828504,2147.64022516537,2170.27177329136,2192.56201954826,2214.5144208297,2236.1325162183,2257.41991943355,2278.38031155022,2299.01743398965,2319.33508178476,2339.33709711872,2359.02736313603,2378.40979802412,2397.48834936242,2416.26698873564,2434.74970660665,2452.94050744462,2470.84340510286,2488.46241844083,2505.80156718429,2522.86486801721,2539.65633089892,2556.17995559967,2572.43972844778,2588.43961928121,2604.18357859659,2619.67553488845,2634.91939217166,2649.91902767975,2664.67828973226,2679.20099576393,2693.49093050896,2707.55184433349,2721.38745170954,2735.00142982398,2748.39741731611,2761.57901313755,2774.54977552838,2787.31322110373,2799.87282404486,2812.23201538949,2824.3941824157,2836.36266811446,2848.14077074558,2859.73174347253,2871.13879407111,2882.36508470801,2893.41373178444,2904.28780584128,2914.99033152134,2925.52428758535,2935.8926069779,2946.09817693991,2956.14383916451,2966.03238999302,2975.76658064827,2985.34911750231,2994.78266237586,3004.06983286702,3013.21320270685,3022.21530213935,3031.07861832398,3039.80559575843,3048.39863671987,3056.86010172274,3065.19230999146,3073.39753994642,3081.47802970169,3089.43597757304,3097.27354259498,3104.99284504543,3112.59596697696,3120.08495275348,3127.46180959121,3134.72850810317,3141.88698284609,3148.93913286902,3155.88682226284,3162.73188070983,3169.47610403282,3176.12125474308,3182.66906258656,3189.12122508777,3195.47940809094,3201.74524629791,3207.92034380245,3214.00627462045,3220.00458321579,3225.91678502151,3231.744366956,3237.48878793387,3243.15147937145,3248.73384568651,3254.23726479214,3259.66308858452,3265.01264342461,3270.28723061338,3275.48812686071,3280.61658474772,3285.67383318248,3290.66107784909,3295.57950165001,3300.43026514166,3305.21450696317,3309.93334425846,3314.58787309136,3319.17916885401,3323.7082866685,3328.17626178165,3332.58410995313,3336.93282783677,3341.22339335534,3345.45676606854,3349.63388753458,3353.75568166505,3357.82305507353,3361.83689741764,3365.79808173484,3369.70746477192,3373.56588730838,3377.37417447354,3381.13313605781,3384.8435668178,3388.50624677571,3392.12194151281,3395.69140245725,3399.21536716627,3402.69455960277,3406.1296904065,3409.52145715986,3412.87054464837,3416.17762511597,3419.44335851519,3422.66839275231,3425.85336392755,3428.99889657037,3432.10560387012,3435.17408790181
Alt_290,765.041238484313,802.199342555688,839.09234103797,875.714912857013,912.061550946108,948.126666594294,983.904671507258,1019.39004272304,1054.57737418089,1089.46141777851,1124.0371160562,1158.29962813756,1192.24435018187,1225.8669313245,1259.16328587291,1292.12960236837,1324.76235000319,1357.05828279096,1389.01444181615,1420.6281558338,1451.89704044601,1482.81899604758,1513.39220470527,1543.61512611283,1573.48649274568,1603.00530432417,1632.17082168183,1660.98256012466,1689.44028235834,1717.54399105289,1745.29392110745,1772.69053167192,1799.73449797733,1826.42670302182,1852.76822915491,1878.76034959931,1904.40451994536,1929.70236965056,1954.65569357311,1979.26644356613,2003.53672015607,2027.46876432679,2051.06494942835,2074.32777322742,2097.25985011426,2119.86390347932,2142.14275827082,2164.09933374297,2185.73663640301,2207.05775316395,2228.0658447082,2248.76413906669,2269.15592541627,2289.24454809772,2309.03340085539,2328.52592129875,2347.72558558539,2366.63590332421,2385.26041269688,2403.60267579521,2421.66627417134,2439.4548045974,2456.97187503072,2474.22110078048,2491.2061008712,2507.93049459835,2524.39789827112,2540.61192213718,2556.57616748401,2572.29422391157,2587.76966677063,2603.00605476135,2618.00692768638,2632.77580435303,2647.31618061884,2661.63152757505,2675.72528986244,2689.60088411421,2703.2616975204,2716.71108650876,2729.95237553678,2742.98885598992,2755.823785181,2768.46038544613,2780.90184333226,2793.15130887195,2805.21189494094,2817.08667669416,2828.77869107604,2840.29093640126,2851.62637200185,2862.7879179371,2873.77845476257,2884.60082335483,2895.25782478855,2905.75222026284,2916.08673107362,2926.26403862935,2936.28678450707,2946.15757054624,2955.87895897773,2965.45347258563,2974.88359489943,2984.1717704144,2993.32040483816,3002.33186536124,3011.20848094993,3019.95254265948,3028.56630396596,3037.0519811152,3045.41175348718,3053.64776397458,3061.76211937389,3069.75689078796,3077.63411403867,3085.39579008862,3093.04388547067,3100.58033272439,3108.00703083842,3115.32584569782,3122.53861053555,3129.64712638733,3136.65316254913,3143.55845703649,3150.36471704516,3157.07361941241,3163.68681107831,3170.20590954667,3176.632503345,3182.96815248303,3189.21438890952,3195.37271696673,3201.44461384243,3207.43153001896,3213.33488971907,3219.15609134835,3224.89650793382,3230.55748755863,3236.14035379252,3241.64640611798,3247.07692035176,3252.43314906176,3257.71632197906,3262.92764640496,3268.06830761298,3273.13946924569,3278.1422737063,3283.0778425449,3287.94727683939,3292.75165757094,3297.49204599405,3302.16948400104,3306.78499448113,3311.33958167399,3315.83423151769,3320.26991199128,3324.64757345171,3328.96814896541,3333.23255463429,3337.44168991634,3341.59643794084,3345.69766581819,3349.74622494433,3353.74295129998,3357.68866574453,3361.58417430481,3365.43026845864,3369.22772541334,3372.97730837915,3376.67976683772,3380.33583680563,3383.94624109307,3387.51168955772,3391.03287935387,3394.51049517692,3397.94520950321,3401.33768282537,3404.68856388312,3407.99848988972,3411.26808675411,3414.49796929867
Alt_300,740.407021781145,776.512166533065,812.372825814196,847.984380796737,883.341968164847,918.440585969966,953.275177103299,987.840695554507,1022.1321592824,1056.14469255743,1089.87355993456,1123.31419350195,1156.46221467174,1189.31345149685,1221.86395228616,1254.10999612958,1286.04810082275,1317.6750285869,1348.98778990695,1379.98364575405,1410.66010841454,1441.01494111193,1471.04615658059,1500.75201472704,1530.1310194969,1559.18191505006,1587.90368133482,1616.29552914102,1644.35689470406,1672.08743392362,1699.4870162555,1726.55571832852,1753.29381733457,1779.70178423473,1805.78027682134,1831.5301326719,1856.95236202787,1882.04814062845,1906.81880252676,1931.26583291349,1955.39086097073,1979.19565277663,2002.68210427958,2025.8522343586,2048.70817798514,2071.25217949962,2093.48658601469,2115.41384095561,2137.03647774701,2158.35711365372,2179.37844378255,2200.10323525057,2220.53432152439,2240.67459693424,2260.52701136547,2280.09456512953,2299.38030401552,2318.38731452299,2337.11871927564,2355.5776726155,2373.76735637618,2391.69097583356,2409.3517558319,2426.75293708276,2443.89777263399,2460.78952450568,2477.4314604896,2493.82685110864,2509.97896673242,2525.89107484503,2541.56643746093,2557.00830868476,2572.21993241076,2587.20454015747,2601.96534903336,2616.50555982891,2630.82835523083,2644.93689815389,2658.83433018612,2672.52377014295,2686.008312726,2699.29102728234,2712.37495665999,2725.26311615559,2737.95849255024,2750.46404322958,2762.78269538419,2774.91734528676,2786.87085764212,2798.64606500686,2810.2457672749,2821.67273122578,2832.9296901324,2844.01934342513,2854.94435640919,2865.7073600325,2876.3109507011,2886.75769013952,2897.05010529341,2907.19068827204,2917.18189632818,2927.02615187311,2936.72584252456,2946.28332118543,2955.70090615132,2964.98088124497,2974.12549597559,2983.13696572161,2992.0174719349,3000.76916236506,3009.3941513021,3017.89451983627,3026.27231613338,3034.52955572466,3042.66822180953,3050.69026557048,3058.59760649866,3066.39213272928,3074.07570138582,3081.65013893201,3089.11724153079,3096.47877540936,3103.73647722959,3110.89205446292,3117.94718576921,3124.90352137873,3131.76268347679,3138.52626659036,3145.19583797618,3151.77293800975,3158.25908057491,3164.65575345336,3170.96441871384,3177.18651310055,3183.32344842045,3189.376611929,3195.34736671431,3201.23705207903,3207.04698392009,3212.77845510573,3218.43273584988,3224.01107408339,3229.51469582217,3234.94480553199,3240.30258648967,3245.58920114068,3250.80579145295,3255.95347926678,3261.03336664072,3266.04653619336,3270.994051441,3275.87695713103,3280.69627957099,3285.45302695334,3290.14818967576,3294.78274065709,3299.35763564877,3303.87381354179,3308.33219666919,3312.73369110402,3317.07918695283,3321.36955864463,3325.60566521537,3329.78835058796,3333.91844384781,3337.99675951388,3342.02409780542,3346.00124490421,3349.92897321253,3353.80804160667,3357.63919568633,3361.42316801958,3365.16067838375,3368.85243400203,3372.49912977602,3376.10144851418,3379.66006115619,3383.17562699336,3386.6487938851,3390.0801984715,3393.470466382
Alt_310,717.259341963058,752.366913221891,787.248192089745,821.899211320528,856.315708681039,890.4932341081,924.42723439504,958.113120592812,991.546321972718,1024.72232943142,1057.63673051527,1090.2852377245,1122.66371137519,1154.76817801173,1186.59484514766,1218.14011295017,1249.40058335934,1280.37306703757,1311.05458847097,1341.44238948655,1371.53393140391,1401.32689600442,1430.81918547227,1460.00892143897,1488.89444324462,1517.4743055139,1545.74727513275,1573.71232770141,1601.36864353086,1628.71560324264,1655.75278302603,1682.47994960099,1708.89705493113,1735.00423072663,1760.80178277377,1786.29018512433,1811.47007417557,1836.34224266869,1860.90763363138,1885.167334288,1909.12256995889,1932.77469796823,1956.12520157866,1979.1756839686,2001.92786226729,2024.3835616607,2046.5447095804,2068.41332998612,2089.99153775155,2111.28153316181,2132.28559653005,2153.00608293956,2173.445417117,2193.60608844127,2213.49064609198,2233.10169434072,2252.44188798731,2271.51392794306,2290.3205569621,2308.86455552148,2327.14873785008,2345.17594810616,2362.94905670265,2380.47095677916,2397.74456081915,2414.77279741053,2431.5586081476,2448.104944672,2464.41476585011,2480.49103508427,2496.33671775478,2511.95477878969,2527.34818035933,2542.51987969206,2557.47282700822,2572.20996356854,2586.73421983386,2601.04851373241,2615.15574903135,2629.05881380895,2642.76057902392,2656.26389717844,2669.57160107143,2682.68650263861,2695.61139187592,2708.34903584317,2720.90217774436,2733.27353608168,2745.46580387997,2757.48164797847,2769.32370838704,2780.99459770373,2792.4969005909,2803.83317330725,2815.00594329282,2826.01770880448,2836.87093859948,2847.56807166429,2858.11151698676,2868.50365336893,2878.74682927856,2888.84336273712,2898.79554124215,2908.60562172216,2918.27583052206,2927.80836341729,2937.205385655,2946.46903202052,2955.60140692752,2964.60458453037,2973.48060885717,2982.23149396215,2990.85922409593,2999.36575389251,3007.75300857173,3016.02288415597,3024.17724770007,3032.21793753337,3040.1467635129,3047.96550728669,3055.6759225664,3063.27973540833,3070.7786445021,3078.17432146602,3085.46841114874,3092.66253193616,3099.75827606319,3106.7572099296,3113.6608744195,3120.47078522375,3127.18843316497,3133.81528452449,3140.35278137088,3146.80234188966,3153.16536071368,3159.44320925391,3165.63723603018,3171.74876700164,3177.77910589658,3183.72953454132,3189.60131318792,3195.39568084047,3201.11385557969,3206.75703488567,3212.32639595856,3217.82309603697,3223.24827271397,3228.60304425048,3233.88850988602,3239.10575014651,3244.25582714921,3249.3397849045,3254.35864961461,3259.31342996894,3264.20511743625,3269.03468655328,3273.80309521,3278.51128493138,3283.16018115553,3287.7506935083,3292.28371607428,3296.76012766409,3301.18079207804,3305.54655836612,3309.85826108426,3314.11672054692,3318.32274307598,3322.4771212459,3326.58063412524,3330.63404751443,3334.63811417998,3338.5935740849,3342.50115461563,3346.36157080519,3350.17552555295,3353.94370984064,3357.66680294495,3361.34547264655,3364.98037543572,3368.57215671446,3372.12145099519
Alt_320,695.469088407656,729.630703011897,763.582123667119,797.319986884701,830.840590387751,864.140001395094,897.214142361449,930.058859364212,962.669976997968,995.043342674018,1027.17486251799,1059.06053053992,1090.69645236633,1122.07886453574,1153.20415014213,1184.0688514462,1214.66967994804,1245.00352431817,1275.06745650857,1304.85873630657,1334.37481454879,1363.61333517549,1392.57213627713,1421.24925026142,1449.64290325081,1477.75151380491,1505.57369105016,1533.10823228868,1560.35412014997,1587.31051934173,1613.97677305057,1640.3523990377,1666.43708547077,1692.23068652904,1717.73321781573,1742.94485160846,1767.86591197625,1792.4968697888,1816.83833764215,1840.89106472241,1864.6559316278,1888.13394516736,1911.32623315338,1934.23403920292,1956.8587175627,1979.20172797031,2001.26463056331,2023.04908084723,2044.55682473166,2065.78969364349,2086.74959972473,2107.43853112193,2127.85854737317,2148.01177489795,2167.90040259458,2187.5266775488,2206.89290085709,2226.00142356725,2244.85464273826,2263.45499762127,2281.80496596267,2299.90706042991,2317.76382516055,2335.37783243423,2352.75167946729,2369.88798532924,2386.78938798002,2403.45854142681,2419.89811299891,2436.11078073883,2452.0992309078,2467.86615560361,2483.4142504885,2498.74621262475,2513.86473841562,2528.77252164894,2543.47225164088,2557.96661147707,2572.25827634846,2586.34991197908,2600.24417314293,2613.94370226721,2627.45112811901,2640.76906457278,2653.90010945564,2666.84684346791,2679.6118291759,2692.19761007453,2704.60670971682,2716.84163090781,2728.90485496021,2740.79884100925,2752.52602538436,2764.08882103502,2775.48961700861,2786.73077797787,2797.81464381565,2808.74352921482,2819.51972335124,2830.14548958764,2840.62306521638,2850.95466123931,2861.14246218265,2871.18862594518,2881.09528367801,2890.86453969414,2900.49847140623,2909.99912929103,2919.36853687895,2928.60869076726,2937.72156065557,2946.70908940226,2955.57319310055,2964.31576117298,2972.93865648309,2981.44371546324,2989.83274825742,2998.10753887808,3006.26984537588,3014.32140002156,3022.26390949897,3030.09905510832,3037.82849297898,3045.453854291,3052.97674550447,3060.39874859632,3067.72142130356,3074.94629737258,3082.07488681374,3089.10867616082,3096.04912873468,3102.89768491065,3109.6557623892,3116.32475646945,3122.90604032495,3129.40096528155,3135.81086109674,3142.13703624031,3148.38077817583,3154.54335364271,3160.62600893856,3166.62997020147,3172.55644369209,3178.40661607512,3184.18165470012,3189.88270788125,3195.51090517596,3201.06735766227,3206.55315821447,3211.96938177729,3217.31708563805,3222.59730969701,3227.8110767355,3232.95939268189,3238.04324687528,3243.06361232669,3248.02144597782,3252.9176889572,3257.75326683367,3262.5290898672,3267.24605325685,3271.90503738595,3276.50690806441,3281.0525167681,3285.54270087527,3289.97828390003,3294.36007572281,3298.68887281775,3302.96545847718,3307.19060303289,3311.3650640745,3315.48958666465,3319.56490355121,3323.59173537639,3327.57079088283,3331.5027671166,3335.38834962724,3339.22821266467,3343.02301937324,3346.77342198264,3350.48006199594
Alt_330,674.921406635028,708.185181063487,741.253045962124,774.122196858748,806.789452340522,839.251363308973,871.504299638327,903.54451942117,935.368224669187,966.971606378164,998.350881163352,1029.50232115193,1060.42227843267,1091.10720507303,1121.55366949501,1151.75836983457,1181.71814478192,1211.42998230154,1240.89102655482,1270.09858328817,1299.05012390314,1327.74328838769,1356.17588725859,1384.34590264123,1412.25148859416,1439.89097077058,1467.26284549597,1494.36577833141,1521.19860218301,1547.76031501136,1574.05007718856,1600.06720854554,1625.81118514825,1651.28163583725,1676.47833856246,1701.40121654164,1726.05033426916,1750.42589339886,1774.52822852348,1798.35780287074,1821.91520393506,1845.20113906193,1868.21643100119,1890.9620134434,1913.43892655324,1935.64831251185,1957.59141107978,1979.26955519066,2000.68416658521,2021.83675149403,2042.728896377,2063.36226372639,2083.73858793976,2103.85967126843,2123.72737984642,2143.34363980425,2162.71043347129,2181.82979567008,2200.70381010523,2219.33460584927,2237.72435392725,2255.87526400159,2273.78958115812,2291.46958279414,2308.9175756088,2326.13589269583,2343.12689073855,2359.89294730651,2376.4364582532,2392.75983521385,2408.86550320221,2424.75589830504,2440.43346547286,2455.90065640539,2471.15992752993,2486.2137380709,2501.06454820867,2515.71481732556,2530.16700233707,2544.42355610614,2558.48692593837,2572.3595521558,2586.04386674731,2599.54229209305,2612.85723976095,2625.9911093728,2638.94628753782,2651.7251468513,2664.33004495625,2676.76332366562,2689.02730814313,2701.12430614034,2713.05660728797,2724.82648243924,2736.43618306332,2747.88794068666,2759.18396638044,2770.32645029205,2781.31756121873,2792.1594462216,2802.85423027819,2813.40401597175,2823.81088321572,2834.07688901156,2844.20406723842,2854.19442847318,2864.04995983915,2873.77262488222,2883.36436347282,2892.82709173256,2902.16270198402,2911.37306272264,2920.46001860934,2929.42539048273,2938.27097538989,2946.99854663447,2955.60985384122,2964.10662303587,2972.49055673943,2980.76333407599,2988.92661089313,2996.98201989415,3004.93117078124,3012.77565040886,3020.51702294665,3028.15683005104,3035.69659104503,3043.13780310537,3050.48194145672,3057.73045957195,3064.88478937827,3071.94634146855,3078.91650531734,3085.79664950111,3092.58812192234,3099.29225003692,3105.91034108454,3112.44368232165,3118.89354125666,3125.26116588699,3131.54778493769,3137.75460810132,3143.88282627881,3149.93361182094,3155.90811877035,3161.80748310369,3167.63282297378,3173.38523895153,3179.06581426737,3184.67561505214,3190.21569057715,3195.68707349327,3201.09078006894,3206.4278104269,3211.6991487796,3216.90576366305,3222.04860816909,3227.12862017593,3232.14672257693,3237.10382350736,3242.00081656934,3246.83858105461,3251.61798216523,3256.33987123205,3261.00508593104,3265.61445049723,3270.16877593635,3274.66886023418,3279.11548856336,3283.50943348785,3287.85145516495,3292.14230154475,3296.38270856717,3300.57340035644,3304.71508941302,3308.80847680307,3312.85425234532,3316.85309479537,3320.80567202753,3324.71264121403,3328.57464900177
Alt_340,655.513823525125,687.924631374199,720.152237898789,752.194356040733,784.048288447013,815.711037551649,847.179393032813,878.450001810875,909.519424453986,940.384180907132,971.040787760581,1001.4857887547,1031.71577983079,1061.7274297463,1091.51749705261,1121.08284406524,1150.42044832792,1179.52741197197,1208.40096929572,1237.03849282756,1265.43749808942,1293.59564723927,1321.51075174171,1349.18077419165,1376.60382939679,1403.77818480914,1430.70226038303,1457.37462792674,1483.79401000621,1509.95927845242,1535.86945251776,1561.52369672207,1586.92131842455,1612.06176515425,1636.94462172871,1661.56960718772,1685.93657156658,1710.04549253146,1733.89647189744,1757.48973204812,1780.82561227436,1803.90456504819,1826.72715224683,1849.29404134044,1871.60600155643,1893.66390003182,1915.46869796459,1937.02144677385,1958.32328427793,1979.37543089878,2000.17918590026,2020.73592366731,2041.0470900323,2061.11419865429,2080.93882745631,2100.5226151253,2119.86725767876,2138.97450510182,2157.84615805773,2176.48406467469,2194.89011741124,2213.06625000215,2231.01443448654,2248.73667831936,2266.23502156731,2283.51153418979,2300.56831340538,2317.40748114391,2334.03118158419,2350.44157877696,2366.64085435275,2382.63120531394,2398.4148419101,2413.99398559587,2429.37086707014,2444.54772439535,2459.52680119559,2474.31034493215,2488.90060525494,2503.2998324283,2517.51027582945,2531.53418251806,2545.37379587511,2559.0313543092,2572.50909002878,2585.80922787817,2598.93398423578,2611.88556597259,2624.666169469,2637.27797968841,2649.72316930542,2662.00389788709,2674.12231112526,2686.08054011824,2697.88070070014,2709.52489281594,2721.01519994077,2732.35368854159,2743.54240757965,2754.58338805213,2765.47864257134,2776.23016497995,2786.83993000069,2797.3098929191,2807.64198929788,2817.83813472136,2827.9002245688,2837.83013381524,2847.62971685845,2857.30080737093,2866.84521817556,2876.26474114392,2885.56114711598,2894.73618584016,2903.79158593275,2912.72905485548,2921.55027891051,2930.25692325167,2938.85063191121,2947.33302784106,2955.70571296782,2963.97026826065,2972.1282538113,2980.18120892551,2988.13065222506,2995.97808175981,3003.72497512908,3011.37278961165,3018.9229623039,3026.37691026547,3033.73603067182,3041.00170097327,3048.17527905996,3055.25810343224,3062.25149337609,3069.15674914304,3075.97515213434,3082.70796508877,3089.35643227388,3095.92177968027,3102.4052152185,3108.80792891844,3115.13109313058,3121.37586272921,3127.54337531702,3133.63475143099,3139.65109474926,3145.59349229876,3151.4630146634,3157.26071619257,3162.98763520985,3168.64479422165,3174.2332001256,3179.75384441871,3185.20770340487,3190.59573840177,3195.91889594705,3201.17810800346,3206.37429216309,3211.50835185037,3216.58117652394,3221.5936418771,3226.5466100369,3231.44092976172,3236.27743663732,3241.05695327117,3245.78028948522,3250.44824250677,3255.06159715767,3259.62112604157,3264.12758972936,3268.5817369426,3272.98430473505,3277.33601867219,3281.63759300867,3285.88973086382,3290.09312439498,3294.24845496882,3298.35639333055,3302.41759977104,3306.43272429174
Alt_350,637.154654191471,668.754369643681,700.182218051117,731.436391243225,762.5146415064,793.414392355341,824.132826679803,854.666957402113,885.013684502878,915.16984133224,945.132232428857,974.89766455159,1004.46297224162,1033.82503894084,1062.98081447087,1091.9273295081,1120.66170755987,1149.18117484669,1177.48306841717,1205.56484276069,1233.42407513531,1261.05846978976,1288.46586122804,1315.64421664124,1342.59163761104,1369.30636117402,1395.78676032278,1422.03134400947,1448.03875670852,1473.80777758832,1499.33731933577,1524.62642667214,1549.67427459512,1574.48016637779,1599.0435313527,1623.36392250596,1647.44101390482,1671.27459797935,1694.8645826777,1718.21098851255,1741.31394551504,1764.17369011123,1786.79056193494,1809.16500058985,1831.29754237272,1853.18881696871,1874.83954412892,1896.25053033975,1917.42266549245,1938.35691956112,1959.05433929641,1979.51604494175,1999.74322697823,2019.73714290388,2039.49911405252,2059.03052245678,2078.33280775959,2097.40746417793,2116.25603752227,2134.88012227456,2153.28135872769,2171.46143018841,2189.42206024595,2207.16501010793,2224.69207600484,2242.00508666446,2259.10590085685,2275.99640501075,2292.67851090164,2309.15415341185,2325.42528836263,2341.49389041808,2357.36195106065,2373.03147663775,2388.50448647889,2403.78301108262,2418.86909037249,2433.76477202104,2448.47210984089,2462.99316224179,2477.32999075244,2491.48465860585,2505.45922938706,2519.25576574168,2532.87632814408,2546.32297372363,2559.59775514773,2572.70271956001,2585.63990757232,2598.41135230894,2611.01907850161,2623.46510163378,2635.75142713259,2647.88004960718,2659.85295213171,2671.67210557173,2683.33946795228,2694.85698386651,2706.22658392312,2717.45018423144,2728.52968592263,2739.46697470568,2750.26392045688,2760.92237684144,2771.44418096598,2781.83115306065,2792.08509618966,2802.20779598895,2812.20102042997,2822.06651960833,2831.80602555626,2841.4212520778,2850.91389460571,2860.28563007899,2869.53811684021,2878.67299455152,2887.69188412851,2896.59638769106,2905.38808853027,2914.06855109062,2922.63932096665,2931.10192491335,2939.45787086942,2947.70864799283,2955.85572670797,2963.90055876358,2971.84457730101,2979.68919693209,2987.43581382605,2995.08580580493,3002.6405324469,3010.10133519704,3017.46953748505,3024.74644484936,3031.93334506726,3039.0315082906,3046.04218718661,3052.96661708349,3059.8060161203,3066.5615854009,3073.23450915153,3079.82595488173,3086.33707354821,3092.76899972151,3099.12285175501,3105.39973195612,3111.60072675942,3117.72690690135,3123.77932759644,3129.75902871463,3135.66703495965,3141.5043560482,3147.27198688971,3152.97090776655,3158.60208451453,3164.16646870345,3169.66499781772,3175.09859543666,3180.46817141467,3185.77462206077,3191.01883031782,3196.20166594087,3201.32398567491,3206.3866334317,3211.39044046567,3216.33622554883,3221.22479514454,3226.05694358013,3230.8334532183,3235.5550946272,3240.22262674915,3244.83679706801,3249.39834177501,3253.90798593315,3258.36644364006,3262.77441818923,3267.13260222969,3271.44167792406,3275.70231710486,3279.91518142924,3284.08092253192
Alt_360,619.761643614721,650.589369472673,681.25536134004,711.758254349391,742.096218382745,772.267069398445,802.268358164599,832.097441492029,861.751539806777,891.227783975416,920.523253607915,949.635008548535,978.560114879003,1007.29566646619,1035.83880286448,1064.18672421307,1092.33670363764,1120.2860975642,1148.03235427438,1175.57302096896,1202.90574955812,1230.02830135788,1256.93855084148,1283.63448857006,1310.1142234065,1336.37598410099,1362.41812032319,1388.23910320553,1413.83752545334,1439.21210107011,1464.36166474044,1489.28517090794,1513.98169258132,1538.45041989816,1562.69065847298,1586.70182755361,1610.48345800747,1634.0351901575,1657.35677148602,1680.44805422279,1703.30899283273,1725.93964141725,1748.34015104213,1770.51076700406,1792.45182604681,1814.16375353753,1835.64706061249,1856.90234130135,1877.93026963803,1898.73159676585,1919.30714804395,1939.6578201615,1959.78457826573,1979.68845310927,1999.37053822193,2018.83198711144,2038.07401049763,2057.0978735836,2075.90489336774,2094.4964359994,2112.87391418129,2131.03878462103,2148.99254553411,2166.73673420014,2184.2729245742,2201.60272495458,2218.72777570833,2235.64974705537,2252.37033691215,2268.89126879535,2285.21428978608,2301.34116855482,2317.27369344716,2333.01367063043,2348.56292230081,2363.92328495082,2379.09660769672,2394.08475066515,2408.88958343867,2423.51298355922,2437.95683508887,2452.22302722703,2466.31345298301,2480.23000790328,2493.97458885201,2507.54909284422,2520.95541593012,2534.19545212967,2547.2710924162,2560.18422374778,2572.9367281453,2585.53048181591,2597.96735432065,2610.24920778505,2622.37789615147,2634.35526447186,2646.18314823985,2657.86337276082,2669.39775255879,2680.78809081897,2692.03617886467,2703.14379566748,2714.11270738952,2724.94466695665,2735.64141366143,2746.20467279489,2756.63615530579,2766.93755748659,2777.11056068477,2787.15683103882,2797.07801923759,2806.87576030231,2816.55167339011,2826.10736161826,2835.54441190819,2844.86439484841,2854.06886457545,2863.15935867214,2872.13739808226,2881.00448704087,2889.76211301955,2898.41174668594,2906.95484187662,2915.39283558294,2923.72714794895,2931.95918228092,2940.09032506773,2948.12194601161,2956.05539806871,2963.89201749881,2971.6331239238,2979.28002039433,2986.83399346416,2994.29631327179,3001.66823362883,3008.95099211481,3016.14581017786,3023.25389324103,3030.27643081372,3037.21459660795,3044.06954865914,3050.84242945091,3057.53436604386,3064.14647020767,3070.67983855663,3077.13555268791,3083.51467932266,3089.81827044948,3096.04736347005,3102.2029813468,3108.2861327522,3114.29781221973,3120.23900029603,3126.11066369433,3131.91375544877,3137.64921506957,3143.3179686988,3148.92092926665,3154.45899664811,3159.93305781978,3165.34398701678,3170.69264588967,3175.97988366117,3181.20653728265,3186.37343159027,3191.48137946058,3196.53118196573,3201.52362852788,3206.45949707305,3211.33955418409,3216.16455525286,3220.93524463145,3225.65235578247,3230.31661142828,3234.92872369917,3239.48939428037,3243.99931455793,3248.45916576337,3252.86961911705,3257.23133597034,3261.54496794638
Alt_370,603.260804582153,633.35308439179,663.292710000178,693.078727026249,722.709693208135,752.183790152952,781.498912557508,810.652739938248,839.642794684855,868.466489341035,897.121165335909,925.60412487944,953.912657350846,982.044061217528,1009.99566229976,1037.76482902595,1065.34898519179,1092.74562063443,1119.95230015323,1146.96667094609,1173.78646878101,1200.40952308333,1226.833761088,1253.05721118105,1279.07800553451,1304.89438212235,1330.50468619232,1355.90737125701,1381.10099965932,1406.08424275946,1430.85588078511,1455.41480238096,1479.76000388962,1503.89058839245,1527.80576453574,1551.50484516503,1574.98724578826,1598.25248288638,1621.30017208859,1644.13002622763,1666.7418532896,1689.13555427134,1711.31112095757,1733.26863362904,1755.00825871213,1776.53024637939,1797.83492811019,1818.9227142197,1839.79409136393,1860.44962002803,1880.88993200458,1901.11572786798,1921.1277744507,1940.92690232683,1960.51400330766,1979.89002795395,1999.05598310904,2018.01292945663,2036.7619791067,2055.3042932129,2073.64107962412,2091.77359057307,2109.70312040406,2127.43100334229,2144.95861130633,2162.28735176561,2179.41866564422,2196.35402527244,2213.09493238684,2229.64291618002,2245.99953140056,2262.16635650384,2278.144991854,2293.93705797745,2309.54419386794,2324.96805534335,2340.21031345385,2355.27265294161,2370.15677075135,2384.8643745917,2399.39718154665,2413.75691673671,2427.94531202911,2441.96410479639,2455.81503672266,2469.49985265669,2483.02029951124,2496.37812520742,2509.57507766355,2522.61290382738,2535.49334875079,2548.21815470602,2560.78906034247,2573.20779988301,2585.47610235885,2597.59569088193,2609.56828195386,2621.39558481027,2633.07930079975,2644.62112279614,2656.02273464334,2667.28581063153,2678.41201500383,2689.40300149243,2700.26041288319,2710.98588060782,2721.58102436248,2732.04745175219,2742.38675795986,2752.60052543913,2762.69032363018,2772.65770869755,2782.50422328927,2792.23139631622,2801.84074275125,2811.33376344689,2820.71194497121,2829.97675946088,2839.12966449075,2848.17210295928,2857.10550298905,2865.93127784173,2874.65082584686,2883.26553034376,2891.77675963606,2900.18586695808,2908.49419045266,2916.70305315982,2924.81376301562,2932.8276128609,2940.74588045916,2948.56982852331,2956.30070475069,2963.93974186591,2971.48815767119,2978.94715510361,2986.31792229905,2993.60163266228,3000.79944494288,3007.91250331673,3014.94193747251,3021.8888627031,3028.75438000144,3035.53957616055,3042.2455238775,3048.87328186092,3055.42389494192,3061.89839418809,3068.29779702029,3074.62310733213,3080.87531561179,3087.05539906604,3093.16432174619,3099.20303467585,3105.17247598031,3111.07357101726,3116.90723250878,3122.67436067449,3128.37584336551,3134.01255619932,3139.58536269517,3145.09511441011,3150.54265107534,3155.92880073289,3161.25437987241,3166.52019356811,3171.72703561555,3176.87568866841,3181.96692437498,3187.00150351435,3191.98017613223,3196.90368167631,3201.7727491311,3206.58809715217,3211.35043419973,3216.06045867156,3220.71885903505,3225.32631395857,3229.88349244188,3234.39105394569,3238.84964852024
Alt_380,587.585420316016,616.976434720571,646.222948647135,675.32438795831,704.279670701495,733.087319149011,761.745549408351,790.252343574053,818.605508201694,846.802721992088,874.841574903875,902.719600408126,930.434302216827,957.983176526732,985.363730598159,1012.57349831755,1039.61005326073,1066.47101967109,1093.15408168683,1119.65699108823,1145.97757378611,1172.11373523312,1198.06346490788,1223.82483999662,1249.39602837654,1274.77529098869,1299.96098367456,1324.95155853963,1349.7455648982,1374.34164984619,1398.73855850261,1422.93513395519,1446.93031694128,1470.72314529172,1494.31275316211,1517.69837007356,1540.87931978247,1563.8550189973,1586.6249759585,1609.18878889623,1631.5461443796,1653.69681556955,1675.64066038704,1697.37761960691,1718.90771488726,1740.23104674342,1761.34779247484,1782.25820405276,1802.96260597599,1823.46139310139,1843.75502845559,1863.84404103365,1883.72902359012,1903.41063042773,1922.88957518822,1942.1666286498,1961.24261653536,1980.11841733494,1998.79496014618,2017.27322253573,2035.55422842471,2053.63904600065,2071.52878565862,2089.22459797353,2106.7276717057,2124.03923184145,2141.16053767034,2158.09288090042,2174.83758381273,2191.39599745622,2207.7694998838,2223.95949443056,2239.96740803457,2255.79468960081,2271.44280840876,2286.91325256365,2302.20752749179,2317.32715447989,2332.27366925831,2347.04862062825,2361.65356913257,2376.09008576997,2390.35975075223,2404.46415230411,2418.40488550533,2432.18355117428,2445.80175479271,2459.26110547101,2472.56321495317,2485.70969666099,2498.70216477662,2511.54223336285,2524.23151552026,2536.77162258053,2549.16416333507,2561.4107432982,2573.51296400395,2585.4724223358,2597.29070988836,2608.96941236027,2620.51010897741,2631.91437194559,2643.18376593188,2654.31984757372,2665.32416501504,2676.19825746839,2686.94365480256,2697.56187715452,2708.05443456518,2718.42282663798,2728.66854221964,2738.79305910226,2748.79784374603,2758.68435102175,2768.45402397255,2778.10829359402,2787.64857863205,2797.07628539771,2806.39280759851,2815.59952618546,2824.69780921511,2833.68901172615,2842.57447562988,2851.35552961394,2860.0334890588,2868.60965596635,2877.08531890024,2885.4617529372,2893.74021962903,2901.9219669747,2910.00822940209,2918.00022775883,2925.899169312,2933.70624775604,2941.42264322852,2949.04952233349,2956.58803817182,2964.03933037831,2971.40452516517,2978.68473537142,2985.88106051808,2992.99458686862,3000.02638749444,3006.97752234518,3013.84903832334,3020.6419693632,3027.35733651354,3033.99614802408,3040.55939943526,3047.04807367129,3053.46314113598,3059.80555981147,3066.07627535934,3072.27622122412,3078.40631873893,3084.46747723297,3090.46059414094,3096.38655511395,3102.2462341319,3108.04049361722,3113.7701845497,3119.43614658234,3125.03920815817,3130.58018662769,3136.05988836712,3141.479108897,3146.83863300141,3152.13923484733,3157.38167810433,3162.56671606441,3167.69509176177,3172.76753809269,3177.78477793518,3182.74752426851,3187.65648029246,3192.51233954626,3197.31578602712,3202.06749430834,3206.76812965692,3211.41834815062,3216.01879679443
Alt_390,572.675185719112,601.396933574428,629.981518320812,658.428718196324,686.737786070152,714.907561639811,742.936561333722,770.82305081179,798.565103802226,826.160650141497,853.60751522636,880.903452589037,908.046170928314,935.033356640773,961.86269267505,988.531874361427,1015.03862273691,1041.38069578296,1067.55589791236,1093.56208797834,1119.39718602864,1145.05917898742,1170.54612541595,1195.85615947728,1220.98749420954,1245.93842419568,1270.70732770393,1295.2926683619,1319.69299641831,1343.90694963867,1367.93325387502,1391.77072334459,1415.41826064793,1438.87485655348,1462.13958957229,1485.21162534417,1508.09021585434,1530.77469849749,1553.2644950049,1575.55911024853,1597.65813093502,1619.56122420116,1641.2681361218,1662.77869013998,1684.09278542854,1705.21039519174,1726.13156491471,1746.85641056807,1767.38511677473,1787.71793494493,1807.85518138572,1827.79723539033,1847.54453731256,1867.09758663101,1886.4569400077,1905.62320934521,1924.59705984626,1943.37920807926,1961.97042005336,1980.37150930592,1998.58333500533,2016.60680007195,2034.44284931939,2052.09246761854,2069.55667808629,2086.83654030083,2103.93314854522,2120.84763008071,2137.58114345117,2154.13487681988,2170.51004633969,2186.70789455748,2202.72968885375,2218.57671991799,2234.25030026043,2249.75176276057,2265.08245925284,2280.24375914977,2295.23704810265,2310.06372669996,2324.72520920336,2339.22292232141,2353.55830402067,2367.73280237417,2381.74787444682,2395.60498521758,2409.30560653797,2422.85121612654,2436.24329659878,2449.48333453219,2462.57281956567,2475.51324353298,2488.30609962958,2500.95288161215,2513.45508303038,2525.81419649017,2538.03171294779,2550.10912103415,2562.04790640862,2573.84955114166,2585.51553312558,2597.04732551272,2608.44639618035,2619.71420722159,2630.85221446165,2641.86186699863,2652.74460676828,2663.50186813192,2674.13507748692,2684.64565289896,2695.03500375545,2705.30453043945,2715.45562402336,2725.48966598185,2735.40802792316,2745.21207133846,2754.90314736834,2764.48259658597,2773.95174879639,2783.31192285115,2792.56442647792,2801.71055612441,2810.75159681603,2819.68882202683,2828.52349356316,2837.25686145952,2845.8901638861,2854.42462706761,2862.86146521279,2871.20188045427,2879.44706279825,2887.59819008363,2895.65642795011,2903.62292981489,2911.49883685755,2919.28527801281,2926.98336997063,2934.59421718351,2942.11891188042,2949.55853408721,2956.91415165307,2964.18682028272,2971.37758357415,2978.48747306147,2985.51750826262,2992.46869673177,2999.34203411605,3006.13850421635,3012.85907905205,3019.50471892928,3026.07637251273,3032.57497690048,3039.00145770194,3045.35672911853,3051.64169402692,3057.85724406473,3064.00425971844,3070.08361041334,3076.09615460541,3082.04273987495,3087.92420302179,3093.74137016196,3099.49505682569,3105.1860680566,3110.81519851192,3116.38323256374,3121.89094440103,3127.33909813238,3132.72844788945,3138.05973793082,3143.33370274642,3148.55106716215,3153.71254644495,3158.81884640783,3163.87066351524,3168.86868498825,3173.81358890989,3178.70604433027,3183.54671137156,3188.33624133279,3193.07527679435
Alt_400,558.475465673398,586.557930688322,614.509848540591,642.331324153068,670.021921645474,697.580776554254,725.006685930081,752.298181114735,779.453586885031,806.471069803725,833.348677973098,860.084373896834,886.676061781972,913.121610326377,939.41887181705,965.565698194362,991.559954605181,1017.39953086466,1043.08235116552,1068.60638230981,1093.96964068764,1119.17019818683,1144.20618718568,1169.07580475457,1193.77731617168,1218.30905784087,1242.66943968612,1266.85694708538,1290.87014239782,1314.70766613027,1338.36823778288,1361.85065640825,1385.1538009142,1408.27663013657,1431.2181827053,1453.97757672439,1476.55400928427,1498.94675582292,1521.15516935073,1543.17867955254,1565.01679177896,1586.66908593837,1608.13521529957,1629.41490521468,1650.50795177084,1671.41422037886,1692.13364430606,1712.66622316039,1733.01202133222,1753.1711663997,1773.14384750334,1792.9303136951,1812.53087226669,1831.9458870618,1851.17577677644,1870.22101325137,1889.0821197603,1907.75966929741,1926.25428286734,1944.56662778065,1962.69741595763,1980.6474022429,1998.41738273336,2016.00819312161,2033.42070705686,2050.6558345253,2067.71452025157,2084.59774212291,2101.30650963745,2117.84186237787,2134.20486851164,2150.39662331883,2166.41824774843,2182.27088700399,2197.95570915918,2213.47390380409,2228.82668072251,2244.01526860071,2259.04091376817,2273.90487897026,2288.60844217328,2303.15289540175,2317.53954360818,2331.76970357512,2345.84470284959,2359.76587870952,2373.53457716225,2387.15215197468,2400.6199637349,2413.93937894489,2427.11176914411,2440.13851006331,2453.02098080846,2465.76056307414,2478.35864038604,2490.81659737197,2503.13581906107,2515.31769021041,2527.36359465878,2539.27491470679,2551.05303052297,2562.69931957515,2574.21515608665,2585.60191051654,2596.86094906362,2607.99363319328,2619.00131918681,2629.88535771251,2640.64709341805,2651.2878645434,2661.80900255388,2672.21183179263,2682.49766915198,2692.66782376313,2702.72359670361,2712.66628072192,2722.49715997881,2732.21750980469,2741.82859647256,2751.33167698607,2760.72799888201,2770.01880004691,2779.20530854711,2788.28874247189,2797.2703097892,2806.15120821339,2814.93262508472,2823.61573725994,2832.20171101371,2840.69170195034,2849.08685492547,2857.3883039772,2865.5971722665,2873.71457202621,2881.74160451855,2889.67936000055,2897.52891769725,2905.29134578213,2912.96770136462,2920.55903048428,2928.0663681113,2935.49073815314,2942.83315346694,2950.09461587738,2957.27611619984,2964.37863426848,2971.40313896905,2978.35058827621,2985.22192929495,2992.01809830622,2998.74002081613,3005.38861160886,3011.96477480288,3018.46940391038,3024.9033818996,3031.26758126002,3037.5628640702,3043.79008206793,3049.95007672285,3056.04367931106,3062.07171099177,3068.03498288581,3073.93429615577,3079.77044208776,3085.5442021746,3091.25634820034,3096.90764232593,3102.49883717604,3108.03067592683,3113.50389239461,3118.91921112529,3124.2773474845,3129.57900774833,3134.82488919461,3140.01568019453,3145.15206030477,3150.23470035975,3155.26426256423,3160.24140058599,3165.1667596486,3170.04097662423
Alt_410,544.936652500006,572.407956292461,599.754689841331,626.977261052271,654.075523495275,681.048888511542,707.896415407892,734.616884437671,761.208856197039,787.670720243827,814.000735117335,840.19706145643,866.257789544614,892.180962327385,917.964594728556,943.60668992272,969.105253089138,994.458303069131,1019.66388226789,1044.7200650776,1069.62496504782,1094.37674098861,1118.97360215941,1143.41381267034,1167.69569520176,1191.81763413062,1215.77807813801,1239.57554236122,1263.20861014397,1286.67593443067,1309.9762388444,1333.10831848272,1356.07104046106,1378.8633442297,1401.48424168721,1423.93281711047,1446.20822691937,1468.30969929198,1490.23653364484,1511.98809999109,1533.56383818834,1554.96325708689,1576.18593358813,1597.23151162191,1618.0997010513,1638.79027651227,1659.30307619516,1679.63800057475,1699.79501109474,1719.77412881239,1739.57543300859,1759.19905976825,1778.64520053561,1797.91410064878,1817.00605785749,1835.92142082794,1854.66058763805,1873.2240042667,1891.61216307974,1909.82560131589,1927.86489957506,1945.73068031174,1963.42360633563,1980.9443793218,1998.29373833238,2015.47245835157,2032.48134883576,2049.32125228032,2065.99304280451,2082.49762475583,2098.83593133505,2115.008923243,2131.01758735006,2146.86293538938,2162.54600267437,2178.06784684153,2193.42954661877,2208.63220062017,2223.67692616732,2238.56485813782,2253.29714784107,2267.87496192169,2282.29948129073,2296.57190008473,2310.69342465274,2324.66527257121,2338.48867168689,2352.16485918737,2365.69508069939,2379.08058941463,2392.32264524267,2405.42251399111,2418.38146657234,2431.20077823681,2443.88172783236,2456.4255970894,2468.83366993134,2481.10723181013,2493.24756906628,2505.25596831312,2517.13371584461,2528.88209706657,2540.50239595057,2551.99589451019,2563.36387229902,2574.60760593018,2585.72836861645,2596.72742973099,2607.60605438774,2618.36550304128,2629.00703110553,2639.53188859082,2649.94131975882,2660.23656279486,2670.41884949713,2680.4894049823,2690.44944740705,2700.30018770506,2710.04282933891,2719.67856806662,2729.20859172211,2738.63408000932,2747.95620430949,2757.17612750112,2766.29500379227,2775.31397856469,2784.23418822938,2793.05676009327,2801.7828122365,2810.41345339994,2818.94978288266,2827.39289044886,2835.74385624396,2844.00375071953,2852.17363456657,2860.25455865705,2868.24756399308,2876.1536816637,2883.97393280871,2891.70932858945,2899.36087016609,2906.92954868122,2914.41634524943,2921.82223095269,2929.14816684113,2936.39510393909,2943.56398325613,2950.65573580282,2957.67128261103,2964.61153475847,2971.47739339742,2978.2697497872,2984.98948533045,2991.63747161277,2998.21457044576,3004.72163391307,3011.15950441951,3017.52901474282,3023.83098808812,3030.06623814481,3036.23556914574,3042.3397759286,3048.37964399927,3054.35594959714,3060.26945976209,3066.1209324032,3071.91111636892,3077.64075151871,3083.31056879589,3088.92129030177,3094.47362937081,3099.9682906468,3105.40597015996,3110.78735540482,3116.11312541886,3121.38395086178,3126.60049409535,3131.76340926379,3136.87334237451,3141.93093137926,3146.93680625558
Alt_420,532.013607689492,558.900150204341,585.667532095477,612.316442360067,638.847003846867,665.258885113167,691.551390617265,717.723533830876,743.774096833397,769.701679156721,795.504738037611,821.181621763805,846.730597437404,872.149874199232,897.437622741127,922.59199176474,947.611121913871,972.493157604371,997.236257094406,1021.83860107365,1046.29839999891,1070.61390036293,1094.7833900504,1118.80520290875,1142.67772264027,1166.39938610439,1189.96868610513,1213.38417372706,1236.64446027353,1259.74821885313,1282.6941856539,1305.48116093921,1328.10800979498,1350.5736626538,1372.87711561866,1395.01743060601,1416.99373532587,1438.80522311451,1460.45115263372,1481.93084744932,1503.24369550015,1524.38914846782,1545.36672105666,1566.17599019237,1586.81659414724,1607.28823159909,1627.5906606307,1647.7236976759,1667.6872164179,1687.48114664542,1707.10547307139,1726.56023411899,1745.84552067926,1764.96147484445,1783.90828862085,1802.68620262457,1821.29550476384,1839.73652891074,1858.00965356535,1876.11530051517,1894.05393349222,1911.82605683039,1929.43221412516,1946.87298689784,1964.14899326635,1981.26088662427,1998.20935432987,2014.99511640679,2031.61892425766,2048.08155939217,2064.38383217071,2080.52658056475,2096.51066893497,2112.33698682815,2128.00644779359,2143.5199882198,2158.87856619233,2174.08316037307,2189.13476890178,2204.03440832021,2218.78311251919,2233.38193170913,2247.83193141403,2262.13419148939,2276.28980516407,2290.2998781063,2304.16552751377,2317.88788122802,2331.46807687287,2344.9072610171,2358.20658836102,2371.36722094701,2384.3903273937,2397.2770821538,2410.02866479511,2422.6462593047,2435.13105341587,2447.4842379576,2459.70700622626,2471.80055337916,2483.76607584975,2495.60477078389,2507.31783549707,2518.90646695204,2530.37186125652,2541.71521318062,2552.93771569347,2564.04055951887,2575.02493270921,2585.89202023764,2596.6430036077,2607.2790604803,2617.80136431741,2628.21108404214,2638.50938371477,2648.69742222437,2658.77635299542,2668.74732370926,2678.61147603973,2688.36994540273,2698.0238607193,2707.5743441917,2717.02251109224,2726.36946956438,2735.6163204357,2744.76415704252,2753.81406506555,2762.76712237642,2771.62439889461,2780.38695645449,2789.05584868207,2797.63212088117,2806.11680992863,2814.51094417833,2822.81554337353,2831.03161856744,2839.16017205148,2847.20219729119,2855.15867886923,2863.03059243541,2870.81890466339,2878.52457321375,2886.14854670318,2893.69176467965,2901.15515760312,2908.53964683173,2915.84614461312,2923.0755540807,2930.22876925467,2937.30667504753,2944.31014727393,2951.24005266456,2958.09724888406,2964.88258455255,2971.59689927079,2978.24102364866,2984.81577933687,2991.32197906169,2997.76042666257,3004.13191713249,3010.43723666085,3016.67716267885,3022.85246390715,3028.96390040567,3035.01222362543,3040.99817646234,3046.92249331277,3052.78590013077,3058.58911448686,3064.33284562837,3070.01779454102,3075.64465401183,3081.21410869321,3086.72683516811,3092.18350201613,3097.58476988061,3102.93129153648,3108.22371195894,3113.46266839271,3118.64879042202,3123.782700041
Alt_430,519.665175469307,545.991763712554,572.204096273583,598.303122995198,624.289217326001,650.162287789348,675.921868074144,701.567190205729,727.097244283709,752.510827511248,777.806584647387,802.983041554509,828.038633157269,852.971726853584,877.780642203852,902.463667557549,927.019074145493,951.445128063322,975.740100490583,999.902276425547,1023.92996216464,1047.82149171445,1071.57523229136,1095.18958903738,1118.66300905917,1141.99398487992,1165.18105737928,1188.22281828509,1211.11791227074,1233.86503870435,1256.46295308919,1278.91046822914,1301.20645514891,1323.34984379424,1345.33962353465,1367.17484348826,1388.85461268594,1410.37810009031,1431.74453448301,1452.95320423276,1474.003456955,1494.89469907321,1515.6263952908,1536.19806798198,1556.60929650887,1576.8597164721,1596.94901890083,1616.87694938851,1636.64330717944,1656.24794421142,1675.6907641191,1694.97172120244,1714.09081936434,1733.04811102131,1751.8436959908,1770.47772035847,1788.95037532858,1807.26189606061,1825.41256049461,1843.40268816816,1861.23263902728,1878.90281223353,1896.41364496962,1913.76561124535,1930.95922070597,1947.99501744459,1964.87357882038,1981.59551428399,1998.16146421179,2014.57209875011,2030.82811667079,2046.93024423917,2062.87923409556,2078.67586415116,2094.32093649934,2109.81527634305,2125.15973093908,2140.35516855992,2155.4024774737,2170.30256494283,2185.05635624169,2199.66479369397,2214.12883572976,2228.44945596298,2242.62764228908,2256.66439600348,2270.56073094076,2284.31767263477,2297.93625749968,2311.41753203208,2324.76255203407,2337.97238185727,2351.04809366787,2363.99076673235,2376.80148672397,2389.48134504982,2402.03143819817,2414.45286710608,2426.74673654692,2438.91415453767,2450.95623176569,2462.87408103473,2474.66881672985,2486.34155430108,2497.89340976535,2509.32549922655,2520.63893841324,2531.83484223383,2542.91432434879,2553.87849675959,2564.72846941402,2575.46534982754,2586.09024272034,2596.60424966968,2607.00846877721,2617.30399435095,2627.49191660144,2637.57332135188,2647.54928976174,2657.4208980636,2667.18921731285,2676.85531314978,2686.42024557393,2695.88506873018,2705.25083070628,2714.51857334153,2723.68933204627,2732.76413563177,2741.74400615035,2750.62995874522,2759.42300150989,2768.12413535681,2776.73435389484,2785.25464331538,2793.68598228678,2802.02934185683,2810.28568536291,2818.45596834972,2826.54113849417,2834.54213553721,2842.45989122237,2850.29532924077,2858.04936518227,2865.72290649265,2873.31685243649,2880.83209406556,2888.2695141925,2895.62998736961,2902.91437987242,2910.12354968804,2917.25834650789,2924.31961172475,2931.30817843391,2938.22487143816,2945.07050725667,2951.84589413723,2958.55183207211,2965.18911281701,2971.75851991317,2978.2608287124,2984.69680640492,2991.06721204987,2997.37279660832,3003.61430297864,3009.79246603426,3015.90801266339,3021.96166181095,3027.95412452226,3033.88610398865,3039.75829559467,3045.57138696699,3051.3260580247,3057.02298103107,3062.66282064663,3068.24623398341,3073.77387066039,3079.24637285994,3084.66437538528,3090.02850571886,3095.33938408146,3100.59762349224
Alt_440,507.853757795345,533.643723817205,559.323889241267,584.895446003333,610.359000837257,635.714686216947,660.962250244851,686.101129807676,711.130510403133,736.049375312357,760.856546220123,785.55071693799,810.13048153743,834.59435792886,858.94080771092,883.168252948896,907.275090411244,931.259703690899,955.120473557053,978.855786818855,1002.46404393119,1025.94366553163,1049.29309806458,1072.51081862213,1095.59533910922,1118.54520982337,1141.35902252473,1164.03541306031,1186.57306359676,1208.97070450778,1231.22711595569,1253.34112920126,1275.31162767091,1297.13754780703,1318.8178797234,1340.35166768521,1361.73801043081,1382.97606135033,1404.06502853458,1425.00417470615,1445.79281704363,1466.43032690844,1486.91612948317,1507.24970332927,1527.43057987142,1547.45834281511,1567.33262750367,1587.05312022017,1606.61955743954,1626.03172503564,1645.28945744771,1664.39263681045,1683.34119205155,1702.13509796029,1720.77437423066,1739.25908448211,1757.589335261,1775.76527502544,1793.78709311636,1811.655018717,1829.36931980344,1846.93030208815,1864.33830795874,1881.5937154138,1898.69693699759,1915.64841873549,1932.4486390715,1949.09810780955,1965.59736505991,1981.94698019199,1998.14755079482,2014.19970164625,2030.10408369198,2045.86137303547,2061.47226993939,2076.93749783976,2092.25780237325,2107.43395041854,2122.46672915225,2137.35694512006,2152.10542332355,2166.71300632322,2181.18055335799,2195.50893948175,2209.69905471711,2223.75180322662,2237.66810250178,2251.44888256994,2265.09508521934,2278.60766324222,2291.98757969625,2305.23580718428,2318.35332715235,2331.34112920604,2344.20021044502,2356.93157481587,2369.53623248292,2382.01519921712,2394.36949580272,2406.6001474617,2418.70818329567,2430.69463574516,2442.56054006602,2454.30693382273,2465.93485639847,2477.4453485216,2488.83945180833,2500.11820832139,2511.28266014437,2522.33384897146,2533.27281571234,2544.10060011188,2554.81824038444,2565.42677286242,2575.92723165874,2586.32064834306,2596.60805163125,2606.79046708804,2616.86891684234,2626.84441931506,2636.71798895904,2646.49063601088,2656.16336625423,2665.73718079443,2675.21307584398,2684.59204251876,2693.87506664454,2703.06312857359,2712.15720301106,2721.15825885083,2730.06725902063,2738.88516033604,2747.61291336319,2756.25146228986,2764.8017448047,2773.26469198433,2781.64122818807,2789.93227096005,2798.13873093838,2806.26151177135,2814.30151004012,2822.25961518792,2830.13670945543,2837.93366782216,2845.65135795352,2853.29064015351,2860.8523673227,2868.33738492143,2875.74653093782,2883.08063586072,2890.34052265706,2897.52700675369,2904.64089602342,2911.68299077505,2918.65408374736,2925.55496010673,2932.38639744839,2939.14916580101,2945.84402763458,2952.47173787137,2959.03304389995,2965.5286855919,2971.95939532133,2978.32589798698,2984.62891103666,2990.86914449419,2997.0473009884,3003.16407578435,3009.22015681647,3015.21622472362,3021.15295288598,3027.03100746355,3032.85104743633,3038.61372464593,3044.31968383871,3049.9695627101,3055.56399195033,3061.10359529122,3066.58898955412,3072.02078469888,3077.3995838737
Alt_450,496.544942019146,521.820251037718,546.989812807142,572.055043957703,597.016768438809,621.875327794387,646.630670747646,671.28242626736,695.829963428458,720.272440686158,744.60884663226,768.838033868907,792.958747295479,816.969647838364,840.869332445005,864.656351000056,888.329220692692,911.886438262426,935.326490470135,958.647863076843,981.849048561507,1004.92855276797,1027.88490063804,1050.71664116098,1073.42235164776,1096.00064142092,1118.4501549962,1140.76957482034,1162.95762361938,1185.01306640412,1206.93471217215,1228.72141534064,1250.37207693915,1271.88564558798,1293.26111828413,1314.49754101413,1335.59400921089,1356.54966806931,1377.36371273412,1398.03538837157,1418.56399013556,1438.9488630378,1459.18940173025,1479.28505020788,1499.23530143848,1519.03969692615,1538.69782621412,1558.20932633251,1577.57388119574,1596.79122095445,1615.86112130595,1634.7834027673,1653.55792991464,1672.18461059227,1690.66339509462,1708.9942753242,1727.17728392832,1745.21249341722,1763.1000152662,1780.83999900395,1798.43263128947,1815.87813497946,1833.17676818834,1850.32882334263,1867.3346262314,1884.19453505455,1900.90893947033,1917.4782596436,1933.90294529623,1950.18347476079,1966.32035403883,1982.3141158648,1998.16531877674,2013.87454619452,2029.44240550676,2044.8695271671,2060.15656380065,2075.30418932135,2090.31309806084,2105.18400390951,2119.91763947025,2134.51475522532,2148.97611871697,2163.302513742,2177.49473956081,2191.55361012112,2205.47995329671,2219.27461014141,2232.93843415851,2246.47229058579,2259.87705569637,2273.15361611531,2286.3028681522,2299.32571714976,2312.2230768484,2324.9958687668,2337.64502159849,2350.17147062435,2362.57615714095,2374.86002790471,2387.02403459174,2399.06913327319,2410.99628390607,2422.8064498393,2434.5005973349,2446.07969510407,2457.54471385807,2468.89662587359,2480.13640457249,2491.26502411566,2502.28345901081,2513.19268373386,2523.99367236387,2534.68739823109,2545.27483357801,2555.7569492331,2566.13471429701,2576.40909584098,2586.5810586172,2596.65156478079,2606.62157362335,2616.49204131751,2626.26392067253,2635.93816090047,2645.51570739274,2654.99750150689,2664.38448036313,2673.67757665055,2682.87771844272,2691.98582902237,2701.00282671494,2709.92962473075,2718.76713101558,2727.51624810937,2736.17787301274,2744.75289706134,2753.24220580749,2761.64667890909,2769.96719002551,2778.20460672023,2786.35979037006,2794.43359608069,2802.42687260834,2810.34046228737,2818.17520096361,2825.93191793324,2833.61143588698,2841.21457085947,2848.74213218357,2856.19492244954,2863.57373746876,2870.87936624193,2878.11259093156,2885.27418683859,2892.36492238294,2899.38555908789,2906.33685156814,2913.21954752132,2920.03438772297,2926.78210602467,2933.46342935529,2940.07907772524,2946.62976423352,2953.11619507753,2959.53906956545,2965.89908013108,2972.19691235115,2978.43324496475,2984.60874989505,2990.72409227296,2996.77993046284,3002.77691609,3008.71569406998,3014.59690263953,3020.42117338915,3026.18913129714,3031.90139476506,3037.55857565458,3043.1612793255,3048.71010467509,3054.20564417842
Alt_460,485.707173858378,510.488523364016,535.167819582181,559.746687666728,584.226153847537,608.606754899188,632.888627319972,657.07158023383,681.155155229287,705.138675693641,729.021287673561,752.801993874709,776.479682082553,800.053149026454,823.521120504319,846.88226842379,870.135225288491,893.278596556917,916.31097122133,939.230930890093,962.037057605617,984.727940589,1007.3021820692,1029.75840232775,1052.09524406812,1074.31137620109,1096.4054971228,1118.37633755022,1140.22266296884,1161.94327573922,1183.53701690224,1205.00276771712,1226.33945096174,1247.54603202065,1268.62151978278,1289.56496736827,1310.37547270116,1331.05217894294,1351.5942747999,1372.00099471606,1392.27161896203,1412.40547362903,1432.4019305365,1452.26040706072,1471.98036589143,1491.56131472247,1511.00280588221,1530.304435909,1549.46584507627,1568.48671687189,1587.36677743562,1606.10579495867,1624.70357904865,1643.15998006343,1661.47488841674,1679.64823385855,1697.67998473278,1715.57014721497,1733.31876453221,1750.9259161676,1768.39171705125,1785.71631674,1802.89989858741,1819.94267890609,1836.84490612384,1853.60685993522,1870.22885044998,1886.7112173398,1903.05432898461,1919.25858161969,1935.32439848477,1951.25222897611,1967.04254780273,1982.69585414758,1998.21267083461,2013.59354350258,2028.83903978643,2043.94974850672,2058.92627886811,2073.76925966724,2088.47933851069,2103.05718104357,2117.50347018912,2131.81890539979,2146.00420192029,2160.06009006282,2173.98731449482,2187.78663353969,2201.45881849046,2215.00465293684,2228.42493210578,2241.72046221556,2254.8920598438,2267.94055130923,2280.86677206744,2293.67156612068,2306.3557854416,2318.92028941108,2331.3659442701,2343.69362258555,2355.90420273006,2367.99856837561,2379.97760800106,2391.84221441328,2403.59328428194,2415.23171768777,2426.75841768411,2438.17428987176,2449.48024198676,2460.67718350112,2471.76602523628,2482.74767898903,2493.62305716985,2504.39307245337,2515.05863744081,2525.62066433411,2536.08006462175,2546.43774877576,2556.69462595993,2566.85160374896,2576.90958785824,2586.86948188413,2596.73218705453,2606.49860198938,2616.1696224711,2625.7461412245,2635.22904770613,2644.6192279027,2653.9175641385,2663.12493489144,2672.24221461761,2681.2702735841,2690.20997770985,2699.06218841434,2707.82776247389,2716.50755188538,2725.10240373718,2733.61316008706,2742.04065784689,2750.38572867396,2758.64919886871,2766.83188927863,2774.9346152082,2782.9581863347,2790.9034066296,2798.77107428546,2806.56198164814,2814.2769151541,2821.91665527266,2829.48197645306,2836.97364707612,2844.39242941039,2851.73907957259,2859.0143474922,2866.2189768801,2873.35370520102,2880.41926364974,2887.41637713086,2894.34576424205,2901.20813726059,2908.00420213307,2914.73465846823,2921.40019953269,2928.0015122495,2934.53927719943,2941.01416862484,2947.42685443605,2953.77799622009,2960.06824925172,2966.29826250663,2972.46867867677,2978.5801341876,2984.63325921731,2990.62867771779,2996.56700743736,3002.44885994516,3008.27484065704,3014.04554886301,3019.76157775603,3025.42351446221,3031.03194007219
Alt_470,475.311469439282,499.618380062669,523.826609334365,547.93797587389,571.95369428992,595.874483701961,619.700656411102,643.432190562163,667.068789905001,690.60993314679,714.054914885056,737.402879708505,760.652850732276,783.803753580466,806.85443662804,829.803688155372,852.650250942788,875.392834732503,898.030126905627,920.560801658287,942.983527909814,965.29697613485,987.499824277993,1009.5907628827,1031.56849954419,1053.43176277832,1075.17930538343,1096.80990736054,1118.3223784468,1139.7155603092,1160.9883284386,1182.13959377822,1203.16830411627,1224.07344526807,1244.8540420699,1265.50915920365,1286.03790186934,1306.43941632003,1326.71289027239,1346.85755320425,1366.87267654958,1386.75757379988,1406.51160052032,1426.13415428787,1445.62467455828,1464.98264246775,1484.20758057492,1503.29905254818,1522.25666280294,1541.08005609303,1559.76891706021,1578.32296974538,1596.7419770649,1615.02574025504,1633.17409828765,1651.18692725957,1669.06413975851,1686.80568420771,1704.41154419163,1721.88173776478,1739.21631674579,1756.41536599836,1773.47900270113,1790.407375608,1807.2006643004,1823.8590784332,1840.38285697549,1856.77226744765,1873.0276051559,1889.14919242557,1905.13737783412,1920.99253544509,1936.71506404377,1952.30538637575,1967.76394838898,1983.09121848035,1998.28768674743,2013.35386424616,2028.29028225511,2043.09749154692,2057.77606166753,2072.32658022374,2086.74965217951,2101.04589916161,2115.21595877482,2129.26048392724,2143.18014216604,2156.97561502377,2170.6475973758,2184.19679680889,2197.62393300128,2210.92973711436,2224.11495119621,2237.18032759707,2250.12662839687,2262.95462484492,2275.66509681192,2288.25883225411,2300.73662668993,2313.09928268884,2325.34760937263,2337.48242192898,2349.50454113727,2361.41479290676,2373.21400782677,2384.90302072911,2396.48267026246,2407.95379847868,2419.31725043092,2430.57387378343,2441.72451843297,2452.77003614156,2463.71128018066,2474.54910498631,2485.28436582548,2495.917918473,2506.45061889938,2516.88332296891,2527.21688614829,2537.45216322517,2547.59000803685,2557.6312732086,2567.57680990167,2577.42746757064,2587.18409372998,2596.84753372969,2606.41863053966,2615.89822454279,2625.28715333644,2634.58625154221,2643.79635062377,2652.91827871251,2661.95286044093,2670.90091678348,2679.76326490477,2688.54071801476,2697.23408523106,2705.84417144784,2714.37177721139,2722.81769860203,2731.18272712224,2739.46764959085,2747.6732480431,2755.80029963635,2763.84957656136,2771.82184595897,2779.71786984189,2787.53840502165,2795.28420304034,2802.95601010715,2810.55456703949,2818.08060920849,2825.53486648891,2832.91806321309,2840.23091812895,2847.47414436192,2854.64844938052,2861.75453496565,2868.79309718331,2875.7648263607,2882.67040706557,2889.51051808868,2896.2858324293,2902.99701728355,2909.6447340356,2916.22963825153,2922.75237967567,2929.21360222962,2935.61394401339,2941.95403730908,2948.23450858652,2954.45597851117,2960.61906195394,2966.72436800297,2972.7724999772,2978.76405544179,2984.6996262251,2990.57979843739,2996.40515249095,3002.17626312175,3007.89369941246
Alt_480,465.331161128644,489.182059996642,512.937360462328,536.599060562469,560.168550323825,583.646719197681,607.034044119512,630.330661855453,653.536428629567,676.65096945192,699.67371909198,722.603956255998,745.44083221737,768.183394902105,790.830609235162,813.38137439739,835.834538518647,858.188911233815,880.443274449376,902.596391604954,924.647015663338,946.593896021477,968.435784501767,990.171440555957,1011.79963579206,1033.31915791669,1054.72881417042,1076.02743432177,1097.21387327524,1118.28701334058,1139.24576620345,1160.08907463209,1180.81591394949,1201.42529329666,1221.91625670918,1242.28788402632,1262.53929164947,1282.66963316462,1302.67809984202,1322.56392102427,1342.32636441311,1361.96473626395,1381.4783814963,1400.86668372714,1420.12906523409,1439.26498685399,1458.27394782248,1477.15548555936,1495.90917540428,1514.53463030673,1533.03150047434,1551.39947298269,1569.63827135016,1587.74765508051,1605.7274191763,1623.57739362549,1641.29744286377,1658.88746521493,1676.34739231135,1693.67718849667,1710.87685021241,1727.94640537057,1744.88591271358,1761.6954611635,1778.37516916169,1794.92518400059,1811.34568114876,1827.63686357061,1843.79896104193,1859.83222946231,1875.73695016561,1891.51342922945,1907.16199678461,1922.68300632539,1938.07683402155,1953.34387803285,1968.48455782676,1983.4993135002,1998.38860510581,2013.15291198346,2027.79273209755,2042.30858138068,2056.70099308407,2070.97051713534,2085.11771950397,2099.14318157485,2113.04749953035,2126.83128374119,2140.49515816634,2154.03975976242,2167.46573790265,2180.77375380566,2193.96447997435,2207.038599645,2219.99680624673,2232.83980287141,2245.56830175429,2258.18302376524,2270.68469791077,2283.07406084689,2295.35185640286,2307.51883511571,2319.57575377579,2331.52337498306,2343.3624667143,2355.09380190113,2366.71815801879,2378.23631668564,2389.64906327326,2400.95718652717,2412.16147819801,2423.26273268306,2434.26174667809,2445.15931883934,2455.95624945555,2466.65334012993,2477.25139347189,2487.75121279847,2498.15360184524,2508.45936448661,2518.66930446536,2528.78422513121,2538.80492918837,2548.73221845181,2558.56689361214,2568.30975400897,2577.96159741248,2587.5232198132,2596.9954152197,2606.37897546403,2615.67469001486,2624.88334579804,2634.00572702445,2643.04261502498,2651.99478809251,2660.8630213306,2669.64808650895,2678.35075192519,2686.97178227309,2695.51193851688,2703.97197777154,2712.35265318901,2720.65471384999,2728.87890466132,2737.02596625876,2745.09663491493,2753.09164245239,2761.01171616166,2768.857578724,2776.62994813885,2784.32953765583,2791.95705571105,2799.51320586774,2806.99868676093,2814.41419204618,2821.76041035209,2829.03802523663,2836.24771514705,2843.39015338326,2850.46600806463,2857.47594210002,2864.42061316105,2871.30067365825,2878.11677072035,2884.86954617624,2891.55963653976,2898.1876729971,2904.7542813967,2911.26008224167,2917.70569068449,2924.09171652402,2930.41876420465,2936.68743281757,2942.89831610402,2949.05200246049,2955.14907494576,2961.19011128971,2967.17568390379,2973.10635989322,2978.98270107063,2984.80526397123
Alt_490,455.741672664414,479.153969909382,502.473491999982,525.702403257953,548.842257024275,571.894101866784,594.858568925803,617.735943868707,640.526226326359,663.229179154338,685.844369414414,708.371202603702,730.808951360866,753.156779639214,775.413763145014,797.57890668637,819.651158955847,841.629425172409,863.512577929963,885.299466537009,906.98892508128,928.579779412364,950.0708532022,971.460973216326,992.748973906821,1013.93370141983,1035.01401709579,1055.98880052822,1076.856952237,1097.61739600339,1118.26908090741,1138.81098310222,1159.24210735516,1179.56148838119,1199.76819199103,1219.86131607309,1239.83999142629,1259.70338245828,1279.45068776212,1299.08114058279,1318.59400918371,1337.98859712205,1357.2642434411,1376.42032278668,1395.45624545411,1414.37145737149,1433.16544002463,1451.83771032839,1470.38782044876,1488.81535757965,1507.11994367813,1525.30123516147,1543.35892256898,1561.29273019175,1579.10241567278,1596.78776958006,1614.34861495502,1631.78480683831,1649.09623177524,1666.28280730253,1683.34448141836,1700.28123203728,1717.09306643173,1733.78002066153,1750.34215899281,1766.77957330788,1783.09238250699,1799.28073190355,1815.34479261369,1831.28476094133,1847.10085775983,1862.79332789108,1878.36243948302,1893.80848338644,1909.13177253186,1924.33264130725,1939.41144493736,1954.36855886532,1969.20437813709,1983.9193167895,1998.51380724233,2012.98829969504,2027.34326152852,2041.57917671256,2055.69654521921,2069.6958824426,2083.57771862553,2097.34259829322,2110.99107969446,2124.52373425053,2137.94114601213,2151.24391112449,2164.43263730106,2177.50794330575,2190.47045844408,2203.32082206328,2216.05968306157,2228.68769940661,2241.20553766338,2253.61387253144,2265.9133863917,2278.10476886272,2290.18871636666,2302.16593170475,2314.03712364244,2325.80300650416,2337.46429977766,2349.02172772795,2360.47601902076,2371.82790635555,2383.07812610789,2394.2274179813,2405.27652466831,2416.22619152084,2427.07716622968,2437.83019851301,2448.48603981391,2459.04544300672,2469.5091621121,2479.87795202078,2490.15256822576,2500.33376656297,2510.42230296011,2520.41893319373,2530.32441265419,2540.13949611863,2549.86493753154,2559.50148979305,2569.04990455458,2578.51093202189,2587.88532076525,2597.17381753664,2606.37716709392,2615.49611203167,2624.53139261862,2633.48374664166,2642.35390925604,2651.1426128418,2659.85058686624,2668.47855775228,2677.02724875257,2685.49737982918,2693.88966753881,2702.20482492332,2710.44356140547,2718.60658268968,2726.69459066778,2734.70828332954,2742.64835467787,2750.51549464853,2758.31038903435,2766.03371941363,2773.68616308278,2781.26839299299,2788.78107769084,2796.22488126271,2803.60046328287,2810.90847876522,2818.14957811845,2825.32440710459,2832.43360680077,2839.47781356426,2846.45765900044,2853.37376993375,2860.22676838158,2867.0172715308,2873.74589171706,2880.41323640658,2887.01990818052,2893.56650472163,2900.05361880335,2906.48183828101,2912.8517460853,2919.16392021767,2925.41893374787,2931.6173548133,2937.75974662024,2943.84666744686,2949.87867064791,2955.85630466106,2961.78011301479
Alt_500,446.520319756263,469.510478788256,492.410452226929,515.222558378866,537.948502575894,560.589482016639,583.146272295237,605.619298887566,628.008696339716,650.314357419442,672.535974073137,694.673071681863,716.725037824062,738.691146521072,760.570578755167,782.362439900264,804.065774585455,825.679579415298,847.202813893437,868.634409833867,889.973279493909,911.218322622217,932.36843258217,953.422501684004,974.379425837111,995.238108615847,1015.99746481737,1036.65642357782,1057.21393110287,1077.66895306057,1098.02047667691,1118.26751256924,1138.40909634718,1158.44429000703,1178.37218314193,1198.19189398703,1217.9025703167,1237.50339020838,1256.99356268618,1276.37232825537,1295.63895933808,1314.792760619,1333.83306930898,1352.75925533385,1371.57072145451,1390.26690332427,1408.84726948855,1427.31132133153,1445.65859297418,1463.88865112736,1482.0010949038,1499.995555592,1517.87169639521,1535.62921213824,1553.26782894466,1570.78730388684,1588.18742461101,1605.46800893948,1622.62890445193,1639.66998804764,1656.59116549039,1673.39237093751,1690.07356645488,1706.63474151902,1723.07591250784,1739.39712218121,1755.59843915263,1771.67995735313,1787.64179548849,1803.48409649077,1819.2070269652,1834.8107766333,1850.29555777312,1865.6616046574,1880.90917299053,1896.03853934492,1911.05000059759,1925.94387336754,1940.7204934547,1955.38021528078,1969.9234113329,1984.3504716102,1998.66180307422,2012.85782910327,2026.93898895134,2040.90573721201,2054.75854328755,2068.49789086377,2082.1242773908,2095.63821357017,2109.04022284845,2122.33084091772,2135.51061522303,2148.58010447724,2161.53987818324,2174.39051616379,2187.13260809921,2199.76675307302,2212.29355912551,2224.71364281564,2237.02762879109,2249.23614936667,2261.33984411109,2273.33935944228,2285.23534823106,2297.02846941341,2308.71938761123,2320.30877276162,2331.79729975469,2343.18564807988,2354.47450148072,2365.66454761806,2376.75647774172,2387.75098637041,2398.64877098001,2409.45053170009,2420.1569710185,2430.76879349411,2441.28670547753,2451.71141483974,2462.04363070854,2472.28406321269,2482.43342323378,2492.49242216546,2502.46177168026,2512.34218350354,2522.13436919481,2531.83903993599,2541.45690632671,2550.98867818643,2560.43506436328,2569.79677254954,2579.07450910354,2588.26897887802,2597.3808850546,2606.41092898445,2615.35981003496,2624.2282254422,2633.01687016916,2641.72643676964,2650.35761525755,2658.91109298166,2667.38755450553,2675.7876814926,2684.11215259626,2692.36164335483,2700.53682609125,2708.63836981746,2716.6669401433,2724.62319918975,2732.50780550658,2740.3214139941,2748.06467582898,2755.73823839407,2763.34274521204,2770.87883588276,2778.34714602435,2785.74830721773,2793.0829469546,2800.35168858877,2807.55515129074,2814.69395000533,2821.76869541248,2828.77999389087,2835.72844748447,2842.61465387184,2849.4392063381,2856.20269374948,2862.90570053037,2869.54880664288,2876.13258756858,2882.65761429267,2889.12445329023,2895.5336665146,2901.88581138783,2908.18144079308,2914.42110306887,2920.60534200525,2926.7346968416,2932.80970226624,2938.83088841763
Alt_510,437.646132882978,460.229734980848,482.725530518133,505.135980242758,527.462930865328,549.7077183964,571.871253755636,593.954093713142,615.956499772652,637.878487169949,659.719865772554,681.480274337523,703.159209311266,724.756049132259,746.270074816687,767.700487461089,789.046423178529,810.306965890097,831.481158317244,852.568011458811,873.566512786753,894.475633354115,915.294333975883,936.021570616523,956.656299095992,977.19747920801,997.644078329483,1017.99507458771,1038.24945964186,1058.40624112657,1078.46444479889,1098.42311642322,1118.28132342468,1138.03815633664,1157.69273006484,1177.24418498762,1196.69168790913,1216.03443288021,1235.27164190011,1254.40256551016,1273.42648328973,1292.34270426305,1311.15056722512,1329.84944099353,1348.43872459257,1366.91784737535,1385.28626908893,1403.54347988716,1421.68900029533,1439.72238113059,1457.64320338143,1475.45107804958,1493.14564595713,1510.72657752168,1528.19357250196,1545.54635971628,1562.78469673586,1579.90836955522,1596.91719224135,1613.81100656351,1630.58968160527,1647.25311336033,1663.80122431358,1680.23396300881,1696.55130360432,1712.75324541765,1728.83981246065,1744.81105296586,1760.66703890541,1776.40786550326,1792.03365074181,1807.5445348637,1822.94067986975,1838.22226901362,1853.38950629422,1868.44261594633,1883.38184193029,1898.20744742124,1912.91971429871,1927.51894263696,1942.00545019666,1956.37957191849,1970.64165941906,1984.79208048964,1998.83121859813,2012.75947239466,2026.57725522119,2040.28499462551,2053.88313187987,2067.37212150471,2080.75243079754,2094.02453936752,2107.18893867571,2120.24613158143,2133.1966318948,2146.04096393574,2158.77966209948,2171.41327042898,2183.94234219402,2196.36743947753,2208.68913276886,2220.9080005644,2233.02462897543,2245.03961134341,2256.95354786267,2268.76704521057,2280.48071618524,2292.09517935084,2303.61105869035,2315.028983266,2326.34958688722,2337.5735077862,2348.7013883009,2359.73387456572,2370.67161620948,2381.51526606101,2392.26547986202,2402.92291598735,2413.4882351725,2423.96210024845,2434.34517588348,2444.63812833226,2454.84162519178,2464.95633516433,2474.98292782725,2484.92207340942,2494.77444257452,2504.54070621072,2514.22153522693,2523.81760035541,2533.32957196067,2542.75811985451,2552.10391311715,2561.36761992435,2570.54990738037,2579.65144135667,2588.67288633633,2597.61490526391,2606.47815940083,2615.26330818605,2623.97100910194,2632.60191754528,2641.15668670329,2649.63596743448,2658.04040815439,2666.37065472588,2674.62735035409,2682.81113548584,2690.92264771336,2698.96252168232,2706.93138900399,2714.82987817141,2722.65861447961,2730.41821994958,2738.10931325603,2745.7325096588,2753.28842093783,2760.77765533158,2768.20081747881,2775.55850836365,2782.85132526382,2790.07986170202,2797.24470740019,2804.34644823683,2811.38566620706,2818.36293938547,2825.27884189159,2832.13394385801,2838.92881140097,2845.66400659335,2852.34008744006,2858.95760785572,2865.51711764444,2872.01916248189,2878.46428389928,2884.85301926945,2891.1859017948,2897.46346049716,2903.6862202094,2909.85470156878,2915.96942101202
Alt_520,429.099699481086,451.291503208659,473.397689538493,495.420850805093,517.362965134523,539.225498140278,561.009487510658,582.715613328727,604.344256592675,625.895548017773,647.369408845737,668.765585079003,690.08367629812,711.323160006407,732.483412271101,753.56372528819,774.563322383156,795.481370866872,816.316993090673,837.069275983766,857.737279306701,878.320042814492,898.816592490236,919.225945983313,939.547117364328,959.779121290906,979.920976663611,999.971709838924,1019.93035745604,1039.79596892573,1059.56760862244,1079.24435781486,1098.8253163652,1118.30960422332,1137.69636273805,1156.98475580546,1176.1739708709,1195.26321979967,1214.25173962933,1233.13879321504,1251.92366977792,1270.60568536537,1289.18418323124,1307.65853414282,1326.0281366209,1344.29241711859,1362.4508301439,1380.50285833065,1398.44801246177,1416.2858314489,1434.0158822715,1451.63775987872,1469.1510870569,1486.55551426522,1503.85071944208,1521.0364077843,1538.11231150135,1555.0781895465,1571.93382732668,1588.67903639275,1605.31365411175,1621.8375433227,1638.25059197716,1654.55271276607,1670.74384273398,1686.8239428818,1702.79299775937,1718.65101504866,1734.39802513871,1750.03408069331,1765.55925621212,1780.97364758626,1796.27737164907,1811.47056572284,1826.55338716213,1841.52601289463,1856.38863895979,1871.1414800463,1885.78476902863,1900.31875650336,1914.74371032588,1929.05991514774,1943.26767195538,1957.36729761047,1971.35912439244,1985.24349954345,1999.02078481629,2012.69135602554,2026.25560260223,2039.71392715245,2053.06674502006,2066.31448385384,2079.45758317941,2092.49649397593,2105.43167825803,2118.26360866305,2130.9927680438,2143.61964906698,2156.14475381745,2168.56859340852,2180.89168759828,2193.11456441219,2205.23775977196,2217.26181713088,2229.18728711559,2241.01472717441,2252.7447012323,2264.37777935242,2275.91453740444,2287.35555673952,2298.70142387204,2309.95273016804,2321.11007154046,2332.17404815104,2343.14526411906,2354.02432723664,2364.81184869082,2375.50844279229,2386.11472671066,2396.63132021639,2407.05884542911,2417.39792657258,2427.64918973592,2437.81326264124,2447.89077441758,2457.88235538102,2467.788636821,2477.61025079265,2487.34782991512,2497.0020071759,2506.57341574092,2516.06268877036,2525.47045924021,2534.79735976937,2544.04402245224,2553.21107869669,2562.29915906739,2571.3088931343,2580.24090932633,2589.09583479002,2597.8742952531,2606.57691489298,2615.20431620997,2623.75711990506,2632.23594476237,2640.64140753604,2648.97412284141,2657.23470305061,2665.42375819219,2673.54189585493,2681.58972109565,2689.56783635083,2697.47684135217,2705.31733304577,2713.08990551496,2720.79514990676,2728.43365436167,2736.0060039469,2743.51278059289,2750.95456303296,2758.33192674618,2765.64544390317,2772.89568331493,2780.08321038446,2787.20858706123,2794.2723717984,2801.27511951252,2808.21738154602,2815.09970563197,2821.9226358614,2828.6867126529,2835.39247272452,2842.04044906785,2848.63117092426,2855.16516376323,2861.64294926263,2868.06504529097,2874.43196589159,2880.74422126857,2887.00231777447,2893.20675789978
Alt_530,420.863023113548,442.677019020827,464.407415287821,486.056925608661,507.627650153746,529.121175488482,550.538658037246,571.88089370561,593.148375980316,614.341344491124,635.459825696622,656.503667069507,677.472565911881,698.366093726516,719.183716901401,739.924814327075,760.588692454025,781.174598206357,801.681730093932,822.109247805116,842.45628051342,862.721934091456,882.905297393159,903.00544773854,923.021455713429,942.95238937859,962.797317967812,982.555315142188,1002.22546185762,1021.80684889407,1041.29857908788,1060.69976930273,1080.00955216948,1099.22707762126,1118.35151424632,1137.38205047835,1156.31789564133,1175.15828086366,1193.9024598748,1212.54970969566,1231.09933123285,1249.55064978571,1267.90301547396,1286.15580359296,1304.30841490281,1322.3602758569,1340.31083877489,1358.15958196466,1375.90600979725,1393.54965273856,1411.09006734111,1428.52683619895,1445.85956786845,1463.08789675775,1480.21148298691,1497.23001222125,1514.14319547976,1530.95076892044,1547.65249360434,1564.24815524002,1580.73756390976,1597.12055377916,1613.39698279128,1629.56673234672,1645.62970697074,1661.58583396854,1677.43506306984,1693.17736606365,1708.81273642423,1724.34118892911,1739.76275927008,1755.07750365788,1770.28549842134,1785.38683960183,1800.38164254357,1815.27004148047,1830.05218912024,1844.7282562262,1859.29843119749,1873.76291964809,1888.1219439853,1902.37574298803,1916.5245713854,1930.56869943614,1944.50841250908,1958.34401066527,1972.07580824193,1985.70413343872,1999.22932790653,2012.65174633925,2025.97175606863,2039.1897366626,2052.30607952739,2065.32118751342,2078.23547452551,2091.04936513738,2103.76329421068,2116.37770651882,2128.89305637566,2141.30980726923,2153.6284315007,2165.84940982857,2177.97323111832,2190.00039199763,2201.93139651714,2213.76675581693,2225.5069877988,2237.1526168043,2248.70417329873,2260.162193561,2271.52721937943,2282.79979775361,2293.98048060217,2305.06982447663,2316.06839028124,2326.97674299881,2337.79545142262,2348.52508789423,2359.16622804734,2369.71945055758,2380.18533689816,2390.56447110153,2400.85743952672,2411.06483063266,2421.1872347571,2431.22524390133,2441.17945152052,2451.05045231964,2460.83884205494,2470.54521734089,2480.17017546251,2489.71431419304,2499.17823161689,2508.56252595777,2517.86779541198,2527.09463798667,2536.24365134313,2545.31543264495,2554.31057841101,2563.22968437318,2572.07334533866,2580.84215505697,2589.53670609129,2598.15758969435,2606.70539568857,2615.18071235041,2623.58412629898,2631.91622238861,2640.17758360553,2648.36879096831,2656.49042343231,2664.54305779771,2672.52726862131,2680.44362813186,2688.29270614891,2696.07507000509,2703.7912844717,2711.4419116876,2719.02751109128,2726.548639356,2734.00585032802,2741.39969496774,2748.73072129375,2755.99947432967,2763.20649605373,2770.35232535104,2777.4374979684,2784.4625464717,2791.4280002057,2798.33438525628,2805.18222441493,2811.97203714558,2818.70433955354,2825.37964435661,2831.99846085828,2838.5612949229,2845.06864895277,2851.52102186722,2857.9189090834,2864.26280249891,2870.55319047615
Alt_540,412.919397541104,434.368858567959,455.736582841434,477.025395761402,498.237510712619,519.374627072182,540.438012449193,561.428571533202,582.346903716208,603.193351370674,623.968040378377,644.670914241054,665.301762873788,685.860246987441,706.345918804464,726.758239719039,747.096595403305,767.360308772317,787.548651147772,807.660851901343,827.696106810214,847.653585317949,867.532436861583,887.331796399323,907.050789251477,926.688535349288,946.244152971491,965.716762036092,985.10548700466,1004.40945944786,1023.62782031385,1042.75972193512,1061.80432980441,1080.76082414603,1099.62840130535,1118.40627497615,1137.09367728308,1155.68985973395,1174.19409405522,1192.60567292188,1210.92391059189,1229.14814345418,1247.27773049786,1265.31205370984,1283.25051840694,1301.0925535081,1318.83761175166,1336.48516986225,1354.03472867114,1371.48581319397,1388.83797266893,1406.09078055855,1423.24383451779,1440.296756331,1457.24919182,1474.10081072544,1490.85130656348,1507.50039645946,1524.04782096039,1540.49334382782,1556.83675181244,1573.07785441196,1589.21648361341,1605.25249362118,1621.18576057182,1637.01618223681,1652.74367771417,1668.36818711002,1683.8896712108,1699.30811114718,1714.62350805042,1729.83588270187,1744.94527517645,1759.95174448072,1774.85536818628,1789.65624205906,1804.35447968512,1818.95021209351,1833.44358737679,1847.83477030964,1862.1239419661,1876.3112993359,1890.39705494029,1904.38143644784,1918.26468629057,1932.04706128072,1945.72883222873,1959.31028356251,1972.7917129485,1986.17343091472,1999.45576047617,2012.63903676281,2025.72360665036,2038.70982839416,2051.59807126641,2064.38871519683,2077.08215041703,2089.67877710885,2102.17900505661,2114.58325330375,2126.89194981365,2139.10553113506,2151.22444207208,2163.24913535889,2175.1800713393,2187.0177176512,2198.76254891606,2210.41504643342,2221.97569788057,2233.44499701746,2244.82344339673,2256.11154207916,2267.30980335436,2278.41874246677,2289.43887934712,2300.37073834914,2311.21484799179,2321.97174070673,2332.64195259127,2343.22602316661,2353.72449514151,2364.13791418125,2374.46682868188,2384.71178954976,2394.87334998641,2404.9520652785,2414.94849259304,2424.86319077767,2434.69672016615,2444.44964238871,2454.12252018754,2463.71591723716,2473.23039796961,2482.66652740457,2492.02487098415,2501.30599441241,2510.51046349951,2519.63884401045,2528.69170151829,2537.66960126178,2546.57310800744,2555.40278591585,2564.15919841221,2572.84290806108,2581.45447644514,2589.99446404802,2598.46343014106,2606.86193267392,2615.19052816903,2623.44977161969,2631.64021639189,2639.76241412968,2647.81691466408,2655.80426592531,2663.72501385858,2671.57970234293,2679.36887311352,2687.0930656869,2694.75281728942,2702.34866278867,2709.8811346278,2717.35076276276,2724.75807460232,2732.10359495083,2739.38784595362,2746.61134704507,2753.77461489912,2760.87816338233,2767.92250350935,2774.90814340065,2781.83558824266,2788.70534025003,2795.51789863014,2802.2737595496,2808.97341610297,2815.61735828329,2822.20607295469,2828.74004382677,2835.21975143091,2841.64567309828,2848.01828293957
Alt_550,405.253293901986,426.35082186291,447.368335920612,468.308764050745,489.174424517513,509.96712183747,530.68822769494,551.338748940976,571.919384679958,592.430574219956,612.872537411106,633.245308655831,653.548765660357,673.78265381278,693.946606917923,714.040164890591,734.062788902817,754.013874393726,773.892762279503,793.698748642747,813.431093132876,833.089026270277,852.67175581488,872.178472333558,891.608354079103,910.960571275608,930.234289890308,949.428674959613,968.542893526826,987.576117240517,1006.52752465534,1025.39630327112,1044.18165134091,1062.88277947458,1081.49891206076,1100.02928852696,1118.47316445517,1136.82981256787,1155.09852359759,1173.27860705154,1191.36939188141,1209.37022706726,1227.2804821233,1245.09954753271,1262.82683511752,1280.46177834925,1298.00383260518,1315.45247537476,1332.80720642009,1350.06754789421,1367.2330444203,1384.30326313503,1401.27779369839,1418.15624827296,1434.93826147442,1451.62349029571,1468.21161400663,1484.70233403069,1501.09537380085,1517.39047859566,1533.58741535723,1549.68597249248,1565.68595965865,1581.58720753453,1597.38956757829,1613.09291177303,1628.69713236103,1644.20214156762,1659.60787131538,1674.91427292981,1690.12131683691,1705.22899225358,1720.23730687157,1735.14628653553,1749.95597491582,1764.66643317678,1779.27773964092,1793.78998944956,1808.20329422056,1822.51778170355,1836.73359543303,1850.85089438009,1864.86985260277,1878.7906588958,1892.61351643995,1906.33864245134,1919.96626783114,1933.49663681596,1946.93000662915,1960.26664713345,1973.50684048523,1986.65088079045,1999.69907376284,2012.65173638427,2025.50919656776,2038.27179282316,2050.93987392585,2063.51379858848,2075.99393513611,2088.38066118478,2100.67436332361,2112.87543680081,2124.98428521345,2137.00132020127,2148.92696114462,2160.76163486658,2172.5057753394,2184.15982339535,2195.72422644197,2207.19943818189,2218.58591833723,2229.88413237867,2241.0945512591,2252.2176511521,2263.25391319513,2274.2038232375,2285.06787159311,2295.84655279803,2306.54036537293,2317.14981159022,2327.67539724617,2338.11763143769,2348.47702634403,2358.75409701317,2368.9493611531,2379.06333892772,2389.09655275754,2399.04952712505,2408.92278838477,2418.71686457785,2428.43228525138,2438.06958128213,2447.62928470484,2457.11192854498,2466.51804665588,2475.84817356023,2485.10284429594,2494.28259426614,2503.38795909352,2512.41947447869,2521.37767606267,2530.26309929347,2539.07627929654,2547.81775074916,2556.48804775873,2565.08770374478,2573.61725132471,2582.07722220325,2590.46814706541,2598.7905554731,2607.04497576509,2615.23193496047,2623.35195866536,2631.40557098302,2639.39329442707,2647.31564983787,2655.17315630207,2662.96633107506,2670.69568950648,2678.36174496861,2685.96500878751,2693.50599017704,2700.98519617555,2708.40313158518,2715.76029891383,2723.05719831957,2730.29432755759,2737.47218192953,2744.59125423516,2751.65203472634,2758.6550110633,2765.60066827299,2772.48948870961,2779.32195201727,2786.09853509455,2792.8197120611,2799.48595422618,2806.097730059,2812.65550516089,2819.15974223928,2825.61090108329
Alt_560,NaN,418.607827939613,439.286978673907,459.890733550655,480.421507832084,500.881203931141,521.271290903756,541.592871523169,561.846738773833,582.033423430354,602.153234171771,622.206291465442,642.192556256622,662.111854326503,681.963897033824,701.748299031518,721.464593447155,741.112244931381,760.690660908872,780.19920130927,799.637187008631,819.003907173427,838.298625667482,857.520586656154,876.669019520516,895.743143176528,914.742169879386,933.665308580992,952.51176789823,971.280758741215,989.971496643487,1008.58320383014,1027.11511105477,1045.56645923187,1063.93650088776,1082.22450144975,1100.4297403912,1118.55151224723,1136.58912751446,1154.5419134463,1172.40921475379,1190.1903942212,1207.88483324397,1225.49193229625,1243.0111113341,1260.44181013992,1277.78348861313,1295.03562701142,1312.19772614662,1329.26930753888,1346.24991353214,1363.13910737418,1379.93647326364,1396.64161636661,1413.25416280502,1429.77375961879,1446.20007470371,1462.53279672678,1478.77163502055,1494.91631945804,1510.96660030958,1526.92224808285,1542.78305334732,1558.5488265443,1574.21939778354,1589.79461662743,1605.27435186373,1620.65849126775,1635.94694135471,1651.13962712316,1666.23649179016,1681.23749651898,1696.14262013987,1710.95185886465,1725.66522599569,1740.28275162986,1754.80448235794,1769.23048096008,1783.56082609781,1797.795612003,1811.93494816426,1825.97895901125,1839.92778359726,1853.7815752804,1867.54050140394,1881.20474297592,1894.77449434856,1908.24996289773,1921.6313687027,1934.91894422659,1948.11293399772,1961.21359429209,1974.22119281736,1987.1360083984,1999.95833066477,2012.68845974024,2025.32670593461,2037.87338943801,2050.3288400178,2062.69339671827,2074.96740756334,2087.15122926227,2099.24522691873,2111.24977374308,2123.1652507682,2134.99204656891,2146.730556985,2158.38118484806,2169.94433971215,2181.42043758843,2192.80990068368,2204.11315714296,2215.33064079634,2226.46279090978,2237.51005194021,2248.47287329479,2259.35170909451,2270.14701794202,2280.85926269373,2291.48891023631,2302.03643126743,2312.50230008088,2322.88699435601,2333.19099495145,2343.41478570325,2353.5588532272,2363.62368672557,2373.60977779799,2383.51762025673,2393.34770994608,2403.100544566,2412.77662349996,2422.37644764684,2431.900519257,2441.34934177243,2450.72341967087,2460.02325831396,2469.24936379934,2478.40224281665,2487.48240250733,2496.49035032835,2505.42659391956,2514.29164097487,2523.08599911704,2531.81017577604,2540.46467807106,2549.05001269596,2557.56668580816,2566.01520292098,2574.3960687993,2582.70978735843,2590.95686156636,2599.13779334905,2607.2530834989,2615.30323158626,2623.28873587395,2631.21009323475,2639.06779907174,2646.86234724151,2654.59422998013,2662.26393783183,2669.87195958041,2677.41878218317,2684.90489070748,2692.3307682698,2699.69689597715,2707.00375287102,2714.25181587356,2721.44155973609,2728.57345698984,2735.64797789888,2742.66559041515,2749.62676013561,2756.53195026139,2763.38162155894,2770.17623232311,2776.91623834206,2783.60209286414,2790.23424656637,2796.81314752485,2803.3392411867
Alt_570,NaN,411.125820529662,431.477878261259,451.756107290094,471.963012410958,492.100587084085,512.170391406542,532.173618187383,552.111148791854,571.983600305183,591.791365389125,611.534646013498,631.213482063639,650.827775662657,670.377311907438,689.86177659887,709.280771447679,728.633827155094,747.920414699612,767.139955105162,786.291827919883,805.375378596731,824.389924935869,843.33476272292,862.209170675818,881.012414795289,899.743752199274,918.402434509385,936.987710847261,955.498830490139,973.935045227805,992.29561145706,1010.57979204474,1028.78685798604,1046.91608988134,1064.96677925139,1082.93822970852,1100.82975799877,1118.64069492838,1136.37038618613,1154.01819307178,1171.58349313949,1189.06568076426,1206.46416763833,1223.77838320372,1241.00777502654,1258.15180911801,1275.20997020649,1292.18176196468,1309.06670719545,1325.8643479795,1342.5742457879,1359.19598156207,1375.7291557636,1392.17338839622,1408.5283190018,1424.79360663237,1440.96892979976,1457.05398640447,1473.04849364528,1488.95218791085,1504.76482465464,1520.4861782543,1536.11604185663,1551.65422720909,1567.10056447888,1582.45490206048,1597.71710637245,1612.88706164432,1627.96466969441,1642.94984969906,1657.84253795429,1672.64268763016,1687.35026851878,1701.96526677626,1716.48768465938,1730.91754025734,1745.2548672192,1759.49971447735,1773.65214596769,1787.71224034667,1801.68009070585,1815.55580428417,1829.33950217848,1843.03131905256,1856.63140284502,1870.13991447641,1883.55702755583,1896.88292808733,1910.11781417643,1923.26189573695,1936.31539419844,1949.2785422145,1962.15158337213,1974.93477190235,1987.62837239238,2000.23265949945,2012.7479176665,2025.17444083996,2037.51253218966,2049.76250383119,2061.92467655072,2073.99937953248,2085.986950089,2097.88773339428,2109.70208221988,2121.43035667421,2133.07292394497,2144.63015804488,2156.10243956076,2167.49015540613,2178.79369857721,2190.01346791262,2201.14986785656,2212.20330822579,2223.1742039803,2234.06297499769,2244.87004585137,2255.59584559264,2266.2408075365,2276.80536905142,2287.28997135294,2297.69505930113,2308.02108120206,2318.26848861299,2328.4377361516,2338.52928130906,2348.54358426691,2358.48110771798,2368.34231669097,2378.127678379,2387.8376619719,2397.47273849238,2407.0333806359,2416.52006261427,2425.93326000305,2435.27344959255,2444.54110924251,2453.73671774044,2462.86075466343,2471.91370024362,2480.89603523707,2489.8082407962,2498.65079834555,2507.42418946092,2516.12889575196,2524.7653987479,2533.33417978659,2541.83571990675,2550.27049974335,2558.63899942606,2566.94169848081,2575.1790757343,2583.35160922149,2591.45977609603,2599.50405254345,2607.48491369726,2615.40283355776,2623.25828491351,2631.05173926558,2638.78366675424,2646.45453608838,2654.06481447733,2661.6149675651,2669.1054593672,2676.5367522096,2683.9093066702,2691.22358152239,2698.48003368099,2705.67911815019,2712.82128797372,2719.9069941871,2726.93668577181,2733.91080961153,2740.82981045031,2747.69413085257,2754.50421116501,2761.26048948024,2767.96340160229,2774.61338101366,2781.21085884423
Alt_580,NaN,403.891683054891,423.927377013742,443.890697734071,463.784232459901,483.610059211693,503.36982314049,523.064801530076,542.69595893483,562.263993884769,581.769378450709,601.212391797393,620.593148688532,639.911623757438,659.167672224953,678.361047633403,697.491417069968,716.558374273243,735.561450950632,754.500126579468,773.373836919491,792.181981426946,810.923929729653,829.599027296821,848.20660041624,866.745960573838,885.216408316012,903.617236662914,921.947734130717,940.207187412314,958.394883758762,976.51011309776,994.552169920329,1012.52035496259,1030.41397670588,1048.23235271533,1065.97481083442,1083.64069025068,1101.229342446,1118.74013204303,1136.17243755796,1153.52565206877,1170.79918380676,1187.9924566785,1205.10491072437,1222.13600251923,1239.08520552029,1255.95201036643,1272.735925133,1289.43647554581,1306.05320515724,1322.58567548766,1339.03346613461,1355.3961748522,1371.67341760291,1387.8648285838,1403.97006022889,1419.98878318946,1435.92068629382,1451.76547648788,1467.52287875796,1483.19263603698,1498.77450909522,1514.26827641673,1529.67373406225,1544.99069551978,1560.21899154353,1575.35846998205,1590.40899559642,1605.37044986916,1620.24273080456,1635.0257527211,1649.71944603649,1664.32375704607,1678.838647695,1693.26409534478,1707.60009253468,1721.84664673848,1736.00378011696,1750.0715292667,1764.04994496546,1777.93909191459,1791.73904847885,1805.44990642407,1819.07177065279,1832.60475893846,1846.0490016583,1859.40464152529,1872.67183331944,1885.85074361863,1898.94155052944,1911.94444341792,1924.85962264086,1937.68729927751,1950.42769486215,1963.08104111759,1975.64757968989,1988.1275618844,2000.52124840331,2012.82890908497,2025.05082264492,2037.18727641903,2049.23856610872,2061.20499552838,2073.08687635527,2084.8845278818,2096.59827677049,2108.22845681156,2119.77540868335,2131.23947971554,2142.62102365545,2153.92040043721,2165.13797595411,2176.27412183411,2187.32921521846,2198.30363854373,2209.19777932695,2220.01202995428,2230.74678747295,2241.40245338659,2251.97943345409,2262.4781374918,2272.89897917934,2283.24237586875,2293.50874839727,2303.69852090352,2313.81212064729,2323.84997783274,2333.8125254352,2343.7001990314,2353.51343663323,2363.25267852498,2372.91836710403,2382.510946725,2392.03086354736,2401.4785653864,2410.85450156761,2420.15912278448,2429.39288095955,2438.55622910881,2447.6496212094,2456.67351207055,2465.62835720769,2474.51461271983,2483.33273516997,2492.08318146878,2500.76640876117,2509.38287431607,2517.93303541907,2526.4173492681,2534.83627287198,2543.1902629519,2551.47977584565,2559.70526741475,2567.86719295419,2575.96600710503,2584.00216376954,2591.976116029,2599.88831606411,2607.73921507787,2615.529263221,2623.25890951973,2630.9286018061,2638.53878665051,2646.08990929659,2653.58241359844,2661.01674195993,2668.39333527635,2675.71263287803,2682.97507247616,2690.18109011065,2697.33112009993,2704.42559499281,2711.46494552213,2718.44960056044,2725.37998707741,2732.25653009906,2739.07965266879,2745.84977581006,2752.56731849081,2759.23269758944
Alt_590,NaN,NaN,416.622713097161,436.28124498547,455.871420513859,475.395396109082,494.854896305145,514.25127759946,533.585582828114,552.858587368774,572.070838380842,591.222688154086,610.314322490922,629.34578490948,648.31699733094,667.227777807287,686.077855754306,704.866885077691,723.594455515903,742.26010246999,760.863315546213,779.403546000592,797.880213244002,816.2927105412,834.640410016168,852.922667058723,871.138824212795,889.28821461464,907.370165039099,925.383998603508,943.329037171679,961.20460349438,979.010023117608,996.744626085667,1014.4077484624,1031.99873369082,1049.51693380863,1066.96171053515,1084.33243624279,1101.62849482491,1118.84928247038,1135.99420835376,1153.06269524917,1170.05418007487,1186.96811437488,1203.803964743,1220.56121319444,1237.23935748934,1253.83791141209,1270.35640501021,1286.79438479577,1303.15141391243,1319.42707227056,1335.62095665297,1351.73268079328,1367.761875429,1383.70818833105,1399.57128431145,1415.35084521063,1431.04656986579,1446.65817406168,1462.18539046479,1477.62796854241,1492.98567446714,1508.25829100831,1523.44561741084,1538.5474692625,1553.5636783505,1568.49409250794,1583.33857545094,1598.09700660718,1612.76928093627,1627.3553087428,1641.85501548238,1656.26834156141,1670.59524213102,1684.83568687551,1698.98965979608,1713.05715898991,1727.0381964253,1740.9327977131,1754.7410018749,1768.46286110822,1782.09844054927,1795.64781803332,1809.11108385322,1822.48834051629,1835.77970249982,1848.9852960056,1862.10525871352,1875.13973953472,1888.08889836435,1900.9529058343,1913.73194306605,1926.42620142375,1939.03588226803,1951.56119671032,1964.00236536825,1976.35961812195,1988.63319387173,2000.823340297,2012.93031361685,2024.95437835218,2036.89580708968,2048.75488024771,2060.53188584419,2072.22711926666,2083.84088304453,2095.37348662369,2106.82524614355,2118.19648421656,2129.48752971028,2140.6987175322,2151.83038841713,2162.88288871754,2173.85657019655,2184.75178982394,2195.56890957503,2206.30829623252,2216.97032119139,2227.55536026676,2238.06379350492,2248.49600499733,2258.85238269783,2269.13331824297,2279.33920677541,2289.4704467706,2299.52743986648,2309.5105906965,2319.42030672566,2329.25699808984,2339.0210774382,2348.71295977885,2358.33306232752,2367.88180435951,2377.35960706468,2386.76689340557,2396.10408797864,2405.37161687854,2414.56990756546,2423.6993887355,2432.76049019406,2441.75364273218,2450.67927800589,2459.53782841841,2468.3297270053,2477.05540732248,2485.71530333705,2494.30984932093,2502.83947974728,2511.30462918963,2519.70573222373,2528.04322333207,2536.317536811,2544.52910668047,2552.6783665963,2560.765749765,2568.79168886105,2576.75661594662,2584.66096239367,2592.50515880849,2600.28963495847,2608.01481970121,2615.68114091589,2623.28902543679,2630.83889898906,2638.33118612651,2645.7663101716,2653.14469315742,2660.46675577168,2667.73291730273,2674.94359558741,2682.09920696091,2689.20016620841,2696.24688651858,2703.23977943885,2710.17925483238,2717.06572083685,2723.89958382481,2730.68124836569,2737.41111718946
Alt_600,NaN,NaN,409.551948741552,428.915342751207,448.211711260672,467.443283255979,486.61185727451,505.718864043038,524.765420034696,543.752373126554,562.680341481285,581.549746665175,600.360841887259,619.11373611883,637.808414737551,656.444757239055,675.022552471593,693.541511775312,712.001280345404,730.401447086385,748.741553181355,767.021099564003,785.239553451182,803.396354068871,821.490917683644,839.522642034449,857.490910245048,875.395094285433,893.234558040399,911.008660034962,928.716755859171,946.358200328849,963.932349413662,981.438561959667,998.876201229746,1016.24463628228,1033.54324320572,1050.77140622444,1067.92851868935,1085.01398396492,1102.02721622317,1118.96764115341,1135.83469659604,1152.62783310728,1169.34651446114,1185.99021809438,1202.55843549917,1219.05067256801,1235.46644989495,1251.80530303651,1268.06678273563,1284.25045511142,1300.35590181744,1316.38272017083,1332.33052325436,1348.19893999346,1363.98761521002,1379.69620965447,1395.32440001781,1410.87187892485,1426.33835490995,1441.72355237653,1457.02721154133,1472.24908836446,1487.38895446628,1502.4465970318,1517.42181870368,1532.31443746432,1547.124286508,1561.85121410367,1576.49508344889,1591.05577251582,1605.53317388956,1619.92719459956,1634.23775594443,1648.46479331093,1662.60825598725,1676.66810697129,1690.64432277429,1704.53689322005,1718.34582124044,1732.07112266722,1745.71282602076,1759.27097229588,1772.74561474517,1786.13681866005,1799.44466114992,1812.66923091957,1825.8106280453,1838.86896374977,1851.844360176,1864.73695016069,1877.54687700706,1890.27429425743,1902.9193654658,1915.48226397051,1927.96317266725,1940.36228378261,1952.67979864821,1964.91592747573,1977.07088913286,1989.1449109204,2001.13822835061,2013.05108492689,2024.88373192505,2036.63642817609,2048.30943985079,2059.90304024609,2071.41750957338,2082.85313474887,2094.21020918593,2105.48903258976,2116.68991075419,2127.81315536089,2138.85908378089,2149.8280188786,2160.72028881831,2171.53622687325,2182.27617123719,2192.94046483878,2203.52945515849,2214.04349404826,2224.48293755394,2234.84814574045,2245.13948251972,2255.35731548152,2265.50201572703,2275.57395770526,2285.57351905239,2295.50108043389,2305.35702538953,2315.14174018128,2324.85561364404,2334.49903703927,2344.07240391144,2353.57610994737,2363.01055283836,2372.37613214525,2381.6732491662,2390.90230680732,2400.06370945611,2409.15786285763,2418.18517399345,2427.14605096333,2436.04090286961,2444.87013970431,2453.63417223882,2462.33341191635,2470.96827074688,2479.53916120474,2488.04649612878,2496.49068862502,2504.8721519718,2513.19129952744,2521.4485446403,2529.64430056126,2537.77898035857,2545.85299683504,2553.86676244755,2561.8206892288,2569.71518871136,2577.55067185386,2585.32754896941,2593.0462296561,2600.70712272967,2608.3106361582,2615.85717699884,2623.34715133656,2630.78096422485,2638.15901962833,2645.4817203673,2652.74946806413,2659.96266309142,2667.12170452205,2674.22699008093,2681.27891609843,2688.27787746562,2695.22426759101,2702.11847835905,2708.96090009011,2715.7519215021
Alt_610,NaN,NaN,402.703905214069,421.781371233233,440.793052456338,459.741244864844,478.627815888841,497.454265755896,516.221780174533,534.931275403637,553.583436742226,572.178751390786,590.717536526834,609.199963324815,627.626077544336,645.995817215545,664.30902786745,682.565475673925,700.764858831971,718.906817436214,736.990942071285,755.016781308369,772.983848262735,790.891626344469,808.739574314127,826.527130737912,844.253717922645,861.918745398814,879.52161300994,897.061713658001,914.53843574758,931.951165365324,949.29928822628,966.582191414285,983.799264939974,1000.94990313681,1018.0335059129,1035.049479874,1051.99723933134,1068.87620720598,1085.68581584004,1102.42550772416,1119.09473614891,1135.69296578757,1152.21967321637,1168.67434737786,1185.05648999238,1201.36561592216,1217.60125349181,1233.762944769,1249.85024580833,1265.86272686144,1281.79997255587,1297.66158204497,1313.44716913115,1329.15636236433,1344.78880511729,1360.3441556397,1375.82208709219,1391.22228756188,1406.5444600606,1421.788322507,1436.95360769356,1452.04006323959,1467.047451531,1481.97554964785,1496.82414928042,1511.59305663454,1526.28209232688,1540.89109127091,1555.41990255413,1569.86838930711,1584.23642856494,1598.52391112168,1612.73074137814,1626.85683718358,1640.9021296718,1654.86656309193,1668.7500946344,1682.55269425251,1696.27434447983,1709.91504024397,1723.47478867684,1736.95360892192,1750.3515319387,1763.66860030461,1776.90486801486,1790.06040028014,1803.13527332282,1816.12957417159,1829.0434004549,1841.87686019346,1854.63007159187,1867.30316282979,1879.89627185262,1892.40954616202,1904.84314260647,1917.19722717187,1929.47197477258,1941.66756904281,1953.78420212867,1965.82207448106,1977.78139464927,1989.66237907577,2001.465251892,2013.19024471554,2024.83759644848,2036.40755307744,2047.90036747495,2059.31629920266,2070.65561431611,2081.91858517149,2093.10549023419,2104.21661388927,2115.25224625413,2126.21268299307,2137.09822513417,2147.90917888827,2158.64585547022,2169.3085709225,2179.89764594109,2190.41340570377,2200.85617970083,2211.22630156821,2221.52410892314,2231.74994320225,2241.90414950222,2251.98707642298,2261.99907591341,2271.94050311968,2281.81171623614,2291.61307635876,2301.34494734123,2311.00769565359,2320.60169024351,2330.12730240016,2339.58490562061,2348.9748754789,2358.29758949765,2367.55342702224,2376.74276909757,2385.86599834736,2394.92349885598,2403.91565605282,2412.84285659914,2421.70548827747,2430.50393988335,2439.2386011197,2447.90986249346,2456.51811521473,2465.06375109826,2473.5471624673,2481.96874205981,2490.32888293695,2498.6279783939,2506.86642187285,2515.04460687836,2523.16292689478,2531.22177530594,2539.22154531698,2547.16262987821,2555.04542161118,2562.87031273676,2570.63769500519,2578.34795962821,2586.00149721313,2593.59869769881,2601.13995029362,2608.62564341516,2616.05616463193,2623.43190060675,2630.753237042,2638.02055862658,2645.23424898464,2652.39469062588,2659.50226489769,2666.55735193875,2673.56033063431,2680.51157857303,2687.41147200534,2694.26038580329
Alt_620,NaN,NaN,NaN,414.868436206186,433.604142180042,452.277579408854,470.890679353217,489.445007249285,507.941813864238,526.382079934983,544.766554232825,563.095786142114,581.37015355182,599.589886759727,617.755088992064,635.865754052574,653.92178153644,671.922989976566,689.869128231727,707.759885377041,725.594899315972,743.373764298511,761.096037501202,778.761244800518,796.368885850846,813.91843856139,831.40936305213,848.84110515708,866.213099533052,883.524772423755,900.775544121921,917.964831166172,935.092048304228,952.156610249772,969.157933256591,986.095436530492,1002.96854349682,1019.77668293912,1036.51929002245,1053.19580721339,1069.80568510692,1086.34838316961,1102.82337040699,1119.2301259624,1135.56813965349,1151.83691245216,1168.03595691282,1184.1647975534,1200.22297119323,1216.21002725122,1232.12552800756,1247.96904883192,1263.74017838064,1279.4385187653,1295.06368569484,1310.61530859306,1326.09303069338,1341.49650911243,1356.8254149039,1372.079433094,1387.25826269992,1402.36161673217,1417.38922218211,1432.34081999552,1447.21616503309,1462.0150260188,1476.73718547685,1491.38243965795,1505.9505984556,1520.4414853131,1534.85493712177,1549.19080411103,1563.4489497309,1577.62925052734,1591.73159601096,1605.75588851958,1619.70204307503,1633.56998723456,1647.3596609374,1661.07101634664,1674.70401768693,1688.25864107826,1701.73487436621,1715.13271694889,1728.45217960089,1741.6932842946,1754.85606401904,1767.94056259653,1780.94683449746,1793.8749446533,1806.72496826821,1819.49699062936,1832.19110691619,1844.80742200882,1857.34605029578,1869.80711548134,1882.19075039234,1894.49709678508,1906.72630515208,1918.87853452902,1930.95395230203,1942.95273401537,1954.87506317968,1966.72113108095,1978.4911365903,1990.18528597464,2001.80379270845,2013.34687728657,2024.81476703835,2036.20769594304,2047.52590444661,2058.76963928006,2069.93915327933,2081.03470520681,2092.05655957456,2103.00498646935,2113.88026137946,2124.68266502346,2135.41248318087,2146.07000652483,2156.65553045677,2167.16935494326,2177.61178435486,2187.98312730719,2198.28369650415,2208.51380858338,2218.67378396395,2228.76394669628,2238.78462431438,2248.73614769036,2258.61885089128,2268.43307103833,2278.17914816828,2287.85742509735,2297.46824728744,2307.0119627146,2316.48892174002,2325.89947698322,2335.24398319771,2344.52279714893,2353.7362774946,2362.88478466732,2371.96868075959,2380.98832941108,2389.94409569829,2398.83634602638,2407.66544802345,2416.43177043693,2425.13568303233,2433.77755649418,2442.35776232919,2450.87667277161,2459.33466069077,2467.73209950083,2476.06936307255,2484.34682564726,2492.56486175295,2500.72384612235,2508.82415361308,2516.86615912985,2524.85023754865,2532.77676364287,2540.6461120114,2548.45865700866,2556.21477267648,2563.9148326779,2571.55921023276,2579.14827805511,2586.68240829246,2594.16197246669,2601.5873414168,2608.95888524326,2616.27697325413,2623.54197391271,2630.75425478694,2637.91418250033,2645.02212268438,2652.07843993269,2659.08349775646,2666.0376585415,2672.94128350673
Alt_630,NaN,NaN,NaN,408.166313631324,426.634371766041,445.041300956049,463.389092060069,481.679371049361,499.913449781326,518.092369765387,536.216939769552,554.287768090463,572.305290240574,590.269792720537,608.181433457477,626.040259407599,643.846221747616,661.599189014816,679.298958499845,696.945266148884,714.537795191794,732.076183679005,749.560031081621,766.988904085355,784.362341689036,801.679859701645,818.940954717816,836.145107639954,853.291786805142,870.380450766684,887.410550773028,904.381532980824,921.292840433831,938.143914835021,954.934198135614,971.663133961595,988.330168895628,1004.93475362995,1021.47634400389,1037.95440193793,1054.36839627485,1070.71780353701,1087.00210860813,1103.22080534654,1119.37339713632,1135.45939738202,1151.47832995189,1167.42972957416,1183.31314219032,1199.12812526894,1214.87424808338,1230.55109195605,1246.15825047205,1261.69532966436,1277.16194817281,1292.55773737871,1307.8823415169,1323.1354177669,1338.31663632441,1353.42568045482,1368.46224652962,1383.4260440471,1398.31679563825,1413.13423705887,1427.87811716876,1442.54819789881,1457.14425420689,1471.66607402298,1486.11345818455,1500.48622036253,1514.78418697869,1529.00719711478,1543.15510241412,1557.22776697601,1571.22506724354,1585.14689188513,1598.99314167025,1612.76372933975,1626.45857947121,1640.07762833948,1653.62082377296,1667.08812500592,1680.47950252694,1693.79493792411,1707.03442372698,1720.19796324571,1733.28557040756,1746.29726959106,1759.23309545803,1772.09309278366,1784.877316285,1797.58583044787,1810.21870935254,1822.77603649831,1835.25790462713,1847.66441554657,1859.99567995215,1872.25181724929,1884.43295537493,1896.53923061921,1908.57078744693,1920.5277783194,1932.41036351645,1944.21871095884,1955.9529960313,1967.61340140612,1979.20011686746,1990.71333913663,2002.15327169818,2013.52012462709,2024.81411441703,2036.03546380989,2047.18440162654,2058.26116259891,2069.26598720359,2080.19912149679,2091.06081695096,2101.85133029294,2112.57092334381,2123.21986286042,2133.79842037874,2144.3068720589,2154.7454985322,2165.11458474989,2175.41441983397,2185.64529692982,2195.80751306095,2205.90136898558,2215.9271690554,2225.88522107633,2235.77583617126,2245.59932864503,2255.35601585139,2265.04621806208,2274.67025833812,2284.22846240309,2293.72115851868,2303.14867736228,2312.51135190677,2321.80951730241,2331.04351076088,2340.21367144151,2349.32034033957,2358.36386017671,2367.34457529358,2376.26283154448,2385.11897619414,2393.91335781665,2402.64632619641,2411.31823223116,2419.92942783708,2428.48026585595,2436.97109996428,2445.40228458453,2453.77417479823,2462.08712626117,2470.34149512048,2478.53763793364,2486.6759115895,2494.75667323108,2502.78028018033,2510.74708986468,2518.6574597455,2526.51174724832,2534.3103096948,2542.05350423657,2549.74168779074,2557.3752169771,2564.95444805712,2572.47973687451,2579.95143879748,2587.36990866263,2594.7355007204,2602.04856858215,2609.30946516869,2616.51854266045,2623.67615244909,2630.78264509054,2637.83837025958,2644.84367670578,2651.79891221086
Alt_640,NaN,NaN,NaN,401.665399232775,419.87377382689,438.022085714002,456.112380731457,474.146341514736,492.125337236107,510.050466656005,527.922595238724,545.742387088081,563.510332409838,581.226771136168,598.891913269789,616.505856429921,634.068601013078,651.580063320376,669.040086949673,686.44845270517,703.804887238171,721.109070599808,738.36064285878,755.559209913814,772.704348610923,789.795611259028,806.832529623628,823.814618466508,840.741378689621,857.612300132955,874.426864069164,891.184545431763,907.884814808653,924.527140228402,941.110988763073,957.635827968228,974.101127178082,990.506358671458,1006.85099872225,1023.13452854635,1039.35643515562,1055.5162121281,1071.61336030267,1087.64738840532,1103.61781361344,1119.52416206386,1135.36596930948,1151.14278072919,1166.85415189502,1182.49964889993,1198.07884864978,1213.59133912207,1229.03671959418,1244.41460084354,1259.7246053216,1274.96636730384,1290.13953301733,1305.24376074751,1320.27872092573,1335.24409619871,1350.1395814813,1364.96488399356,1379.71972328322,1394.40383123451,1409.01695206415,1423.55884230548,1438.02927078125,1452.42801856598,1466.75487893853,1481.00965732533,1495.19217123502,1509.302250185,1523.33973562037,1537.30448082567,1551.19635083009,1565.01522230632,1578.76098346359,1592.43353393529,1606.03278466143,1619.55865776641,1633.01108643234,1646.39001476821,1659.69539767532,1672.92720070911,1686.08539993778,1699.16998179787,1712.1809429471,1725.1182901147,1737.98203994943,1750.77221886554,1763.48886288684,1776.13201748912,1788.70173744111,1801.19808664408,1813.6211379704,1825.97097310106,1838.24768236248,1850.45136456265,1862.58212682674,1874.64008443244,1886.62536064503,1898.53808655238,1910.37840089998,1922.14644992619,1933.84238719771,1945.46637344539,1957.01857640068,1968.49917063247,1979.9083373848,1991.24626441517,2002.51314583387,2013.70918194411,2024.83457908322,2035.88954946502,2046.87431102318,2057.78908725595,2068.63410707215,2079.4096046384,2090.11581922796,2100.75299507078,2111.32138120528,2121.82123133151,2132.25280366598,2142.61636079816,2152.91216954853,2163.14050082848,2173.30162950181,2183.39583424811,2193.42339742785,2203.38460494931,2213.27974613742,2223.1091136043,2232.87300312186,2242.57171349613,2252.20554644362,2261.77480646952,2271.27980074787,2280.72083900359,2290.09823339659,2299.41229840767,2308.66335072648,2317.85170914133,2326.97769443109,2336.04162925889,2345.04383806785,2353.98464697871,2362.86438368946,2371.68337737678,2380.44195859955,2389.14045920414,2397.77921223168,2406.35855182721,2414.87881315066,2423.34033228978,2431.74344617487,2440.08849249532,2448.3758096181,2456.60573650789,2464.77861264913,2472.89477796981,2480.954572767,2488.95833763414,2496.90641339005,2504.79914100967,2512.63686155639,2520.4199161162,2528.14864573333,2535.82339134761,2543.44449373343,2551.01229344022,2558.52713073454,2565.98934554376,2573.39927740112,2580.75726539243,2588.06364810417,2595.31876357304,2602.52294923701,2609.67654188766,2616.77987762408,2623.83329180791,2630.83711901996
Alt_650,NaN,NaN,NaN,NaN,413.312974849892,431.210223257565,449.050504345544,466.835553530521,484.566793703399,502.245377524974,519.872224018281,537.448050144232,554.973398018982,572.448658374393,589.874090795211,607.249841198163,624.57595695394,641.852399995157,659.07905820255,676.255755317686,693.382259592821,710.458291356545,727.483529646756,744.457618039601,761.380169783758,778.250772333142,795.068991357401,811.834374298032,828.546453528121,845.204749165512,861.808771582142,878.35802364642,894.852002730412,911.290202509343,927.672114577254,943.99722989951,960.265040120191,976.475038740068,992.626722178946,1008.71959073436,1024.75314944726,1040.7269088839,1056.64038584224,1072.49310399,1088.2845944408,1104.01439627413,1119.68205700416,1135.28713300186,1150.82918987452,1166.30780280622,1181.72255686249,1197.07304726201,1212.35887961804,1227.57967015187,1242.73504588038,1257.82464477974,1272.84811592687,1287.80511962039,1302.69532748237,1317.51842254226,1332.27409930427,1346.96206379923,1361.58203362195,1376.13373795511,1390.61691758048,1405.03132487824,1419.37672381526,1433.65288992296,1447.85961026538,1461.99668339814,1476.06391931873,1490.06113940885,1503.98817636909,1517.84487414652,1531.6310878557,1545.34668369331,1558.99153884708,1572.56554139907,1586.068590224,1599.5005948826,1612.86147551061,1626.15116270356,1639.36959739762,1652.51673074687,1665.59252399722,1678.59694835717,1691.52998486573,1704.39162425773,1717.18186682661,1729.90072228508,1742.54820962376,1755.12435696788,1767.62920143253,1780.06278897623,1792.42517425339,1804.71642046549,1816.93659921139,1829.08579033673,1841.16408178268,1853.17156943413,1865.10835696747,1876.97455569804,1888.77028442747,1900.49566929092,1912.15084360433,1923.73594771197,1935.2511288341,1946.69654091506,1958.07234447183,1969.37870644308,1980.61580003888,1991.7838045911,2002.88290540461,2013.91329360932,2024.87516601313,2035.76872495592,2046.59417816456,2057.35173860901,2068.04162435966,2078.66405844584,2089.21926871561,2099.70748769688,2110.12895245988,2120.48390448109,2130.77258950852,2140.99525742857,2151.15216213434,2161.24356139552,2171.26971672982,2181.23089327609,2191.12735966892,2200.95938791507,2210.72725327138,2220.43123412457,2230.07161187253,2239.64867080753,2249.16269800104,2258.6139831903,2268.00281866672,2277.32949916594,2286.59432175974,2295.79758574967,2304.93959256247,2314.02064564727,2323.04105037459,2332.00111393703,2340.90114525187,2349.74145486529,2358.5223548585,2367.2441587555,2375.90718143272,2384.51173903031,2393.05814886519,2401.5467293459,2409.97779988906,2418.35168083762,2426.66869338082,2434.92915947572,2443.13340177056,2451.28174352965,2459.37450856,2467.4120211395,2475.39460594681,2483.32258799271,2491.1962925532,2499.01604510405,2506.78217125693,2514.4949966971,2522.15484712256,2529.76204818478,2537.31692543081,2544.81980424692,2552.27100980368,2559.67086700241,2567.01970042308,2574.3178342736,2581.56559234043,2588.76329794054,2595.91127387479,2603.00984238246,2610.05932509719
Alt_660,NaN,NaN,NaN,NaN,406.943151907595,424.596571971845,442.19400837187,459.737245596993,477.227756826849,494.666745430705,512.055181004312,529.393830560028,546.683285478946,563.923984791278,581.116235293772,598.260228951718,615.356057973901,632.40372789462,649.403168948589,666.354245982425,683.25676711006,700.110491288403,716.915134963118,733.670377912037,750.375868394743,767.03122770088,783.636054176196,800.189926793901,816.69240832924,833.143048186971,849.541384924516,865.886948507621,882.179262330349,898.417845026953,914.602212099496,930.731877382004,946.806354359197,962.825157355596,978.787802608798,994.693809238989,1010.54270012534,1026.33400269859,1042.06724965811,1057.74197962062,1073.3577377071,1088.91407607358,1104.41055439085,1119.84674027763,1135.22220969124,1150.53654727941,1165.78934669636,1180.98021088622,1196.10875233617,1211.17459330192,1226.17736600739,1241.11671282075,1255.9922864084,1270.80374986852,1285.5507768457,1300.23305162788,1314.85026922685,1329.40213544341,1343.88836691818,1358.30869116909,1372.66284661625,1386.95058259514,1401.17165935877,1415.3258480696,1429.41293078169,1443.43270041383,1457.38496071415,1471.26952621667,1485.08622219042,1498.83488458136,1512.5153599478,1526.1275053895,1539.67118847098,1553.14628713924,1566.55268963647,1579.89029440782,1593.15901000469,1606.3587549838,1619.48945780233,1632.55105670927,1645.54349963351,1658.46674406855,1671.3207569544,1684.1055145566,1696.82100234287,1709.46721485723,1722.04415559215,1734.55183685865,1746.99027965462,1759.35951353162,1771.6595764601,1783.89051469343,1796.05238263076,1808.14524267887,1820.16916511317,1832.12422793797,1844.01051674619,1855.82812457851,1867.57715178225,1879.25770586993,1890.86990137776,1902.41385972402,1913.88970906757,1925.29758416647,1936.63762623688,1947.90998281226,1959.11480760306,1970.2522603568,1981.32250671883,1992.32571809366,2003.26207150708,2014.13174946896,2024.93493983702,2035.67183568136,2046.34263515009,2056.94754133589,2067.48676214364,2077.9605101592,2088.36900251932,2098.71246078272,2108.9911108025,2119.20518259976,2129.35491023852,2139.44053170204,2149.46228877049,2159.42042690004,2169.31519510334,2179.14684583154,2188.91563485769,2198.62182116174,2208.26566681696,2217.84743687798,2227.36739927037,2236.82582468171,2246.22298645434,2255.55916047962,2264.83462509384,2274.0496609757,2283.20455104541,2292.29958036543,2301.33503604276,2310.31120713295,2319.22838454564,2328.08686095179,2336.88693069245,2345.62888968928,2354.31303535653,2362.93966651474,2371.50908330599,2380.02158711081,2388.47748046659,2396.87706698766,2405.22065128688,2413.50853889889,2421.74103620478,2429.91845035845,2438.04108921438,2446.10926125703,2454.12327553167,2462.08344157677,2469.99006935782,2477.84346920265,2485.64395173822,2493.39182782884,2501.0874085158,2508.7310049584,2516.32292837649,2523.86348999419,2531.35300098519,2538.79177241924,2546.18011521001,2553.51834006435,2560.8067574327,2568.04567746094,2575.23540994332,2582.37626427683,2589.46854941665
Alt_670,NaN,NaN,NaN,NaN,400.755993074687,418.17251829476,435.533982892729,452.84221688411,470.098740461969,487.304804659805,504.461426801081,521.569421278582,538.629426221195,555.641926578202,572.607274104147,589.525704673494,606.397353300318,623.222267187748,640.000417086208,656.731707199316,673.415983841291,690.053043019702,706.642637091642,723.18448061958,739.678255534549,756.123615698598,772.520190945125,788.867590664363,805.165406991775,821.413217648944,837.610588479675,853.757075718125,869.852228020828,885.895588290151,901.886695313128,917.825085236471,933.710292895875,949.541853015442,965.31930129108,981.042175369988,996.710015736903,1012.32236651648,1027.87877620006,1043.37879830419,1058.82199196726,1074.20792249009,1089.53616182556,1104.80628902171,1120.01789062254,1135.17056102996,1150.26390283027,1165.29752708796,1180.27105360955,1195.18411117977,1210.03633777223,1224.82738073649,1239.55689696329,1254.22455302951,1268.83002532432,1283.37300015784,1297.85317385348,1312.27025282507,1326.62395363984,1340.91400306806,1355.1401381204,1369.30210607352,1383.39966448488,1397.43258119731,1411.40063433394,1425.30361228425,1439.14131368154,1452.91354737254,1466.6201323795,1480.26089785529,1493.83568303192,1507.34433716277,1520.78671945905,1534.16269902081,1547.47215476266,1560.71497533485,1573.8910590396,1587.00031374335,1600.04265678489,1613.01801487985,1625.92632402165,1638.76752937922,1651.54158519163,1664.24845465999,1676.88810983665,1689.46053151201,1701.96570909907,1714.40364051595,1726.77433206648,1739.07779831906,1751.31406198401,1763.48315378942,1775.58511235578,1787.61998406941,1799.58782295498,1811.48869054707,1823.322655761,1835.08979476305,1846.79019084012,1858.42393426904,1869.99112218546,1881.49185845267,1892.92625353018,1904.29442434241,1915.59649414733,1926.83259240529,1938.00285464819,1949.10742234877,1960.14644279048,1971.12006893767,1982.0284593064,1992.87177783577,2003.65019376,2014.3638814811,2025.01302044241,2035.59779500296,2046.11839431261,2056.57501218826,2066.96784699089,2077.2971015037,2087.56298281127,2097.76570217985,2107.90547493871,2117.98252036272,2127.9970615561,2137.94932533739,2147.83954212568,2157.66794582814,2167.4347737288,2177.14026637874,2186.78466748754,2196.36822381617,2205.89118507121,2215.35380380049,2224.75633529019,2234.09903746328,2243.38217077944,2252.60599813647,2261.77078477309,2270.87679817323,2279.92430797182,2288.91358586199,2297.8449055038,2306.71854243445,2315.53477397993,2324.29387916822,2332.99613864388,2341.64183458422,2350.23125061688,2358.7646717389,2367.24238423727,2375.66467561095,2384.03183449434,2392.34415058217,2400.6019145559,2408.80541801153,2416.95495338881,2425.0508139019,2433.09329347147,2441.0826866581,2449.01928859718,2456.90339493516,2464.7353017671,2472.51530557563,2480.24370317128,2487.92079163409,2495.54686825652,2503.12223048773,2510.64717587908,2518.12200203097,2525.54700654086,2532.92248695261,2540.24874070699,2547.52606509348,2554.75475720318,2561.93511388294,2569.06743169074
Alt_680,NaN,NaN,NaN,NaN,NaN,411.929939389327,429.06202423425,446.141787869747,463.170794370881,480.15033952856,497.081485680318,513.965092053868,530.801841128571,547.592261507677,564.336747757874,581.035577626343,597.688926996947,614.296882900423,630.859454850581,647.37658474022,663.84815549696,680.273998670126,696.653901094901,712.987610758583,729.274841975685,745.515279963094,761.708584893431,777.8543954936,793.952332246032,810.002000242114,826.002991730433,841.954888396636,857.857263406743,873.709683241504,889.511709345745,905.262899613547,920.962809727428,936.610994367386,952.207008303692,967.750407385612,983.240749436745,998.677595066405,1014.06050840534,1029.38905777311,1044.66281628373,1059.88136239507,1075.04428040753,1090.15116091619,1105.20160122066,1120.19520569632,1135.13158613008,1150.01036202365,1164.83116086693,1179.5936183839,1194.29737875314,1208.94209480486,1223.52742819625,1238.05304956671,1252.51863867442,1266.92388451551,1281.26848542707,1295.55214917515,1309.7745930286,1323.93554381985,1338.03473799337,1352.07192164262,1366.04685053622,1379.95929013398,1393.80901559352,1407.59581176787,1421.31947319474,1434.97980407794,1448.57661826131,1462.1097391958,1475.57899989984,1488.9842429137,1502.32532024788,1515.60209332618,1528.81443292352,1541.96221909895,1555.04534112419,1568.06369740774,1581.01719541515,1593.90575158541,1606.72929124386,1619.48774851176,1632.18106621286,1644.80919577697,1657.37209714092,1669.86973864701,1682.30209693909,1694.66915685658,1706.97091132643,1719.20736125327,1731.37851540791,1743.48439031426,1755.52501013493,1767.50040655554,1779.41061866783,1791.25569285192,1803.03568265753,1814.75064868454,1826.40065846279,1837.98578633145,1849.50611331782,1860.9617270158,1872.35272146416,1883.67919702456,1894.94126025951,1906.13902381032,1917.27260627518,1928.34213208727,1939.34773139321,1950.28953993177,1961.16769891289,1971.9823548972,1982.73365967599,1993.42177015169,2004.04684821905,2014.60906064684,2025.10857896041,2035.54557932484,2045.92024242903,2056.23275337053,2066.48330154133,2076.67208051453,2086.79928793198,2096.86512539292,2106.86979834367,2116.81351596832,2126.69649108059,2136.51894001674,2146.28108252968,2155.98314168418,2165.62534375334,2175.20791811623,2184.73109715674,2194.19511616376,2203.60021323252,2212.94662916726,2222.2346073852,2231.46439382179,2240.6362368373,2249.75038712467,2258.80709761876,2267.80662340694,2276.74922164094,2285.63515145012,2294.46467385613,2303.23805168878,2311.95554950343,2320.6174334996,2329.22397144107,2337.77543257722,2346.27208756575,2354.71420839683,2363.1020683185,2371.43594176345,2379.71610427715,2387.94283244731,2396.11640383466,2404.23709690502,2412.30519096278,2420.32096608556,2428.28470306025,2436.1966833203,2444.05718888436,2451.86650229603,2459.62490656507,2467.33268510971,2474.99012170023,2482.59750040382,2490.15510553059,2497.66322158081,2505.12213319332,2512.53212509517,2519.89348205234,2527.20648882168,2534.47143010398,2541.68859049811,2548.85825445634
Alt_690,NaN,NaN,NaN,NaN,NaN,405.861168916108,422.770199771521,439.62776422065,456.435467223124,473.194646548456,489.90640695705,506.571650083158,523.191100471214,539.765328220157,556.294768664916,572.779739485623,589.220455592032,605.617042087795,621.969545579189,638.277944056654,654.54215554544,670.762045693678,686.937434442058,703.068101898486,719.15379352338,735.194224716101,751.189084880125,767.138041033572,783.040741022376,798.896816385407,814.705884914091,830.467552943293,846.181417405247,861.847067674166,877.464087225473,893.032055130528,908.550547405059,924.019138227197,939.437401039031,954.804909543903,970.12123861018,985.385965090941,1000.59866856793,1015.75893202713,1030.86634247251,1045.92049148364,1060.92097572251,1075.86739739389,1090.75936466349,1105.59649203754,1120.37840070697,1135.10471885924,1149.77508196037,1164.38913300961,1178.94652276878,1193.44690996836,1207.88996149193,1222.27535254068,1236.60276677937,1250.87189646496,1265.08244255932,1279.23411482694,1293.32663191867,1307.35972144252,1321.33312002219,1335.24657334422,1349.09983619456,1362.89267248494,1376.62485526999,1390.29616675549,1403.90639829823,1417.45535039822,1430.9428326834,1444.36866388753,1457.73267182155,1471.03469333877,1484.27457429435,1497.45216949929,1510.56734266927,1523.61996636878,1536.60992195056,1549.53709949089,1562.40139772075,1575.20272395331,1587.94099400777,1600.6161321299,1613.22807090951,1625.77675119491,1638.26212200465,1650.68414043675,1663.0427715755,1675.33798839608,1687.56977166705,1699.73810985102,1711.84299900352,1723.88444267022,1735.86245178272,1747.77704455294,1759.62824636632,1771.41608967385,1783.14061388315,1794.80186524864,1806.39989676093,1817.93476803554,1829.40654520104,1840.81530078666,1852.16111360959,1863.44406866187,1874.66425699712,1885.82177561713,1896.91672735832,1907.94922077827,1918.91937004232,1929.82729481026,1940.67312012332,1951.45697629134,1962.17899878037,1972.83932810058,1983.43810969468,1993.97549382681,2004.45163547198,2014.86669420612,2025.22083409678,2035.51422359449,2045.74703542493,2055.91944648173,2066.03163772023,2076.083794052,2086.07610424024,2096.00876079611,2105.881959876,2115.69590117975,2125.45078784989,2135.14682637188,2144.7842264754,2154.36320103669,2163.88396598204,2173.34674019229,2182.75174540849,2192.09920613877,2201.38934956623,2210.62240545812,2219.79860607612,2228.91818608783,2237.98138247952,2246.98843446995,2255.93958342561,2264.83507277694,2273.67514793602,2282.46005621531,2291.19004674773,2299.86537040795,2308.4862797349,2317.05302885557,2325.56587341002,2334.02507047765,2342.43087850467,2350.78355723291,2359.08336762972,2367.33057181926,2375.52543301489,2383.66821545285,2391.75918432719,2399.79860572581,2407.78674656782,2415.72387454201,2423.6102580466,2431.4461661301,2439.23186843339,2446.96763513293,2454.6537368852,2462.29044477223,2469.87803024828,2477.41676508767,2484.9069213337,2492.34877124874,2499.74258726533,2507.08864193847,2514.38720789888,2521.63855780743,2528.84296431052
Alt_700,NaN,NaN,NaN,NaN,NaN,NaN,416.651015607977,433.292403611305,449.884772593361,466.429499642835,482.92772946601,499.380403784602,515.788287027316,532.151988730457,548.471983048667,564.748625746065,580.982169000634,597.172774315891,613.320523796708,629.425430012044,645.487444636782,661.506466038027,677.482345947848,693.414895344296,709.303889645205,725.149073304461,740.950163887761,756.706855694074,772.418822979817,788.085722834857,803.707197752782,819.282877932116,834.812383340256,850.295325567725,865.731309496712,881.119934804784,896.46079732201,911.753490257413,926.997605308728,942.192733667691,957.338466931645,972.434397930941,987.480121480489,1002.47523506288,1017.41933944959,1032.31203926616,1047.15294350635,1061.94166600014,1076.67782583934,1091.36104776476,1105.99096251811,1120.56720716152,1135.08942536742,1149.55726768111,1163.97039175815,1178.32846257856,1192.63115263956,1206.87814212838,1221.06911907669,1235.2037794979,1249.28182750851,1263.30297543462,1277.26694390471,1291.17346192933,1305.02226696891,1318.81310499011,1332.54573051169,1346.21990664041,1359.83540509761,1373.3920062371,1386.88949905471,1400.32768119023,1413.706358922,1427.02534715462,1440.28446940028,1453.48355775394,1466.6224528628,1479.70100389036,1492.71906847535,1505.67651268595,1518.57321096932,1531.40904609706,1544.18390910643,1556.89769923799,1569.55032386954,1582.14169844673,1594.67174641057,1607.14039912194,1619.5475957833,1631.89328335788,1644.17741648636,1656.39995740134,1668.5608758396,1680.66014895252,1692.69776121454,1704.67370433001,1716.58797713848,1728.44058551843,1740.23154228987,1751.96086711556,1763.62858640124,1775.23473319486,1786.77934708487,1798.26247409777,1809.68416659497,1821.04448316907,1832.34348853953,1843.58125344803,1854.75785455342,1865.87337432643,1876.92790094416,1887.92152818445,1898.85435532024,1909.72648701391,1920.53803321171,1931.28910903831,1941.9798346916,1952.61033533769,1963.18074100629,1973.69118648637,1984.1418112223,1994.53275921042,2004.86417889614,2015.13622307156,2025.34904877371,2035.5028171834,2045.59769352476,2055.63384696545,2065.61145051769,2075.53068093992,2085.39171863943,2095.19474757568,2104.9399551646,2114.62753218364,2124.25767267785,2133.83057386685,2143.34643605271,2152.80546252889,2162.20785949009,2171.55383594316,2180.84360361901,2190.07737688559,2199.2553726619,2208.37781033307,2217.44491166652,2226.45690072925,2235.41400380613,2244.31644931942,2253.16446774929,2261.95829155559,2270.69815510057,2279.38429457291,2288.01694791279,2296.59635473808,2305.12275627175,2313.59639527033,2322.01751595358,2330.38636393529,2338.70318615514,2346.96823081186,2355.18174729735,2363.34398613204,2371.4551989014,2379.51563819344,2387.52555753751,2395.4852113441,2403.39485484576,2411.25474403917,2419.06513562832,2426.82628696867,2434.53845601257,2442.2019012556,2449.81688168407,2457.38365672354,2464.90248618845,2472.37363023271,2479.79734930141,2487.17390408347,2494.50355546542,2501.78656448604,2509.02319229214
Alt_710,NaN,NaN,NaN,NaN,NaN,NaN,410.697386860916,427.128385207965,443.51115767913,459.847118134279,476.137448855199,492.383129434118,508.58496210099,524.743593864739,540.859535840597,556.933180112983,572.964814451596,588.954635163772,604.902758331962,620.809229653209,636.67403306854,652.49709834449,668.278307746463,684.017501924053,699.714485111651,715.369029733112,730.980880486888,746.549757977389,762.075361949246,777.557374173415,792.995461027377,808.389275806047,823.73846079512,839.042649134414,854.301466495178,869.514532592277,884.68146254949,899.801868133884,914.875358873255,929.901543068902,944.880028714547,959.810424330896,974.692339724255,989.525386676618,1004.3091795738,1019.04333597743,1033.72747714609,1048.36122851,1062.94422010368,1077.47608695995,1091.95646946882,1106.38501370404,1120.7613717201,1135.08520182194,1149.35616880969,1163.57394420018,1177.73820642713,1191.84864102156,1205.9049407739,1219.90680587899,1233.85394406538,1247.74607070981,1261.582908938,1275.36418971265,1289.08965190942,1302.75904238172,1316.37211601505,1329.92863577145,1343.42837272477,1356.87110608719,1370.2566232277,1383.58471968283,1396.85519916022,1410.06787353532,1423.22256284179,1436.31909525577,1449.35730707451,1462.33704268962,1475.25815455524,1488.12050315143,1500.92395694308,1513.66839233453,1526.3536936202,1538.97975293142,1551.54647017969,1564.05375299661,1576.50151667058,1588.88968408061,1601.21818562723,1613.48695916087,1625.69594990769,1637.84511039311,1649.93440036326,1661.96378670427,1673.93324335977,1685.84275124665,1697.69229816907,1709.48187873112,1721.21149424795,1732.88115265574,1744.49086842036,1756.04066244508,1767.53056197726,1778.96060051412,1790.33081770782,1801.64125926974,1812.89197687425,1824.08302806184,1835.21447614191,1846.28639009507,1857.29884447527,1868.25191931157,1879.14570000983,1889.98027725426,1900.75574690894,1911.4722099194,1922.12977221422,1932.72854460679,1943.26864269731,1953.75018677494,1964.1733017203,1974.53811690832,1984.84476611142,1995.09338740314,2005.28412306225,2015.41711947737,2025.49252705207,2035.51050011064,2045.47119680442,2055.37477901876,2065.22141228074,2075.01126566747,2084.74451171528,2094.42132632948,2104.04188869513,2113.60638118841,2123.11498928895,2132.56790149299,2141.96530922739,2151.30740676452,2160.59439113813,2169.82646206003,2179.00382183783,2188.12667529356,2197.19522968326,2206.20969461757,2215.1702819833,2224.07720586602,2232.93068247359,2241.73093006079,2250.47816885488,2259.17262098232,2267.81451039636,2276.40406280579,2284.94150560469,2293.4270678032,2301.8609799594,2310.24347411214,2318.57478371504,2326.85514357141,2335.08478977035,2343.26395962377,2351.39289160454,2359.47182528567,2367.50100128048,2375.4806611839,2383.41104751468,2391.29240365876,2399.12497381358,2406.90900293341,2414.64473667575,2422.33242134868,2429.97230385925,2437.56463166283,2445.10965271351,2452.60761541539,2460.05876857493,2467.46336135422,2474.8216432252,2482.13386392487,2489.40027341143
Alt_720,NaN,NaN,NaN,NaN,NaN,NaN,404.902610313028,421.128781573373,437.307474490325,453.440137251044,469.527987442079,485.572040404662,501.573134178454,517.531951367863,533.449038273435,549.324821616285,565.159623157659,580.95367248528,596.70711820702,612.42003776266,628.092446037189,643.724302934554,659.31552004915,674.865966553401,690.375474403452,705.843842950804,721.270843035609,736.656220626883,751.999700065982,767.300986962008,782.559770781262,797.775727167225,812.948520022741,828.077803381918,843.163223095721,858.204418352133,873.201023049175,888.152667036736,903.058977241235,917.919578685425,932.734095414148,947.502151335597,962.223370986496,976.897380228656,991.523806883505,1006.10228131045,1020.63243693426,1035.11391072616,1049.5463436427,1063.92938102615,1078.2626729697,1092.54587465049,1106.77864663297,1120.96065514527,1135.0915723304,1149.17107647458,1163.19885221408,1177.17459072258,1191.09798988015,1204.96875442536,1218.78659609163,1232.55123372903,1246.26239341233,1259.91980853646,1273.52321989995,1287.07237577739,1300.5670319814,1314.00695191487,1327.3919066141,1340.72167478325,1353.99604282082,1367.21480483846,1380.37776267267,1393.48472588975,1406.53551178439,1419.52994537233,1432.46785937729,1445.34909421261,1458.17349795793,1470.94092633097,1483.65124265496,1496.30431782178,1508.90003025109,1521.43826584571,1533.91891794344,1546.34188726548,1558.70708186173,1571.01441705303,1583.26381537069,1595.45520649325,1607.58852718082,1619.66372120708,1631.68073928903,1643.63953901468,1655.54008476893,1667.38234765743,1679.16630542899,1690.89194239626,1702.55924935502,1714.16822350211,1725.71886835217,1737.21119365315,1748.64521530082,1760.02095525235,1771.33844143897,1782.59770767791,1793.79879358355,1804.94174447809,1816.02661130152,1827.05345052125,1838.02232404128,1848.93329911104,1859.78644823399,1870.58184907598,1881.31958437353,1891.99974184198,1902.62241408364,1913.18769849592,1923.69569717963,1934.14651684732,1944.54026873188,1954.87706849529,1965.15703613769,1975.38029590676,1985.54697620743,1995.65720951199,2005.71113227064,2015.7088848225,2025.65061130713,2035.53645957654,2045.36658110782,2055.14113091636,2064.86026746959,2074.52415260153,2084.1329514279,2093.68683226193,2103.18596653096,2112.63052869371,2122.02069615837,2131.35664920142,2140.63857088727,2149.86664698876,2159.04106590839,2168.16201860053,2177.22969849436,2186.24430141779,2195.2060255222,2204.11507120809,2212.97164105165,2221.77593973226,2230.52817396087,2239.22855240933,2247.87728564067,2256.47458604033,2265.02066774829,2273.51574659222,2281.96004002153,2290.35376704241,2298.69714815381,2306.99040528443,2315.2337617306,2323.42744209519,2331.57167222744,2339.6666791638,2347.71269106967,2355.70993718217,2363.65864775382,2371.55905399716,2379.41138803042,2387.21588282401,2394.97277214803,2402.68229052074,2410.34467315788,2417.96015592301,2425.52897527876,2433.0513682389,2440.52757232149,2447.9578255028,2455.34236617219,2462.68143308786,2469.97526533354
Alt_730,NaN,NaN,NaN,NaN,NaN,NaN,NaN,415.287032772794,431.26695328743,447.201580926421,463.092166403503,478.939758776691,494.745229989431,510.509296446575,526.232537937331,541.915414211133,557.558279492433,573.161395194357,588.724941063084,604.249024957436,619.733691442405,635.17892935212,650.58467845697,665.950835351381,681.277258662876,696.563773669235,711.810176398732,727.016237278179,742.181704384714,757.306306349755,772.389754957019,787.431747470973,802.431968727316,817.390093012934,832.305785759297,847.178705070169,862.008503101904,876.794827312317,891.537321592157,906.235627291512,920.889384151994,935.49823115426,950.061807289335,964.57975226119,979.051707127213,993.477314882449,1007.85622099282,1022.18807388202,1036.47252537618,1050.70923111007,1064.89785089814,1079.03804907334,1093.1294947965,1107.1718623385,1121.16483133762,1135.10808703383,1149.00132048187,1162.84422874477,1176.63651506914,1190.37788904371,1204.06806674212,1217.70677085128,1231.29373078608,1244.82868279153,1258.31137003309,1271.74154267597,1285.11895795413,1298.44338022955,1311.71458104249,1324.93233915322,1338.09644057573,1351.20667860392,1364.2628538307,1377.26477416045,1390.21225481512,1403.10511833448,1415.94319457069,1428.72632067765,1441.45434109533,1454.12710752934,1466.74447892619,1479.30632144412,1491.81250842017,1504.26292033335,1516.65744476429,1528.99597635157,1541.27841674484,1553.50467455496,1565.6746653013,1577.78831135641,1589.84554188817,1601.84629279952,1613.79050666607,1625.67813267151,1637.50912654113,1649.28345047346,1661.00107307022,1672.66196926462,1684.26612024821,1695.81351339627,1707.30414219195,1718.73800614919,1730.11511073453,1741.43546728792,1752.69909294255,1763.90601054389,1775.05624856791,1786.14984103862,1797.18682744499,1808.16725265735,1819.09116684323,1829.95862538286,1840.76968878431,1851.5244225983,1862.22289733278,1872.86518836742,1883.45137586785,1893.98154469997,1904.45578434412,1914.87418880936,1925.23685654782,1935.54389036918,1945.79539735527,1955.99148877495,1966.1322799992,1976.2178904165,1986.24844334857,1996.22406596644,2006.14488920691,2016.01104768948,2025.8226796337,2035.57992677703,2045.28293429321,2054.93185071115,2064.52682783449,2074.06802066159,2083.5555873063,2092.98968891925,2102.37048960989,2111.69815636914,2120.97285899281,2130.19477000565,2139.3640645862,2148.48092049241,2157.5455179879,2166.55803976917,2175.51867089346,2184.42759870748,2193.28501277693,2202.09110481684,2210.84606862281,2219.55010000293,2228.20339671076,2236.80615837898,2245.35858645401,2253.86088413145,2262.31325629243,2270.71590944079,2279.06905164117,2287.37289245798,2295.62764289523,2303.8335153373,2311.99072349051,2320.09948232571,2328.16000802158,2336.172517909,2344.1372304162,2352.05436501478,2359.92414216671,2367.74678327213,2375.52251061805,2383.25154732793,2390.93411731214,2398.57044521928,2406.16075638836,2413.70527680185,2421.20423303957,2428.65785223348,2436.0663620232,2443.42999051255,2450.74896622672
Alt_740,NaN,NaN,NaN,NaN,NaN,NaN,NaN,409.596922484233,425.383178068039,441.124836687542,456.823180093313,472.479289111517,488.094067763655,503.668264536914,519.202491086298,534.697238651843,550.152892460465,565.569744360201,580.948003909865,596.287808121962,611.589230032784,626.852286251548,642.076943620659,657.263125101608,672.410714985662,687.519563515111,702.589490989227,717.620291419101,732.611735786876,747.563574957468,762.475542284493,777.34735594661,792.178721045753,806.969331494677,821.718871717707,836.427018185574,851.093440802593,865.717804162186,880.29976868478,894.838991650446,909.335128137126,923.787831874039,938.196756018753,952.561553865395,966.881879490657,981.157388343496,995.387737783768,1009.57258757448,1023.7116003318,1037.80444193662,1051.85078191093,1065.85029376201,1079.80265529716,1093.70754891141,1107.56466185022,1121.3736864494,1135.13432035378,1148.84626671632,1162.50923437923,1176.12293803823,1189.68709839129,1203.20144227287,1216.66570277473,1230.07961935416,1243.44293793051,1256.75541097074,1270.01679756477,1283.22686349118,1296.38538127398,1309.49213023087,1322.54689651361,1335.5494731409,1348.49966002425,1361.39726398726,1374.24209877857,1387.03398507909,1399.7727505035,1412.45822959667,1425.09026382499,1437.66870156313,1450.19339807632,1462.66421549844,1475.08102280623,1487.44369578966,1499.7521170188,1512.00617580741,1524.20576817326,1536.35079679553,1548.44117096935,1560.47680655773,1572.45762594085,1584.38355796312,1596.25453787787,1608.07050729002,1619.8314140967,1631.53721242605,1643.18786257419,1654.78333094066,1666.32358996219,1677.80861804514,1689.23839949651,1700.61292445376,1711.93218881347,1723.19619415882,1734.40494768628,1745.55846213115,1756.65675569247,1767.69985195705,1778.68777982286,1789.62057342174,1800.49827204168,1811.32092004846,1822.08856680698,1832.80126660214,1843.4590785595,1854.06206656557,1864.610299188,1875.10384959556,1885.54279547804,1895.92721896612,1906.25720655115,1916.5328490051,1926.75424130045,1936.92148253029,1947.03467582858,1957.09392829055,1967.09935089337,1977.0510584171,1986.94916936594,1996.79380588979,2006.58509370617,2016.32316202263,2026.00814345941,2035.64017397273,2045.21939277846,2054.74594227629,2064.21996797443,2073.64161841493,2083.01104509944,2092.32840241567,2101.59384756437,2110.80754048705,2119.96964379418,2129.0803226942,2138.13974492314,2147.14808067488,2156.10550253223,2165.01218539862,2173.86830643055,2182.67404497077,2191.42958248227,2200.13510248289,2208.79079048087,2217.39683391098,2225.95342207163,2234.46074606258,2242.91899872358,2251.32837457377,2259.6890697518,2268.0012819569,2276.26521039063,2284.48105569956,2292.64901991862,2300.76930641542,2308.84211983528,2316.86766604711,2324.84615209016,2332.77778612148,2340.66277736431,2348.50133605722,2356.29367340407,2364.04000152483,2371.74053340714,2379.39548285877,2387.00506446077,2394.56949352156,2402.08898603169,2409.56375861947,2416.99402850739,2424.38001346929,2431.72193178836
Alt_750,NaN,NaN,NaN,NaN,NaN,NaN,NaN,404.052555935468,419.650063921163,435.203632450373,450.714572301876,466.183994199679,481.612832492756,497.001866104684,512.351737002634,527.662966445946,542.935969266836,558.171066418572,573.368496004924,588.528422981933,603.650947700873,618.736113440536,633.783913058107,648.7942948711,663.767167867948,678.702406331876,693.599853951364,708.459327480743,723.280620005983,738.063503863437,752.807733253018,767.513046581839,782.179168569701,796.805812143749,811.392680146158,825.939466875693,840.445859481396,854.911539224398,869.336182621899,883.719462485688,898.061048866071,912.360609910823,926.617812647659,940.832323697718,955.003809926749,969.131939039901,983.216380125386,997.256804151705,1011.25288442262,1025.20429699364,1039.11072105327,1052.97183927223,1066.78733812307,1080.55690817285,1094.28024435089,1107.95704619374,1121.5870180689,1135.16986937918,1148.70531474899,1162.19307419386,1175.63287327459,1189.02444323686,1202.36752113756,1215.66184995856,1228.90717870888,1242.10326251595,1255.24986270668,1268.34674687912,1281.39368896501,1294.39046928411,1307.33687459057,1320.23269811192,1333.07773958115,1345.87180526213,1358.61470796897,1371.30626707942,1383.94630854289,1396.53466488319,1409.07117519643,1421.55568514417,1433.98804694233,1446.36811934582,1458.69576762931,1470.97086356426,1483.19328539245,1495.36291779616,1507.47965186519,1519.54338506094,1531.55402117763,1543.51147030088,1555.41564876372,1567.26647910027,1579.06388999713,1590.80781624266,1602.49819867425,1614.1349841237,1625.71812536084,1637.2475810354,1648.72331561744,1660.14529933617,1671.51350811748,1682.82792352015,1694.08853267082,1705.29532819796,1716.4483081646,1727.54747600033,1738.5928404322,1749.58441541498,1760.52222006051,1771.40627856655,1782.23662014482,1793.01327894864,1803.73629400004,1814.40570911633,1825.02157283645,1835.5839383469,1846.09286340739,1856.5484102763,1866.95064563595,1877.29964051775,1887.59547022725,1897.83821426914,1908.02795627227,1918.16478391473,1928.24878884895,1938.28006662696,1948.25871662578,1958.184841973,1968.05854947264,1977.8799495311,1987.64915608359,1997.36628652073,2007.03146161552,2016.64480545074,2026.20644534662,2035.71651178906,2045.17513835818,2054.58246165737,2063.93862124286,2073.24375955375,2082.49802184254,2091.70155610627,2100.85451301816,2109.95704585986,2119.00931045426,2128.01146509894,2136.96367050021,2145.8660897078,2154.71888805019,2163.52223307058,2172.27629446358,2180.9812440125,2189.63725552741,2198.24450478382,2206.80316946212,2215.31342908769,2223.77546497177,2232.18946015302,2240.55559933984,2248.87406885336,2257.14505657128,2265.36875187234,2273.54534558158,2281.6750299164,2289.75799843329,2297.79444597534,2305.78456862056,2313.72856363082,2321.62662940173,2329.47896541313,2337.28577218037,2345.04725120638,2352.7636049345,2360.43503670196,2368.06175069427,2375.64395190022,2383.18184606767,2390.67563966016,2398.1255398141,2405.53175429687,2412.89449146552
Alt_760,NaN,NaN,NaN,NaN,NaN,NaN,NaN,NaN,414.061836086637,429.432015055572,444.760214289921,460.047572614667,475.295053026171,490.503463306149,505.673474245348,520.805635713524,535.900390810888,550.958088323557,565.978993687338,580.963298643867,595.91112975275,610.822555903934,625.697594956681,640.536219615437,655.338362638583,670.103921463462,684.832762320135,699.524723896689,714.179620610703,728.797245534257,743.377373013705,757.919761020048,772.424153261167,786.890281083144,801.317865184466,815.706617163939,830.056240920525,844.366433921105,858.636888350221,872.867292154156,887.057329990252,901.206684091102,915.315035052088,929.382062549846,943.407445998291,957.390865148177,971.332000635445,985.230534483088,999.086150560713,1012.89853500557,1026.66737660842,1040.39236716717,1054.07320181119,1067.70957929844,1081.30120228792,1094.84777758917,1108.34901639071,1121.80463446915,1135.21435238015,1148.57789563287,1161.89499484888,1175.16538590681,1188.38881007362,1201.56501412345,1214.69375044491,1227.77477713753,1240.80785809815,1253.79276309777,1266.72926784962,1279.61715406888,1292.45620952456,1305.24622808406,1317.98700975089,1330.67836069579,1343.32009328175,1355.91202608332,1368.45398390035,1380.94579776667,1393.3873049539,1405.77834897056,1418.11877955696,1430.40845267588,1442.64723049939,1454.83498139196,1466.97157989009,1479.05690667861,1491.09084856389,1503.07329844397,1515.00415527606,1526.88332404117,1538.71071570638,1550.48624718463,1562.20984129229,1573.8814267046,1585.50093790906,1597.06831515697,1608.58350441309,1620.04645730372,1631.45713106306,1642.81548847815,1654.12149783241,1665.37513284777,1676.57637262568,1687.72520158685,1698.82160940999,1709.8655909695,1720.85714627226,1731.79628039354,1742.6830034121,1753.51733034457,1764.29928107918,1775.02888030887,1785.70615746381,1796.3311466435,1806.90388654834,1817.42442041091,1827.89279592682,1838.30906518532,1848.67328459967,1858.98551483729,1869.24582074974,1879.45427130266,1889.61093950555,1899.71590234159,1909.76924069739,1919.7710392929,1929.72138661122,1939.62037482871,1949.46809974511,1959.26466071391,1969.01016057286,1978.70470557475,1988.3484053185,1997.9413726804,2007.48372374582,2016.97557774115,2026.41705696615,2035.80828672664,2045.14939526767,2054.44051370703,2063.68177596926,2072.87331872011,2082.01528130146,2091.10780566677,2100.15103631705,2109.14512023729,2118.09020683351,2126.98644787036,2135.83399740925,2144.63301174706,2153.38364935552,2162.08607082111,2170.74043878558,2179.3469178872,2187.90567470248,2196.41687768865,2204.88069712677,2213.29730506546,2221.66687526528,2229.98958314386,2238.26560572163,2246.49512156822,2254.67831074962,2262.81535477592,2270.90643654983,2278.95174031583,2286.95145161004,2294.9057572108,2302.81484508991,2310.67890436457,2318.49812525008,2326.27269901313,2334.0028179259,2341.6886752208,2349.33046504589,2356.92838242104,2364.48262319475,2371.99338400169,2379.46086222093,2386.88525593479,2394.26676388851
Alt_770,NaN,NaN,NaN,NaN,NaN,NaN,NaN,NaN,408.613010572818,423.804330395959,438.954284445217,454.064037918616,469.134580845979,484.166748352476,499.161238624935,514.118628793336,529.039388944919,543.923894480275,558.772437006024,573.585233940831,588.362436993036,603.104139650044,617.810383802877,632.481165613862,647.116440721789,661.716128866636,676.280118005365,690.808267980919,705.300413798477,719.756368555976,734.175926069824,748.558863231449,762.904942125774,777.213911938763,791.485510677754,805.719466725346,819.915500245063,834.073324454747,848.192646781754,862.273169912305,876.314592745912,890.316611264505,904.278919324785,918.201209381349,932.083173147292,945.924502198224,959.724888525015,973.484025039977,987.201606040706,1000.87732763535,1014.51088813267,1028.10198839995,1041.65033219139,1055.15562644957,1068.61758158202,1082.03591171505,1095.41033492645,1108.74057345883,1122.02635391508,1135.2674074371,1148.46346986925,1161.61428190745,1174.71958923502,1187.77914264616,1200.79269815792,1213.76001711138,1226.6808662628,1239.55501786538,1252.38224974222,1265.16234535097,1277.8950938408,1290.58029010203,1303.21773480895,1315.80723445618,1328.34860138891,1340.8416538275,1353.28621588657,1365.68211758908,1378.02919487547,1390.32728960839,1402.57624957296,1414.77592847304,1426.92618592358,1439.02688743937,1451.07790442023,1463.079114133,1475.03039969033,1486.93165002659,1498.78275987093,1510.58362971768,1522.33416579432,1534.0342800269,1545.68389000339,1557.28291893478,1568.83129561415,1580.32895437391,1591.77583504114,1603.17188289129,1614.5170486002,1625.8112881947,1637.05456300164,1648.24683959571,1659.38808974588,1670.47829036075,1681.51742343271,1692.50547598109,1703.44243999435,1714.32831237137,1725.16309486186,1735.94679400604,1746.67942107358,1757.36099200192,1767.99152733392,1778.57105215506,1789.09959603002,1799.57719293896,1810.0038812133,1820.37970347117,1830.70470655262,1840.97894145451,1851.20246326516,1861.37533109895,1871.49760803064,1881.56936102966,1891.59066089439,1901.56158218629,1911.48220316417,1921.35260571842,1931.17287530534,1940.94310088159,1950.66337483873,1960.33379293799,1969.9544542452,1979.52546106587,1989.04691888064,1998.51893628092,2007.94162490479,2017.31509937329,2026.639477227,2035.91487886297,2045.14142747204,2054.31924897654,2063.44847196841,2072.52922764774,2081.56164976178,2090.54587454434,2099.48204065574,2108.37028912323,2117.21076328186,2126.00360871594,2134.74897320095,2143.44700664608,2152.09786103719,2160.70169038048,2169.25865064656,2177.76889971525,2186.23259732087,2194.64990499813,2203.02098602867,2211.34600538812,2219.62512969386,2227.85852715333,2236.04636751299,2244.18882200791,2252.28606331195,2260.33826548865,2268.34560394263,2276.30825537179,2284.22639772,2292.10021013053,2299.92987290007,2307.71556743345,2315.45747619894,2323.15578268421,2330.81067135301,2338.4223276024,2345.99093772065,2353.51668884584,2360.99976892502,2368.4403666741,2375.83867153826
Alt_780,NaN,NaN,NaN,NaN,NaN,NaN,NaN,NaN,403.298376199895,418.315205000666,433.291249425121,448.227699381156,463.125570380272,477.985723436143,492.808882761602,507.595651451879,522.346525353324,537.061905313551,551.74210799756,566.38737543917,580.997883480418,595.573749234925,610.115037695469,624.621767591394,639.0939165884,653.531425911495,667.934204461602,682.302132487186,696.635064864422,710.93283403247,725.195252624483,739.42211582977,753.613203518023,767.768282152653,781.887106516857,795.969421273142,810.014962374479,824.02345834303,837.99463143051,851.92819867254,865.823872847907,879.681363352377,893.500376995588,907.280618728594,921.021792308763,934.723600908001,948.385747669615,962.00793621854,975.58987112918,989.131258354616,1002.63180562059,1016.09122278731,1029.50922218172,1042.88551890288,1056.21983110239,1069.51188024216,1082.761391331,1095.968093142,1109.13171841188,1122.25200402384,1135.32869117502,1148.36152552975,1161.35025735956,1174.29464167088,1187.19443832124,1200.04941212479,1212.85933294788,1225.62397579517,1238.34312088711,1251.01655372914,1263.64406517324,1276.2254514722,1288.76051432715,1301.24906092863,1313.6909039917,1326.08586178529,1338.43375815627,1350.73442254835,1362.98769001633,1375.19340123571,1387.35140250806,1399.46154576237,1411.5236885525,1423.53769405106,1435.50343103979,1447.4207738967,1459.2896025801,1471.10980260975,1482.88126504511,1494.60388646104,1506.27756892099,1517.90221994776,1529.47775249205,1541.00408489884,1552.4811408718,1563.90884943574,1575.28714489721,1586.61596680347,1597.89525989978,1609.12497408515,1620.30506436664,1631.43549081236,1642.51621850305,1653.54721748259,1664.5284627073,1675.45993399411,1686.34161596789,1697.17349800769,1707.9555741922,1718.68784324432,1729.3703084751,1740.00297772681,1750.58586331555,1761.11898197313,1771.60235478848,1782.03600714854,1792.41996867874,1802.75427318306,1813.03895858371,1823.27406686056,1833.45964399027,1843.59573988517,1853.68240833198,1863.71970693039,1873.70769703145,1883.64644367596,1893.53601553278,1903.37648483708,1913.1679273287,1922.91042219043,1932.6040519865,1942.24890260103,1951.84506317673,1961.39262605366,1970.89168670824,1980.34234369241,1989.74469857304,1999.0988558716,2008.40492300404,2017.66301022106,2026.87323054856,2036.03569972855,2045.1505361603,2054.21786084191,2063.23779731224,2072.21047159325,2081.1360121327,2090.01454974736,2098.84621756656,2107.63115097629,2116.36948756364,2125.06136706185,2133.70693129576,2142.30632412774,2150.8596914042,2159.36718090256,2167.82894227876,2176.24512701526,2184.61588836968,2192.94138132387,2201.2217625336,2209.45719027877,2217.64782441426,2225.79382632121,2233.89535885903,2241.95258631786,2249.9656743717,2257.93479003205,2265.86010160222,2273.74177863216,2281.57999187389,2289.37491323759,2297.12671574819,2304.83557350264,2312.50166162771,2320.12515623844,2327.70623439716,2335.24507407312,2342.7418541027,2350.19675415024,2357.60995466946
Alt_790,NaN,NaN,NaN,NaN,NaN,NaN,NaN,NaN,NaN,412.959528953822,427.765846660924,442.533144085625,457.262460727754,471.954682090681,486.610557097186,501.230713564733,515.815671920843,530.365857340703,544.881610481338,559.363196973978,573.81081582153,588.224606832862,602.604657210839,616.951007397337,631.2636562659,645.542565741437,659.787664916383,673.998853723927,688.176006221185,702.318973528486,716.427586465022,730.50165791606,744.540984962443,758.545350799278,772.514526467371,786.44827241803,800.346339929404,814.208472390258,828.034406465229,841.823873153919,855.576598754746,869.292305743202,882.970713573047,896.611539408032,910.214498790863,923.779306255388,937.305675887331,950.793321838327,964.241958797496,977.651302424343,991.021069746398,1004.35097952462,1017.64075258933,1030.89011214911,1044.0987840749,1057.26649716131,1070.3929833669,1083.47797803513,1096.52122009744,1109.52245225974,1122.48142117364,1135.39787759349,1148.27157652016,1161.1022773326,1173.88974390798,1186.63374473114,1199.33405299415,1211.99044668651,1224.60270867669,1237.17062678551,1249.69399385184,1262.17260779119,1274.60627164746,1286.9947936384,1299.3379871951,1311.63567099576,1323.88766899422,1336.09381044345,1348.25392991428,1360.36786730962,1372.43546787453,1384.45658220211,1396.43106623579,1408.35878126781,1420.23959393443,1432.07337620781,1443.86000538487,1455.59936407323,1467.29134017429,1478.93582686382,1490.53272256997,1502.08193094893,1513.58336085833,1525.03692632854,1536.44254653194,1547.80014575024,1559.10965334,1570.37100369647,1581.58413621569,1592.7489952552,1603.8655300931,1614.93369488591,1625.95344862502,1636.92475509188,1647.84758281217,1658.72190500871,1669.5476995535,1680.32494891864,1691.05364012649,1701.7337646989,1712.3653186057,1722.94830221241,1733.48272022733,1743.96858164795,1754.4058997068,1764.79469181682,1775.13497951613,1785.42678841248,1795.67014812721,1805.86509223894,1816.01165822686,1826.10988741376,1836.1598249089,1846.16151955058,1856.11502384856,1866.02039392638,1875.87768946357,1885.68697363774,1895.44831306669,1905.1617777505,1914.82744101358,1924.44537944682,1934.01567284981,1943.53840417312,1953.01365946073,1962.44152779261,1971.82210122742,1981.15547474546,1990.44174619177,1999.68101621952,2008.87338823361,2018.01896833452,2027.11786526252,2036.17019034209,2045.17605742674,2054.13558284411,2063.04888534145,2071.91608603144,2080.73730833841,2089.51267794498,2098.242322739,2106.92637276103,2115.56496015216,2124.15821910232,2132.70628579901,2141.20929837646,2149.66739686535,2158.0807231429,2166.44942088352,2174.77363550988,2183.05351414452,2191.28920556202,2199.48086014153,2207.62862981997,2215.73266804564,2223.79312973244,2231.81017121457,2239.78395020174,2247.714625735,2255.60235814305,2263.44730899906,2271.24964107817,2279.00951831535,2286.72710576399,2294.40256955493,2302.03607685606,2309.6277958325,2317.17789560734,2324.68654622288,2332.15391860248,2339.58018451293
Alt_800,NaN,NaN,NaN,NaN,NaN,NaN,NaN,NaN,NaN,407.732440037128,422.373068111548,436.97522030859,451.539958678033,466.06819186697,480.5606922429,495.018111151435,509.440992470404,523.82978462841,538.184851251645,552.506480592737,566.794893882611,581.050252732603,595.272665700426,609.462194120658,623.618857288486,637.742637074661,651.83348203997,665.891311108999,679.916016855434,693.907468444582,707.865514273025,721.789984340321,735.68069238329,749.53743779964,763.360007384378,777.148176899577,790.901712495586,804.620371999572,818.30390608542,831.952059337319,845.564571217974,859.141176951078,872.681608326596,886.185594436446,899.652862347312,913.083137716573,926.476145356701,939.831609752867,953.149255538029,966.42880792929,979.669993128947,992.87253869328,1006.03617387184,1019.16062991969,1032.24564038483,1045.29094137285,1058.29627179055,1071.26137357027,1084.18599187628,1097.06987529475,1109.91277600839,1122.71444995689,1135.47465698426,1148.19316097393,1160.86972997241,1173.5041363024,1186.09615666599,1198.64557223859,1211.15216875417,1223.6157365825,1236.03607079863,1248.4129712454,1260.74624258913,1273.03569436903,1285.2811410407,1297.482402014,1309.63930168566,1321.75166946693,1333.81933980642,1345.84215220868,1357.81995124834,1369.75258658048,1381.63991294704,1393.48179017984,1405.27808319999,1417.0286620143,1428.73340170851,1440.39218243762,1452.00488941355,1463.5714128901,1475.09164814551,1486.5654954626,1497.99286010671,1509.37365230147,1520.70778720264,1531.99518486995,1543.23577023716,1554.42947308037,1565.57622798474,1576.6759743096,1587.72865615213,1598.73422230967,1609.69262624061,1620.60382602418,1631.46778431892,1642.28446832018,1653.05384971642,1663.77590464469,1674.45061364505,1685.07796161417,1695.65793775816,1706.19053554458,1716.67575265374,1727.11359092939,1737.50405632875,1747.84715887201,1758.14291259128,1768.39133547907,1778.59244943636,1788.7462802202,1798.85285739107,1808.9122142598,1818.92438783427,1828.88941876586,1838.80735129568,1848.67823320059,1858.50211573912,1868.27905359723,1878.00910483398,1887.69233082718,1897.32879621899,1906.91856886146,1916.46171976215,1925.95832302981,1935.40845582004,1944.81219828115,1954.16963350002,1963.48084744823,1972.7459289282,1981.96496951962,1991.13806352601,2000.26530792155,2009.34680229805,2018.38264881228,2027.37295213349,2036.31781939124,2045.21736012348,2054.07168622505,2062.88091189635,2071.64515359251,2080.36452997275,2089.03916185023,2097.66917214224,2106.25468582069,2114.79582986314,2123.2927332041,2131.74552668683,2140.15434301554,2148.519316708,2156.84058404859,2165.11828304186,2173.35255336644,2181.54353632949,2189.6913748216,2197.79621327212,2205.85819760504,2213.87747519527,2221.85419482547,2229.78850664333,2237.68056211938,2245.53051400528,2253.33851629257,2261.10472417201,2268.82929399335,2276.51238322565,2284.15415041807,2291.75475516123,2299.31435804902,2306.83312064096,2314.31120542509,2321.74877578128
Alt_810,NaN,NaN,NaN,NaN,NaN,NaN,NaN,NaN,NaN,402.62930899595,417.108145164532,431.549022069061,445.953022922661,460.321078219918,474.653982555689,488.952409655743,503.216925761741,517.44800152426,531.646022556889,545.811298797105,559.944072808833,574.044527149329,588.112790910522,602.14894553284,616.153029978267,630.125045339055,644.064958949255,657.972708057957,671.848203115816,685.691330720055,699.501956257469,713.279926280054,727.025070643598,740.73720443582,754.416129717393,768.061637096339,781.673507153815,795.251511737163,808.795415134188,822.304975141021,835.779944034466,849.220069458476,862.625095233325,875.994762095043,889.32880837188,902.626970603791,915.888984110278,929.11458351138,942.303503206067,955.455477811845,968.570242569007,981.647533712581,994.687088814748,1007.6886471002,1020.65194973665,1033.57674010261,1046.46276403407,1059.30977005193,1072.11750957155,1084.8857370958,1097.61421039289,1110.30269065997,1122.95094267371,1135.5587349286,1148.12583976393,1160.65203348021,1173.1370964457,1185.58081319374,1197.98297251146,1210.34336752042,1222.66179574973,1234.93805920199,1247.17196441264,1259.36332250302,1271.51194922756,1283.61766501534,1295.68029500647,1307.69966908355,1319.67562189839,1331.60799289434,1343.4966263245,1355.34137126587,1367.14208162987,1378.89861616922,1390.61083848154,1402.27861700966,1413.90182503898,1425.48034069195,1437.01404691977,1448.50283149154,1459.94658698092,1471.34521075047,1482.69860493376,1494.00667641534,1505.26933680873,1516.48650243247,1527.65809428443,1538.78403801427,1549.86426389436,1560.89870678913,1571.88730612295,1582.83000584653,1593.72675440214,1604.57750468743,1615.38221401817,1626.1408440898,1636.85336093794,1647.51973489792,1658.1399405633,1668.71395674361,1679.2417664211,1689.7233567069,1700.15871879623,1710.54784792311,1720.89074331434,1731.18740814286,1741.43784948062,1751.64207825093,1761.80010918027,1771.91196074978,1781.97765514626,1791.99721821286,1801.97067939944,1811.89807171265,1821.77943166571,1831.61479922805,1841.40421777468,1851.14773403546,1860.84539804414,1870.49726308745,1880.10338565396,1889.66382538297,1899.17864501334,1908.64791033237,1918.07169012461,1927.45005612082,1936.78308294688,1946.07084807293,1955.31343176244,1964.51091702159,1973.66338954867,1982.77093768366,1991.83365235808,2000.85162704493,2009.82495770887,2018.75374275671,2027.63808298805,2036.47808154622,2045.2738438695,2054.02547764261,2062.73309274851,2071.39680122053,2080.01671719477,2088.59295686289,2097.12563842525,2105.61488204433,2114.06080979861,2122.46354563675,2130.82321533222,2139.13994643823,2147.41386824317,2155.64511172639,2163.83380951436,2171.98009583733,2180.08410648639,2188.14597877091,2196.16585147648,2204.14386482328,2212.08016042485,2219.97488124737,2227.82817156935,2235.64017694183,2243.41104414896,2251.14092116912,2258.82995713648,2266.478302303,2274.08610800095,2281.65352660588,2289.18071150005,2296.66781703634,2304.11499850266
Alt_820,NaN,NaN,NaN,NaN,NaN,NaN,NaN,NaN,NaN,NaN,411.966534591596,426.249874753277,440.496849361483,454.708409508939,468.885370845609,483.028428372869,497.1381696516,511.21508656323,525.259585765782,539.27199798235,553.252586250673,567.201553251731,581.119047823902,595.005170757996,608.859979957835,622.683495041227,636.475701447293,650.236554108115,663.965980735597,677.663884768178,691.330148016532,704.964633042571,718.567185301853,732.137635075821,745.675799217063,759.181482728012,772.654480191027,786.094577065671,799.501550867146,812.875172238199,826.215205925398,839.521411669419,852.793545017902,866.031358068472,879.234600148661,892.403018438762,905.536358542945,918.634365013445,931.696781832071,944.723352852877,957.713822209415,970.667934689652,983.58543608132,996.46607349017,1009.30959563339,1022.11575311023,1034.88429865156,1047.61498735022,1060.30757687337,1072.96182765853,1085.57750309421,1098.15436968655,1110.69219721278,1123.19075886255,1135.64983136788,1148.06919512266,1160.44863429224,1172.78793691388,1185.0868949886,1197.34530456504,1209.56296581575,1221.73968310644,1233.87526505862,1245.96952460599,1258.02227904502,1270.03335007991,1282.00256386246,1293.92975102697,1305.81474672052,1317.65739062883,1329.45752699809,1341.21500465271,1352.92967700949,1364.60140208823,1376.23004251894,1387.81546554597,1399.35754302911,1410.85615144183,1422.31117186678,1433.72248998876,1445.08999608526,1456.41358501456,1467.6931562018,1478.92861362275,1490.11986578573,1501.26682571155,1512.36941091167,1523.42754336461,1534.44114949079,1545.41016012571,1556.3345104918,1567.21414016868,1578.04899306229,1588.83901737262,1599.58416556027,1610.2843943119,1620.93966450463,1631.54994116934,1642.11519345309,1652.63539458059,1663.11052181484,1673.54055641696,1683.92548360526,1694.26529251356,1704.55997614895,1714.80953134884,1725.01395873743,1735.17326268171,1745.28745124689,1755.35653615139,1765.38053272146,1775.35945984531,1785.29333992695,1795.18219883971,1805.02606587945,1814.8249737175,1824.57895835341,1834.28805906746,1843.95231837303,1853.57178196879,1863.14649869082,1872.67652046459,1882.1619022569,1891.60270202777,1900.9989806823,1910.35080202255,1919.65823269941,1928.92134216456,1938.14020262244,1947.31488898237,1956.44547881066,1965.53205228302,1974.57469213687,1983.57348362404,1992.52851446348,2001.43987479421,2010.30765712846,2019.13195630507,2027.91286944304,2036.65049589536,2045.34493720313,2053.9962970499,2062.60468121627,2071.17019753486,2079.69295584549,2088.17306795073,2096.61064757175,2105.00581030449,2113.3586735762,2121.66935660228,2129.93798034353,2138.16466746368,2146.34954228742,2154.49273075865,2162.59436039925,2170.65456026813,2178.67346092076,2186.65119436906,2194.58789404169,2202.48369474473,2210.33873262285,2218.15314512082,2225.92707094547,2233.66065002808,2241.35402348717,2249.00733359179,2256.62072372512,2264.19433834865,2271.72832296668,2279.22282409131,2286.6779892079
Alt_830,NaN,NaN,NaN,NaN,NaN,NaN,NaN,NaN,NaN,NaN,406.943905474456,421.073321729379,435.166857417405,449.225483024255,463.250034125278,477.241225933888,491.199666325064,505.125867458034,519.02025612896,532.883182982616,546.714930705303,560.515721312095,574.285722631264,588.025054078383,601.733791802637,615.411973278559,629.059601407879,642.676648188524,656.263058000898,669.818750555542,683.343623540875,696.837555005008,710.300405501492,723.732020025222,737.132229761591,750.50085366916,763.837699913743,777.142567169672,790.415245802144,803.655518942962,816.863163470534,830.037950903787,843.179648218533,856.288018593887,869.362822095494,882.403816301575,895.410756877157,908.383398101282,921.321493351475,934.224795549301,947.093057570455,959.926032622466,972.723474592792,985.485138369803,998.210780138896,1010.90015765578,1023.55303049875,1036.16916030165,1048.74831096895,1061.29024887442,1073.79474304449,1086.26156532757,1098.69049055023,1111.08129666128,1123.43376486454,1135.74767974107,1148.02282936162,1160.25900538996,1172.45600317761,1184.61362185059,1196.73166438871,1208.80993769784,1220.84825267551,1232.84642427043,1244.80427153614,1256.7216176791,1268.59829010176,1280.43412044064,1292.22894459985,1303.98260278025,1315.69493950452,1327.36580363831,1338.99504840775,1350.58253141339,1362.12811464093,1373.63166446872,1385.09305167234,1396.51215142631,1407.88884330316,1419.22301126987,1430.51454368193,1441.76333327511,1452.96927715497,1464.13227678433,1475.25223796873,1486.32907083998,1497.36268983795,1508.35301369061,1519.29996539247,1530.20347218143,1541.06346551418,1551.87988104021,1562.65265857443,1573.38174206862,1584.06707958158,1594.70862324819,1605.30632924738,1615.86015776907,1626.37007298014,1636.83604298947,1647.25803981212,1657.63603933274,1667.97002126808,1678.25996912889,1688.50587018111,1698.70771540639,1708.865499462,1718.97922064022,1729.04888082719,1739.07448546127,1749.05604349091,1758.99356733217,1768.88707282584,1778.73657919414,1788.5421089972,1798.30368808916,1808.02134557409,1817.69511376161,1827.32502812231,1836.91112724306,1846.45345278208,1855.95204942393,1865.40696483438,1874.81824961521,1884.18595725891,1893.51014410343,1902.7908692868,1912.02819470185,1921.2221849509,1930.37290730053,1939.48043163636,1948.54483041794,1957.56617863377,1966.54455375636,1975.48003569747,1984.37270676348,1993.22265161091,2002.02995720214,2010.79471276125,2019.51700973017,2028.19694172493,2036.8346044922,2045.43009586605,2053.98351572497,2062.4949659491,2070.96455037779,2079.39237476743,2087.77854674949,2096.12317578897,2104.42637314311,2112.68825182034,2120.90892653969,2129.08851369042,2137.22713129202,2145.32489895457,2153.38193783942,2161.39837062024,2169.37432144444,2177.30991589495,2185.20528095232,2193.06054495728,2200.87583757365,2208.65128975158,2216.38703369125,2224.08320280692,2231.73993169139,2239.35735608085,2246.93561282012,2254.47483982833,2261.97517606493,2269.4367614962
Alt_840,NaN,NaN,NaN,NaN,NaN,NaN,NaN,NaN,NaN,NaN,402.036127024138,416.01511187397,429.958677280435,443.867811958824,457.743370320292,471.58608676539,485.396588515363,499.175407090136,512.922988552381,526.639702638003,540.325850888743,553.981673895028,567.607357748101,581.203039791062,594.768813749119,608.304734310568,621.810821221913,635.287062953123,648.733419982435,662.149827744188,675.536199277948,688.892427612565,702.218387914778,715.513939428377,728.778927226867,742.013183799803,755.216530490593,768.388778801497,781.529731579656,794.639184096461,807.71692503109,820.762737367858,833.776399215929,846.757684558975,859.70636394153,872.622205098093,885.504973530307,898.354433037043,911.170346201669,923.952474840342,936.700580414771,949.414424412557,962.09376869787,974.738375834986,987.348009386925,999.92243419125,1012.46141661483,1024.96472478929,1037.43212882858,1049.86340103009,1062.25831606057,1074.61665112791,1086.93818613985,1099.2227038506,1111.46998999614,1123.67983341908,1135.85202618368,1147.9863636818,1160.08264473031,1172.14067166055,1184.16025040033,1196.14119054889,1208.0833054454,1219.98641223121,1231.85033190634,1243.67488938054,1255.45991351922,1267.20523718442,1278.91069727143,1290.57613474085,1302.20139464677,1313.78632616095,1325.33078259339,1336.83462140951,1348.29770424389,1359.71989691103,1371.10106941311,1382.4410959449,1393.73985489606,1404.9972288509,1416.21310458564,1427.38737306353,1438.51992942765,1449.61067299169,1460.65950722875,1471.66633975826,1482.6310823311,1493.553650813,1504.43396516635,1515.27194943045,1526.06753170024,1536.82064410372,1547.53122277795,1558.19920784386,1568.82454337974,1579.40717739376,1589.9470617952,1600.44415236481,1610.89840872409,1621.30979430371,1631.67827631098,1642.00382569655,1652.28641712026,1662.52602891634,1672.72264305779,1682.87624512021,1692.98682424492,1703.05437310159,1713.07888785021,1723.06036810265,1732.99881688372,1742.89424059176,1752.74664895883,1762.55605501053,1772.3224750255,1782.04592849454,1791.72643807948,1801.3640295718,1810.95873185098,1820.51057684263,1830.0195994765,1839.48583764428,1848.90933215723,1858.2901267038,1867.62826780702,1876.92380478196,1886.176789693,1895.38727731119,1904.55532507154,1913.68099303027,1922.76434382221,1931.80544261811,1940.80435708209,1949.76115732915,1958.67591588275,1967.5487076325,1976.37960979199,1985.16870185675,1993.91606556232,2002.62178484257,2011.28594578805,2019.90863660472,2028.48994757265,2037.02997100516,2045.52880120798,2053.9865344388,2062.40326886692,2070.77910453327,2079.11414331061,2087.40848886403,2095.6622466117,2103.87552368598,2112.04842889467,2120.18107268274,2128.27356709423,2136.32602573451,2144.33856373287,2152.31129770539,2160.24434571823,2168.13782725112,2175.99186316132,2183.8065756478,2191.58208821593,2199.31852564234,2207.01601394025,2214.67468032517,2222.29465318085,2229.87606202576,2237.41903747976,2244.92371123131,2252.39021600491
Alt_850,NaN,NaN,NaN,NaN,NaN,NaN,NaN,NaN,NaN,NaN,NaN,411.071187939436,424.868138008773,438.631113252716,452.360985866548,466.058508449573,479.724326636681,493.358990425372,506.962964305969,520.536636306556,534.080326061633,547.594292007515,561.078737799632,574.533818038365,587.959643381438,601.356285112643,614.723779228938,628.062130100902,641.371313755144,654.65128082153,667.901959183034,681.123256361479,694.315061668506,707.477248147578,720.60967432979,733.712185823548,746.78461675582,759.826791080603,772.838523768428,785.819621889141,798.769885598799,811.689109040285,824.577081166199,837.433586491597,850.258405783346,863.051316692116,875.812094332377,888.540511815218,901.236340738273,913.899351636604,926.52931439801,939.125998645834,951.689174092095,964.218610863416,976.714079802046,989.175352743995,1001.60220277615,1013.994404474,1026.35173412158,1038.67396991486,1050.96089214999,1063.21228339738,1075.42792866277,1087.6076155362,1099.75113432964,1111.85827820425,1123.9288432878,1135.96262878305,1147.95943706761,1159.91907378588,1171.84134793351,1183.72607193498,1195.57306171457,1207.38213676126,1219.15312018785,1230.88583878461,1242.58012306791,1254.23580732398,1265.85272964813,1277.43073197971,1288.96966013299,1300.46936382422,1311.92969669507,1323.35051633259,1334.73168428595,1346.07306608011,1357.37453122647,1368.63595323082,1379.8572095986,1391.03818183768,1402.17875545866,1413.278819973,1424.33826888891,1435.35699970524,1446.33491390329,1457.27191693692,1468.1679182207,1479.02283111652,1489.83657291843,1500.6090648361,1511.34023197667,1522.03000332529,1532.67831172431,1543.28509385115,1553.85029019506,1564.37384503266,1574.85570640239,1585.29582607797,1595.69415954081,1606.05066595155,1616.36530812066,1626.63805247821,1636.86886904284,1647.05773139002,1657.20461661951,1667.30950532223,1677.3723815464,1687.39323276323,1697.37204983184,1707.30882696386,1717.2035616874,1727.05625481059,1736.86691038471,1746.6355356669,1756.36214108251,1766.04674018713,1775.6893496282,1785.28998910649,1794.84868133718,1804.3654520108,1813.84032975389,1823.27334608949,1832.66453539748,1842.01393487479,1851.32158449539,1860.58752697033,1869.81180770754,1878.99447477171,1888.13557884399,1897.23517318181,1906.29331357851,1915.31005832319,1924.2854681604,1933.21960624997,1942.11253812689,1950.96433166121,1959.77505701809,1968.54478661792,1977.27359509652,1985.96155926555,1994.60875807295,2003.21527256364,2011.78118584029,2020.30658302434,2028.79155121713,2037.2361794613,2045.64055870233,2054.0047817503,2062.32894324197,2070.61313960292,2078.85746901009,2087.06203135449,2095.22692820415,2103.35226276741,2111.43813985639,2119.48466585081,2127.49194866204,2135.46009769749,2143.38922382522,2151.27943933897,2159.13085792337,2166.94359461951,2174.71776579088,2182.45348908951,2190.1508834226,2197.81006891926,2205.4311668978,2213.01429983321,2220.55959132503,2228.06716606556,2235.5371498084
Alt_860,NaN,NaN,NaN,NaN,NaN,NaN,NaN,NaN,NaN,NaN,NaN,406.237675697107,419.891256421061,433.511296243108,447.098684126804,460.654189916332,474.17847676089,487.672112284545,501.135578597415,514.569281250717,527.97355723786,541.34868213936,554.694876502761,568.012311541133,581.301114225813,594.561371841353,607.79313606333,620.996426612912,634.171234535953,647.317525148848,660.43524068843,673.524302698842,686.584614184372,699.616061553885,712.618516379417,725.591836988874,738.535869910454,751.450451184341,764.335407555461,777.19055755948,790.015712512868,802.810677416628,815.575251782195,828.309230387125,841.01240396729,853.684559851641,866.325482544886,878.934954262906,891.51275542522,904.058665108328,916.572461463422,929.053922101551,941.502824449053,953.918946075757,966.30206499823,978.651959960126,990.968410691481,1003.25119814863,1015.50010473627,1027.71491451307,1039.89541338197,1052.04138926654,1064.15263227412,1076.22893484699,1088.27009190223,1100.27590096109,1112.24616226873,1124.18067890477,1136.07925688543,1147.94170525776,1159.76783618641,1171.55746503352,1183.31041043209,1195.02649435323,1206.70554216767,1218.34738270195,1229.95184828939,1241.51877481645,1253.04800176441,1264.5393722469,1275.99273304337,1287.40793462872,1298.78483119939,1310.12328069598,1321.42314482267,1332.68428906354,1343.90658269603,1355.08989880154,1366.23411427355,1377.33910982307,1388.40476998188,1399.43098310336,1410.41764136128,1421.36464074652,1432.27188106178,1443.13926591447,1453.96670270789,1464.7541026306,1475.50138064427,1486.20845546998,1496.87524957306,1507.50168914647,1518.087704093,1528.63322800602,1539.1381981492,1549.60255543494,1560.02624440182,1570.40921319089,1580.75141352111,1591.05280066374,1601.31333341584,1611.532974073,1621.7116884012,1631.84944560789,1641.9462183124,1652.00198251562,1662.01671756907,1671.9904061433,1681.92303419577,1691.81459093815,1701.66506880315,1711.47446341078,1721.24277353428,1730.97000106555,1740.65615098017,1750.30123130218,1759.90525306835,1769.46823029229,1778.99017992816,1788.47112183422,1797.91107873606,1807.31007618964,1816.66814254417,1825.98530890479,1835.26160909508,1844.49707961946,1853.69175962553,1862.84569086619,1871.95891766185,1881.03148686244,1890.06344780947,1899.05485229802,1908.00575453878,1916.91621112002,1925.78628096967,1934.61602531737,1943.40550765665,1952.15479370705,1960.86395137651,1969.53305072365,1978.16216392031,1986.75136521414,1995.30073089133,2003.81033923947,2012.28027051059,2020.71060688434,2029.10143243133,2037.45283307669,2045.76489656381,2054.03771241821,2062.27137191173,2070.46596802687,2078.62159542133,2086.73835039286,2094.81633084426,2102.85563624871,2110.85636761527,2118.81862745469,2126.74251974549,2134.62814990024,2142.47562473222,2150.28505242224,2158.05654248589,2165.79020574089,2173.48615427492,2181.14450141364,2188.76536168903,2196.34885080804,2203.89508562155,2211.40418409366,2218.87626527122
Alt_870,NaN,NaN,NaN,NaN,NaN,NaN,NaN,NaN,NaN,NaN,NaN,401.510873797001,415.024226719536,428.504452058777,441.952454564588,455.369020404781,468.754829374998,482.110465905246,495.436428946911,508.733140833621,522.000955211168,535.240164128918,548.451004379821,561.633663169434,574.78828318722,587.914967146201,601.013781850199,614.084761841433,627.127912675379,640.143213864467,653.130621527373,666.090070776427,679.021477871854,691.924742168187,704.799747875297,717.646365653791,730.464454062322,743.253860872274,756.014424263541,768.745973913553,781.448331990338,794.121314059183,806.764729911416,819.378384322881,831.96207774886,844.515606961462,857.038765634868,869.531344883228,881.993133755527,894.423919691287,906.823488940553,919.1916269513,931.528118727039,943.832749157166,956.10530332232,968.345566776811,980.553325809962,992.728367688074,1004.87048087851,1016.97945525729,1029.05508230147,1041.09715526742,1053.10546935606,1065.079821866,1077.0200123354,1088.92584267348,1100.7971172822,1112.63364316897,1124.4352300508,1136.20169045072,1147.9328397866,1159.62849645326,1171.28848189796,1182.91262068989,1194.50074058389,1206.05267257886,1217.56825097106,1229.04731340273,1240.48970090609,1251.89525794325,1263.26383244205,1274.59527582805,1285.88944305311,1297.1461926204,1308.36538660631,1319.54689067927,1330.69057411571,1341.79630981326,1352.8639743013,1363.89344774911,1374.88461397161,1385.83736043289,1396.75157824754,1407.62716218006,1418.4640106422,1429.26202568857,1440.02111301043,1450.74118192778,1461.42214537995,1472.06391991454,1482.666425675,1493.22958638678,1503.75332934216,1514.23758538386,1524.68228888734,1535.08737774211,1545.45279333179,1555.77848051327,1566.06438759472,1576.31046631284,1586.51667180903,1596.68296260487,1606.80930057661,1616.89565092908,1626.9419821687,1636.9482660759,1646.91447767682,1656.84059521445,1666.72660011908,1676.57247697832,1686.37821350647,1696.14380051349,1705.86923187344,1715.55450449254,1725.19961827676,1734.80457609908,1744.36938376636,1753.89404998591,1763.37858633172,1772.82300721041,1782.22732982698,1791.59157415024,1800.91576287805,1810.19992140243,1819.44407777438,1828.64826266865,1837.8125093483,1846.93685362921,1856.02133384443,1865.06599080846,1874.07086778152,1883.03601043367,1891.96146680903,1900.84728728984,1909.69352456061,1918.50023357229,1927.26747150636,1935.99529773911,1944.68377380583,1953.33296336518,1961.94293216352,1970.51374799948,1979.04548068845,1987.53820202734,1995.99198575937,2004.40690753902,2012.78304489709,2021.120477206,2029.41928564513,2037.67955316641,2045.90136446008,2054.0848059206,2062.22996561276,2070.33693323804,2078.40580010113,2086.43665907665,2094.42960457616,2102.38473251534,2110.3021402814,2118.18192670077,2126.02419200702,2133.82903780901,2141.59656705933,2149.32688402294,2157.02009424617,2164.67630452589,2172.29562287901,2179.87815851225,2187.42402179218,2194.93332421552,2202.40617837979
Alt_880,NaN,NaN,NaN,NaN,NaN,NaN,NaN,NaN,NaN,NaN,NaN,NaN,410.263410789012,423.606843703208,436.9184626188,450.199069136857,463.449358861376,476.66993223643,489.861304303916,503.023913465973,516.158129340145,529.264259794288,542.342557244135,555.393224290715,568.416418768415,581.41225826783,594.380824191142,607.32216539167,620.236301443572,633.123225582596,645.982907354098,658.815295000423,671.620317616042,684.397887095548,697.147899896732,709.870238638383,722.564773550197,735.23136379021,747.86985864339,760.480098613496,773.061916418959,785.615137902326,798.139582861769,810.635065812222,823.101396682891,835.538381457163,847.945822760286,860.323520399635,872.671271861887,884.988872770947,897.276117310115,909.532798611615,921.758709116273,933.953640905902,946.117386010644,958.24973669337,970.350485712953,982.419426568151,994.456353723584,1006.46106281923,1018.43335086466,1030.37301641922,1042.27985975912,1054.15368303244,1065.99429040295,1077.80148818339,1089.57508495917,1101.31489170291,1113.02072188061,1124.69239154993,1136.32971945104,1147.93252709068,1159.5006388197,1171.03388190452,1182.53208659298,1193.99508617473,1205.42271703673,1216.81481871388,1228.17123393529,1239.49180866625,1250.77639214629,1262.02483692346,1273.236998885,1284.41273728475,1295.55191476727,1306.654397389,1317.7200546365,1328.74875944199,1339.74038819635,1350.69482075956,1361.61194046887,1372.49163414474,1383.33379209465,1394.13830811488,1404.90507949038,1415.63400699281,1426.32499487682,1436.97795087471,1447.59278618941,1458.16941548603,1468.70775688194,1479.20773193545,1489.66926563317,1500.09228637616,1510.47672596484,1520.82251958275,1531.12960577924,1541.39792645113,1551.62742682336,1561.81805542867,1571.96976408641,1582.08250788052,1592.15624513662,1602.19093739834,1612.18654940301,1622.14304905647,1632.06040740739,1641.9385986208,1651.77759995118,1661.57739171481,1671.33795726175,1681.05928294717,1690.74135810229,1700.38417500485,1709.98772884915,1719.55201771566,1729.07704254033,1738.56280708348,1748.00931789841,1757.41658429971,1766.78461833126,1776.11343473399,1785.40305091341,1794.65348690694,1803.86476535097,1813.03691144787,1822.1699529327,1831.26392003992,1840.31884546981,1849.334764355,1858.3117142267,1867.24973498096,1876.14886884493,1885.00916034292,1893.83065626258,1902.61340562097,1911.35745963069,1920.06287166598,1928.72969722889,1937.35799391542,1945.94782138179,1954.4992413107,1963.01231737773,1971.48711521776,1979.92370239151,1988.32214835221,1996.68252441235,2005.00490371055,2013.28936117858,2021.53597350853,2029.74481912009,2037.91597812806,2046.04953230992,2054.14556507367,2062.20416142579,2070.22540793943,2078.20939272275,2086.1562053875,2094.06593701779,2101.93868013906,2109.77452868726,2117.57357797831,2125.33592467775,2133.06166677058,2140.75090353141,2148.40373549483,2156.02026442601,2163.60059329154,2171.14482623057,2178.65306852617,2186.12542657696
Alt_890,NaN,NaN,NaN,NaN,NaN,NaN,NaN,NaN,NaN,NaN,NaN,NaN,405.605329121257,418.814896775101,431.993040227107,445.140575650473,458.25821364766,471.346569912146,484.406174851888,497.437482249051,510.440877036856,523.416682274998,536.36516540224,549.286543840114,562.180990015944,575.04863586738,587.889576884642,600.703875740919,613.491565555999,626.252652833283,638.987120105859,651.694928323278,664.376019007103,677.030316200048,689.657728230752,702.258149313644,714.831461001193,727.377533503834,739.896226891156,752.387392186414,764.850872365052,777.286503266772,789.694114429634,802.073529853721,814.424568701118,826.747045938217,839.040772925731,851.305557961222,863.541206778469,875.747523007532,887.924308598991,900.071364215493,912.188489593406,924.27548387713,936.332145928333,948.3582746122,960.353669062541,972.318128927476,984.251454597202,996.153447415254,1008.02390987451,1019.86264579912,1031.66946051335,1043.44416099835,1055.18655603769,1066.89645635246,1078.5736747267,1090.21802612372,1101.82932779408,1113.40739937563,1124.95206298627,1136.46314330977,1147.94046767517,1159.38386613017,1170.79317150882,1182.16821949385,1193.50884867412,1204.81490059718,1216.08621981752,1227.32265394058,1238.52405366279,1249.69027280789,1260.82116835975,1271.91660049176,1282.97643259309,1294.00053129203,1304.9887664763,1315.94101131084,1326.85714225292,1337.73703906483,1348.58058482427,1359.38766593251,1370.15817212045,1380.8919964527,1391.58903532971,1402.24918848812,1412.87235899934,1423.45845326652,1434.00738101989,1444.51905531064,1454.99339250332,1465.43031226694,1475.82973756463,1486.19159464221,1496.51581301543,1506.80232545616,1517.05106797743,1527.26197981747,1537.43500342275,1547.57008443007,1557.66717164773,1567.7262170359,1577.74717568606,1587.7300057998,1597.67466866675,1607.58112864186,1617.44935312202,1627.27931252201,1637.07098024985,1646.82433268155,1656.53934913539,1666.21601184558,1675.8543059355,1685.45421939045,1695.01574302999,1704.53887047982,1714.02359814333,1723.46992517273,1732.87785343991,1742.24738750691,1751.57853459613,1760.87130456032,1770.12570985217,1779.34176549385,1788.51948904618,1797.65890057768,1806.76002263346,1815.82288020388,1824.84750069315,1833.83391388769,1842.78215192453,1851.69224925948,1860.56424263529,1869.39817104973,1878.1940757236,1886.95200006876,1895.67198965605,1904.35409218326,1912.9983574431,1921.60483729116,1930.17358561388,1938.70465829664,1947.19811319176,1955.6540100867,1964.07241067225,1972.4533785108,1980.79697900472,1989.10327936483,1997.37234857898,2005.60425738074,2013.79907821822,2021.956885223,2030.07775417926,2038.16176249295,2046.20898916125,2054.21951474204,2062.19342132372,2070.130792495,2078.03171331503,2085.89627028367,2093.7245513119,2101.51664569251,2109.27264407091,2116.99263841623,2124.6767219926,2132.32498933058,2139.93753619895,2147.51445957657,2155.05585762462,2162.56182965896,2170.03247612276
Alt_900,NaN,NaN,NaN,NaN,NaN,NaN,NaN,NaN,NaN,NaN,NaN,NaN,401.046652318551,414.125190779341,427.17267695053,440.189940744024,453.17770697756,466.136605855163,479.067182451314,491.969905263811,504.84517390877,517.693326033572,530.514643521986,543.309358062033,556.077656142179,568.819683536039,581.535549330202,594.225329544394,606.889070388101,619.526791193067,632.138487056735,644.72413122786,657.283677261952,669.817060971155,682.324202190338,694.80500637871,707.259366074127,719.687162215279,732.088265345261,744.462536708533,756.809829251927,769.129988539195,781.422853587546,793.688257633722,805.926028836324,818.135990920406,830.317963769713,842.471763971374,854.597205317363,866.694099266603,878.762255371191,890.801481669861,902.81158505153,914.792371591427,926.743646862141,938.665216221617,950.556885080003,962.418459147036,974.249744661493,986.05054860412,997.820678895301,1009.55994457861,1021.26815599132,1032.94512492278,1044.59066476164,1056.20459063253,1067.78671952316,1079.33687040232,1090.85486432948,1102.34052455655,1113.79367662228,1125.21414843983,1136.60177037784,1147.95637533562,1159.27779881252,1170.5658789721,1181.8204567013,1193.04137566486,1204.22848235541,1215.38162613927,1226.50065929842,1237.58543706868,1248.63581767441,1259.65166235991,1270.63283541758,1281.57920421317,1292.49063920821,1303.3670139797,1314.20820523727,1325.01409283793,1335.7845597985,1346.51949230585,1357.21877972505,1367.88231460556,1378.50999268547,1389.10171289396,1399.65737735208,1410.17689137183,1420.66016345368,1431.10710528264,1441.51763172284,1451.89166081078,1462.22911374729,1472.5299148882,1482.79399173388,1493.0212749176,1503.21169819281,1513.36519841941,1523.48171554902,1533.56119260928,1543.60357568727,1553.6088139121,1563.57685943662,1573.50766741835,1583.40119599972,1593.25740628759,1603.07626233197,1612.85773110429,1622.60178247489,1632.30838919004,1641.9775268483,1651.60917387646,1661.2033115049,1670.75992374253,1680.27899735124,1689.76052181998,1699.20448933836,1708.61089477,1717.97973562538,1727.31101203448,1736.60472671904,1745.86088496457,1755.07949459206,1764.26056592948,1773.404111783,1782.51014740804,1791.57869048007,1800.60976106532,1809.60338159126,1818.55957681691,1827.47837380312,1836.35980188263,1845.20389263013,1854.01067983209,1862.78019945672,1871.51248962368,1880.20759057383,1888.865544639,1897.48639621161,1906.07019171441,1914.61697957012,1923.12681017116,1931.59973584938,1940.03581084578,1948.43509128037,1956.79763512199,1965.12350215824,1973.41275396552,1981.66545387907,1989.88166696317,1998.06145998139,2006.20490136702,2014.31206119352,2022.38301114517,2030.41782448783,2038.41657603981,2046.37934214291,2054.30620063364,2062.19723081449,2070.05251342554,2077.87213061601,2085.65616591624,2093.4047042096,2101.11783170478,2108.79563590817,2116.43820559645,2124.04563078937,2131.61800272278,2139.15541382181,2146.6579576743,2154.12572900439
Alt_910,NaN,NaN,NaN,NaN,NaN,NaN,NaN,NaN,NaN,NaN,NaN,NaN,NaN,409.534450985402,422.45401165555,435.343717987971,448.204308257825,461.036426465262,473.840631675387,486.617406460081,499.36716450767,512.09025747043,524.786981119755,537.457580876063,550.102256776388,562.721167937731,575.314436569184,587.882151580767,600.42437183212,612.941129059682,625.432430516841,637.898261357777,650.338586792335,662.753354036193,675.142494077901,687.505923281944,699.843544844814,712.155250119216,724.440919819808,736.70042512243,748.933628667419,761.140385476482,773.320543791548,785.473945843115,797.600428554816,809.699824190196,821.771960947071,833.816663504287,845.833753525192,857.823050121681,869.784370282316,881.717529267636,893.622340975481,905.498618278886,917.346173338821,929.164817893869,940.954363528715,952.714621923136,964.445405083057,976.146525555043,987.817796625531,999.459032505926,1011.07004850465,1022.65066118705,1034.20068852416,1045.7199500309,1057.20826689474,1068.6654620952,1080.09136051503,1091.4857890435,1102.84857667241,1114.17955458518,1125.47855623959,1136.74541744448,1147.97997643083,1159.18207391754,1170.35155317225,1181.48826006743,1192.59204313217,1203.6627535997,1214.70024545107,1225.7043754551,1236.67500320482,1247.61199115067,1258.51520463045,1269.38451189645,1280.21978413961,1291.02089551115,1301.7877231416,1312.52014715739,1323.21805069524,1333.88131991429,1344.50984400623,1355.10351520335,1365.66222878485,1376.18588308124,1386.6743794771,1397.12762241214,1407.54551938081,1417.92798093034,1428.27492065734,1438.58625520314,1448.8619042478,1459.10179050277,1469.30583970259,1479.47398059525,1489.60614493157,1499.70226745356,1509.76228588174,1519.78614090157,1529.77377614893,1539.72513819479,1549.64017652899,1559.51884354336,1569.36109451389,1579.16688758244,1588.93618373753,1598.66894679463,1608.36514337577,1618.02474288861,1627.64771750487,1637.2340421383,1646.7836944221,1656.29665468591,1665.77290593225,1675.21243381265,1684.61522660328,1693.98127518022,1703.31057299439,1712.60311604608,1721.85890285926,1731.07793445545,1740.26021432746,1749.40574841271,1758.51454506643,1767.58661503459,1776.62197142657,1785.62062968774,1794.58260757172,1803.50792511266,1812.39660459717,1821.24867053631,1830.0641496373,1838.84307077524,1847.58546496468,1856.29136533115,1864.96080708257,1873.59382748067,1882.19046581234,1890.75076336097,1899.27476337769,1907.76251105277,1916.21405348684,1924.62943966227,1933.00872041448,1941.35194840331,1949.65917808449,1957.93046568107,1966.16586915498,1974.36544817862,1982.52926410657,1990.65737994734,1998.74986033524,2006.80677150237,2014.82818125064,2022.81415892404,2030.76477538087,2038.68010296625,2046.56021548466,2054.40518817267,2062.2150976718,2069.99002200154,2077.7300405325,2085.43523395981,2093.10568427655,2100.74147474746,2108.34268988281,2115.90941541239,2123.44173825977,2130.93974651669,2138.40352941764
Alt_920,NaN,NaN,NaN,NaN,NaN,NaN,NaN,NaN,NaN,NaN,NaN,NaN,NaN,405.039540793622,417.833824713599,430.598605762869,443.334634940182,456.042569350589,468.722981396322,481.376367103483,494.003153642885,506.603706109199,519.178333623674,531.727294823989,544.250802801461,556.749029541537,569.222109918927,581.670145294031,594.093206752768,606.49133802764,618.864558133912,631.212863751114,643.536231376828,655.834619276725,668.107969252191,680.356208244495,692.579249792367,704.776995357968,716.949335534595,729.096151147982,741.217314261764,753.31268909652,765.382132870806,777.42549657166,789.442625661288,801.433360725917,813.397538072187,825.334990275884,837.245546687323,849.129033897265,860.985276166843,872.81409582463,884.615313633682,896.388749131092,908.134220942361,919.851547072669,931.540545176919,943.201032810266,954.832827660672,966.435747764893,978.00961170917,989.554238815795,1001.06944931659,1012.55506451429,1024.01090693268,1035.4368004563,1046.83257046045,1058.19804393225,1069.53304958316,1080.83741795376,1092.11098151121,1103.35357473983,1114.56503422528,1125.74519873279,1136.89390927972,1148.01100920287,1159.09634422082,1170.14976249163,1181.17111466609,1192.16025393693,1203.11703608403,1214.04131951601,1224.93296530834,1235.79183723812,1246.61780181576,1257.41072831375,1268.17048879258,1278.89695812405,1289.59001401201,1300.24953701077,1310.87541054122,1321.46752090472,1332.02575729507,1342.55001180836,1353.04017945108,1363.49615814638,1373.9178487387,1384.30515499665,1394.65798361452,1404.97624421217,1415.2598493336,1425.50871444412,1435.72275792626,1445.90190107444,1456.04606808849,1466.15518606602,1476.22918499369,1486.26799773754,1496.27156003225,1506.23981046949,1516.17269048539,1526.07014434715,1535.93211913877,1545.75856474611,1555.54943384107,1565.30468186518,1575.02426701239,1584.70815021128,1594.35629510667,1603.96866804053,1613.54523803245,1623.08597675949,1632.59085853553,1642.05986029017,1651.49296154713,1660.89014440223,1670.25139350092,1679.57669601548,1688.86604162176,1698.11942247567,1707.33683318924,1716.51827080643,1725.66373477862,1734.77322693982,1743.84675148166,1752.88431492807,1761.88592610979,1770.8515961387,1779.78133838183,1788.67516843536,1797.53310409832,1806.35516534623,1815.14137430455,1823.89175522206,1832.60633444407,1841.28514038562,1849.92820350449,1858.53555627426,1867.10723315721,1875.64327057724,1884.14370689272,1892.60858236931,1901.03793915281,1909.43182124198,1917.7902744613,1926.11334643391,1934.40108655435,1942.65354596158,1950.87077751181,1959.05283575155,1967.19977689062,1975.31165877531,1983.38854086149,1991.43048418795,1999.43755134969,2007.40980647144,2015.34731518113,2023.25014458363,2031.11836323446,2038.95204111373,2046.75124960011,2054.51606144504,2062.246550747,2069.9427929259,2077.60486469773,2085.23284404921,2092.82681021277,2100.38684364152,2107.91302598448,2115.40544006201,2122.86416984129
Alt_930,NaN,NaN,NaN,NaN,NaN,NaN,NaN,NaN,NaN,NaN,NaN,NaN,NaN,400.637454573048,413.309030681066,425.951439786411,438.565444900401,451.151715563766,463.710836883649,476.243317741077,488.749598219545,501.230056312889,513.685013973084,526.114742557965,538.519467736256,550.899373903716,563.254608159994,575.585283891549,587.891484001684,600.173263824713,612.430653757477,624.663661637928,636.87227489733,649.056462509733,661.21617675981,673.351354847813,685.461920348375,697.547784538005,709.608847604537,721.644999750318,733.656122199659,745.642088119896,757.602763464475,769.538007745489,781.447674742378,793.331613152761,805.189667190761,817.021677137625,828.827479848939,840.606909222333,852.359796629133,864.08597131312,875.785260759203,887.457491034572,899.102487104622,910.72007312574,922.310072716834,933.872309211319,945.4066058911,956.912786203968,968.390673965684,979.840093547916,991.260870053086,1002.6528294771,1014.01579886083,1025.34960643118,1036.65408173245,1047.92905574866,1059.1743610175,1070.38983173646,1081.57530386157,1092.73061519944,1103.85560549275,1114.9501164999,1126.01399206897,1137.04707820642,1148.04922314084,1159.02027738214,1169.96009377622,1180.86852755564,1191.74543638633,1202.59068041067,1213.40412228711,1224.18562722649,1234.93506302527,1245.65230009586,1256.33721149408,1266.98967294413,1277.6095628609,1288.19676236999,1298.75115532551,1309.27262832562,1319.76107072609,1330.21637465196,1340.63843500724,1351.02714948294,1361.38241856335,1371.70414553076,1381.99223646859,1392.24660026314,1402.46714860382,1412.6537959822,1422.8064596896,1432.92505981365,1443.0095192335,1453.05976361405,1463.07572139905,1473.0573238032,1483.00450480323,1492.9172011281,1502.79535224828,1512.63890036417,1522.44779039372,1532.22196995924,1541.96138937348,1551.66600162498,1561.33576236278,1570.97062988041,1580.57056509928,1590.13553155152,1599.66549536219,1609.16042523098,1618.62029241336,1628.04507070129,1637.43473640345,1646.78926832495,1656.10864774671,1665.39285840442,1674.64188646705,1683.85572051511,1693.03435151845,1702.17777281384,1711.28598008216,1720.35897132541,1729.3967468433,1738.39930920972,1747.36666324896,1756.29881601158,1765.19577675027,1774.05755689536,1782.88417003024,1791.67563186658,1800.43196021942,1809.15317498211,1817.83929810117,1826.49035355096,1835.10636730835,1843.6873673272,1852.23338351289,1860.74444769665,1869.22059360995,1877.66185685879,1886.06827489797,1894.43988700535,1902.7767342561,1911.07885949688,1919.34630732017,1927.57912403847,1935.77735765859,1943.94105785597,1952.07027594904,1960.16506487364,1968.22547915742,1976.25157489441,1984.24340971962,1992.20104278364,2000.12453472745,2008.01394765726,2015.8693451194,2023.69079207538,2031.47835487705,2039.23210124181,2046.95210022804,2054.63842221057,2062.29113885627,2069.91032309988,2077.49604911986,2085.04839231442,2092.56742927775,2100.05323777631,2107.50589672533
Alt_940,NaN,NaN,NaN,NaN,NaN,NaN,NaN,NaN,NaN,NaN,NaN,NaN,NaN,NaN,408.87667142589,421.399186095108,433.893629279617,446.360682307514,458.80094237883,471.214930649764,483.603099565605,495.96583949443,508.303484717544,520.61631883297,532.90457962656,545.168463462259,557.408129239428,569.623701961154,581.815275953563,593.982917772291,606.126668828653,618.246547764728,630.34255260347,642.414662697185,654.462840495205,666.487033149317,678.487173973492,690.463183772677,702.414972053764,714.342438130488,726.24547213268,738.123955929225,749.977763973046,761.806764075561,773.610818117295,785.389782700589,797.143509749764,808.871847063544,820.574638824026,832.251726066091,843.902947110717,855.528137965346,867.12713269413,878.699763760604,890.245862345096,901.765258638967,913.257782117551,924.723261793526,936.161526452263,947.572404870554,958.955726020015,970.311319256322,981.639014495347,992.938642377163,1004.2100344188,1015.45302315657,1026.66744227868,1037.85312674883,1049.00991292143,1060.13763864897,1071.23614338207,1082.3052682627,1093.34485621109,1104.35475200655,1115.33480236278,1126.28485599789,1137.20476369946,1148.09437838505,1158.95355515825,1169.78215136066,1180.58002662004,1191.34704289475,1202.08306451475,1212.78795821937,1223.46159319198,1234.10384109171,1244.71457608247,1255.2936748593,1265.84101667224,1276.35648334784,1286.83995930845,1297.29133158933,1307.71048985376,1318.09732640624,1328.45173620378,1338.77361686549,1349.06286868051,1359.31939461428,1369.54310031336,1379.73389410872,1389.89168701772,1400.01639274469,1410.10792768032,1420.16621089974,1430.19116415951,1440.1827118935,1450.14078120766,1460.06530187383,1469.95620632254,1479.81342963486,1489.63690953346,1499.42658637267,1509.18240312784,1518.90430538389,1528.59224132307,1538.24616171207,1547.86601988838,1557.45177174606,1567.00337572084,1576.52079277463,1586.00398637949,1595.452922501,1604.86756958116,1614.24789852078,1623.59388266138,1632.90549776662,1642.18272200341,1651.42553592244,1660.6339224385,1669.80786681027,1678.94735661988,1688.05238175212,1697.12293437325,1706.15900890961,1715.16060202594,1724.12771260339,1733.0603417173,1741.95849261479,1750.8221706921,1759.65138347168,1768.44614057922,1777.20645372036,1785.93233665735,1794.6238051855,1803.28087710954,1811.90357221978,1820.49191226828,1829.0459209448,1837.56562385271,1846.05104848486,1854.50222419932,1862.91918219512,1871.30195548786,1879.65057888538,1887.96508896337,1896.24552404089,1904.49192415602,1912.70433104135,1920.88278809962,1929.02734037928,1937.13803455011,1945.21491887887,1953.25804320497,1961.26745891625,1969.24321892467,1977.18537764226,1985.09399095693,1992.96911620852,2000.81081216483,2008.61913899773,2016.39415825946,2024.1359328589,2031.84452703802,2039.52000634839,2047.16243762788,2054.77188897733,2062.34842973752,2069.89213046612,2077.40306291481,2084.88130000661,2092.32691581321
Alt_950,NaN,NaN,NaN,NaN,NaN,NaN,NaN,NaN,NaN,NaN,NaN,NaN,NaN,NaN,404.533909669479,416.938934448874,429.316205755798,441.666416077266,453.990174113367,466.288012734289,478.560396214195,490.807726787893,503.030350581473,515.228562969509,527.402613410478,539.55270980966,551.679022455638,563.781687572916,575.860810529583,587.916468735275,599.948714261336,611.957576211803,623.943062870926,635.905163650214,647.843850855577,659.759081292887,671.65079772838,683.518930218467,695.363397322037,707.184107206857,718.980958660479,730.753842014932,742.502639993481,754.227228486898,765.927477265861,777.603250635449,789.254408037065,800.880804602572,812.482291664943,824.0587172293,835.609926407824,847.135761821661,858.636063972671,870.110671587561,881.55942193672,892.982151129835,904.378694390195,915.748886309376,927.092561083886,938.409552735169,949.699695314249,960.962823092212,972.198770737549,983.407373481372,994.588467271366,1005.7418889153,1016.86747621482,1027.96506809027,1039.03450469702,1050.07562753406,1061.08827954524,1072.07230521368,1083.02755064983,1093.95386367357,1104.85109389067,1115.71909276404,1126.55771368005,1137.36681201023,1148.14624516863,1158.89587266502,1169.61555615435,1180.30515948243,1190.9645487283,1201.59359224326,1212.19216068691,1222.76012706017,1233.29736673573,1243.80375748567,1254.2791795068,1264.72351544356,1275.13665040866,1285.51847200169,1295.86887032562,1306.18773800146,1316.47497018104,1326.73046455805,1336.95412137745,1347.14584344325,1357.30553612485,1367.43310736183,1377.52846766746,1387.59153013085,1397.62221041782,1407.62042677058,1417.58610000632,1427.51915351456,1437.4195132536,1447.28710774584,1457.12186807217,1466.92372786551,1476.69262330332,1486.42849309936,1496.13127849464,1505.80092324756,1515.43737362327,1525.04057838242,1534.61048876912,1544.14705849831,1553.65024374248,1563.12000311779,1572.55629766966,1581.95909085774,1591.32834854039,1600.66403895873,1609.96613272007,1619.23460278101,1628.46942443007,1637.67057526987,1646.83803519894,1655.97178639321,1665.07181328705,1674.13810255401,1683.17064308731,1692.16942597989,1701.13444450429,1710.06569409221,1718.9631723138,1727.82687885676,1736.65681550518,1745.45298611813,1754.21539660816,1762.94405491947,1771.63897100608,1780.30015680966,1788.92762623736,1797.5213951394,1806.08148128662,1814.60790434786,1823.10068586726,1831.55984924145,1839.98541969673,1848.37742426604,1856.73589176603,1865.06085277397,1873.35233960466,1881.61038628729,1889.83502854228,1898.02630375812,1906.18425096819,1914.30891082757,1922.40032558988,1930.45853908411,1938.48359669148,1946.47554532237,1954.43443339321,1962.3603108035,1970.25322891278,1978.11324051776,1985.94039982944,1993.73476245033,2001.49638535173,2009.2253268511,2016.92164658948,2024.58540550908,2032.21666583085,2039.81549103228,2047.38194582516,2054.91609613359,2062.41800907199,2069.88775292329,2077.32539711723
Alt_960,NaN,NaN,NaN,NaN,NaN,NaN,NaN,NaN,NaN,NaN,NaN,NaN,NaN,NaN,400.278022915199,412.567892129333,424.830312215739,437.065986210799,449.275533740074,461.459498844205,473.618357110405,485.752522149253,497.86235146312,509.948151755024,522.010183726607,534.048666412181,546.063781093122,558.055674833725,570.024463676264,581.970235529676,593.893052783005,605.792954671714,617.669959422101,629.52406619649,641.355256859445,653.163497583162,664.948740308233,676.71092407426,688.449976233249,700.165813557347,711.858343251225,723.527463878356,735.173066209433,746.795034000315,758.393244706129,769.96757013745,781.517877063891,793.04402776987,804.545880566872,816.02329026605,827.476108614647,838.904184699394,850.307365319691,861.685495333144,873.038417975758,884.365975158882,895.668007744803,906.944355802699,918.194858846512,929.419356056171,940.617686483421,951.789689243477,962.935203693521,974.05406959906,985.14612728901,996.211217800325,1007.24918301292,1018.25986577557,1029.24311002338,1040.1987608875,1051.12666479741,1062.02666957652,1072.89862453132,1083.74238053455,1094.55779010287,1105.34470746921,1116.10298865024,1126.8324915092,1137.53307581447,1148.20460329392,1158.84693768554,1169.45994478437,1180.04349248603,1190.59745082698,1201.12169202182,1211.61609049756,1222.08052292527,1232.51486824908,1242.91900771272,1253.2928248837,1263.63620567538,1273.94903836677,1284.23121362049,1294.48262449866,1304.70316647711,1314.89273745781,1325.05123777958,1335.17857022738,1345.27464003992,1355.33935491599,1365.37262501931,1375.37436298213,1385.34448390758,1395.28290537078,1405.18954741884,1415.06433256975,1424.90718581026,1434.71803459268,1444.49680883078,1454.24344089476,1463.95786560534,1473.64002022695,1483.28984446022,1492.90728043359,1502.49227269422,1512.0447681982,1521.56471630009,1531.05206874174,1540.50677964054,1549.92880547709,1559.31810508224,1568.67463962362,1577.99837259166,1587.28926978502,1596.54729929568,1605.77243149345,1614.96463901012,1624.12389672315,1633.25018173898,1642.34347337596,1651.4037531469,1660.43100474131,1669.42521400733,1678.38636893323,1687.3144596288,1696.20947830629,1705.0714192612,1713.9002788528,1722.69605548433,1731.45874958312,1740.18836358041,1748.88490189095,1757.54837089253,1766.17877890524,1774.77613617061,1783.34045483059,1791.87174890643,1800.37003427741,1808.83532865942,1817.26765158352,1825.66702437437,1834.03347012851,1842.3670136927,1850.66768164207,1858.93550225829,1867.17050550769,1875.37272301927,1883.54218806279,1891.67893552677,1899.78300189646,1907.85442523185,1915.89324514571,1923.89950278149,1931.87324079144,1939.81450331461,1947.72333595489,1955.59978575917,1963.44390119544,1971.25573213102,1979.03532981076,1986.78274683538,1994.49803713984,2002.18125597175,2009.83245986989,2017.45170664283,2025.03905534755,2032.59456626825,2040.11830089521,2047.61032190369,2055.07069313305,2062.49947956587
Alt_970,NaN,NaN,NaN,NaN,NaN,NaN,NaN,NaN,NaN,NaN,NaN,NaN,NaN,NaN,NaN,408.283378104863,420.433200800253,432.556578817199,444.654142149511,456.726445481537,468.773975213965,480.797155857938,492.796355838867,504.771892754897,516.724038135703,528.653021746194,540.559035477535,552.442236865141,564.302752270221,576.14067975837,587.956091705623,599.749037159496,611.519543979807,623.267620781549,634.993258699827,646.696432994733,658.3771045122,670.035221015164,681.670718397845,693.283521794617,704.873546593713,716.440699364941,727.984878709625,739.50597604012,751.003876295503,762.478458599353,773.92959686491,785.357160352414,796.76101418289,808.141019812239,819.49703546913,830.828916559803,842.136516042642,853.419684775047,864.678271834933,875.91212481895,887.121090119312,898.305013180957,909.463738740606,920.597111049133,931.704974078539,942.787171714705,953.843547937003,964.873946985723,975.878213518233,986.856192754671,997.807730613916,1008.73267384053,1019.63087012331,1030.50216820596,1041.34641799052,1052.16347063394,1062.9531786383,1073.71539593502,1084.44997796361,1095.15678174504,1105.83566595031,1116.48649096437,1127.1091189457,1137.70341388186,1148.26924164115,1158.80647002066,1169.31496879095,1179.79460973747,1190.24526669893,1200.6668156028,1211.05913449813,1221.42210358565,1231.75560524561,1242.05952406315,1252.33374685151,1262.57816267314,1272.79266285887,1282.97714102509,1293.13149308916,1303.25561728317,1313.34941416594,1323.41278663354,1333.44563992831,1343.44788164642,1353.41942174409,1363.36017254254,1373.27004873161,1383.14896737232,1392.99684789816,1402.81361211539,1412.59918420226,1422.35349070722,1432.0764605462,1441.76802499897,1451.4281177046,1461.05667465612,1470.65363419436,1480.21893700096,1489.75252609078,1499.25434680343,1508.72434679424,1518.16247602458,1527.56868675145,1536.9429335166,1546.28517313499,1555.59536468275,1564.87346948459,1574.11945110071,1583.33327531326,1592.51491011227,1601.66432568124,1610.78149438221,1619.86639074049,1628.91899142901,1637.93927525225,1646.9272231299,1655.8828180801,1664.80604520247,1673.69689166071,1682.55534666507,1691.38140145438,1700.17504927798,1708.93628537731,1717.66510696731,1726.36151321758,1735.02550523338,1743.65708603638,1752.2562605453,1760.8230355563,1769.35741972331,1777.85942353815,1786.32905931051,1794.76634114787,1803.17128493522,1811.54390831478,1819.88423066549,1828.19227308259,1836.46805835695,1844.71161095443,1852.9229569952,1861.10212423292,1869.24914203399,1877.36404135664,1885.4468547301,1893.49761623374,1901.51636147611,1909.50312757407,1917.45795313188,1925.38087822032,1933.2719443558,1941.13119447949,1948.95867293653,1956.75442545521,1964.5184991262,1972.25094238186,1979.95180497559,1987.62113796119,1995.25899367234,2002.86542570213,2010.44048888261,2017.98423926448,2025.49673409685,2032.97803180703,2040.42819198048,2047.8472753408
Alt_980,NaN,NaN,NaN,NaN,NaN,NaN,NaN,NaN,NaN,NaN,NaN,NaN,NaN,NaN,NaN,404.08281753753,416.12223229733,428.135491059611,440.123233645736,452.086024872987,464.024361471424,475.938678392536,487.829354546064,499.696718006051,511.541050728727,523.362592824385,535.161546423778,546.938079177156,558.692327421373,570.424399047585,582.134376099236,593.822317127232,605.488259326656,617.132220476902,628.754200704936,640.354184089335,651.93214012095,663.488025034359,675.021783022825,686.533347348111,698.022641355335,709.489579401983,720.934067709241,732.356005142964,743.755283930857,755.131790321748,766.485405192253,777.816004605593,789.123460326832,800.407640298406,811.6684090794,822.905628251723,834.119156795993,845.308851439703,856.474566979973,867.616156582986,878.733472062005,889.826364135694,900.894682668298,911.938276893126,922.956995620602,933.950687432082,944.919200860509,955.862384558866,966.780087457357,977.672158910093,988.538448832074,999.37880782711,1010.19308730735,1020.98113960496,1031.74281807651,1042.47797720052,1053.18647266868,1063.86816147106,1074.5229019758,1085.1505540035,1095.75097889677,1106.3240395852,1116.86960064591,1127.38752836012,1137.87769076584,1148.33995770699,1158.77420087911,1169.1802938718,1179.55811220822,1189.90753338164,1200.22843688932,1210.52070426379,1220.7842191017,1231.0188670904,1241.22453603224,1251.40111586685,1261.54849869142,1271.66657877909,1281.75525259556,1291.81441881394,1301.84397832807,1311.84383426417,1321.81389199109,1331.75405912911,1341.6642455574,1351.54436342021,1361.39432713174,1371.21405337995,1381.00346112917,1390.76247162163,1400.49100837796,1410.18899719671,1419.85636615296,1429.49304559591,1439.09896814572,1448.67406868942,1458.2182843761,1467.73155461128,1477.21382105055,1486.6650275925,1496.08512037104,1505.47404774695,1514.83176029891,1524.15821081393,1533.45335427709,1542.71714786092,1551.94955091409,1561.15052494967,1570.32003363294,1579.45804276864,1588.56452028789,1597.63943623461,1606.68276275158,1615.69447406607,1624.67454647515,1633.62295833062,1642.53969002361,1651.42472396886,1660.27804458871,1669.09963829676,1677.88949348131,1686.64760048849,1695.37395160515,1704.06854104158,1712.73136491387,1721.36242122624,1729.96170985297,1738.52923252036,1747.0649927883,1755.56899603186,1764.0412494226,1772.4817619098,1780.89054420154,1789.26760874567,1797.61296971062,1805.92664296619,1814.20864606414,1822.45899821882,1830.67772028757,1838.86483475122,1847.02036569435,1855.1443387857,1863.23678125831,1871.29772188981,1879.32719098261,1887.32522034401,1895.29184326639,1903.22709450733,1911.13101026974,1919.00362818202,1926.84498727818,1934.65512797799,1942.4340920672,1950.18192267773,1957.89866426789,1965.5843626027,1973.23906473415,1980.86281898163,1988.45567491231,1996.01768332163,2003.54889621385,2011.04936678262,2018.51914939167,2025.9582995556,2033.36687392063
Alt_990,NaN,NaN,NaN,NaN,NaN,NaN,NaN,NaN,NaN,NaN,NaN,NaN,NaN,NaN,NaN,NaN,411.894870859938,423.800125768128,435.680150457428,447.535519382498,459.366739133401,471.174254656023,482.958454919564,494.719678068158,506.458216096122,518.17431908654,529.868199051763,541.540033412422,553.189968149159,564.818120658644,576.424582342798,588.009420957523,599.572682744793,611.11439436961,622.634564681212,634.13318631595,645.610237157463,657.065681668188,668.499472104767,679.91154962862,691.301845321786,702.670281117085,714.016770650708,725.341220044534,736.643528624685,747.923589582215,759.181290581184,770.416514318883,781.629139042459,792.819039025807,803.986085010186,815.130144611692,826.251082698415,837.348761739841,848.423042130809,859.473782492111,870.500839949655,881.504070393886,892.48332872106,903.438469057774,914.369344970058,925.275809658202,936.157716138404,947.014917412212,957.847266624656,968.6546172119,979.436823039159,990.193738529564,1000.92521878461,1011.63111969676,1022.31129805478,1032.96561164217,1043.59391932931,1054.19608115964,1064.77195843018,1075.32141376696,1085.84431119545,1096.34051620643,1106.80989581755,1117.25231863081,1127.66765488626,1138.05577651204,1148.41655717104,1158.74987230443,1169.05559917204,1179.33361688999,1189.58380646555,1199.80605082947,1210.00023486584,1220.16624543971,1230.30397142249,1240.41330371522,1250.49413527003,1260.54636110952,1270.56987834451,1280.56458618999,1290.53038597957,1300.46718117824,1310.37487739373,1320.25338238654,1330.10260607846,1339.92246055993,1349.71286009618,1359.4737211321,1369.20496229608,1378.90650440275,1388.57827045467,1398.22018564305,1407.83217734756,1417.41417513518,1426.96611075821,1436.48791815147,1445.97953342868,1455.44089487806,1464.87194295725,1474.27262028749,1483.64287164712,1492.98264396447,1502.29188631008,1511.57054988839,1520.8185880288,1530.03595617622,1539.22261188106,1548.37851478877,1557.50362662886,1566.59791120346,1575.66133437544,1584.69386405614,1593.69547019261,1602.66612475458,1611.60580172097,1620.51447706606,1629.39212874533,1638.23873668103,1647.05428274731,1655.83875075522,1664.59212643729,1673.31439743189,1682.00555326743,1690.66558534611,1699.29448692769,1707.89225311284,1716.45888082638,1724.99436880034,1733.49871755679,1741.97192939051,1750.41400835153,1758.82496022748,1767.20479252584,1775.553514456,1783.87113691124,1792.15767245064,1800.41313528075,1808.63754123734,1816.8309077669,1824.99325390818,1833.12460027359,1841.2249690306,1849.29438388299,1857.33287005214,1865.34045425824,1873.31716470149,1881.26303104323,1889.17808438706,1897.06235726003,1904.91588359365,1912.7386987051,1920.53083927827,1928.2923433449,1936.02325026576,1943.72360071173,1951.39343664506,1959.03280130054,1966.64173916675,1974.22029596736,1981.76851864248,1989.28645533,1996.77415534709,2004.23166917164,2011.65904842383,2019.05634584778
Alt_1000,NaN,NaN,NaN,NaN,NaN,NaN,NaN,NaN,NaN,NaN,NaN,NaN,NaN,NaN,NaN,NaN,407.748679026919,419.547986360965,431.322337562268,443.072316241807,454.798438394302,466.501158527691,478.180875258948,489.837936409277,501.472643635025,513.085256631503,524.675996946335,536.245051437371,547.792575408119,559.318695451283,570.823512028537,582.307101812225,593.769519812317,605.210801309745,616.630963615182,628.030007670416,639.407919507767,650.764671581389,662.100223982913,673.414525552593,684.707514895958,695.979121314983,707.229265661805,718.457861122266,729.664813935754,740.850024057202,752.013385766499,763.154788230038,774.27411601867,785.371249585888,796.446065709723,807.498437901465,818.528236784039,829.535330442593,840.519584749604,851.480863666612,862.419029524463,873.33394328381,884.225464777414,895.093452935691,905.937765996793,916.758261702406,927.554797480347,938.327230614937,949.075418406057,959.799218317705,970.498488116805,981.17308600296,991.822870729786,1002.44770171839,1013.04743916354,1023.62194413304,1034.17107866068,1044.69470583327,1055.19268987211,1065.66489620921,1076.11119155862,1086.5314439832,1096.92552295705,1107.29329942385,1117.63464585152,1127.94943628308,1138.23754638432,1148.49885348815,1158.733236636,1168.94057661629,1179.12075600033,1189.27365917551,1199.39917237623,1209.4971837124,1219.56758319586,1229.61026276468,1239.62511630554,1249.61203967417,1259.57093071415,1269.50168927386,1279.40421722193,1289.27841846111,1299.1241989407,1308.94146666755,1318.73013171577,1328.49010623513,1338.22130445824,1347.92364270661,1357.59703939555,1367.241415038,1376.85669224741,1386.44279573954,1395.99965233338,1405.52719095121,1415.02534261772,1424.49404045835,1433.93321969683,1443.34281765196,1452.72277373368,1462.07302943843,1471.39352834378,1480.68421610255,1489.9450404362,1499.17595112764,1508.37690001355,1517.54784097604,1526.68872993391,1535.79952483329,1544.88018563787,1553.93067431866,1562.95095484331,1571.94099316496,1580.90075721075,1589.83021686989,1598.72934398136,1607.59811232132,1616.43649759008,1625.24447739881,1634.02203125589,1642.76914055306,1651.48578855112,1660.17196036553,1668.82764295167,1677.45282508982,1686.04749736997,1694.61165217642,1703.14528367207,1711.64838778265,1720.12096218061,1728.56300626899,1736.97452116499,1745.35550968345,1753.70597632016,1762.02592723506,1770.31537023526,1778.57431475799,1786.80277185341,1795.00075416731,1803.16827592373,1811.30535290751,1819.41200244671,1827.488243395,1835.53409611399,1843.54958245544,1851.5347257435,1859.48955075688,1867.41408371093,1875.30835223975,1883.17238537829,1891.00621354434,1898.80986852062,1906.58338343678,1914.32679275143,1922.04013223418,1929.72343894769,1937.37675122969,1945.00010867512,1952.59355211817,1960.15712361443,1967.69086642307,1975.19482498904,1982.66904492528,1990.11357299507,1997.52845709432,2004.91374623399
