Row,Diam_20,Diam_21,Diam_22,Diam_23,Diam_24,Diam_25,Diam_26,Diam_27,Diam_28,Diam_29,Diam_30,Diam_31,Diam_32,Diam_33,Diam_34,Diam_35,Diam_36,Diam_37,Diam_38,Diam_39,Diam_40,Diam_41,Diam_42,Diam_43,Diam_44,Diam_45,Diam_46,Diam_47,Diam_48,Diam_49,Diam_50,Diam_51,Diam_52,Diam_53,Diam_54,Diam_55,Diam_56,Diam_57,Diam_58,Diam_59,Diam_60,Diam_61,Diam_62,Diam_63,Diam_64,Diam_65,Diam_66,Diam_67,Diam_68,Diam_69,Diam_70,Diam_71,Diam_72,Diam_73,Diam_74,Diam_75,Diam_76,Diam_77,Diam_78,Diam_79,Diam_80,Diam_81,Diam_82,Diam_83,Diam_84,Diam_85,Diam_86,Diam_87,Diam_88,Diam_89,Diam_90,Diam_91,Diam_92,Diam_93,Diam_94,Diam_95,Diam_96,Diam_97,Diam_98,Diam_99,Diam_100,Diam_101,Diam_102,Diam_103,Diam_104,Diam_105,Diam_106,Diam_107,Diam_108,Diam_109,Diam_110,Diam_111,Diam_112,Diam_113,Diam_114,Diam_115,Diam_116,Diam_117,Diam_118,Diam_119,Diam_120,Diam_121,Diam_122,Diam_123,Diam_124,Diam_125,Diam_126,Diam_127,Diam_128,Diam_129,Diam_130,Diam_131,Diam_132,Diam_133,Diam_134,Diam_135,Diam_136,Diam_137,Diam_138,Diam_139,Diam_140,Diam_141,Diam_142,Diam_143,Diam_144,Diam_145,Diam_146,Diam_147,Diam_148,Diam_149,Diam_150,Diam_151,Diam_152,Diam_153,Diam_154,Diam_155,Diam_156,Diam_157,Diam_158,Diam_159,Diam_160,Diam_161,Diam_162,Diam_163,Diam_164,Diam_165,Diam_166,Diam_167,Diam_168,Diam_169,Diam_170,Diam_171,Diam_172,Diam_173,Diam_174,Diam_175,Diam_176,Diam_177,Diam_178,Diam_179,Diam_180,Diam_181,Diam_182,Diam_183,Diam_184,Diam_185,Diam_186,Diam_187,Diam_188,Diam_189,Diam_190,Diam_191,Diam_192,Diam_193,Diam_194,Diam_195,Diam_196,Diam_197,Diam_198,Diam_199,Diam_200
Alt_200,1127.06120881399,1178.79320520522,1229.84089278119,1280.1901409527,1329.82804840675,1378.74299690407,1426.92468186765,1474.36412453819,1521.05366932549,1566.98696917773,1612.15896121224,1656.56583442887,1700.20499101185,1743.07500248567,1785.17556180243,1826.50743228792,1867.07239425044,1906.87318995271,1945.91346755915,1984.19772459308,2021.73125137081,2058.52007481809,2094.57090301975,2129.89107080339,2164.48848661271,2198.37158088496,2231.54925610945,2264.0308387099,2295.82603286296,2326.94487633717,2357.39769841182,2387.19507991307,2416.34781538485,2444.86687739472,2472.76338296,2500.04856206605,2526.73372823762,2552.83025111474,2578.34953097666,2603.30297515112,2627.70197624103,2651.55789209667,2674.882027459,2697.68561719739,2719.97981106415,2741.77565988803,2763.08410312882,2783.91595771634,2804.28190809801,2824.1924974211,2843.65811977767,2862.68901344231,2881.29525503528,2899.48675454632,2917.27325115684,2934.66430980127,2951.66931841075,2968.29748578568,2984.55784004586,3000.45922761022,3016.01031266061,3031.21957704677,3046.09532059246,3060.6456617648,3074.87853867177,3088.80171035481,3102.42275834586,3115.74908846023,3128.78793279883,3141.54635193505,3154.03123726366,3166.24931349053,3178.2071412439,3189.91111978924,3201.36748983137,3212.58233638862,3223.56159172554,3234.31103833121,3244.83631193197,3255.14290452796,3265.23616744401,3275.12131438646,3284.80342449788,3294.28744540301,3303.57819623952,3312.68037066799,3321.59853985619,3330.33715543328,3338.90055240987,3347.29295206074,3355.51846476711,3363.58109281588,3371.48473315375,3379.23318009418,3386.83012797583,3394.27917377097,3401.58381964308,3408.74747545267,3415.77346121074,3422.66500947967,3429.42526772105,3436.0573005906,3442.56409218015,3448.94854820691,3455.21349815026,3461.36169733658,3467.39582897256,3473.31850612747,3479.1322736652,3484.8396101266,3490.44292956291,3495.94458332118,3501.34686178227,3506.65199605256,3511.86215960995,3516.97946990537,3522.00598992041,3526.94372968224,3531.79464773656,3536.56065257972,3541.24360405073,3545.8453146843,3550.3675510257,3554.81203490851,3559.18044469603,3563.47441648738,3567.6955452892,3571.84538615376,3575.92545528446,3579.93723110948,3583.88215532459,3587.76163390581,3591.5770380928,3595.32970534387,3599.02094026324,3602.65201550148,3606.22417262982,3609.73862298904,3613.19654851378,3616.59910253281,3619.94741054618,3623.24257097963,3626.48565591724,3629.67771181271,3632.81976017999,3635.91279826389,3638.95779969128,3641.9557151033,3644.90747276939,3647.81397918344,3650.67611964275,3653.49475881027,3656.27074126061,3659.00489201028,3661.69801703273,3664.35090375848,3666.964321561,3669.53902222859,3672.07574042274,3674.57519412343,3677.0380850617,3679.46509913986,3681.85690683981,3684.21416361968,3686.53751029931,3688.82757343475,3691.08496568221,3693.31028615176,3695.50412075106,3697.66704251941,3699.79961195251,3701.90237731804,3703.97587496252,3706.02062960956,3708.03715464985,3710.02595242307,3711.98751449208,3713.92232190942,3715.83084547658,3717.71354599604,3719.5708745165
Alt_210,1077.58355009798,1127.4931759189,1176.79574564676,1225.47803249281,1273.52774948625,1320.93361658743,1367.68540518526,1413.77396470827,1459.19123489933,1503.93024647686,1547.98511231455,1591.35101084411,1634.02416306979,1676.00180434629,1717.2821518901,1757.86436885215,1797.7485256658,1836.93555929126,1875.42723089992,1913.22608247567,1950.33539275301,1986.75913286116,2022.50192199805,2057.5689834177,2091.96610097752,2125.69957645848,2158.77618784056,2191.20314868782,2222.98806877179,2254.13891603865,2284.66398000426,2314.571836642,2343.87131481092,2372.57146425597,2400.68152519834,2428.21089952132,2455.16912354627,2481.5658423837,2507.41078583618,2532.71374582273,2557.48455528814,2581.73306855605,2605.46914307994,2628.70262254351,2651.44332125897,2673.70100981007,2695.4854018854,2716.80614224684,2737.67279577771,2758.0948375552,2778.08164389249,2797.64248429638,2816.78651428763,2835.52276903218,2853.86015773327,2871.80745873554,2889.37331529443,2906.5662319656,2923.39457157108,2939.86655270076,2955.99024770971,2971.77358117362,2987.22432876682,3002.35011652882,3017.15842048754,3031.65656660888,3045.85173104433,3059.75094064968,3073.36107374988,3086.6888611264,3099.74088720517,3112.52359142444,3125.04326976352,3137.30607641437,3149.31802557971,3161.08499338199,3172.61271986914,3183.90681110392,3194.97274132453,3205.81585516544,3216.44136992802,3226.85437789147,3237.0598486554,3247.06263150605,3256.86745779894,3266.47894335125,3275.90159083796,3285.13979218628,3294.19783096341,3303.07988475319,3311.79002751765,3320.3322319398,3328.71037174462,3336.92822399517,3344.98947136151,3352.89770436016,3360.65642356212,3368.26904176783,3375.7388861476,3383.06920034639,3390.26314655178,3397.32380752438,3404.25418859004,3411.05721959327,3417.73575681153,3424.29258483014,3430.73041837769,3437.05190412181,3443.25962242559,3449.35608906444,3455.34375690399,3461.22501753897,3467.00220289372,3472.6775867844,3478.25338644368,3483.7317640081,3489.1148279688,3494.40463458609,3499.60318926848,3504.7124479167,3509.73431823342,3514.67066099919,3519.52329131537,3524.29397981458,3528.98445383943,3533.5963985901,3538.13145824161,3542.59123703116,3546.97730031656,3551.29117560609,3555.5343535607,3559.70828896909,3563.81440169628,3567.85407760648,3571.82866946072,3575.73949778999,3579.5878517444,3583.37498991919,3587.10214115784,3590.77050533323,3594.38125410724,3597.93553166933,3601.43445545479,3604.87911684313,3608.27058183713,3611.60989172313,3614.89806371303,3618.1360915685,3621.32494620796,3624.46557629669,3627.55890882065,3630.60584964437,3633.60728405345,3636.56407728205,3639.47707502574,3642.34710394024,3645.17497212638,3647.96146960165,3650.70736875879,3653.4134248117,3656.08037622914,3658.70894515647,3661.2998378258,3663.85374495491,3666.37134213529,3668.85329020947,3671.3002356381,3673.71281085702,3676.09163462459,3678.43731235957,3680.75043646982,3683.03158667211,3685.28133030324,3687.50022262279,3689.68880710767,3691.84761573876,3693.97716927982,3696.07797754896,3698.15053968277,3700.19534439347,3702.21287021914
Alt_220,1032.09161217535,1080.2786792541,1127.92464975258,1175.01729382346,1221.54508304253,1267.49726705683,1312.86392804237,1357.63601770371,1401.80538033722,1445.36476462981,1488.30782626042,1530.62912293375,1572.32410315627,1613.38908982563,1653.82125952447,1693.61861827086,1732.77997436835,1771.30490891172,1809.19374443308,1846.44751211377,1883.06791793717,1919.05730811409,1954.4186340741,1989.15541728237,2023.27171411113,2056.77208096709,2089.66153985122,2121.94554450403,2153.62994726861,2184.720966784,2215.22515660403,2245.1493748202,2274.50075475233,2303.28667675721,2331.51474119311,2359.19274256671,2386.32864487931,2412.93055817979,2439.00671632413,2464.56545593408,2489.61519654143,2514.16442189895,2538.22166243448,2561.79547882065,2584.89444662956,2607.527142039,2629.70212855448,2651.42794470994,2672.7130927086,2693.56602796452,2713.99514950512,2734.00879119448,2753.61521373756,2772.82259742565,2791.63903558379,2810.07252868195,2828.13097907207,2845.82218631459,2863.15384305863,2880.13353144159,2896.76871997484,2913.06676088345,2929.03488786943,2944.68021426897,2960.0097315756,2975.03030830258,2989.74868915898,3004.17149451537,3018.30522013605,3032.15623715634,3045.73079228432,3059.03500820777,3072.07488418814,3084.85629682448,3097.38500097132,3109.66663079543,3121.70670095749,3133.51060790547,3145.08363126757,3156.43093533324,3167.55757061166,3178.46847545791,3189.16847775763,3199.66229666172,3209.95454436326,3220.04972790942,3229.95225104176,3239.6664160587,3249.19642569459,3258.54638501029,3267.72030329041,3276.72209594304,3285.55558639793,3294.22450799973,3302.73250589282,3311.08313889507,3319.27988135774,3327.32612500922,3335.2251807805,3342.98028061052,3350.59457922969,3358.07115592017,3365.41301625163,3372.62309379127,3379.70425178742,3386.65928482557,3393.49092045639,3400.20182079515,3406.79458409202,3413.27174627293,3419.63578245085,3425.88910840715,3432.03408204309,3438.07300480134,3444.00812305768,3449.84162948279,3455.57566437455,3461.21231696079,3466.7536266729,3472.20158439057,3477.5581336578,3482.82517187082,3488.004551438,3493.09808091227,3498.10752609652,3503.03461112226,3507.88101950203,3512.64839515614,3517.33834341398,3521.95243199051,3526.49219193842,3530.95911857635,3535.35467239368,3539.68027993242,3543.93733464663,3548.12719773992,3552.25119898138,3556.31063750058,3560.30678256201,3564.24087431946,3568.11412455082,3571.92771737374,3575.68280994262,3579.3805331274,3583.02199217454,3586.60826735066,3590.1404145693,3593.61946600117,3597.04643066831,3600.42229502265,3603.74802350922,3607.02455911457,3610.2528239006,3613.43371952443,3616.56812774436,3619.65691091257,3622.70091245474,3625.70095733698,3628.65785252045,3631.57238740391,3634.44533425462,3637.27744862781,3640.06946977513,3642.82212104227,3645.53611025607,3648.21213010154,3650.85085848881,3653.45295891052,3656.01908078976,3658.54985981891,3661.04591828956,3663.50786541379,3665.93629763706,3668.33179894286,3670.69494114949,3673.02628419901,3675.32637643874,3677.59575489538,3679.83494554203,3682.04446355831,3684.22481358373
Alt_230,990.139003053659,1036.69948973768,1082.77543308906,1128.35563162636,1173.42938821725,1217.98659369257,1262.01778854578,1305.51420748352,1348.46781035314,1390.87130210188,1432.71814380149,1474.00255632474,1514.7195179329,1554.86475679118,1594.43473924734,1633.42665457001,1671.83839673604,1709.66854377161,1746.91633508457,1783.58164716969,1819.66496802306,1855.16737056301,1890.09048532104,1924.43647263784,1958.2079945727,1991.40818671222,2024.04063004268,2056.1093230316,2087.61865404658,2118.57337422312,2148.97857087877,2178.83964155689,2208.16226877105,2236.9523955094,2265.21620154776,2292.96008061044,2320.190618409,2346.91457158109,2373.13884754403,2398.87048527158,2424.116636996,2448.88455083266,2473.18155431956,2497.0150388601,2520.39244505393,2543.32124889766,2565.80894883446,2587.86305362962,2609.4910710471,2630.70049730091,2651.49880725369,2671.89344533443,2691.89181714626,2711.50128173524,2730.72914449076,2749.58265064815,2768.06897936455,2786.19523833906,2803.96845894906,2821.39559187477,2838.48350318508,2855.23897085823,2871.66868171169,2887.77922871659,2903.57710867263,2919.06872022073,2934.26036217093,2949.15823212478,2963.76842537159,2978.09693403947,2992.14964648254,3005.93234688687,3019.45071507848,3032.71032651763,3045.71665246439,3058.47506030143,3070.99081400071,3083.26907472144,3095.31490152753,3107.13325221342,3118.72898422783,3130.1068556857,3141.27152645912,3152.22755933876,3162.97942125766,3173.53148457025,3183.88802837924,3194.05323990433,3204.03121588649,3213.82596402243,3223.44140442401,3232.88137109791,3242.14961344114,3251.24979774842,3260.18550872758,3268.96025101981,3277.57745072134,3286.04045690395,3294.3525431316,3302.51690897078,3310.53668149249,3318.41491676389,3326.15460132791,3333.75865366904,3341.22992566426,3348.57120401744,3355.78521167641,3362.87460923154,3369.84199629502,3376.68991286017,3383.42084063991,3390.03720438419,3396.54137317555,3402.93566170274,3409.22233151191,3415.4035922352,3421.48160279662,3427.45847259498,3433.33626266399,3439.11698680929,3444.80261272271,3450.39506307365,3455.8962165777,3461.30790904283,3466.631934393,3471.87004566978,3477.02395601183,3482.09533961276,3487.08583265753,3491.99703423761,3496.8305072453,3501.5877792475,3506.27034333915,3510.8796589768,3515.41715279254,3519.88421938869,3524.28222211358,3528.61249381878,3532.87633759802,3537.07502750839,3541.20980927396,3545.28190097221,3549.29249370376,3553.24275224557,3557.13381568806,3560.96679805655,3564.74278891722,3568.46285396807,3572.12803561509,3575.73935353415,3579.29780521876,3582.80436651413,3586.25999213784,3589.66561618741,3593.02215263509,3596.33049581021,3599.59152086936,3602.80608425467,3605.97502414054,3609.09916086911,3612.17929737464,3615.21621959721,3618.21069688597,3621.1634823921,3624.07531345192,3626.94691196023,3629.77898473425,3632.57222386831,3635.32730707959,3638.04489804515,3640.72564673035,3643.37018970908,3645.9791504758,3648.55313974983,3651.09275577182,3653.59858459289,3656.07120035638,3658.51116557263,3660.9190313867,3663.29533783954,3665.64061412249
Alt_240,951.340773440664,996.365989683896,1040.9553503439,1085.09867473462,1128.78612284608,1172.00828416922,1214.75624475896,1257.02163735159,1298.79667808718,1340.07419249577,1380.84763277056,1421.11108789269,1460.85928783712,1500.08760284208,1538.7920385393,1576.96922760235,1614.61641846293,1651.73146156134,1688.31279353112,1724.35941966503,1759.87089496605,1794.84730405115,1829.28924014544,1863.19778337789,1896.57447856761,1929.42131266908,1961.74069202761,1993.53541957926,2024.80867211558,2055.56397771961,2085.80519346737,2115.53648347771,2144.76229738285,2173.48734928207,2201.71659723226,2229.45522332054,2256.70861435653,2283.48234321489,2309.78215085217,2335.61392901629,2360.98370366135,2385.89761907587,2410.3619227279,2434.38295082676,2457.96711459746,2481.12088726069,2503.85079170893,2526.16338886616,2548.06526671725,2569.56302999094,2590.66329047897,2611.37265797262,2631.69773179715,2651.64509292344,2671.22129663602,2690.43286573585,2709.28628425636,2727.78799167071,2745.94437756873,2763.76177678163,2781.24646493336,2798.40465439714,2815.24249063681,2831.76604891236,2847.98133133014,2863.89426421836,2879.51069580916,2894.83639420944,2909.87704564266,2924.63825294512,2939.12553430039,2953.34432219654,2967.29996259114,2980.99771427007,2994.44274838647,3007.64014816693,3020.59490877272,3033.31193730437,3045.79605293846,3058.05198718636,3070.08438426472,3081.89780156857,3093.49671023811,3104.88549581083,3116.06845895123,3127.04981625059,3137.83370109009,3148.42416456064,3158.82517643333,3169.04062617496,3179.0743240032,3188.93000197647,3198.61131511393,3208.12184254128,3217.46508865838,3226.64448432489,3235.6633880607,3244.52508725774,3253.23279940033,3261.78967329141,3270.1987902821,3278.46316550219,3286.58574908971,3294.56942741735,3302.41702431422,3310.13130228119,3317.71496369841,3325.17065202363,3332.50095298031,3339.7083957341,3346.79545405713,3353.76454747891,3360.61804242327,3367.35825333065,3373.98744376503,3380.50782750511,3386.92156961927,3393.23078752387,3399.4375520247,3405.54388834112,3411.55177711297,3417.46315538977,3423.27991760239,3429.00391651691,3434.63696417069,3440.18083279077,3445.6372556944,3451.00792817197,3456.29450835229,3461.49861805039,3466.62184359797,3471.66573665657,3476.63181501372,3481.52156336221,3486.33643406267,3491.07784788963,3495.74719476135,3500.34583445358,3504.87509729756,3509.33628486233,3513.73067062182,3518.05950060687,3522.32399404228,3526.52534396948,3530.66471785476,3534.74325818352,3538.76208304069,3542.72228667768,3546.62494006601,3550.47109143805,3554.26176681488,3557.9979705218,3561.6806856916,3565.31087475583,3568.88947992441,3572.41742365377,3575.89560910382,3579.32492058396,3582.70622398831,3586.04036722062,3589.32818060879,3592.57047730949,3595.76805370297,3598.92168977838,3602.03214950967,3605.10018122252,3608.12651795223,3611.1118777931,3614.05696423917,3616.96246651683,3619.8290599093,3622.65740607322,3625.44815334758,3628.20193705517,3630.91937979666,3633.60109173761,3636.24767088846,3638.85970337779,3641.43776371888,3643.9824150699,3646.49420948771
Alt_250,915.363737070046,958.939918595418,1002.12232817979,1044.90177446844,1087.26927013564,1129.21612471215,1170.73401570769,1211.81504290355,1252.45176940202,1292.63725210978,1332.36506368233,1371.6293074875,1410.42462680316,1448.74620921097,1486.58978695968,1523.9516339284,1560.82855971185,1597.21790126538,1633.1175124819,1668.52575202044,1703.44146966447,1737.86399145333,1771.79310380209,1805.22903680077,1838.17244686376,1870.62439888206,1902.58634801541,1934.06012124764,1965.04789881558,1995.55219561083,2025.57584264307,2055.12196864394,2084.19398188195,2112.79555225033,2140.93059368239,2168.60324694183,2195.81786282884,2222.57898583697,2248.8913382899,2274.75980498223,2300.18941834373,2325.18534414185,2349.75286773359,2373.89738087393,2397.62436908501,2420.93939958691,2443.84810978854,2466.35619633444,2488.46940470152,2510.19351933746,2531.53435433126,2552.49774460475,2573.08953761276,2593.3155855386,2613.18173797061,2632.69383504503,2651.85770103954,2670.67913840182,2689.16392219694,2707.3177949572,2725.14646191812,2742.65558662421,2759.85078688807,2776.73763108689,2793.32163478025,2809.60825763362,2825.60290063223,2841.31090357026,2856.73754280069,2871.88802923175,2886.76750655597,2901.3810496986,2915.73366347261,2929.83028142756,2943.67576488074,2957.27490211883,2970.63240775917,2983.75292226021,2996.64101157088,3009.30116690938,3021.73780466227,3033.95526639504,3045.95781896591,3057.74965473506,3069.33489186172,3080.71757468213,3091.90167416171,3102.891088415,3113.68964328757,3124.30109299423,3134.72912080812,3144.97733979599,3155.04929359469,3164.94845722469,3174.67823793648,3184.24197608594,3193.64294603513,3202.88435707518,3211.96935436805,3220.90101990429,3229.68237347417,3238.31637364943,3246.80591877357,3255.15384795832,3263.36294208435,3271.43592480436,3279.3754635469,3287.18417051916,3294.86460370751,3302.41926787436,3309.85061555,3317.1610480186,3324.35291629711,3331.42852210624,3338.39011883268,3345.23991248187,3351.98006262054,3358.61268330854,3365.13984401928,3371.56357054852,3377.8858459109,3384.1086112239,3390.23376657908,3396.26317190004,3402.19864778716,3408.04197634882,3413.7949020189,3419.45913236056,3425.03633885618,3430.52815768338,3435.93619047714,3441.26200507799,3446.50713626629,3451.67308648273,3456.76132653495,3461.77329629051,3466.71040535622,3471.57403374398,3476.36553252321,3481.08622446006,3485.73740464347,3490.3203410983,3494.83627538563,3499.28642319046,3503.6719748969,3507.99409615114,3512.25392841222,3516.45258949098,3520.59117407723,3524.67075425538,3528.69238000877,3532.65707971278,3536.56586061709,3540.41970931707,3544.21959221474,3547.96645596926,3551.66122793735,3555.3048166037,3558.89811200161,3562.44198612409,3565.93729332558,3569.38487071442,3572.78553853644,3576.14010054962,3579.44934439021,3582.71404193038,3585.93494962762,3589.11280886606,3592.24834628986,3595.34227412894,3598.39529051711,3601.40807980276,3604.38131285245,3607.31564734733,3610.21172807271,3613.0701872009,3615.89164456739,3618.6767079407,3621.42597328585,3624.14002502175,3626.81943627253
Alt_260,881.918441684949,924.12662445295,965.97755082944,1007.46297343098,1048.57473417743,1089.30486028162,1129.64563851957,1169.58967271747,1209.12992808411,1248.25976509201,1286.972964948,1325.26374821492,1363.12678779525,1400.55721722912,1437.5506350657,1474.10310592181,1510.21115873045,1545.87178259731,1581.08242061639,1615.84096194448,1650.145732392,1683.99548375474,1717.38938208331,1750.32699506443,1782.80827866911,1814.83356320629,1846.4035389064,1877.51924114692,1908.18203542082,1938.3936021391,1968.15592134941,1997.47125744478,2026.34214392879,2054.77136829663,2082.7619570852,2110.3171611391,2137.44044113427,2164.13545339536,2190.40603603866,2216.25619546741,2241.69009324265,2266.71203334854,2291.32644986786,2315.53789507987,2339.35102798989,2362.77060329717,2385.80146080493,2408.44851527453,2430.71674672333,2452.61119116411,2474.13693178226,2495.29909054537,2516.10282023876,2536.553296919,2556.65571277692,2576.41526940036,2595.83717142644,2614.92662057244,2633.68881003391,2652.12891923822,2670.25210894154,2688.06351665688,2705.56825240095,2722.77139474726,2739.67798717296,2756.29303468719,2772.6215007285,2788.66830431919,2804.43831746472,2819.93636278632,2835.16721137534,2850.13558085818,2864.84613366076,2879.30347546201,2893.51215382591,2907.47665700232,2921.20141288675,2934.69078812995,2947.94908738818,2960.98055270574,2973.78936302135,2986.37963379058,2998.75541671663,3010.92069958233,3022.87940617633,3034.63539630701,3046.19246589772,3057.55434715742,3068.72470882106,3079.7071564543,3090.50523281741,3101.12241828364,3111.56213130733,3121.82772893759,3131.9225073733,3141.8497025558,3151.61249079542,3161.21398942857,3170.65725750217,3179.94529648238,3189.08105098482,3198.06740952363,3206.90720527691,3215.6032168662,3224.15816914779,3232.57473401405,3240.85553120256,3249.00312911163,3257.02004562036,3264.90874891188,3272.67165829822,3280.31114504568,3287.82953319939,3295.22910040606,3302.51207873378,3309.68065548809,3316.73697402337,3323.68313454879,3330.52119492816,3337.25317147294,3343.88103972801,3350.40673524941,3356.83215437383,3363.15915497926,3369.38955723656,3375.52514435143,3381.5676632967,3387.51882553455,3393.38030772845,3399.15375244474,3404.8407688435,3410.44293335882,3415.96179036816,3421.39885285082,3426.75560303552,3432.0334930369,3437.23394548106,3442.3583541201,3447.4080844357,3452.38447423165,3457.28883421562,3462.12244856994,3466.88657551174,3471.58244784228,3476.21127348578,3480.77423601766,3485.27249518243,3489.70718740129,3494.07942626957,3498.39030304411,3502.6408871207,3506.83222650185,3510.96534825477,3515.04125895998,3519.06094515049,3523.02537374174,3526.93549245257,3530.79223021718,3534.59649758835,3538.34918713205,3542.05117381355,3545.70331537528,3549.30645270641,3552.86141020449,3556.36899612921,3559.83000294843,3563.24520767661,3566.61537220588,3569.94124362974,3573.22355455973,3576.46302343499,3579.66035482509,3582.81623972605,3585.93135584984,3589.00636790745,3592.0419278856,3595.03867531738,3597.99723754675,3600.91822998721,3603.80225637463,3606.6499090145
Alt_270,850.752504577298,891.668579007123,932.259198497947,972.517006955892,1012.43464070829,1052.00482706203,1091.22046107819,1130.07466555798,1168.56083791214,1206.6726866476,1244.40425953128,1281.74996500286,1318.70458805074,1355.2633015007,1391.4216734701,1427.17567159113,1462.52166449414,1497.45642095516,1531.97710704433,1566.08128155985,1599.76688998984,1633.03225721167,1665.87607911118,1698.29741328204,1730.2956689474,1761.87059623019,1793.02227488565,1823.75110259794,1854.05778293299,1883.94331303075,1913.40897111225,1942.45630386958,1971.08711380068,1999.30344654446,2027.10757826679,2054.50200314233,2081.48942097276,2108.07272497745,2134.25498978845,2160.03945967812,2185.4295370436,2210.4287711698,2235.04084728859,2259.26957594978,2283.1188827163,2306.59279819373,2329.69544840202,2352.43104549518,2374.80387883267,2396.81830640466,2418.47874661153,2439.78967039682,2460.75559373103,2481.38107044325,2501.67068539578,2521.62904799655,2541.2607860431,2560.57053989118,2579.56295694049,2598.24268642957,2616.61437453137,2634.68265974075,2652.45216854474,2669.92751136646,2687.11327877312,2704.01403793862,2720.63432935124,2736.97866375675,2753.0515193275,2768.85733904789,2784.40052830708,2799.68545268943,2814.71643595392,2829.49775819332,2844.03365416466,2858.32831178248,2872.38587076641,2886.21042143529,2899.80600363986,2913.17660582659,2926.32616422525,2939.2585621533,2951.97762943018,2964.48714189509,2976.79082102194,2988.89233362547,3000.79529165264,3012.50325205408,3024.01971672988,3035.34813254515,3046.49189141009,3057.45433042037,3068.23873205318,3078.84832441493,3089.28628153667,3099.5557237134,3109.6597178838,3119.60127804701,3129.38336571324,3139.00889038524,3148.48071006779,3157.80163180256,3166.9744122257,3176.00175814597,3184.88632714102,3193.63072816977,3202.23752219893,3210.70922284185,3219.04829700784,3227.2571655605,3235.33820398339,3243.29374305177,3251.12606950896,3258.83742674624,3266.43001548495,3273.90599445991,3281.26748110313,3288.5165522268,3295.65524470482,3302.68555615213,3309.60944560094,3316.42883417344,3323.14560575019,3329.76160763375,3336.27865120699,3342.69851258569,3349.02293326493,3355.25362075893,3361.39224923404,3367.44046013452,3373.39986280087,3379.27203508049,3385.05852393038,3390.76084601182,3396.3804882768,3401.918908546,3407.37753607837,3412.75777213212,3418.060990517,3423.28853813789,3428.44173552975,3433.52187738362,3438.53023306397,3443.46804711728,3448.33653977173,3453.13690742834,3457.87032314323,3462.53793710137,3467.14087708163,3471.68024891335,3476.15713692442,3480.57260438094,3484.9276939186,3489.22342796581,3493.46080915872,3497.64082074812,3501.76442699845,3505.83257357898,3509.84618794718,3513.80617972449,3517.71344106458,3521.56884701417,3525.37325586651,3529.12750950772,3532.83243375604,3536.48883869409,3540.09751899427,3543.65925423752,3547.1748092253,3550.64493428523,3554.07036557022,3557.45182535142,3560.79002230491,3564.08565179246,3567.33939613625,3570.55192488787,3573.7238950915,3576.85595154159,3579.94872703503,3583.00284261788,3586.01890782688
Alt_280,821.645071349017,861.339948402552,900.737164551618,939.830199265059,978.612442137872,1017.07729359059,1055.21824368844,1093.02893412877,1130.50320711164,1167.63514385865,1204.41909486247,1240.84970345299,1276.92192390204,1312.63103501907,1347.97264998881,1382.94272305025,1417.53755350064,1451.75378742013,1485.58841744386,1519.03878085527,1552.10255623214,1584.77775884332,1617.06273496772,1648.95615528454,1680.45700746664,1711.56458809331,1742.27849398659,1772.59861306452,1802.52511479527,1832.05844032842,1861.19929237211,1889.94862487884,1918.30763259669,1946.27774053765,1973.86059340998,2001.05804505713,2027.87214794167,2054.3051427089,2080.35944786137,2106.03764957217,2131.34249166178,2156.27686576051,2180.84380167576,2205.04645798085,2228.88811283992,2252.37215508102,2275.50207552778,2298.28145859786,2320.71397417481,2342.80336975836,2364.55346289659,2385.96813390221,2407.05131885369,2427.80700288123,2448.23921373609,2468.35201564129,2488.14950342051,2507.6357969016,2526.81503559006,2545.69137360786,2564.26897489171,2582.55200864514,2600.54464503808,2618.25105114718,2635.67538713019,2652.8218026273,2669.69443338219,2686.29739807556,2702.63479536371,2718.71070111471,2734.52916583479,2750.09421227755,2765.40983322864,2780.47998945853,2795.30860783633,2809.89957959757,2824.25675875889,2838.38396067294,2852.28496071679,2865.96349310749,2879.4232498382,2892.6678797291,2905.70098758683,2918.5261334669,2931.14683203332,2943.56655201027,2955.78871572042,2967.81669870501,2979.65382942084,2991.30338900956,3002.76861113484,3014.05268188309,3025.15873972379,3036.08987552537,3046.84913262309,3057.43950693525,3067.86394712433,3078.1253548,3088.22658476066,3098.17044527085,3107.95969837162,3117.59706022121,3127.08520146363,3136.4267476227,3145.62427951935,3154.68033371008,3163.59740294445,3172.37793663997,3181.02434137229,3189.53898137931,3197.92417907737,3206.18221558824,3214.3153312754,3222.32572628835,3230.21556111363,3237.98695713158,3245.64199717758,3253.18272610682,3260.61115136173,3267.92924354116,3275.13893697036,3282.24213027125,3289.2406869321,3296.13643587597,3302.93117202738,3309.62665687667,3316.22461904142,3322.72675482452,3329.13472876855,3335.45017420587,3341.67469380425,3347.80986010757,3353.85721607143,3359.81827559322,3365.69452403659,3371.48741874993,3377.19838957883,3382.82883937222,3388.38014448208,3393.85365525662,3399.25069652673,3404.57256808576,3409.82054516234,3414.99587888634,3420.09979674785,3425.13350304915,3430.09817934963,3434.99498490365,3439.82505709138,3444.58951184256,3449.28944405317,3453.92592799513,3458.500017719,3463.0127474497,3467.46513197528,3471.85816702889,3476.19282966383,3480.47007862193,3484.69085469517,3488.85608108066,3492.96666372903,3497.02349168642,3501.02743742991,3504.9793571967,3508.88009130698,3512.73046448064,3516.53128614782,3520.28335075355,3523.98743805633,3527.64431342097,3531.25472810564,3534.81941954318,3538.33911161697,3541.81451493122,3545.24632707585,3548.63523288609,3551.9819046969,3555.28700259216,3558.55117464891,3561.7750571766,3564.95927495144
Alt_290,794.402197631856,832.942041060698,871.208597313114,909.196125382946,946.89872407895,984.31043454844,1021.42532080618,1058.23753336366,1094.74135971265,1130.93126445955,1166.80192121576,1202.34823784681,1237.5653763127,1272.44876805792,1306.99412570439,1341.1974516457,1375.05504402336,1408.56350047553,1441.719719979,1474.52090305055,1506.96455053157,1539.04846114569,1570.77072799209,1602.12973411553,1633.1241472763,1663.75291402847,1694.01525320283,1723.91064888055,1753.43884293488,1782.59982721054,1811.39383540412,1839.8213347028,1867.88301723361,1895.57979137089,1922.91277294534,1949.88327639417,1976.49280588836,2002.74304646989,2028.63585522854,2054.17325254524,2079.35741342611,2104.19065894912,2128.67544784272,2152.81436821369,2176.61012943965,2200.06555423932,2223.18357093233,2245.96720589828,2268.41957624354,2290.54388268261,2312.34340263952,2333.82148357376,2354.98153653365,2375.8270299394,2396.36148359696,2416.5884629428,2436.51157351904,2456.13445567767,2475.46077951185,2494.49424001156,2513.23855244068,2531.6974479317,2549.87466929423,2567.77396703268,2585.39909556869,2602.75380966314,2619.84186103254,2636.66699515463,2653.23294825737,2669.54344448595,2685.60219324188,2701.41288668852,2716.97919741719,2732.30477626803,2747.39325029987,2762.24822090327,2776.87326205113,2791.27191868112,2805.44770520444,2819.40410413546,2833.14456483681,2846.67250237474,2859.99129647965,2873.10429060664,2886.01479109142,2898.72606639673,2911.24134644466,2923.56382203049,2935.69664431377,2947.64292438232,2959.40573288537,2970.98809973173,2982.39301384949,2993.62342300343,3004.68223366696,3015.57231094499,3026.29647854483,3036.85751879195,3047.25817268762,3057.50114000589,3067.58907942699,3077.52460870479,3087.31030486588,3096.94870443789,3106.44230370498,3115.7935589883,3125.00488694957,3134.07866491574,3143.01723122315,3151.8228855793,3160.49788944081,3169.04446640588,3177.46480262004,3185.76104719358,3193.9353126296,3201.98967526141,3209.92617569809,3217.74681927721,3225.45357652368,3233.04838361382,3240.53314284376,3247.90972310123,3255.1799603402,3262.34565805742,3269.40858777026,3276.37048949528,3283.23307222685,3289.99801441535,3296.66696444431,3303.24154110623,3309.72333407639,3316.11390438449,3322.41478488357,3328.62748071589,3334.75346977558,3340.79420316759,3346.75110566283,3352.62557614916,3358.41898807803,3364.13268990661,3369.76800553519,3375.32623473972,3380.80865359929,3386.21651491851,3391.55104864462,3396.81346227921,3402.00494128455,3407.12664948436,3412.17972945904,3417.16530293529,3422.08447117003,3426.93831532866,3431.72789685763,3436.45425785125,3441.11842141278,3445.72139200988,3450.26415582423,3454.74768109552,3459.17291845979,3463.54080128208,3467.85224598348,3472.10815236263,3476.3094039116,3480.45686812641,3484.55139681196,3488.59382638168,3492.58497815176,3496.52565863012,3500.41665980017,3504.25875939936,3508.05272119266,3511.79929524096,3515.49921816452,3519.15321340145,3522.76199146146,3526.32625017469,3529.84667493589,3533.32393894401,3536.75870343709,3540.15161792278,3543.50332040436
Alt_300,768.852989167799,806.299483334516,843.494133494625,880.431923519026,917.107616681152,953.515859761759,989.651265038068,1025.50847529048,1061.08221561546,1096.3673348699,1131.35883887536,1166.05191700196,1200.44196337674,1234.52459368329,1268.29565831012,1301.75125244834,1334.88772361879,1367.70167701688,1400.18997899228,1432.34975892517,1464.17840971739,1495.67358708233,1526.83320779013,1557.6554470028,1588.13873481583,1618.2817521086,1648.08342579349,1677.54292354397,1706.65964807296,1735.43323102616,1763.86352654826,1791.95060457492,1819.69474389853,1847.09642505149,1874.15632304704,1900.87530001425,1927.2543977605,1953.29483029215,1978.99797632129,2004.36537178396,2029.39870239316,2054.09979624749,2078.47061651469,2102.51325420696,2126.22992106368,2149.62294255507,2172.69475101904,2195.44787894197,2217.88495239252,2240.0086846169,2261.82186980201,2283.32737701244,2304.52814430594,2325.42717303098,2346.02752230924,2366.332303705,2386.34467608264,2406.06784065258,2425.50503620572,2444.65953453545,2463.53463604595,2482.13366554514,2500.45996821987,2518.51690579087,2536.30785284447,2553.83619333783,2571.10531727413,2588.11861754403,2604.87948692934,2621.3913152649,2637.65748675425,2653.68137743492,2669.46635278869,2685.01576549242,2700.33295330488,2715.42123708493,2730.28391893652,2744.92428047597,2759.34558121685,2773.55105706809,2787.54391894079,2801.32735145931,2814.90451177236,2828.27852845982,2841.45250053106,2854.42949651079,2867.21255360831,2879.80467696649,2892.2088389864,2904.42797872419,2916.46500135649,2928.3227777109,2940.00414385825,2951.51190076334,2962.84881399108,2974.01761346493,2985.02099327487,2995.86161153189,3006.5420902665,3017.06501536853,3027.43293656584,3037.64836743945,3047.71378547286,3057.63163213338,3067.40431298337,3077.03419781928,3086.52362083683,3095.87488082019,3105.0902413537,3114.17193105427,3123.122143823,3131.9430391145,3140.63674222238,3149.20534457977,3157.65090407338,3165.97544536993,3174.1809602539,3182.26940797535,3190.24271560694,3198.10277840903,3205.85146020198,3213.49059374485,3221.02198111957,3228.44739411993,3235.76857464446,3242.98723509284,3250.10505876478,3257.12370026119,3264.04478588677,3270.86991405359,3277.60065568526,3284.23855462099,3290.78512801946,3297.24186676171,3303.61023585295,3309.89167482287,3316.08759812409,3322.19939552847,3328.228432521,3334.1760506911,3340.04356812093,3345.83227977067,3351.54345786043,3357.17835224872,3362.7381908073,3368.22417979214,3373.63750421053,3378.97932818418,3384.25079530805,3389.45302900504,3394.5871328763,3399.65419104719,3404.65526850866,3409.5914114543,3414.46364761262,3419.27298657493,3424.02042011842,3428.70692252473,3433.3334508938,3437.90094545302,3442.41032986179,3446.86251151135,3451.25838181994,3455.59881652338,3459.88467596095,3464.11680535672,3468.29603509621,3472.4231809986,3476.49904458432,3480.52441333824,3484.50006096828,3488.42674765974,3492.30522032518,3496.13621284996,3499.92044633353,3503.65862932647,3507.35145806333,3510.99961669133,3514.60377749496,3518.16460111657,3521.68273677293
Alt_310,744.846365687096,781.256998679902,817.434710460711,853.375157529763,889.073723602172,924.52562509924,959.725994406101,994.669946057581,1029.35262966994,1063.76927246965,1097.91521356931,1131.78593162752,1165.37706715056,1198.68444041177,1231.70406575269,1264.43216286977,1296.86516556847,1328.99972837285,1360.83273130628,1392.36128310221,1423.58272306015,1454.49462172657,1485.09478055291,1515.38123066058,1545.35223082464,1575.0062647735,1604.3420378898,1633.35847338757,1662.05470803272,1690.43008746668,1718.48416118715,1746.21667723464,1773.62757662918,1800.71698759753,1827.48521962775,1853.93275738482,1880.06025451842,1905.86852739104,1931.35854875255,1956.53144138503,1981.38847173978,2005.93104358634,2030.16069169191,2054.07907554763,2077.68797315683,2100.98927489889,2123.98497748082,2146.67717798773,2169.06806804179,2191.1599280784,2212.95512174703,2234.45609044349,2255.66534797906,2276.58547539135,2297.21911590072,2317.5689700156,2337.63779078892,2357.4283792277,2376.94357985676,2396.18627643734,2415.15938784062,2433.8658640758,2452.30868247198,2470.49084401253,2488.41536982047,2506.08529779301,2523.50367938293,2540.67357652455,2557.5980587015,2574.2802001535,2590.72307721917,2606.92976581153,2622.90333902312,2638.64686485715,2654.16340408134,2669.45600820073,2684.52771754612,2699.38155947423,2714.02054667616,2728.44767559038,2742.66592491664,2756.67825422721,2770.48760267181,2784.09688777266,2797.50900430625,2810.72682326818,2823.75319091789,2836.59092789973,2849.24282843723,2861.71165959733,2874.00016062145,2886.11104232034,2898.04698652977,2909.81064562409,2921.40464208504,2932.83156812283,2944.09398534713,2955.19442448523,2966.13538514496,2976.91933562004,2987.54871273546,2998.02592173082,3008.3533361794,3018.53329794084,3028.56811714572,3038.46007220985,3048.21140987662,3057.82434528565,3067.30106206607,3076.64371245281,3085.85441742437,3094.93526686065,3103.88831971942,3112.71560423013,3121.41911810374,3130.00082875737,3138.46267355272,3146.806560047,3155.03436625549,3163.14794092459,3171.14910381459,3179.03964599108,3186.82133012434,3194.49589079581,3202.06503481079,3209.53044151697,3216.8937631277,3224.15662504967,3231.32062621432,3238.3873394123,3245.35831163059,3252.23506439174,3259.01909409464,3265.71187235659,3272.31484635606,3278.82943917584,3285.2570501462,3291.59905518772,3297.85680715347,3304.03163617025,3310.12484997857,3316.13773427118,3322.07155302987,3327.9275488603,3333.70694332474,3339.41093727242,3345.04071116738,3350.59742541365,3356.08222067764,3361.49621820757,3366.84052014978,3372.1162098619,3377.32435222278,3382.46599393897,3387.54216384778,3392.55387321685,3397.50211604009,3402.38786933001,3407.21209340637,3411.97573218111,3416.67971343946,3421.32494911738,3425.91233557507,3430.44275386679,3434.9170700067,3439.33613523102,3443.70078625624,3448.0118455335,3452.27012149922,3456.47640882184,3460.63148864476,3464.73612882553,3468.79108417124,3472.79709667015,3476.75489571963,3480.6651983504,3484.52870944706,3488.34612196504,3492.11811714392,3495.84536471715,3499.52852311829
Alt_320,722.248338860577,757.676687657062,792.888862579811,827.88114346329,862.649492045647,897.18965868336,931.497266724445,965.567879720694,999.397055319308,1032.98038870734,1066.31354777853,1099.39230167565,1132.21254397923,1164.77031152814,1197.06179964335,1229.08337436349,1260.83158217673,1292.30315763851,1323.49502919048,1354.40432343885,1385.02836810514,1415.36469382651,1445.41103495511,1475.16532948266,1504.6257181986,1533.79054317526,1562.65834566143,1591.22786345575,1619.49802782295,1647.46796000937,1675.13696740793,1702.50453941805,1729.57034304158,1756.33421825203,1782.79617317137,1808.95637908529,1834.81516532584,1860.37301404741,1885.63055492045,1910.58855976491,1935.24793714396,1959.60972693666,1983.67509490693,2007.44532728442,2030.92182537191,2054.10610019236,2076.99976718751,2099.60454097908,2121.92223020231,2143.95473242062,2165.70402912936,2187.17218085568,2208.36132236052,2229.27365794841,2249.91145688943,2270.2770489575,2290.37282008821,2310.201208159,2329.76469889365,2349.06582189301,2368.10714679277,2386.89127954915,2405.42085885275,2423.69855267038,2441.72705491446,2459.50908223913,2477.04737096203,2494.34467411041,2511.4037585899,2528.22740247416,2544.81839241352,2561.1795211602,2577.31358520807,2593.22338254426,2608.9117105102,2624.38136376944,2639.63513237936,2654.67579996426,2669.50614198668,2684.12892411424,2698.54690067913,2712.76281322721,2726.77938915384,2740.59934042358,2754.22536237079,2767.66013257828,2780.90630983114,2793.96653314288,2806.84342085125,2819.53956978082,2832.05755446971,2844.39992645782,2856.56921363402,2868.56791963969,2880.39852332615,2892.06347826367,2903.56521229956,2914.90612716323,2926.08859811582,2937.11497364243,2947.98757518471,2958.70869691191,2969.28060552836,2979.70554011553,2989.98571200679,3000.12330469327,3010.12047375887,3019.97934684304,3029.70202362958,3039.29057586008,3048.74704737039,3058.07345414896,3067.27178441547,3076.34399871859,3085.2920300517,3094.11778398527,3102.8231388148,3111.40994572339,3119.88002895771,3128.23518601649,3136.47718785067,3144.60777907416,3152.62867818449,3160.54157779247,3168.34814486015,3176.05002094634,3183.6488224589,3191.14614091329,3198.54354319671,3205.84257183711,3213.04474527677,3220.15155814959,3227.16448156194,3234.08496337632,3240.91442849748,3247.65427916066,3254.30589522141,3260.8706344467,3267.34983280697,3273.74480476877,3280.05684358762,3286.28722160097,3292.43719052076,3298.50798172552,3304.50080655166,3310.41685658377,3316.25730394369,3322.02330157822,3327.71598354521,3333.33646529794,3338.88584396757,3344.36519864355,3349.7755906519,3355.11806383114,3360.39364480586,3365.60334325774,3370.74815219406,3375.82904821343,3380.84699176883,3385.8029274278,3390.69778412981,3395.53247544059,3400.30789980355,3405.02494078821,3409.68446733546,3414.28733399983,3418.83438118864,3423.32643539792,3427.76430944532,3432.14880269977,3436.48070130797,3440.76077841775,3444.98979439822,3449.16849705679,3453.29762185296,3457.37789210902,3461.41001921754,3465.39470284579,3469.332631137,3473.22448090851,3477.07091784687
Alt_330,700.939714924292,735.43572415998,769.730422583656,803.82066727302,837.70295768537,871.373543452289,904.828509741273,938.063845372705,971.075497548554,1003.85941608411,1036.41158932943,1068.72807344842,1100.80501633883,1132.63867718849,1164.22544244655,1195.56183882375,1226.64454381017,1257.47039410196,1288.03639225381,1318.33971181501,1348.37770116159,1378.14788620041,1407.64797209243,1436.87584411942,1465.82956779967,1494.50738834358,1522.90772952743,1551.02919205392,1578.87055145953,1606.43075562211,1633.70892191601,1660.70433405752,1687.41643867874,1713.844841665,1739.98930428719,1765.84973915803,1791.42620603889,1816.71890752119,1841.72818460507,1866.45451219569,1890.89849453632,1915.06086059563,1938.94245942542,1962.54425550357,1985.86732407596,2008.91284650998,2031.68210567105,2054.17648133277,2076.39744563044,2098.34655856643,2120.02546357568,2141.43588315819,2162.57961458511,2183.45852568405,2204.07455070874,2224.42968629743,2244.52598752397,2264.36556404484,2283.95057634495,2303.28323208447,2322.36578254877,2341.20051920258,2359.7897703498,2378.13589789937,2396.24129423769,2414.1083792076,2431.73959719372,2449.13741431354,2466.30431571367,2483.24280297005,2499.95539159124,2516.44460862315,2532.71299035395,2548.76308011732,2564.59742619233,2580.2185797981,2595.6290931811,2610.83151779323,2625.82840255832,2640.62229222493,2655.21572580323,2669.61123508362,2683.81134323471,2697.8185634785,2711.63539784014,2725.26433597019,2738.70785403681,2751.96841368563,2765.04846106502,2777.95042591431,2790.67672071284,2803.22973988743,2815.61185907618,2827.82543444636,2839.87280206419,2851.75627731454,2863.47815436835,2875.04070569586,2886.44618162364,2897.69680993348,2908.79479550132,2919.7423199744,2930.54154148479,2941.19459439775,2951.70358909298,2962.07061177753,2972.29772432838,2982.38696416357,2992.34034414015,3002.1598524777,3011.84745270595,3021.40508363527,3030.83465934877,3040.13806921471,3049.31717791815,3058.37382551065,3067.30982747703,3076.12697481797,3084.82703414774,3093.41174780579,3101.88283398157,3110.24198685154,3118.49087672756,3126.63115021591,3134.66443038615,3142.59231694911,3150.41638644322,3158.13819242872,3165.75926568891,3173.28111443792,3180.70522453453,3188.03305970127,3195.26606174853,3202.40565080299,3209.45322554004,3216.4101634197,3223.27782092557,3230.05753380649,3236.75061732055,3243.35836648097,3249.88205630369,3256.32294205616,3262.68225950722,3268.9612251777,3275.16103659138,3281.2828725263,3287.32789326594,3293.2972408502,3299.19203932593,3305.01339499682,3310.76239667246,3316.44011591639,3322.04760729309,3327.58590861353,3333.05604117944,3338.45901002597,3343.79580416263,3349.0673968125,3354.27474564962,3359.41879303427,3364.50046624634,3369.52067771644,3374.48032525498,3379.38029227877,3384.22144803552,3389.00464782578,3393.73073322262,3398.40053228873,3403.01485979111,3407.57451741318,3412.08029396436,3416.53296558709,3420.93329596122,3425.28203650583,3429.57992657839,3433.82769367132,3438.02605360588,3442.17571072347,3446.27735807425,3450.33167760311,3454.33934033306
Alt_340,680.814149094731,714.424398258779,747.8465621552,781.078032275123,814.115807869075,846.956604690561,879.596941235734,912.033207664637,944.261721269223,976.278771392813,1008.08065600176,1039.66371159049,1071.02433771439,1102.15901715568,1133.06433250814,1163.73697980092,1194.17377965375,1224.37168635835,1254.32779520409,1284.03934830727,1313.50373915596,1342.71851604622,1371.68138455566,1400.3902091772,1428.84301421702,1457.03798404541,1484.97346277676,1512.64795344515,1540.06011673312,1567.20876930478,1594.09288178826,1620.71157644781,1647.06412458181,1673.14994367909,1698.96859436338,1724.5197771527,1749.80332905831,1774.81922004595,1799.56754937993,1824.0485418694,1848.26254403434,1872.21002020757,1895.89154858796,1919.30781725863,1942.45962018312,1965.34785319127,1987.97350996604,2010.33767804098,2032.441534818,2054.28634361372,2075.87344974224,2097.20427664146,2118.28032204938,2139.1031542362,2159.6744082975,2179.99578251313,2200.06903477615,2219.89597909529,2239.47848217435,2258.81846007121,2277.91787493894,2296.77873185083,2315.40307571114,2333.79298825279,2351.95058512295,2369.87801305721,2387.57744714278,2405.05108817081,2422.30116007775,2439.3299074755,2456.13959326982,2472.7324963662,2489.11090946258,2505.27713692763,2521.23349276373,2536.98229865311,2552.52588208602,2567.86657456925,2583.00670991364,2597.94862259876,2612.6946462132,2627.24711196866,2641.608347286,2655.78067445156,2669.76640934167,2683.5678602137,2697.18732656156,2710.62709803381,2723.8894534125,2736.97665965078,2749.8909709674,2762.6346279962,2775.20985698866,2787.61886906781,2799.86385953146,2811.94700720306,2823.87047382845,2835.63640351657,2847.24692222261,2858.70413727183,2870.0101369223,2881.16698996516,2892.17674536065,2903.04143190841,2913.76305795064,2924.34361110653,2934.78505803662,2945.08934423577,2955.25839385324,2965.29410953873,2975.19837231311,2984.97304146249,2994.61995445468,3004.14092687672,3013.53775239238,3022.81220271882,3031.96602762098,3041.00095492313,3049.91869053637,3058.72091850122,3067.40930104452,3075.98547864969,3084.45107013955,3092.80767277106,3101.056862341,3109.20019330212,3117.2391988889,3125.17539125234,3133.0102616032,3140.74528036295,3148.38189732201,3155.92154180465,3163.36562284005,3170.71552933903,3177.97263027594,3185.13827487533,3192.21379280289,3199.20049436029,3206.09967068356,3212.91259394456,3219.64051755531,3226.2846763747,3232.84628691736,3239.32654756443,3245.72663877582,3252.04772330374,3258.29094640739,3264.45743606829,3270.54830320629,3276.56464189591,3282.50752958281,3288.37802730026,3294.17717988541,3299.90601619514,3305.56554932142,3311.15677680597,3316.68068085413,3322.13822854772,3327.53037205695,3332.85804885105,3338.12218190765,3343.32367992083,3348.46343750765,3353.54233541317,3358.56124071382,3363.52100701909,3368.42247467147,3373.2664709446,3378.05381023944,3382.78529427868,3387.46171229906,3392.08384124176,3396.65244594072,3401.16827930891,3405.63208252246,3410.04458520276,3414.40650559633,3418.71855075255,3422.98141669927,3427.19578861616,3431.36234100593
Alt_350,661.776492277679,694.544448370138,727.13611712119,759.54938480131,791.781715005383,823.830258220996,855.691938846417,887.363524829733,918.841683795823,950.123028574267,981.204154339937,1012.08166905852,1042.75221854181,1073.21250712635,1103.45931476914,1133.48951118589,1163.30006752911,1192.88806600382,1222.25070774143,1251.38531919245,1280.28935725091,1308.96041328613,1337.3962162277,1365.5946348257,1393.55367918893,1421.27150168874,1448.74639730303,1475.97680346537,1502.96129947487,1529.69860551635,1556.18758133382,1582.42722459589,1608.41666898725,1634.15518205727,1659.64216285334,1684.87713936438,1709.85976579753,1734.58981970896,1759.0671990084,1783.29191885486,1807.2641084603,1830.98400781619,1854.45196435706,1877.66842957411,1900.63395559083,1923.34919171187,1945.81488095533,1968.03185657829,1990.00103860417,2011.72343036017,2033.20011503234,2054.43225224511,2075.42107467165,2096.16788468084,2116.67405102614,2136.94100558109,2156.97024012582,2176.76330318845,2196.32179694479,2215.64737417945,2234.74173531111,2253.6066254842,2272.24383172912,2290.6551801926,2308.84253343974,2326.80778782875,2344.55287095935,2362.07973919548,2379.39037526263,2396.48678592024,2413.37099970884,2430.04506477211,2446.51104675332,2462.7710267657,2478.82709943624,2494.68137102201,2510.33595759823,2525.79298331712,2541.05457873646,2556.12287921668,2571.00002338531,2585.68815166748,2600.18940488112,2614.5059228955,2628.63984335158,2642.59330044287,2656.36842375508,2669.96733716328,2683.39215778473,2696.64499498621,2709.72794944388,2722.64311225443,2735.39256409577,2747.97837443584,2760.40260078782,2772.66728801036,2784.77446765129,2796.72615733318,2808.52436017945,2820.17106427937,2831.66824219072,2843.01785047849,2854.2218292884,2865.2821019538,2876.20057463459,2886.97913598691,2897.6196568624,2908.12399003556,2918.49396995827,2928.73141254013,2938.8381149535,2948.81585546218,2958.6663932726,2968.39146840645,2977.99280159389,2987.47209418607,2996.8310280863,3006.07126569882,3015.19444989418,3024.2022039906,3033.09613175029,3041.87781738998,3050.54882560495,3059.11070160572,3067.56497116678,3075.91314068657,3084.15669725816,3092.2971087499,3100.33582389545,3108.27427239267,3116.11386501074,3123.85599370494,3131.50203173867,3139.05333381219,3146.51123619749,3153.87705687903,3161.15209569976,3168.33763451207,3175.43493733332,3182.44525050542,3189.36980285832,3196.20980587686,3202.9664538708,3209.64092414765,3216.234377188,3222.7479568231,3229.18279041444,3235.53998903501,3241.82064765203,3248.025845311,3254.15664532069,3260.21409543902,3266.19922805959,3272.11306039859,3277.95659468209,3283.73081833335,3289.43670416015,3295.07521054197,3300.64728161678,3306.15384746742,3311.59582430744,3316.97411466624,3322.28960757341,3327.54317874225,3332.73569075223,3337.86799323048,3342.94092303211,3347.95530441927,3352.91194923901,3357.81165709973,3362.65521554627,3367.44340023353,3372.17697509855,3376.8566925311,3381.48329354261,3386.05750793353,3390.58005445896,3395.05164099264,3399.47296468919,3403.84471214457,3408.16755955487
Alt_360,643.741381402987,675.707635574082,707.50815190754,739.141274875237,770.604899436801,801.896581311931,833.013624683402,863.953152476954,894.712163078679,925.287576406404,955.676271554392,985.875117712544,1015.88099967368,1045.69083895056,1075.30161130303,1104.71036130661,1133.91421446431,1162.91038726291,1191.69619549701,1220.26906112314,1248.6265178582,1276.76621569823,1304.68592450378,1332.38353677336,1359.85706970739,1387.10466664933,1414.12459797763,1440.91526151202,1467.47518248887,1493.80301315343,1519.89753201072,1545.75764277221,1571.38237303094,1596.77087269458,1621.92241220278,1646.83638055276,1671.51228315462,1695.94973953637,1720.14848091666,1744.1083476618,1767.8292866425,1791.31134850438,1814.55468486536,1837.55954545212,1860.32627518677,1882.85531123427,1905.14718002017,1927.20249422781,1949.02194978323,1970.60632283551,1991.95646673983,2013.07330904967,2033.95784852455,2054.61115215861,2075.03435223555,2095.22864341439,2115.19527985058,2134.93557235628,2154.4508856035,2173.74263537318,2192.81228585323,2211.66134698804,2230.29137188171,2248.70395425708,2266.90072597217,2284.88335459558,2302.65354104202,2320.21301726912,2337.56354403602,2354.70690872477,2371.64492322449,2388.37942187892,2404.91225949724,2421.24530942812,2437.38046169687,2453.31962120527,2469.06470599372,2484.61764556511,2499.98037926975,2515.15485475064,2530.14302644831,2544.94685416419,2559.56830168179,2574.00933544434,2588.27192328823,2602.35803323074,2616.26963231119,2630.00868548424,2643.57715456403,2656.9769972181,2670.21016600972,2683.27860748736,2696.18426132014,2708.92905947781,2721.51492545412,2733.94377353224,2746.21750809091,2758.33802295014,2770.30720075515,2782.12691239721,2793.79901647037,2805.32535876257,2816.70777178015,2827.94807430446,2839.04807097947,2850.00955192909,2860.83429240329,2871.52405245174,2882.08057662394,2892.50559369483,2902.8008164148,2912.9679412831,2923.00864834365,2932.92460100242,2942.71744586517,2952.38881259504,2961.9403137887,2971.37354487055,2980.69008400389,2989.89149201845,2998.97931235334,3007.95507101482,3016.82027654799,3025.57642002192,3034.2249750273,3042.76739768612,3051.20512667273,3059.53958324554,3067.77217128897,3075.90427736491,3083.93727077326,3091.87250362095,3099.71131089901,3107.45501056709,3115.10490364511,3122.66227431151,3130.12839000761,3137.50450154786,3144.79184323536,3151.99163298243,3159.10507243584,3166.13334710628,3173.07762650182,3179.93906426502,3186.7187983134,3193.41795098294,3200.03762917437,3206.57892450199,3213.04291344477,3219.43065749944,3225.74320333549,3231.98158295161,3238.14681383367,3244.23989911378,3250.26182773045,3256.21357458951,3262.09610072574,3267.91035346499,3273.65726658671,3279.3377604866,3284.9527423395,3290.50310626208,3295.98973347549,3301.41349246772,3306.77523915553,3312.07581704599,3317.31605739742,3322.49677937965,3327.6187902336,3332.68288543004,3337.68984882741,3342.64045282879,3347.53545853782,3352.37561591348,3357.16166392388,3361.8943306988,3366.57433368103,3371.20237977643,3375.77916550275,3380.3053771371,3384.78169086198
Alt_370,626.632033479023,657.83452115644,688.880725601546,719.769415784583,750.498887444141,781.067073944123,811.471634572089,841.710025388586,871.779556474339,901.677438490057,931.400820772214,960.946822672544,990.312559462054,1019.4951638282,1048.49180377177,1077.29969754038,1105.91612610447,1134.33844358093,1162.56408593022,1190.59057819154,1218.41554047148,1246.03669286352,1273.4518594447,1300.65897147138,1327.65606987634,1354.44130715315,1381.0129487013,1407.36937369436,1433.50907552539,1459.43066187601,1485.13285445014,1510.61448840818,1535.87451153327,1560.91198315783,1585.72607287569,1610.31605906241,1634.68132722437,1658.82136819527,1682.73577619716,1706.42424678143,1729.88657466431,1753.12265146993,1776.13246339329,1798.91608879442,1821.47369573419,1843.8055394616,1865.91195986158,1887.79337887177,1909.45029787602,1930.88329508215,1952.09302289041,1973.08020525927,1993.8456350742,2014.39017152491,2034.71473749607,2054.82031697612,2074.70795248841,2094.3787425487,2113.83383915242,2133.07444529511,2152.1018125289,2170.91723855788,2189.52206487456,2207.91767443971,2226.10548940757,2244.0869688979,2261.86360681658,2279.43692972587,2296.8084947654,2313.97988762496,2330.95272056951,2347.72863051729,2364.3092771711,2380.69634120333,2396.89152249461,2412.89653842626,2428.71312222631,2444.34302136899,2459.78799602718,2475.04981757771,2490.13026715872,2505.03113427873,2519.75421547664,2534.30131303206,2548.67423372524,2562.87478764561,2576.90478704833,2590.76604525781,2604.46037561723,2617.98959048333,2631.3555002652,2644.55991250629,2657.60463100851,2670.49145499743,2683.22217832751,2695.79858872633,2708.22246707667,2720.49558673563,2732.61971288936,2744.59660194265,2756.42800094225,2768.11564703274,2779.66126694411,2791.0665765099,2802.33328021488,2813.46307077141,2824.45762872328,2835.31862207625,2846.04770595423,2856.64652228018,2867.11669948082,2877.45985221428,2887.67758111978,2897.7714725884,2907.74309855428,2917.59401630525,2927.32576831219,2936.93988207629,2946.4378699935,2955.8212292354,2965.0914416457,2974.24997365185,2983.29827619088,2992.23778464899,3001.06991881411,3009.79608284086,3018.41766522742,3026.9360388035,3035.35256072914,3043.66857250348,3051.88539998331,3060.00435341059,3068.0267274487,3075.9538012268,3083.78683839188,3091.52708716814,3099.17578042313,3106.73413574046,3114.20335549847,3121.58462695464,3128.87912233533,3136.08799893048,3143.21239919305,3150.25345084269,3157.21226697355,3164.08994616582,3170.8875726007,3177.60621617865,3184.24693264055,3190.81076369155,3197.2987371275,3203.71186696352,3210.05115356469,3216.31758377857,3222.51213106937,3228.63575565355,3234.68940463683,3240.67401215218,3246.59049949887,3252.43977528236,3258.22273555477,3263.94026395598,3269.59323185512,3275.18249849232,3280.70891112069,3286.17330514831,3291.5765042802,3296.91932066023,3302.20255501265,3307.42699678346,3312.59342428129,3317.70260481784,3322.7552948478,3327.75224010809,3332.69417575649,3337.58182650952,3342.41590677949,3347.19712081074,3351.92616281499,3356.60371710575,3361.23045823173
Alt_380,610.379210555595,640.853415206617,671.179828312235,701.357612311514,731.385435413905,761.261582921391,790.984046034189,820.550593201669,849.958827843956,879.206235351893,908.290221589193,937.20814460859,965.957340908335,994.535147263525,1022.93891894439,1051.16604496325,1079.21396086049,1107.08015943786,1134.76219976819,1162.2577147478,1189.56441740918,1216.68010617208,1243.6026691804,1270.33008784699,1296.86043970888,1323.19190067877,1349.32274676575,1375.25135532737,1400.97620590627,1426.49588069744,1451.80906468607,1476.91454549094,1501.81121294412,1526.49805843431,1550.97417403801,1575.23875146032,1599.29108080499,1623.13054919131,1646.75663923422,1670.16892740211,1693.36708226596,1716.35086265224,1739.12011571095,1761.67477490948,1784.01485796206,1806.14046470404,1828.05177491926,1849.74904612871,1871.2326113476,1892.50287681785,1913.56031972227,1934.40548588655,1955.03898747443,1975.46150068138,1995.67376343145,2015.67657308187,2035.47078413939,2055.05730599234,2074.43710066181,2093.61118057521,2112.58060636527,2131.3464846971,2149.90996612587,2168.27224298728,2186.43454732295,2204.39814884247,2222.16435292378,2239.73449865333,2257.10995690719,2274.29212847437,2291.28244222309,2308.08235331091,2324.69334143936,2341.11690915347,2357.35458018672,2373.40789785155,2389.27842347566,2404.96773488417,2420.47742492744,2435.80910005463,2450.96437893263,2465.94489111012,2480.75227572638,2495.38818026441,2509.85425934791,2524.15217358154,2538.28358843388,2552.25017316243,2566.05359978002,2579.69554206185,2593.17767459251,2606.50167185212,2619.66920734078,2632.68195274067,2645.54157711478,2658.24974614146,2670.80812138412,2683.21835959486,2695.48211205156,2707.60102392717,2719.57673369065,2731.41087253841,2743.10506385558,2754.66092270608,2766.08005535076,2777.36405879263,2788.51452034838,2799.53301724536,2810.42111624316,2821.18037327895,2831.81233313586,2842.31852913349,2852.70048283977,2862.95970380357,2873.09768930708,2883.11592413732,2893.01588037615,2902.79901720786,2912.46678074388,2922.02060386375,2931.46190607179,2940.79209336882,2950.01255813827,2959.1246790461,2968.12982095392,2977.02933484477,2985.82455776096,2994.5168127534,3003.10740884207,3011.59764098682,3019.9887900683,3028.28212287837,3036.47889211959,3044.58033641329,3052.58768031589,3060.50213434292,3068.32489500044,3076.05714482344,3083.70005242084,3091.25477252665,3098.72244605716,3106.10420017355,3113.40114834979,3120.61439044547,3127.74501278319,3134.79408823036,3141.76267628495,3148.65182316514,3155.46256190243,3162.19591243806,3168.85288172249,3175.4344638177,3181.94164000212,3188.37537887793,3194.73663648066,3201.02635639071,3207.24546984677,3213.39489586092,3219.4755413352,3225.48830117955,3231.43405843098,3237.31368437371,3243.12803866037,3248.87796943384,3254.56431344986,3260.18789620018,3265.74953203612,3271.25002429248,3276.6901654117,3282.07073706812,3287.39251029234,3292.65624559551,3297.86269309351,3303.01259263094,3308.10667390485,3313.14565658812,3318.13025045248,3323.061155491,3327.93906204014,3332.76465090122,3337.53859346122
Alt_390,594.920328539097,624.699469618349,654.338461755396,683.836832294483,713.193595746858,742.407365457691,771.476442831624,800.398889119312,829.172583561275,857.795270784333,886.264599671242,914.578155416834,942.733486100821,970.728124816381,998.559608171375,1026.22549180835,1053.72336345756,1081.05085393471,1108.2056464152,1135.18548425354,1161.98817756713,1188.61160876396,1215.0537371625,1241.31260282663,1267.38632971837,1293.27312825438,1318.97129733925,1344.47922593726,1369.79539423558,1394.91837444449,1419.84683127394,1444.57952212085,1469.11529699714,1493.45309822524,1517.59195992428,1541.53100730827,1565.26945581485,1588.80661008178,1612.1418627863,1635.2746933616,1658.20466660301,1680.93143117567,1703.45471803453,1725.7743387666,1747.89018386462,1769.80222094087,1791.51049288882,1813.01511600036,1834.31627804517,1855.41423631896,1876.30931566633,1897.00190648415,1917.49246271045,1937.78149980382,1957.86959271796,1977.75737387542,1997.44553114477,2016.9348058246,2036.22599063803,2055.31992774069,2074.21750674518,2092.91966276481,2111.42737447892,2129.74166222214,2147.86358609981,2165.79424413115,2183.53477042219,2201.08633336986,2218.45013389865,2235.62740373103,2252.61940369277,2269.42742205414,2286.05277290764,2302.49679458316,2318.76084810094,2334.84631566299,2350.75459918309,2366.48711885589,2382.04531176506,2397.43063053067,2412.64454199581,2427.68852595227,2442.56407390532,2457.27268787715,2471.8158792489,2486.19516764082,2500.4120798302,2514.46814870679,2528.36491226496,2542.10391263241,2555.68669513464,2569.11480739475,2582.38979846791,2595.5132180099,2608.48661547904,2621.3115393709,2633.98953648501,2646.52215122306,2658.91092491756,2671.15739519069,2683.26309534211,2695.22955376547,2707.05829339257,2718.75083116451,2730.30867752926,2741.73333596464,2753.02630252621,2764.18906541928,2775.22310459419,2786.12989136442,2796.91088804652,2807.56754762136,2818.10131341599,2828.51361880535,2838.80588693321,2848.97953045172,2859.03595127883,2868.97654037303,2878.80267752478,2888.51573116392,2898.11705818267,2907.60800377336,2916.98990128054,2926.2640720669,2935.43182539227,2944.49445830537,2953.45325554773,2962.30948946922,2971.0644199548,2979.7192943619,2988.27534746809,2996.73380142849,3005.09586574254,3013.3627372297,3021.53560001363,3029.61562551452,3037.60397244914,3045.50178683822,3053.31020202084,3061.03033867554,3068.66330484759,3076.21019598241,3083.67209496452,3091.05007216199,3098.34518547587,3105.55848039445,3112.69099005205,3119.74373529207,3126.71772473404,3133.61395484445,3140.43341001113,3147.17706262087,3153.84587314027,3160.44079019932,3166.9627506778,3173.41267979413,3179.7914911965,3186.10008705625,3192.33935816307,3198.51018402218,3204.61343295305,3210.6499621897,3216.6206179823,3222.52623570012,3228.36763993548,3234.14564460873,3239.86105307414,3245.51465822645,3251.10724260817,3256.63957851737,3262.11242811595,3267.52654353825,3272.88266699994,3278.18153090714,3283.42385796556,3288.61036128978,3293.74174451243,3298.81870189328,3303.84191842817,3308.81206995775,3313.72982327586
Alt_400,580.198687481211,609.313893356648,638.295842307348,667.144400280227,695.858903909405,724.438272406147,752.881097116424,781.185713677913,809.350260535833,837.372726695153,865.250990922804,892.982854112125,920.566066141662,947.998348270813,975.277411893037,1002.4009742966,1029.36677195064,1056.17257173139,1082.81618042302,1109.29545276389,1135.6082982594,1161.7526869422,1187.72665422921,1213.52830499911,1239.15581699346,1264.60744362781,1289.88151628595,1314.97644615878,1339.8907256808,1364.62292960938,1389.1717157857,1413.53582561151,1437.71408427101,1461.70540072403,1485.50876749334,1509.12326026657,1532.5480373308,1555.78233885628,1578.82548604404,1601.67688015057,1624.33600140197,1646.80240780858,1669.07573389028,1691.15568932195,1713.04205750769,1734.73469409198,1756.23352541508,1777.53854691976,1798.64982151582,1819.56747790835,1840.29170889555,1860.82276964119,1881.16097592685,1901.30670238838,1921.26038074101,1941.02249799714,1960.59359468052,1979.97426304042,1999.16514526899,2018.16693172501,2036.98035916667,2055.60620899625,2074.04530551892,2092.29851421816,2110.36674004964,2128.25092575567,2145.9520502019,2163.47112673777,2180.80920158243,2197.96735223711,2214.94668592537,2231.7483380622,2248.37347075284,2264.8232713223,2281.09895087605,2297.20174289277,2313.13290184939,2328.89370187906,2344.48543546222,2359.90941215114,2375.16695732798,2390.25941099661,2405.18812660803,2419.95446991957,2434.5598178876,2449.00555759367,2463.29308520398,2477.42380496165,2491.39912821189,2505.22047245935,2518.88926045761,2532.40691933011,2545.77487972242,2558.99457498499,2572.06744038632,2584.99491235569,2597.77842775511,2610.4194231799,2622.91933428738,2635.27959515294,2647.50163765316,2659.58689087514,2671.53678055163,2683.35272852118,2695.03615221285,2706.5884641548,2718.01107150615,2729.30537561145,2740.47277157724,2751.51464787004,2762.43238593513,2773.22735983557,2783.90093591082,2794.45447245442,2804.88931941009,2815.20681808565,2825.40830088429,2835.49509105255,2845.46850244444,2855.3298393012,2865.08039604617,2874.7214570942,2884.25429667509,2893.68017867063,2903.00035646463,2912.21607280553,2921.32855968114,2930.33903820492,2939.24871851353,2948.05879967504,2956.77046960756,2965.38490500757,2973.90327128795,2982.32672252495,2990.6564014139,2998.8934392333,3007.03895581679,3015.0940595328,3023.05984727143,3030.93740443831,3038.72780495506,3046.43211126603,3054.05137435106,3061.58663374399,3069.03891755658,3076.40924250754,3083.69861395652,3090.90802594273,3098.0384612279,3105.09089134347,3112.06627664169,3118.96556635036,3125.78969863116,3132.53960064121,3139.21618859776,3145.82036784573,3152.35303292803,3158.81506765839,3165.20734519658,3171.53072812582,3177.78606853227,3183.97420808647,3190.0959781264,3196.15219974237,3202.14368386325,3208.07123134411,3213.93563305514,3219.7376699717,3225.47811326532,3231.15772439572,3236.77725520357,3242.33744800399,3247.83903568067,3253.28274178056,3258.66928060895,3263.99935732498,3269.27366803744,3274.49289990074,3279.65773121111,3284.76883150283,3289.82686164452
Alt_410,566.162804773894,594.643271555267,622.9967083343,651.223295422675,679.322669237585,707.294034291354,735.136252992419,762.847918107703,790.42741160115,817.872952702835,845.182637411538,872.354471139286,899.386395830079,926.276312597334,953.022100703742,979.62163353667,1006.07279210001,1032.37347644024,1058.52161534344,1084.51517457662,1110.35216389574,1136.03064300325,1161.54872660529,1186.90458869329,1212.09646615366,1237.12266179258,1261.98154684887,1286.67156305702,1311.19122431298,1335.53911798785,1359.71390592826,1383.71432517703,1407.53918844333,1431.18738434786,1454.6578774657,1477.94970818654,1501.0619924101,1523.99392109265,1546.74475965867,1569.31384729066,1591.70059610869,1613.90449025034,1635.92508486072,1657.76200500154,1679.4149444874,1700.88366465694,1722.1679930859,1743.26782224863,1764.1831081341,1784.91386882222,1805.46018302557,1825.82218860177,1846.00008104093,1865.99411193257,1885.8045874162,1905.43186661924,1924.87636008594,1944.13852820063,1963.21887960845,1982.1179696364,2000.83639871766,2019.37481082146,2037.73389189113,2055.91436829232,2073.91700527367,2091.74260544163,2109.39200725129,2126.86608351484,2144.16573992911,2161.29191362351,2178.24557172973,2195.0277099742,2211.63935129434,2228.08154447959,2244.35536283792,2260.46190288855,2276.40228308161,2292.17764254511,2307.78913985975,2323.23795186199,2338.5252724756,2353.65231157198,2368.62029385937,2383.4304578011,2398.08405456294,2412.58234698943,2426.92660860938,2441.1181226701,2455.15818120056,2469.04808410302,2482.78913827308,2496.3826567478,2509.82995788167,2523.13236455001,2536.29120337959,2549.30780400591,2562.18349835703,2574.91961996316,2587.51750329196,2599.97848310885,2612.3038938619,2624.49506909102,2636.55334086062,2648.48003921565,2660.27649166015,2671.94402265809,2683.48395315576,2694.89760012544,2706.18627612956,2717.35128890508,2728.39394096739,2739.31552923335,2750.11734466283,2760.80067191836,2771.36678904227,2781.81696715091,2792.15247014535,2802.37455443823,2812.48446869598,2822.48345359634,2832.37274160023,2842.15355673796,2851.82711440893,2861.39462119464,2870.85727468443,2880.21626331354,2889.47276621305,2898.62795307131,2907.68298400644,2916.63900944945,2925.49717003768,2934.25859651804,2942.92440965982,2951.49572017661,2959.97362865696,2968.35922550358,2976.65359088044,2984.85779466784,2992.97289642476,3000.99994535839,3008.9399803005,3016.79402969026,3024.5631115634,3032.24823354725,3039.85039286148,3047.37057632431,3054.80976036382,3062.1689110343,3069.44898403714,3076.65092474633,3083.77566823811,3090.82413932466,3097.79725259163,3104.69591243924,3111.52101312687,3118.27343882079,3124.95406364506,3131.56375173521,3138.10335729466,3144.57372465374,3150.97568833106,3157.31007309711,3163.57769404001,3169.77935663319,3175.9158568049,3181.98798100948,3187.99650630009,3193.94220040302,3199.82582179331,3205.64811977154,3211.40983454188,3217.11169729107,3222.7544302684,3228.33874686647,3233.86535170282,3239.33494070213,3244.74820117904,3250.10581192154,3255.40844327476,3260.65675722513,3265.85140748487
Alt_420,552.765835797035,580.638973048774,608.390716547596,636.021538611619,663.531354792482,690.919635839756,718.18549765572,745.32777399768,772.345075590254,799.235838473561,825.998363775679,852.63085061146,879.13142343813,905.498154912914,931.729085078338,957.822237530903,983.775633096644,1009.58730143385,1035.25529090212,1060.77767697289,1086.15256940586,1111.37811837528,1136.4525196976,1161.37401928609,1186.14091693688,1210.75156953381,1235.20439374562,1259.49786827767,1283.63053573079,1307.60100411264,1331.40794803994,1355.05010966534,1378.52629935752,1401.83539616019,1424.97634805187,1447.94817202616,1470.74995400971,1493.38084863349,1515.84007887095,1538.12693555571,1560.24077678985,1582.18102725316,1603.94717742247,1625.53878270978,1646.95546252679,1668.19689928328,1689.26283732579,1710.15308182293,1730.86749760307,1751.40600794963,1771.76859335919,1791.95529026682,1811.96618974332,1831.80143616819,1851.46122588237,1870.94580582418,1890.25547215208,1909.39056885719,1928.35148636863,1947.1386601546,1965.75256932159,1984.19373521434,2002.46272001881,2020.56012537027,2038.48659096846,2056.24279320185,2073.82944378257,2091.24728839361,2108.49710534996,2125.5797042748,2142.49592479223,2159.24663523752,2175.83273138609,2192.25513520203,2208.51479360714,2224.61267727122,2240.54977942431,2256.32711469148,2271.94571795082,2287.40664321491,2302.71096253634,2317.85976493755,2332.85415536526,2347.6952536697,2362.38419360888,2376.92212187789,2391.31019716339,2405.54958922329,2419.64147799152,2433.58705270796,2447.38751107329,2461.04405842867,2474.5579069602,2487.93027492769,2501.16238591779,2514.25546812106,2527.21075363277,2540.02947777708,2552.71287845431,2565.26219551104,2577.67867013246,2589.96354425694,2602.11806001207,2614.1434591721,2626.04098263618,2637.81186992704,2649.45735870972,2660.97868432996,2672.37707937165,2683.65377323318,2694.80999172198,2705.84695666702,2716.76588554871,2727.56799114583,2738.25448119903,2748.82655809044,2759.285418539,2769.63225331105,2779.86824694577,2789.99457749503,2800.01241627725,2809.92292764482,2819.72726876471,2829.42658941188,2839.02203177498,2848.51473027411,2857.90581139011,2867.19639350514,2876.38758675397,2885.48049288587,2894.47620513658,2903.37580810993,2912.18037766909,2920.89098083667,2929.50867570373,2938.03451134715,2946.46952775511,2954.81475576038,2963.07121698115,2971.23992376899,2979.32187916384,2987.31807685552,2995.22950115177,3003.05712695227,3010.80191972861,3018.46483550981,3026.04682087325,3033.54881294074,3040.97173937945,3048.3165184076,3055.58405880453,3062.77525992514,3069.89101171833,3076.9321947493,3083.89968022562,3090.79433002666,3097.61699673651,3104.36852367989,3111.0497449612,3117.66148550628,3124.2045611069,3130.67977846781,3137.08793525611,3143.42982015289,3149.70621290705,3155.91788439097,3162.0655966582,3168.15010300277,3174.1721480202,3180.13246767001,3186.03178933963,3191.87083190968,3197.65030582037,3203.37091313909,3209.03334762906,3214.63829481881,3220.18643207264,3225.6784286618,3231.11494583641,3236.49663689794,3241.82414727236
Alt_430,539.965069116261,567.256633445345,594.431914570819,621.491656166466,648.436033819302,675.264766842414,701.977208292789,728.57241784753,755.049221140883,781.406258354166,807.642024228678,833.754901194588,859.743186942465,885.60511748207,911.338886515026,936.94266177887,962.414598888174,987.752853095163,1012.95558931109,1038.0209906654,1062.94726582865,1087.73265528474,1112.37543670488,1136.87392955006,1161.22649900715,1185.43155934654,1209.48757677543,1233.3930718491,1257.14662149312,1280.74686068167,1304.19248381076,1327.4822457995,1350.61496294847,1373.58951358011,1396.40483848319,1419.05994118057,1441.55388803733,1463.88580822436,1486.05489355089,1508.06039817811,1529.90163822466,1551.57799127397,1573.08889579232,1594.43385046576,1615.61241346348,1636.62420163444,1657.46888964354,1678.14620905336,1698.65594735677,1718.99794696558,1739.17210415979,1759.17836800215,1779.01673922178,1798.68726907104,1818.19005815907,1837.52525526549,1856.69305613747,1875.69370227308,1894.52747969384,1913.19471770912,1931.69578767476,1950.0311017484,1968.20111164362,1986.20630738504,2004.04721606612,2021.72440061173,2039.23845854696,2056.59002077381,2073.77975035728,2090.80834132214,2107.67651746168,2124.3850311596,2140.93466222607,2157.3262167491,2173.56052596186,2189.63844512707,2205.56085243895,2221.3286479436,2236.94275247828,2252.40410663021,2267.71366971532,2282.87241877742,2297.88134760804,2312.74146578737,2327.45379774649,2342.01938185106,2356.43926950668,2370.71452428603,2384.84622107785,2398.83544525771,2412.68329188076,2426.39086489621,2439.95927638359,2453.38964581069,2466.68309931295,2479.84076899431,2492.86379224915,2505.75331110525,2518.51047158757,2531.13642310242,2543.63231784204,2555.99931020901,2568.2385562605,2580.35121317178,2592.33843871895,2604.20139078027,2615.94122685604,2627.55910360648,2639.05617640741,2650.43359892321,2661.69252269691,2672.83409675682,2683.85946723958,2694.76977702899,2705.5661654105,2716.24976774081,2726.82171513231,2737.28313415196,2747.63514653423,2757.87886890769,2768.01541253505,2778.04588306603,2787.97138030296,2797.79299797856,2807.51182354563,2817.12893797831,2826.64541558455,2836.06232382942,2845.38072316894,2854.60166689418,2863.72620098517,2872.75536397435,2881.69018681937,2890.53169278469,2899.28089733193,2907.93880801848,2916.50642440418,2924.98473796581,2933.37473201899,2941.67738164737,2949.8936536387,2958.02450642767,2966.07089004513,2974.03374607353,2981.91400760829,2989.71259922497,2997.43043695178,3005.06842824753,3012.62747198453,3020.10845843636,3027.51226927025,3034.839777544,3042.09184770704,3049.26933560559,3056.37308849176,3063.40394503624,3070.36273534464,3077.25028097713,3084.06739497132,3090.81488186818,3097.49353774089,3104.1041502264,3110.64749855968,3117.12435361037,3123.5354779219,3129.88162575268,3136.16354311957,3142.38196784315,3148.53762959503,3154.63124994682,3160.6635424208,3166.6352125421,3172.54695789237,3178.39946816483,3184.19342522055,3189.92950314588,3195.6083683111,3201.23067942993,3206.79708762011,3212.30823646473,3217.76476207446
Alt_440,527.721485424464,554.455702911092,581.078278923928,607.59020939087,633.991912251392,660.283338990129,686.464064625948,712.533360695242,738.49025476435,764.333579224025,790.062011513939,815.674107458432,841.168329034528,866.543067614735,891.796663511261,916.927422480222,941.93362971314,966.813561740004,991.565496586912,1016.18772246706,1040.67854523259,1065.03629477408,1089.25933052141,1113.34604617356,1137.29487376337,1161.10428714569,1184.77280498364,1208.29899329552,1231.68146761568,1254.91889481467,1278.00999461748,1300.95354085305,1323.74836246402,1346.39334430164,1368.88742772752,1391.22961104153,1413.41894975247,1435.45455670651,1457.33560208659,1479.06131329456,1500.63097472679,1522.04392745268,1543.2995688048,1564.39735188853,1585.3367850184,1606.11743108769,1626.7389068774,1647.20088231011,1667.503079654,1687.64527268178,1707.62728578902,1727.44899307602,1747.11031739721,1766.61122938162,1785.95174642788,1805.13193167706,1824.15189296615,1843.01178176529,1861.71179210116,1880.25215946925,1898.6331597372,1916.8551080416,1934.91835768024,1952.82329900174,1970.57035829452,1988.15999667682,2005.59270898931,2022.86902269193,2039.98949676627,2056.95472062497,2073.76531302925,2090.42192101577,2106.92521883395,2123.27590689464,2139.47471073117,2155.52237997353,2171.41968733652,2187.16742762256,2202.76641673981,2218.21749073613,2233.52150484954,2248.67933257552,2263.69186475159,2278.56000865959,2293.28468714598,2307.86683776032,2322.30741191231,2336.60737404746,2350.76770084163,2364.78938041443,2378.6734115617,2392.42080300702,2406.0325726722,2419.50974696696,2432.85336009746,2446.06445339382,2459.14407465646,2472.09327752111,2484.91312084242,2497.60466809595,2510.16898679838,2522.60714794574,2534.92022546949,2547.10929571016,2559.17543690837,2571.11972871288,2582.94325170564,2594.64708694324,2606.23231551477,2617.70001811568,2629.05127463731,2640.2871637719,2651.4087626327,2662.41714638892,2673.3133879151,2684.09855745483,2694.77372229817,2705.33994647282,2715.79829044836,2726.14981085359,2736.39556020633,2746.53658665568,2756.57393373614,2766.50864013345,2776.34173946188,2786.07426005242,2795.70722475186,2805.24165073225,2814.67854931059,2824.01892577826,2833.26377924015,2842.41410246299,2851.47088173269,2860.43509672047,2869.30772035731,2878.08971871671,2886.78205090529,2895.38566896108,2903.90151775914,2912.33053492445,2920.67365075162,2928.93178813127,2937.10586248289,2945.19678169387,2953.20544606451,2961.13274825881,2968.97957326077,2976.74679833613,2984.4352929991,2992.04591898413,2999.57953022243,3007.03697282299,3014.419085058,3021.72669735251,3028.96063227803,3036.12170455008,3043.21072102936,3050.22848072646,3057.17577481004,3064.05338661806,3070.86209167233,3077.60265769577,3084.27584463263,3090.88240467136,3097.42308226994,3103.89861418378,3110.30972949578,3116.65714964863,3122.94158847926,3129.16375225509,3135.32433971231,3141.42404209581,3147.46354320079,3153.44351941598,3159.36463976825,3165.22756596875,3171.03295246013,3176.78144646523,3182.4736880367,3188.11031010782,3193.69193854424
Alt_450,515.999371148239,542.199049544712,568.291309307155,594.277380920463,620.15790828554,645.933059844865,671.602618449954,697.166054384134,722.622585000533,747.971223683729,773.210820257241,798.340094503559,823.357664110127,848.262068080341,873.051786435123,897.725256864024,922.280888854192,946.717075722928,971.032204898368,995.224666728538,1019.29286204773,1043.23520868815,1067.05014709179,1090.73614515086,1114.29170238372,1137.71535353537,1161.00567167758,1184.16127087181,1207.18080844842,1230.06298694767,1252.80655576151,1275.41031250941,1297.87310417715,1320.19382804346,1342.37143241618,1364.40491719704,1386.29333429155,1408.03578787883,1429.63143455443,1451.0794833576,1472.37919569366,1493.52988516046,1514.53091728768,1535.38170919641,1556.08172918603,1576.63049625469,1597.02757955928,1617.27259782021,1637.36521867595,1657.3051579919,1677.09217912786,1696.72609216805,1716.20675311745,1735.53406306772,1754.70796733623,1773.72845458089,1792.59555589402,1811.30934387755,1829.8699317024,1848.27747215419,1866.5321566677,1884.634214352,1902.5839110084,1920.38154814307,1938.02746197596,1955.52202244783,1972.86563222696,1990.05872571686,2007.10176806652,2023.99525418439,2040.73970775737,2057.3356802759,2073.78375006625,2090.08452133098,2106.23862319842,2122.24670878218,2138.1094542513,2153.82755791194,2169.40173930113,2184.83273829326,2200.1213142199,2215.26824500342,2230.27432630484,2245.14037068638,2259.86720678906,2274.45567852565,2288.9066442893,2303.220976178,2317.39955923524,2331.44329070681,2345.35307931417,2359.12984454418,2372.77451595554,2386.2880325018,2399.67134187106,2412.92539984231,2426.05116965844,2439.04962141576,2451.92173147006,2464.6684818591,2477.29085974137,2489.78985685102,2502.16646896887,2514.42169540924,2526.55653852255,2538.57200321332,2550.46909647364,2562.24882693167,2573.91220441506,2585.46023952905,2596.89394324903,2608.21432652729,2619.42239991376,2630.51917319046,2641.50565501937,2652.38285260356,2663.15177136125,2673.81341461248,2684.3687832783,2694.818875592,2705.16468682228,2715.40720900795,2725.54743070408,2735.58633673906,2745.52490798258,2755.36412112402,2765.10494846126,2774.74835769927,2784.29531175861,2793.74676859329,2803.10368101789,2812.36699654359,2821.53765722298,2830.61659950319,2839.60475408736,2848.50304580399,2857.31239348401,2866.03370984541,2874.667901385,2883.21586827732,2891.67850428029,2900.05669664745,2908.35132604654,2916.56326648432,2924.69338523724,2932.74254278791,2940.71159276714,2948.60138190124,2956.41274996461,2964.14652973721,2971.80354696685,2979.38462033616,2986.8905614339,2994.32217473066,3001.6802575586,3008.96560009518,3016.17898535068,3023.32118915937,3030.39298017419,3037.39511986477,3044.3283625187,3051.19345524582,3057.99113798556,3064.722143517,3071.38719747171,3077.98701834909,3084.52231753428,3090.9937993183,3097.40216092049,3103.74809251312,3110.03227724792,3116.25539128464,3122.4181038214,3128.52107712679,3134.56496657358,3140.55042067404,3146.47808111673,3152.34858280464,3158.16255389471,3163.92061583852,3169.6233834242
Alt_460,504.765979068444,530.452610638114,556.035671464168,581.516610164128,606.896281386426,632.17505639836,657.352912738192,682.429507209019,707.404235591939,732.276281737272,757.044658126414,781.708239553873,806.265791233336,830.715992361922,855.057455966135,879.288745688026,903.408390040433,927.414894558037,951.30675218999,975.08245221567,998.740487913734,1022.27936317357,1045.69759820513,1068.99373447647,1092.1663389864,1115.21400796242,1138.1353700591,1160.92908912081,1183.59386656237,1206.1284434136,1228.53160206677,1250.80216776043,1272.93900982855,1294.94104273979,1316.80722694876,1338.53656957801,1360.12812494737,1381.58099496529,1402.89432939499,1424.06732600692,1445.09923062768,1465.98933709467,1486.73698712455,1507.3415701031,1527.80252280308,1548.11932903638,1568.29151924596,1588.31867004278,1608.20040369253,1627.93638755642,1647.52633349022,1666.9699972052,1686.26717759462,1705.41771602892,1724.4214956228,1743.27844047696,1761.98851489728,1780.55172259397,1798.96810586298,1817.23774475212,1835.36075621376,1853.33729324634,1871.16754402644,1888.85173103323,1906.39011016696,1923.78296986314,1941.03063020383,1958.13344202746,1975.09178603856,1991.90607191864,2008.57673743927,2025.10424757866,2041.48909364266,2057.73179239111,2073.83288517063,2089.79293705438,2105.61253599001,2121.29229195606,2136.83283612789,2152.23482005353,2167.4989148401,2182.62581035135,2197.61621441678,2212.47085205279,2227.19046469628,2241.77580945098,2256.22765834703,2270.54679761378,2284.73402696643,2298.79015890638,2312.7160180358,2326.5124403863,2340.18027276197,2353.72037209693,2367.13360482733,2380.42084627798,2393.58298006351,2406.62089750426,2419.53549705663,2432.32768375809,2444.99836868662,2457.54846843466,2469.97890459736,2482.29060327512,2494.48449459022,2506.56151221751,2518.52259292893,2530.36867615181,2542.10070354065,2553.71961856233,2565.22636609457,2576.62189203735,2587.90714293718,2599.08306562405,2610.15060686073,2621.11071300433,2631.96432967988,2642.71240146564,2653.35587159002,2663.89568163979,2674.33277127947,2684.6680779815,2694.90253676713,2705.03707995775,2715.07263693631,2725.01013391879,2734.85049373538,2744.59463562107,2754.24347501563,2763.79792337252,2773.25888797663,2782.62727177066,2791.90397318977,2801.08988600443,2810.18589917112,2819.19289669076,2828.11175747467,2836.94335521767,2845.68855827837,2854.34822956624,2862.92322643531,2871.41440058443,2879.82259796361,2888.14865868658,2896.39341694911,2904.55770095305,2912.6423328359,2920.64812860563,2928.57589808068,2936.42644483493,2944.20056614747,2951.89905295701,2959.52268982074,2967.07225487751,2974.54851981521,2981.95224984215,2989.28420366223,2996.54513345396,3003.73578485293,3010.85689693783,3017.90920221973,3024.89342663453,3031.81028953852,3038.66050370678,3045.44477533454,3052.16380404106,3058.81828287627,3065.40889832974,3071.93633034211,3078.40125231873,3084.80433114555,3091.14622720695,3097.42759440565,3103.64908018444,3109.81132554977,3115.91496509692,3121.96062703696,3127.94893322513,3133.88049919067,3139.75593416819,3145.57584113015
Alt_470,493.991229488227,519.18508529709,544.278882069823,569.2742712856,594.172304198292,618.973541756609,643.678143946318,668.285942686125,692.796501565047,717.209165025199,741.523099049269,765.737324982389,789.850747780728,813.86217971468,837.770360347019,861.573973443354,885.271661343704,908.862037222526,932.343695583879,955.715221274336,978.975197244893,1002.12221125203,1025.15486165483,1048.07176243831,1070.87154757127,1093.55287478911,1116.11442887779,1138.55492452279,1160.87310877742,1183.06776319646,1205.13770567435,1227.08179202178,1248.89891730943,1270.58801700396,1292.14806791794,1313.57808899253,1334.87714192954,1356.04433168722,1377.07880685281,1397.97975990284,1418.74642736168,1439.37808986694,1459.87407215011,1480.23374293955,1500.45651479244,1520.54184386174,1540.4892296035,1560.29821442959,1579.96838331039,1599.49936333167,1618.89082320956,1638.14247276714,1657.25406237621,1676.2253823671,1695.05626240967,1713.74657086811,1732.29621413212,1750.70513592691,1768.97331660426,1787.10077241682,1805.0875547775,1822.93374950612,1840.63947606483,1858.20488678416,1875.63016608129,1892.91552967193,1910.06122377737,1927.06752432795,1943.93473616433,1960.66319223763,1977.2532528096,1993.70530465406,2010.01976026029,2026.19705703963,2042.23765653599,2058.14204364114,2073.91072581562,2089.54423231589,2105.04311342852,2120.40793971192,2135.63930124632,2150.73780689251,2165.70408355974,2180.5387754834,2195.2425435128,2209.81606440949,2224.26003015638,2238.57514727815,2252.76213617304,2266.82173045639,2280.75467631616,2294.5617318806,2308.24366659815,2321.8012606299,2335.23530425458,2348.54659728622,2361.73594850459,2374.8041750984,2387.75210212135,2400.58056196103,2413.29039382066,2425.88244321363,2438.35756147084,2450.7166052608,2462.96043612231,2475.08992000982,2487.10592685123,2499.00933011809,2510.80100640811,2522.48183503975,2534.05269765894,2545.51447785758,2556.86806080384,2568.11433288404,2579.25418135588,2590.28849401298,2601.21815886051,2612.04406380167,2622.7670963349,2633.38814326165,2643.90809040445,2654.3278223352,2664.64822211332,2674.87017103377,2684.99454838456,2695.02223121363,2704.95409410501,2714.79100896374,2724.53384480981,2734.18346758047,2743.74073994098,2753.20652110362,2762.58166665452,2771.86702838841,2781.06345415085,2790.17178768793,2799.19286850314,2808.12753172124,2816.97660795896,2825.74092320235,2834.42129869057,2843.01855080596,2851.53349097019,2859.96692554636,2868.31965574678,2876.5924775464,2884.7861816016,2892.90155317424,2900.93937206076,2908.90041252621,2916.7854432431,2924.59522723474,2932.33052182319,2939.99207858137,2947.58064328945,2955.0969558952,2962.54175047832,2969.91575521836,2977.21969236647,2984.45427822044,2991.6202231033,2998.71823134499,3005.74900126728,3012.71322517164,3019.61158933004,3026.44477397848,3033.21345331324,3039.91829548972,3046.55996262366,3053.13911079482,3059.65639005291,3066.11244442564,3072.50791192891,3078.843424579,3085.11960840664,3091.3370834729,3097.49646388688,3103.59835782496,3109.64336755178,3115.63208944258,3121.56511400709
Alt_480,483.647446466602,508.367662878977,532.991030063147,557.519388134545,581.953971785971,606.295519409397,630.544362033217,654.700496050383,678.763642928472,702.733298445621,726.608773474647,750.389227922525,774.073699104138,797.661125570423,821.15036720713,844.540222259541,867.829441811396,891.016742145468,914.100815333132,937.08033833632,959.953980854065,982.720412104651,1005.3783067012,1027.92634975155,1050.36324129152,1072.68770014262,1094.89846727079,1116.99430871067,1138.97401810986,1160.8364189397,1182.58036641192,1204.20474913505,1225.70849053973,1247.09055009786,1268.34992435752,1289.4856478123,1310.49679362182,1331.38247419766,1352.14184166756,1372.77408822916,1393.27844640317,1413.65418919491,1433.90063017228,1454.01712346709,1474.00306370645,1493.85788587988,1513.58106514749,1533.17211659416,1552.630594934,1571.95609416933,1591.14824720776,1610.20672544101,1629.13123828853,1647.92153270907,1666.57739268283,1685.09863866691,1703.48512702649,1721.73674944392,1739.85343230806,1757.83513608568,1775.68185467701,1793.39361475712,1810.97047510486,1828.41252592101,1845.71988813709,1862.89271271629,1879.93117994789,1896.83549873646,1913.60590588696,1930.24266538707,1946.74606768762,1963.11642898234,1979.35409048774,1995.45941772414,2011.43279979867,2027.274648691,2042.98539854272,2058.56550495084,2074.01544426634,2089.3357128982,2104.52682662358,2119.58931990476,2134.52374521314,2149.33067236109,2164.01068784172,2178.5643941773,2192.99240927647,2207.29536580075,2221.47391054048,2235.52870380065,2249.46041879676,2263.26974106092,2276.95736785852,2290.52400761552,2303.97037935649,2317.29721215374,2330.50524458737,2343.59522421653,2356.56790706189,2369.42405709937,2382.16444576517,2394.78985147214,2407.30105913745,2419.69885972157,2431.98404977862,2444.15743101781,2456.21980987628,2468.17199710289,2480.01480735321,2491.74905879545,2503.37557272724,2514.89517320327,2526.30868667355,2537.6169416323,2548.82076827722,2559.9209981791,2570.91846396163,2581.81399899116,2592.60843707649,2603.30261217825,2613.89735812799,2624.39350835661,2634.79189563211,2645.09335180643,2655.29870757123,2665.40879222244,2675.42443343343,2685.34645703658,2695.17568681317,2704.91294429128,2714.55904855173,2724.11481604162,2733.58106039556,2742.95859226428,2752.24821915041,2761.45074525142,2770.56697130937,2779.59769446742,2788.5437081329,2797.40580184676,2806.18476115924,2814.88136751162,2823.49639812388,2832.03062588805,2840.48481926722,2848.85974219991,2857.1561540098,2865.37480932049,2873.51645797535,2881.58184496208,2889.57171034207,2897.48678918425,2905.32781150334,2913.09550220244,2920.79058101968,2928.41376247891,2935.9657558443,2943.44726507867,2950.85898880541,2958.20162027398,2965.47584732877,2972.68235238121,2979.82181238511,2986.89489881498,2993.90227764731,3000.84460934475,3007.72254884295,3014.53674554008,3021.28784328884,3027.97648039099,3034.60328959416,3041.16889809095,3047.67392752018,3054.11899397026,3060.5047079845,3066.83167456843,3073.10049319885,3079.31175783474,3085.46605692978,3091.56397344656,3097.60608487226
Alt_490,473.709124457085,497.973782526224,522.144529664298,546.223381345931,570.211743424335,594.110520324172,617.920203478303,641.640943817915,665.272611403249,688.81484467384,712.267091300008,735.628642217608,758.89866010958,782.076203345287,805.160246188625,828.149695927537,851.043407451953,873.840195707344,896.538846371523,919.138125038656,941.636785143428,964.033574817158,986.32724283444,1008.51654378194,1030.60024255902,1052.5771183019,1074.44596780844,1096.20560852841,1117.85488117428,1139.39265199901,1160.81781478083,1182.12929254886,1203.32603907885,1224.40704018427,1245.37131482451,1266.21791604912,1286.94593179463,1307.55448554835,1328.04273689196,1348.40988193592,1368.65515365479,1388.77782213213,1408.777194723,1428.65261614099,1448.40346847616,1468.02917114962,1487.52918081002,1506.90299117651,1526.15013283261,1545.27017297492,1564.26271512024,1583.12739877452,1601.86389906672,1620.47192635041,1638.95122577583,1657.3015768349,1675.52279288149,1693.61472062914,1711.57723962822,1729.41026172466,1747.11373050171,1764.68762070683,1782.13193766501,1799.44671668021,1816.63202242632,1833.68794832899,1850.61461593964,1867.41217430284,1884.08079931822,1900.62069309812,1917.03208332178,1933.31522258725,1949.47038776195,1965.49787933257,1981.39802075537,1997.17115780751,2012.81765794022,2028.33790963445,2043.73232175976,2059.00132293692,2074.14536090496,2089.16490189305,2104.06042999788,2118.83244656688,2133.48146958779,2148.008033085,2162.41268652299,2176.69599421724,2190.85853475302,2204.90090041218,2218.8236966084,2232.62754133097,2246.31306459753,2259.88090791575,2273.33172375431,2286.66617502319,2299.88493456355,2312.98868464722,2325.97811648593,2338.85392975036,2351.61683209909,2364.26753871749,2376.80677186663,2389.2352604421,2401.55373954295,2413.76295005057,2425.86363821755,2437.85655526658,2449.74245699921,2461.52210341451,2473.19625833755,2484.76568905763,2496.23116597624,2507.59346226448,2518.8533535302,2530.01161749435,2541.06903367672,2552.02638309096,2562.8844479485,2573.64401137166,2584.30585711538,2594.87076929789,2605.33953213978,2615.71292971161,2625.9917456899,2636.17676312114,2646.26876419398,2656.26853001925,2666.17684041776,2675.99447371561,2685.72220654714,2695.36081366498,2704.9110677574,2714.37373927264,2723.74959625004,2733.03940415796,2742.24392573825,2751.36392085707,2760.40014636205,2769.35335594557,2778.22430001393,2787.01372556243,2795.72237605616,2804.35099131619,2812.90030741133,2821.37105655506,2829.76396700756,2838.07976298281,2846.31916456046,2854.48288760249,2862.57164367436,2870.58613997075,2878.5270792455,2886.39515974585,2894.19107515068,2901.9155145128,2909.56916220502,2917.15269786993,2924.66679637336,2932.11212776126,2939.48935722005,2946.79914504013,2954.04214658269,2961.21901224952,2968.33038745575,2975.37691260557,2982.3592230706,2989.27794917103,2996.13371615924,3002.92714420604,3009.65884838918,3016.32943868428,3022.93951995792,3029.48969196292,3035.98054933567,3042.41268159545,3048.78667314567,3055.10310327696,3061.36254617199,3067.56557091203,3073.71274148509
Alt_500,464.152721378093,487.978919764157,511.713901002044,535.35984350929,558.918312829461,582.390368765648,605.776653220939,629.077462379848,652.2928062072,675.422457673453,698.465993643968,721.422828986495,744.292245143118,767.073414167093,789.765419029294,812.367270843377,834.877923534907,857.296286380931,879.621234767577,901.851619449983,923.986274548046,946.024024470424,967.963689926032,989.804093155311,1011.54406249152,1033.1824363444,1054.71806668359,1076.14982208741,1097.47659041196,1118.69728112782,1139.81082736419,1160.81618769476,1181.71234769467,1202.49832129397,1223.17315194931,1243.73591365306,1264.18571179618,1284.52168389952,1304.74300022609,1324.84886428555,1344.83851324069,1364.71121822489,1384.4662845781,1404.10305200844,1423.6208946858,1443.01922127279,1462.29747489842,1481.455133079,1500.49170759042,1519.40674429587,1538.19982293222,1556.8705568586,1575.41859276997,1593.84361037859,1612.14532206581,1630.32347250677,1648.37783827001,1666.3082273943,1684.1144789445,1701.79646254831,1719.35407791571,1736.78725434258,1754.09595020023,1771.28015241203,1788.33987591879,1805.27516313394,1822.08608338991,1838.77273237673,1855.33523157416,1871.77372767808,1888.08839202246,1904.27941999759,1920.34703046563,1936.29146517423,1952.11298816906,1967.81188520594,1983.3884631634,1998.84304945622,2014.17599145072,2029.38765588226,2044.4784282756,2059.44871236868,2074.29892954026,2089.02951824187,2103.64093343466,2118.13364603137,2132.5081423439,2146.76492353689,2160.90450508753,2174.92741625198,2188.83419953871,2202.62541018889,2216.30161566423,2229.86339514244,2243.31133902037,2256.64604842527,2269.86813473411,2282.97821910112,2295.97693199389,2308.86491273782,2321.64280906928,2334.31127669741,2346.87097887464,2359.32258597611,2371.66677508775,2383.90422960341,2396.03563883071,2408.06169760584,2419.9831059172,2431.8005685379,2443.51479466705,2455.12649757983,2466.63639428634,2478.04520519909,2489.35365380909,2500.56246637056,2511.67237159408,2522.68410034809,2533.59838536881,2544.4159609783,2555.13756281069,2565.76392754638,2576.29579265427,2586.73389614168,2597.07897631208,2607.33177153034,2617.49301999549,2627.56345952086,2637.54382732139,2647.4348598081,2657.23729238952,2666.95185928005,2676.57929331494,2686.12032577196,2695.57568619956,2704.94610225132,2714.23229952662,2723.4350014175,2732.55492896134,2741.59280069948,2750.54933254151,2759.4252376351,2768.22122624133,2776.93800561529,2785.57627989193,2794.13674997694,2802.62011344255,2811.02706442824,2819.35829354602,2827.61448779043,2835.79633045287,2843.90450104038,2851.93967519856,2859.90252463866,2867.79371706863,2875.61391612808,2883.36378132703,2891.04396798825,2898.65512719328,2906.19790573184,2913.67294605456,2921.08088622908,2928.42235989919,2935.69799624708,2942.90841995857,2950.05425119119,2957.13610554501,2964.15459403623,2971.11032307331,2978.00389443567,2984.83590525473,2991.60694799742,2998.31761045188,3004.96847571536,3011.56012218429,3018.09312354627,3024.5680487742,3030.98546212212,3037.34592312302,3043.64998658834,3049.89820260916
Alt_510,454.956474718415,478.360396710844,501.675574858128,524.904338886458,548.048403296096,571.108973305475,594.086831999546,616.982412131506,639.795855436979,662.527061794788,685.175730124124,707.741392542008,730.223443008113,752.621161445399,774.933734133983,797.160271023055,819.299820483694,841.351381927944,863.31391664133,885.186357113226,906.967615098891,928.656588606126,950.252167966335,971.753241122834,993.158698247234,1014.46743577668,1035.67835994994,1056.79038990812,1077.80246041559,1098.71352424854,1119.52255429124,1140.22854537466,1160.83051588692,1181.32750918094,1201.71859480153,1222.00286955072,1242.17945840814,1262.24751532081,1282.20622387516,1302.0547978623,1321.79248174654,1341.41855104579,1360.93231263168,1380.33310495624,1399.62029821139,1418.79329442682,1437.85152751125,1456.7944632416,1475.62159920429,1494.33246469228,1512.92662056152,1531.40365904963,1549.76320356012,1568.0049084145,1586.12845857486,1604.13356933942,1622.01998601281,1639.78748355352,1657.43586619996,1674.9649670773,1692.37464778642,1709.66479797665,1726.83533490383,1743.88620297487,1760.81737328036,1777.62884311624,1794.32063549587,1810.89279865346,1827.34540554,1843.67855331272,1859.89236281886,1875.98697807484,1891.96256574152,1907.81931459645,1923.55743500388,1939.17715838316,1954.67873667633,1970.06244181548,1985.32856519053,2000.47741711799,2015.50932631128,2030.42463935311,2045.2237201704,2059.90694951229,2074.47472443151,2088.92745776973,2103.26557764703,2117.48952695614,2131.59976286149,2145.59675630361,2159.48099150907,2173.25296550623,2186.91318764705,2200.4621791353,2213.90047256114,2227.22861144257,2240.44714977365,2253.55665157983,2266.55769048047,2279.45084925865,2292.23671943847,2304.91590086977,2317.48900132064,2329.95663607744,2342.3194275527,2354.57800490073,2366.73300364116,2378.78506529023,2390.73483700003,2402.58297120561,2414.33012527996,2425.97696119682,2437.52414520143,2448.972347489,2460.32224189102,2471.57450556927,2482.72981871759,2493.7888642712,2504.75232762364,2515.62089635123,2526.39525994495,2537.07610954966,2547.66413771067,2558.1600381274,2568.56450541428,2578.87823486854,2589.10192224504,2599.23626353782,2609.28195476847,2619.23969178108,2629.11017004369,2638.89408445622,2648.59212916465,2658.20499738144,2667.73338121201,2677.17797148724,2686.53945760178,2695.81852735819,2705.01586681667,2714.13216015034,2723.16808950592,2732.12433486979,2741.00157393912,2749.80048199821,2758.52173179971,2767.16599345072,2775.73393430367,2784.22621885181,2792.64350862924,2800.98646211531,2809.25573464342,2817.45197831397,2825.5758419114,2833.62797082528,2841.60900697523,2849.51958873967,2857.36035088828,2865.13192451799,2872.83493699253,2880.47001188531,2888.03776892572,2895.53882394848,2902.97378884625,2910.34327152519,2917.6478758635,2924.8882016728,2932.06484466224,2939.17839640539,2946.22944430961,2953.21857158804,2960.14635723401,2967.01337599777,2973.82019836553,2980.56739054077,2987.2555144276,2993.88512761628,3000.45678337063,3006.97103061752,3013.42841393811,3019.82947356089,3026.17474535659
Alt_520,446.100237766162,469.097212935746,492.00771852481,514.834224645186,537.57858469136,560.242139965792,582.825806039386,605.330144102318,627.755420040343,650.101653491075,672.368658718867,694.556078799251,716.663414318967,738.690047566639,760.635263003198,782.498264651761,804.278190926879,825.974127326908,847.585117335987,869.11017181984,890.548277149398,911.898402245525,933.159504705087,954.330536141689,975.410446852384,996.398189903606,1017.29272471475,1038.09302020554,1058.79805756319,1079.40683267689,1099.91835828027,1120.33166583639,1140.645807195,1160.85985604785,1180.97290920395,1200.98408770405,1220.8925377911,1240.69743175097,1260.3979686365,1279.99337488572,1299.48290484438,1318.86584120128,1338.14149534429,1357.30920764387,1376.36834767024,1395.31831434973,1414.15853606533,1432.88847070583,1451.50760566764,1470.01545781304,1488.41157338819,1506.69552790392,1524.86692598224,1542.92540117113,1560.87061573,1578.70226038803,1596.42005407757,1614.02374364439,1631.51310353667,1648.88793547439,1666.14806810069,1683.29335661672,1700.32368240128,1717.23895261676,1734.03909980235,1750.72408145594,1767.2938796057,1783.74850037242,1800.08797352358,1816.31235202017,1832.42171155702,1848.41615009772,1864.29578740463,1880.06076456511,1895.71124351437,1911.24740655581,1926.66945587954,1941.97761307959,1957.17211867047,1972.25323160361,1987.22122878431,2002.07640458955,2016.81907038728,2031.44955405755,2045.96819951598,2060.3753662399,2074.67142879763,2088.85677638113,2102.93181234252,2116.8969537346,2130.75263085587,2144.49928680015,2158.13737701109,2171.66736884195,2185.08974112067,2198.40498372055,2211.61359713673,2224.71609206858,2237.71298900823,2250.6048178353,2263.39211741806,2276.07543522102,2288.65532691914,2301.13235601875,2313.50709348516,2325.78011737718,2337.95201248841,2350.0233699956,2361.99478711386,2373.86686675887,2385.6402172162,2397.31545181749,2408.89318862382,2420.37405011588,2431.75866289139,2443.04765736925,2454.24166750082,2465.341330488,2476.34728650827,2487.26017844647,2498.08065163345,2508.80935359135,2519.44693378566,2529.99404338378,2540.45133502016,2550.81946256789,2561.09908091669,2571.29084575724,2581.39541337164,2591.41344043017,2601.34558379394,2611.19250032371,2620.9548466944,2630.63327921556,2640.22845365743,2649.74102508267,2659.17164768362,2668.52097462489,2677.78965789138,2686.97834814146,2696.08769456531,2705.11834474825,2714.07094453904,2722.94613792303,2731.74456689994,2740.46687136644,2749.11368900312,2757.68565516596,2766.18340278217,2774.60756225022,2782.95876134407,2791.23762512141,2799.44477583589,2807.58083285319,2815.64641257093,2823.64212834211,2831.56859040234,2839.42640580039,2847.21617833225,2854.93850847849,2862.59399334482,2870.18322660586,2877.70679845192,2885.16529553877,2892.55930094035,2899.88939410423,2907.15615080988,2914.36014312954,2921.5019393917,2928.58210414711,2935.60119813718,2942.55977826477,2949.45839756726,2956.29760519186,2963.07794637303,2969.79996241202,2976.46419065843,2983.07116449371,2989.62141331652,2996.11546253001,3002.55383353075
Alt_530,437.565333459006,460.16989441698,482.690080186932,505.128490990966,527.48710966756,549.767404849597,571.970416441438,594.096826447612,616.147017757828,638.121123058556,660.019065655144,681.840593660032,703.585308730124,725.252690313666,746.842116186313,768.35287991026,789.784205732791,811.135261345976,832.405168852925,853.593014224418,874.697855479832,895.71872978588,916.654659633699,937.504658228037,958.267734200237,978.942895738699,999.529154215628,1020.02552737657,1040.43104214907,1060.74473711832,1080.96566471056,1101.09289311917,1121.12550800335,1141.06261398513,1160.90333596708,1180.64682028976,1200.29223574592,1219.83877446582,1239.28565268664,1258.63211141697,1277.87741700646,1297.02086162917,1316.06176368841,1334.99946815,1353.8333468099,1372.56279850187,1391.18724924994,1409.70615237028,1428.11898852626,1446.42526574059,1464.62451936762,1482.71631202899,1500.7002335153,1518.57590065636,1536.34295716246,1554.00107343859,1571.54994637392,1588.98929910817,1606.3188807767,1623.53846623594,1640.64785577066,1657.64687478454,1674.53537347529,1691.31322649574,1707.98033260184,1724.536614289,1740.98201741757,1757.31651082857,1773.54008595063,1789.65275639906,1805.65455756781,1821.54554621524,1837.3258000444,1852.99541727863,1868.55451623308,1884.00323488292,1899.34173042874,1914.57017885996,1929.68877451648,1944.69772964954,1959.59727398189,1974.38765426807,1989.06913385507,2003.64199224394,2018.10652465265,2032.46304158073,2046.71186837591,2060.85334480324,2074.887824617,2088.81567513555,2102.63727681977,2116.3530228549,2129.96331873652,2143.46858186049,2156.86924111737,2170.16573649137,2183.35851866416,2196.44804862349,2209.43479727712,2222.31924507187,2235.10188161815,2247.78320532011,2260.36372301129,2272.84394959618,2285.22440769755,2297.50562730979,2309.68814545818,2321.77250586427,2333.75925861742,2345.64895985247,2357.44217143358,2369.13946064437,2380.74139988427,2392.2485663711,2403.66154185,2414.98091230851,2426.20726769798,2437.34120166119,2448.38331126618,2459.33419674624,2470.19446124614,2480.9647105744,2491.64555296165,2502.23759882505,2512.74146053868,2523.15775220986,2533.48708946133,2543.73008921926,2553.88736950702,2563.95954924462,2573.94724805374,2583.85108606836,2593.67168375083,2603.40966171332,2613.06564054466,2622.64024064231,2632.13408204964,2641.54778429814,2650.88196625472,2660.13724597395,2669.31424055503,2678.41356600359,2687.43583709817,2696.38166726116,2705.25166843438,2714.04645095898,2722.76662345963,2731.41279273306,2739.98556364061,2748.48553900494,2756.91331951068,2765.26950360895,2773.55468742572,2781.76946467388,2789.91442656894,2797.99016174826,2805.99725619382,2813.93629315831,2821.80785309457,2829.61251358821,2837.35084929347,2845.02343187202,2852.6308299349,2860.17360898723,2867.65233137589,2875.06755623987,2882.4198394634,2889.70973363157,2896.93778798867,2904.10454839888,2911.21055730941,2918.256353716,2925.24247313068,2932.16944755172,2939.03780543578,2945.84807167211,2952.60076755874,2959.29641078069,2965.93551539006,2972.51859178793,2979.0461467081
Alt_540,429.334423699832,451.560358397225,473.703849592303,495.767617932567,517.75376680926,539.663883960644,561.499125970583,583.260288503882,604.947864746462,626.562094131791,648.103003079556,669.570439164183,690.96409987155,712.283556888082,733.528276691511,754.697638070552,775.790947085696,796.807449890401,817.746343756671,838.606786588148,859.387905154438,880.088802240162,900.708562869564,921.246259740652,941.700957980975,962.071719319052,982.35760575062,1002.55768276654,1022.67102219901,1042.69670473418,1062.63382213227,1082.48147919026,1102.23879547727,1121.90490686851,1141.47896690036,1160.9601479656,1180.34764236608,1199.64066323707,1218.83844535644,1237.94024584965,1256.94534480062,1275.85304577714,1294.6626762785,1313.37358811222,1331.98515770601,1350.4967863604,1368.90790044688,1387.21795155604,1405.42641659959,1423.53279786988,1441.53662306026,1459.4374452491,1477.23484285029,1494.92841953272,1512.51780411095,1530.00265040923,1547.38263710086,1564.65746752454,1581.82686947965,1598.89059500173,1615.84842011993,1632.70014459746,1649.4455916567,1666.08460768982,1682.61706195633,1699.04284626847,1715.3618746655,1731.57408307786,1747.6794289821,1763.67789104744,1779.56946877477,1795.35418212891,1811.03207116475,1826.60319564815,1842.06763467212,1857.42548626893,1872.67686701889,1887.82191165616,1902.86077267236,1917.79361991828,1932.62064020441,1947.34203690057,1961.95802953519,1976.46885339469,1990.87475912324,2005.17601232341,2019.37289315804,2033.4656959536,2047.45472880552,2061.34031318561,2075.12278355201,2088.80248696189,2102.37978268716,2115.85504183338,2129.22864696226,2142.50099171773,2155.67248045598,2168.7435278796,2181.71455867586,2194.58600715952,2207.35831692018,2220.03194047421,2232.60733892169,2245.08498160813,2257.46534579131,2269.7489163132,2281.93618527715,2294.02765173033,2306.02382135155,2317.92520614448,2329.7323241363,2341.44569908196,2353.06586017383,2364.593341757,2376.02868305018,2387.37242787212,2398.62512437367,2409.78732477545,2420.85958511108,2431.84246497604,2442.73652728205,2453.54233801702,2464.26046601054,2474.89148270481,2485.43596193108,2495.8944796915,2506.26761394632,2516.55594440643,2526.76005233127,2536.88052033184,2546.91793217898,2556.87287261677,2566.74592718101,2576.53768202264,2586.24872373617,2595.87963919299,2605.43101537948,2614.90343923984,2624.29749752364,2633.61377663799,2642.8528625042,2652.0153404189,2661.10179491966,2670.11280965477,2679.04896725739,2687.91084922381,2696.69903579583,2705.41410584715,2714.05663677366,2722.6272043877,2731.12638281603,2739.55474440153,2747.91285960854,2756.20129693184,2764.42062280896,2772.5714015361,2780.65419518722,2788.66956353655,2796.61806398415,2804.50025148471,2812.31667847934,2820.06789483037,2827.75444775902,2835.37688178594,2842.93573867455,2850.43155737699,2857.8648739828,2865.23622167011,2872.54613065937,2879.79512816946,2886.98373837626,2894.11248237345,2901.18187813559,2908.19244048341,2915.14468105119,2922.03910825622,2928.87622727027,2935.65653999304,2942.38054502748,2949.04873765693,2955.66160982411
Alt_550,421.391392275746,443.251792235886,465.031533074215,486.733446717937,508.359748730755,529.912138215205,551.391881238217,572.799880402034,594.13673288596,615.402778947031,636.598142544321,657.722765464145,678.776436077908,699.758813659304,720.669449018744,741.507802074828,762.273256870379,782.965134449364,803.582703936986,824.125192105099,844.591791656233,864.981668419618,885.293967620109,905.527819354231,925.682343385688,945.756653354695,965.749860480587,985.661076824864,1005.48941817158,1025.23400657347,1044.89397260513,1064.46845735851,1083.95661421102,1103.35761039239,1122.67062837275,1141.89486709137,1161.02954304315,1180.07389123733,1199.02716604164,1217.88864192284,1236.65761409382,1255.33339907584,1273.91533518369,1292.40278294069,1310.79512542949,1329.09176858424,1347.29214142888,1365.39569626603,1383.40190882035,1401.31027833996,1419.12032765909,1436.831603225,1454.44367509165,1471.95613688282,1489.36860572672,1506.68072216417,1523.89215003243,1541.00257632617,1558.01171103743,1574.91928697603,1591.72505957179,1608.42880665991,1625.03032825081,1641.52944628548,1657.92600437759,1674.21986754319,1690.41092191915,1706.49907447116,1722.48425269222,1738.36640429231,1754.14549688028,1769.82151763837,1785.39447299037,1800.86438826387,1816.23130734738,1831.4952923428,1846.65642321399,1861.71479743175,1876.67052961601,1891.5237511755,1906.27460994548,1920.923269824,1935.46991040706,1949.91472662313,1964.25792836739,1978.49974013609,1992.64040066133,2006.68016254667,2020.61929190386,2034.45806799092,2048.19678285199,2061.83574095911,2075.37525885623,2088.8156648057,2102.15729843743,2115.40051040097,2128.54566202072,2141.59312495441,2154.54328085503,2167.39652103647,2180.1532461429,2192.81386582206,2205.37879840269,2217.8484705761,2230.22331708201,2242.50378039888,2254.69031043861,2266.78336424598,2278.78340570255,2290.69090523549,2302.50633953098,2314.23019125266,2325.86294876477,2337.40510586033,2348.85716149421,2360.21961952123,2371.49298843918,2382.6777811369,2393.77451464738,2404.78370990585,2415.70589151287,2426.54158750253,2437.29132911549,2447.95565057715,2458.53508888066,2469.03018357498,2479.44147655777,2489.76951187316,2500.01483551442,2510.17799523139,2520.25954034269,2530.26002155265,2540.17999077293,2550.02000094879,2559.78060588985,2569.46236010552,2579.06581864478,2588.59153694046,2598.04007065784,2607.41197554758,2616.70780730288,2625.92812142084,2635.07347306793,2644.14441694952,2653.14150718343,2662.06529717735,2670.91633951024,2679.6951858174,2688.40238667939,2697.03849151451,2705.60404847503,2714.0996043468,2722.52570445242,2730.88289255784,2739.1717107822,2747.39269951102,2755.54639731259,2763.63334085745,2771.654064841,2779.60910190909,2787.49898258655,2795.32423520861,2803.08538585513,2810.7829582876,2818.41747388878,2825.98945160502,2833.49940789111,2840.94785665768,2848.33530922096,2855.66227425499,2862.92925774618,2870.13676295002,2877.28529035013,2884.37533761941,2891.40739958323,2898.38196818477,2905.29953245227,2912.16057846823,2918.96558934054,2925.71504517534,2932.40942305177
Alt_560,413.721239768306,435.228544608596,456.656841245929,478.009064234575,499.287533397917,520.494051905116,541.629988529795,562.696346485761,583.693821016736,604.62284763055,625.483642578016,646.276236910992,667.000505222998,687.656189980295,708.242922188829,728.760239008724,749.207598818528,769.584394142161,789.889962778795,810.123597416583,830.284553962891,850.372058784157,870.385315016239,890.323508079592,910.185810511839,929.971386212312,949.679394178322,969.308991800563,988.859337774822,1008.32959467866,1027.71893125453,1047.02652443488,1066.25156113965,1085.39323987254,1104.45077213849,1123.42338370215,1142.3103157043,1161.11082565101,1179.82418828851,1198.44969637516,1216.98666136033,1235.43441397911,1253.79230477052,1272.05970452607,1290.23600467477,1308.32061761012,1326.31297696374,1344.21253783021,1362.01877694685,1379.73119283216,1397.34930588585,1414.87265845371,1432.30081485955,1449.63336140703,1466.86990635324,1484.01007985625,1501.05353389846,1517.99994218738,1534.84900003555,1551.60042422106,1568.25395282987,1584.80934508154,1601.26638113919,1617.62486190517,1633.8846088032,1650.04546354816,1666.10728790438,1682.06996343331,1697.93339123148,1713.69749165943,1729.36220406241,1744.92748648359,1760.3933153704,1775.75968527467,1791.02660854713,1806.19411502698,1821.26225172689,1836.23108251412,1851.1006877882,1865.87116415561,1880.54262410196,1895.11519566218,1909.58902208891,1923.96426151975,1938.24108664358,1952.41968436633,1966.50025547663,1980.48301431151,1994.36818842264,2008.15601824324,2021.8467567561,2035.44066916275,2048.93803255434,2062.33913558416,2075.64427814223,2088.85377103207,2101.96793564992,2114.98710366657,2127.9116167119,2140.74182606244,2153.47809233203,2166.12078516572,2178.67028293701,2191.12697244869,2203.49124863726,2215.7635142811,2227.94417971249,2240.03366253353,2252.03238733614,2263.94078542608,2275.75929455119,2287.48835863384,2299.1284275076,2310.67995665836,2322.14340696967,2333.51924447262,2344.80794010003,2356.00996944525,2367.12581252526,2378.1559535484,2389.10088068655,2399.96108585181,2410.73706447769,2421.42931530482,2432.03834017114,2442.56464380652,2453.00873363199,2463.37111956321,2473.65231381855,2483.85283073147,2493.97318656726,2504.01389934419,2513.97548865891,2523.8584755161,2533.66338216244,2543.39073192465,2553.04104905174,2562.6148585614,2572.11268609038,2581.53505774887,2590.88249997892,2600.15553941669,2609.35470275858,2618.4805166312,2627.53350746503,2636.51420137182,2645.42312402562,2654.26080054738,2663.02775539309,2671.72451224542,2680.3515939087,2688.90952220731,2697.39881788738,2705.82000052165,2714.17358841763,2722.46009852876,2730.68004636868,2738.83394592857,2746.92230959729,2754.94564808455,2762.90447034682,2770.79928351606,2778.63059283109,2786.39890157172,2794.10471099541,2801.74852027646,2809.33082644773,2816.85212434479,2824.31290655237,2831.71366335324,2839.0548826793,2846.33705006483,2853.56064860204,2860.72615889857,2867.83405903715,2874.88482453725,2881.87892831865,2888.81684066695,2895.69902920091,2902.52595884163,2909.29809178347
Alt_570,406.309989055949,427.476027621653,448.564587905911,469.578698889032,490.520777169661,511.392723092652,532.196001747886,552.931711000363,573.600638574433,594.203309980748,614.740028818505,635.210910742395,655.615912167485,675.954854599787,696.227445324505,716.433295054677,736.571933036584,756.642820021041,776.645359438381,796.578907056595,816.442779354405,836.236260801998,855.958610210108,875.609066281814,895.186852479759,914.69118130355,934.121258057318,953.476284175084,972.755460161345,991.957988195747,1011.08307444354,1030.12993110753,1049.09777825215,1067.98584542612,1086.79337310629,1105.51961398264,1124.1638341013,1142.72531388072,1161.20334901382,1179.59725126762,1197.90634919028,1216.12998873444,1234.26753380451,1252.31836673485,1270.28188870501,1288.15752009728,1305.94470080163,1323.64289047217,1341.25156873921,1358.77023538027,1376.19841045337,1393.53563439535,1410.78146808783,1427.93549289336,1444.99731066364,1461.96654372213,1478.84283482253,1495.62584708515,1512.31526391251,1528.91078888564,1545.41214564248,1561.81907773963,1578.13134849849,1594.34874083706,1610.47105708823,1626.49811880569,1642.42976655822,1658.26585971327,1674.00627621068,1689.65091232715,1705.19968243234,1720.65251873719,1736.0093710351,1751.27020643664,1766.43500909831,1781.50377994592,1796.47653639317,1811.3533120559,1826.13415646237,1840.81913476033,1855.40832742093,1869.90182994025,1884.29975253855,1898.60221985786,1912.80937065807,1926.92135751205,1940.93834649992,1954.86051690306,1968.68806089782,1982.42118324959,1996.06010100713,2009.6050431977,2023.05625052315,2036.41397505708,2049.67847994352,2062.8500390971,2075.92893690516,2088.9154679317,2101.80993662362,2114.61265701924,2127.32395245935,2139.94415530086,2152.47360663326,2164.91265599799,2177.26166111085,2189.52098758754,2201.69100867245,2213.77210497082,2225.7646641843,2237.66908085012,2249.48575608373,2261.21509732518,2272.85751808926,2284.41343771935,2295.88328114514,2307.26747864425,2318.56646560773,2329.78068230951,2340.91057367989,2351.95658908296,2362.91918209809,2373.79881030542,2384.59593507543,2395.31102136255,2405.94453750282,2416.49695501558,2426.96874840928,2437.3603949912,2447.67237468135,2457.90516983025,2468.05926504075,2478.13514699386,2488.13330427844,2498.0542272249,2507.89840774273,2517.6663391619,2527.35851607812,2536.97543420188,2546.51759021122,2555.98548160824,2565.37960657935,2574.700463859,2583.94855259721,2593.12437223047,2602.22842235629,2611.26120261111,2620.22321255168,2629.11495153979,2637.93691863035,2646.68961246267,2655.37353115505,2663.98917220244,2672.53703237736,2681.01760763371,2689.43139301378,2697.77888255807,2706.06056921814,2714.27694477227,2722.42849974392,2730.51572332299,2738.53910328975,2746.49912594146,2754.39627602153,2762.23103665134,2770.00388926446,2777.71531354337,2785.36578735856,2792.95578670997,2800.48578567082,2807.9562563335,2815.36766875789,2822.72049092163,2830.01518867263,2837.25222568358,2844.43206340842,2851.5551610409,2858.62197547493,2865.63296126685,2872.58857059952,2879.4892532482,2886.33545654815
Alt_580,NaN,419.980628594248,440.740598880299,461.427626669567,482.04421824453,502.592364608239,523.073621131217,543.48917470598,563.839900272442,584.126408396872,604.349085366224,624.508127039883,644.603567500157,664.635303367856,684.60311450048,704.5066816661,724.345601682821,744.119400428717,763.827544057274,783.46944869608,803.044488859478,822.552004767336,841.991308730334,861.361690736071,880.662423348738,899.89276601727,919.051968872113,938.139276078464,957.153928803609,976.0951678474,994.962235977797,1013.75438000734,1032.47085264134,1051.11091412442,1069.67383370811,1088.15889095958,1106.56537692854,1124.8925951874,1143.13986275766,1161.30651093417,1179.39188601705,1197.39534996038,1215.31628094517,1233.15407388384,1250.90814086196,1268.57791152302,1286.16283340085,1303.66237220417,1321.0760120571,1338.40325569909,1355.64362464757,1372.79665932598,1389.86191915995,1406.83898264384,1423.72744737987,1440.52693009179,1457.23706661489,1473.85751186393,1490.38793978066,1506.82804326224,1523.1775340718,1539.43614273262,1555.60361840667,1571.67972875898,1587.66425980844,1603.55701576629,1619.35781886291,1635.06650916392,1650.68294437618,1666.20699964462,1681.63856734042,1696.97755684124,1712.2238943042,1727.37752243207,1742.43840023332,1757.40650277652,1772.28182093959,1787.06436115444,1801.75414514737,1816.35120967575,1830.85560626132,1845.26740092061,1859.58667389275,1873.81351936513,1887.94804519715,1901.99037264257,1915.94063607053,1929.79898268579,1943.56557224828,1957.2405767924,1970.8241803462,1984.31657865073,1997.71797887992,2011.02859936097,2024.24866929571,2037.37842848301,2050.41812704241,2063.3680251393,2076.22839271164,2088.99950919854,2101.68166327073,2114.2751525632,2126.78028341006,2139.19737058174,2151.5267370247,2163.76871360381,2175.92363884739,2187.99185869506,2199.97372624857,2211.86960152557,2223.67985121655,2235.40484844481,2247.04497252977,2258.60060875354,2270.07214813079,2281.45998718209,2292.76452771064,2303.98617658251,2315.12534551038,2326.18245084086,2337.15791334535,2348.05215801457,2358.8656138566,2369.59871369865,2380.25189399245,2390.82559462326,2401.32025872253,2411.73633248428,2422.07426498506,2432.33450800755,2442.51751586789,2452.62374524648,2462.65365502253,2472.60770611211,2482.48636130979,2492.29008513386,2502.01934367505,2511.67460444871,2521.25633625055,2530.76500901574,2540.20109368146,2549.56506205282,2558.85738667211,2568.07854069138,2577.22899774828,2586.30923184513,2595.31971723119,2604.26092828808,2613.1333394183,2621.9374249369,2630.67365896603,2639.34251533264,2647.944467469,2656.47998831622,2664.94955023052,2673.35362489241,2681.69268321856,2689.96719527644,2698.17763020161,2706.32445611763,2714.4081400586,2722.42914789417,2730.38794425708,2738.28499247314,2746.12075449363,2753.89569083,2761.61026049092,2769.26492092157,2776.86012794517,2784.39633570669,2791.8739966186,2799.29356130884,2806.65547857071,2813.96019531484,2821.20815652302,2828.39980520407,2835.53558235141,2842.61592690263,2849.64127570068,2856.61206345692,2863.52872271583
Alt_590,NaN,412.729630420363,433.171629690349,453.542086258886,473.843589361921,494.07821448644,514.247601574497,534.353021232755,554.395430646008,574.375520767436,594.293756173713,614.150408777345,633.945586404031,653.679257078625,673.351269721838,692.961371840342,712.509224693137,731.994416334398,751.416472864734,770.774868166599,790.069032353331,809.298359123207,828.462212178526,847.559930843853,866.590834996141,885.554229401715,904.449407540399,923.275654984786,942.032252392462,960.718478160417,979.33361078372,997.876930954503,1016.34772343221,1034.74527871181,1053.06889451295,1071.31787711008,1089.49154252075,1107.58921756728,1125.61024082488,1143.55396346768,1161.41975002293,1179.20697904207,1196.91504369662,1214.54335230578,1232.09132880179,1249.55841313871,1266.94406164923,1284.24774735405,1301.4689602276,1318.60720742361,1335.6620134638,1352.63292039229,1369.51948789852,1386.32129341098,1403.03793216369,1419.66901723764,1436.21417957882,1452.67306799442,1469.04534912883,1485.33070742076,1501.52884504275,1517.63948182423,1533.66235515941,1549.59721990069,1565.44384823893,1581.2020295712,1596.87157035699,1612.4522939636,1627.94404050153,1643.34666665049,1658.66004547675,1673.88406624242,1689.01863420732,1704.06367042391,1719.01911152587,1733.88490951086,1748.66103151787,1763.34745959975,1777.94419049114,1792.45123537253,1806.86861963052,1821.19638261495,1835.434577393,1849.58327050092,1863.64254169337,1877.61248369098,1891.4932019263,1905.28481428843,1918.98745086668,1932.6012536934,1946.12637648641,1959.56298439108,1972.91125372249,1986.17137170769,1999.34353622842,2012.42795556445,2025.42484813769,2038.33444225729,2051.15697586591,2063.8926962873,2076.54185997535,2089.10473226477,2101.58158712355,2113.97270690726,2126.2783821154,2138.49891114996,2150.63460007604,2162.68576238503,2174.6527187601,2186.53579684426,2198.33533101105,2210.05166213793,2221.68513738244,2233.23610996121,2244.7049389318,2256.09198897764,2267.39763019582,2278.62223788806,2289.76619235468,2300.8298786918,2311.81368659165,2322.71801014605,2333.54324765321,2344.28980142768,2354.95807761358,2365.54848600119,2376.06143984667,2386.49735569524,2396.85665320752,2407.13975498927,2417.34708642435,2427.47907551102,2437.53615270154,2447.51875074497,2457.42730453329,2467.2622509508,2477.02402872668,2486.71307829081,2496.3298416328,2505.87476216413,2515.34828458351,2524.75085474534,2534.08291953123,2543.34492672469,2552.53732488872,2561.66056324655,2570.71509156526,2579.70136004239,2588.61981919548,2597.4709197544,2606.25511255665,2614.97284844537,2623.62457817013,2632.2107522905,2640.73182108227,2649.18823444634,2657.58044182021,2665.90889209208,2674.17403351742,2682.37631363815,2690.51617920414,2698.59407609721,2706.61044925753,2714.56574261223,2722.46039900644,2730.29486013651,2738.06956648544,2745.78495726054,2753.44147033311,2761.03954218035,2768.57960782917,2776.06210080216,2783.48745306541,2790.85609497829,2798.16845524518,2805.42496086897,2812.62603710642,2819.77210742526,2826.86359346308,2833.90091498783,2840.8844898601
Alt_600,NaN,405.711139558943,425.845291071487,445.909202204423,465.905538749038,485.83645481786,505.703669516063,525.50853213728,545.252077412493,564.935072270996,584.558055424957,604.121370918108,623.625196611109,643.069568423187,662.454401015829,681.779505489997,701.044604572205,720.2493456845,739.393312226881,758.476033345626,777.49699241554,796.455634426617,815.351372434602,834.183593209307,852.95166219331,871.65492786602,890.292725593478,908.864381032028,927.369213143792,945.80653687336,964.175665527919,982.475912897014,1000.70659514306,1018.8670324894,1036.95655072904,1054.97448257418,1072.92016886386,1090.79295964498,1108.59221513981,1126.31730661167,1143.96761713883,1161.54254230569,1179.04149081889,1196.46388505558,1213.80916154972,1231.07677142213,1248.26618075898,1265.37687094316,1282.40833894241,1299.36009755763,1316.23167563468,1333.02261824222,1349.73248681851,1366.36085928913,1382.90733015802,1399.37151057357,1415.75302837166,1432.05152809712,1448.2666710052,1464.39813504441,1480.44561482188,1496.40882155249,1512.28748299289,1528.08134336131,1543.79016324412,1559.41371949014,1574.95180509326,1590.40422906445,1605.77081629362,1621.05140740216,1636.24585858673,1651.35404145497,1666.37584285358,1681.31116468948,1696.15992374446,1710.92205148377,1725.59749385922,1740.18621110723,1754.6881775421,1769.10338134508,1783.43182434956,1797.67352182271,1811.82850224396,1825.89680708066,1839.87849056118,1853.77361944588,1867.58227279609,1881.3045417415,1894.94052924616,1908.49034987336,1921.95412954969,1935.33200532844,1948.62412515254,1961.83064761742,1974.9517417338,1987.98758669066,2000.93837161871,2013.80429535432,2026.58556620427,2039.28240171133,2051.89502842095,2064.42368164912,2076.86860525157,2089.23005139444,2101.50828032657,2113.70356015343,2125.81616661291,2137.84638285311,2149.79449921198,2161.66081299927,2173.4456282805,2185.14925566338,2196.77201208646,2208.31422061029,2219.77621021104,2231.15831557668,2242.46087690577,2253.68423970894,2264.82875461304,2275.89477716807,2286.88266765688,2297.79279090775,2308.62551610975,2319.38121663101,2330.06026983994,2340.66305692935,2351.18996274345,2361.64137560796,2372.01768716298,2382.31929219907,2392.54658849609,2402.6999766652,2412.77985999371,2422.786644293,2432.72073774939,2442.58255077795,2452.37249587927,2462.09098749925,2471.73844189173,2481.31527698408,2490.8219122457,2500.25876855938,2509.62626809555,2518.92483418936,2528.15489122055,2537.31686449616,2546.41118013599,2555.43826496082,2564.39854638329,2573.29245230152,2582.12041099542,2590.8828510255,2599.58020113442,2608.21289015105,2616.78134689699,2625.28600009572,2633.72727828413,2642.1056097265,2650.42142233087,2658.67514356782,2666.86720039151,2674.99801916307,2683.06802557617,2691.07764458495,2699.02730033397,2706.9174160904,2714.74841417836,2722.52071591523,2730.23474155006,2737.890910204,2745.4896398127,2753.03134707053,2760.5164473769,2767.94535478421,2775.31848194783,2782.63624007771,2789.89903889184,2797.1072865714,2804.26138971754,2811.36175330992,2818.40878066675
Alt_610,NaN,NaN,418.749981490387,438.516915274967,458.217558427197,477.854138117804,497.428447483895,516.941909743037,536.395632725132,555.790455163678,575.126985978498,594.405637636489,613.626654526079,632.790137139741,651.896062733043,670.94430301983,689.934639370717,708.866775904398,727.740350796548,746.554946077238,765.310096143256,784.005295174729,802.640003614909,821.213653846582,839.725655177568,858.175398230249,876.562258815509,894.885601359317,913.144781940014,931.339150985821,949.46805567495,967.530842074652,985.526857050421,1003.45544997231,1021.31597424161,1039.10778865801,1056.83025864487,1074.48275734767,1092.06466661904,1109.57537790206,1127.01429302187,1144.38082489473,1161.67439816229,1178.89444975818,1196.04042941304,1213.11180010343,1230.10803844963,1247.02863506656,1263.87309487179,1280.64093735416,1297.33169680599,1313.94492252193,1330.48017896684,1346.93704591504,1363.31511856313,1379.61400761814,1395.83333936287,1411.97275569993,1428.03191417602,1444.01048798773,1459.90816597016,1475.72465256941,1491.45966780012,1507.1129471889,1522.68424170477,1538.17331767717,1553.57995670268,1568.9039555409,1584.14512600036,1599.30329481502,1614.37830351217,1629.37000827196,1644.27827977953,1659.10300306993,1673.84407736654,1688.50141591329,1703.07494580131,1717.56460779028,1731.97035612496,1746.29215834728,1760.52999510433,1774.68385995264,1788.75375915909,1802.73971149867,1816.64174804959,1830.45991198581,1844.19425836745,1857.84485392925,1871.41177686739,1884.89511662489,1898.29497367578,1911.61145930841,1924.84469540792,1937.99481423829,1951.06195822393,1964.04627973124,1976.94794085013,1989.76711317581,2002.50397759088,2015.15872404805,2027.73155135344,2040.22266695079,2052.63228670654,2064.96063469614,2077.2079429914,2089.3744514493,2101.46040750222,2113.46606594963,2125.39168875156,2137.23754482368,2149.0039098343,2160.69106600322,2172.29930190259,2183.82891225985,2195.28019776273,2206.65346486655,2217.94902560365,2229.16719739522,2240.30830286541,2251.37266965794,2262.36063025504,2273.27252179898,2284.10868591603,2294.86946854304,2305.55521975654,2316.16629360453,2326.70304794079,2337.16584426193,2347.55504754702,2357.8710261,2368.11415139462,2378.28479792226,2388.38334304229,2398.41016683523,2408.36565195855,2418.25018350522,2428.06414886495,2437.80793758808,2447.48194125218,2457.08655333137,2466.62216906824,2476.08918534845,2485.48800057795,2494.81901456289,2504.082628392,2513.27924432172,2522.40926566377,2531.47309667536,2540.47114245183,2549.40380882186,2558.27150224517,2567.07462971261,2575.81359864875,2584.48881681678,2593.10069222591,2601.64963304099,2610.13604749456,2618.56034380108,2626.92293007352,2635.22421424212,2643.46460397539,2651.64450660322,2659.76432904219,2667.82447772298,2675.8253585198,2683.76737668193,2691.65093676726,2699.47644257775,2707.24429709691,2714.9549024292,2722.60865974121,2730.20596920483,2737.74722994213,2745.23283997207,2752.663196159,2760.0386941628,2767.35972839075,2774.6266919511,2781.83997660821,2788.99997273928,2796.10706929268
Alt_620,NaN,NaN,411.874825910163,431.353919237552,450.767919097294,470.119120419512,489.409385497913,508.640206954939,527.812761504704,546.927955734337,565.986465053684,584.988766843818,603.935168701609,622.82583254826,641.660795252007,660.439986312032,679.163243062027,697.830323776986,716.440919003851,734.994661384215,753.491134193549,771.929878785182,790.310401097082,808.632177354451,826.894659080335,845.097277509075,863.239447482973,881.320570900439,899.340039773775,917.297238946221,935.191548510746,953.022345967061,970.78900814819,988.490912943643,1006.12744084258,1023.69797631721,1041.201909064,1058.63863511808,1076.00755785411,1093.30808888544,1110.53964887165,1127.70166824374,1144.79358785455,1161.81485956187,1178.76494675004,1195.64332479581,1212.44948148328,1229.18291737227,1245.84314612405,1262.42969478796,1278.94210405194,1295.37992845997,1311.74273659882,1328.03011125647,1344.24164955439,1360.37696305532,1376.4356778486,1392.4174346144,1408.3218886684,1424.1487099882,1439.89758322275,1455.56820768584,1471.16029733476,1486.67358073506,1502.10780101235,1517.46271579189,1532.73809712685,1547.93373141589,1563.04941931081,1578.08497561479,1593.04022917205,1607.91502274917,1622.70921290893,1637.42266987698,1652.05527740184,1666.60693260877,1681.07754584785,1695.46704053674,1709.77535299844,1724.00243229451,1738.14824005406,1752.21275029881,1766.19594926462,1780.09783521971,1793.91841827998,1807.65772022161,1821.31577429118,1834.89262501378,1848.38832799908,1861.80294974579,1875.13656744463,1888.38926878015,1901.56115173147,1914.65232437216,1927.66290466964,1940.59302028393,1953.44280836634,1966.21241535788,1978.90199678784,1991.51171707254,2004.04174931441,2016.49227510165,2028.8634843084,2041.15557489581,2053.36875271384,2065.50323130416,2077.55923170413,2089.53698225194,2101.43671839311,2113.2586824884,2125.00312362311,2136.67029741809,2148.26046584231,2159.77389702714,2171.21086508252,2182.57164991491,2193.85653704716,2205.06581744043,2216.19978731806,2227.25874799159,2238.24300568887,2249.15287138433,2259.98866063152,2270.75069339782,2281.43929390149,2292.05479045097,2302.59751528659,2313.06780442456,2323.46599750335,2333.79243763253,2344.04747124396,2354.23144794538,2364.34472037651,2374.38764406755,2384.36057730009,2394.26388097056,2404.09791845605,2413.8630554826,2423.55965999599,2433.18810203491,2442.74875360663,2452.24198856502,2461.6681824911,2471.0277125759,2480.32095750581,2489.54829735026,2498.71011345178,2507.80678831847,2516.83870551872,2525.80624957836,2534.70980588003,2543.54976056485,2552.32650043644,2561.04041286704,2569.69188570597,2578.28130719025,2586.80906585735,2595.27555046016,2603.68114988405,2612.02625306605,2620.31124891604,2628.53652624009,2636.70247366574,2644.8094795693,2652.85793200513,2660.84821863684,2668.7807266704,2676.65584278915,2684.47395309064,2692.23544302534,2699.94069733707,2707.59010000528,2715.18403418902,2722.72288217264,2730.20702531317,2737.63684398931,2745.01271755216,2752.33502427739,2759.6041413191,2766.82044466517,2773.98430909409
Alt_630,NaN,NaN,405.209620143529,424.4096033797,443.545610916516,462.620000392803,481.634698619933,500.591263331731,519.49093612705,538.334687701255,557.123256431806,575.857181290253,594.536829937932,613.162422745584,631.734053367958,650.251706407132,668.71527261377,687.124562003463,705.479315204394,723.779213301455,742.023886399249,760.212921090813,778.345866989201,796.422242454399,814.441539627406,832.403228866155,850.306762663566,868.151579116028,885.937105000475,903.662758509814,921.32795168925,938.932092610105,956.474587312566,973.954841544528,991.372262319995,1008.72625931739,1026.01624613546,1043.24164142217,1060.40186989,1077.49636322948,1094.52456093117,1111.48591102528,1128.37987074676,1145.20590713307,1161.96349756073,1178.65213022633,1195.27130457675,1211.82053169313,1228.29933463245,1244.70724873014,1261.04382186705,1277.30861470337,1293.50120088234,1309.62116720571,1325.66811378337,1341.6416541588,1357.54141541219,1373.36703824275,1389.11817703166,1404.79449988702,1420.39568867188,1435.92143901662,1451.37146031663,1466.74547571622,1482.04322207971,1497.26444995044,1512.40892349849,1527.47642045795,1542.46673205409,1557.37966292146,1572.21503101315,1586.972667502,1601.65241667412,1616.25413581533,1630.77769509092,1645.22297741918,1659.5898783391,1673.87830587267,1688.08818038215,1702.21943442262,1716.27201259019,1730.24587136626,1744.14097895795,1757.95731513523,1771.69487106484,1785.35364914139,1798.93366281587,1812.43493642174,1825.85750499902,1839.20141411637,1852.46671969158,1865.65348781061,1878.76179454527,1891.79172576998,1904.74337697754,1917.61685309421,1930.41226829431,1943.12974581439,1955.76941776719,1968.33142495558,1980.81591668646,1993.22305058504,2005.55299240929,2017.80591586494,2029.98200242108,2042.08144112637,2054.10442842615,2066.0511679804,2077.92187048272,2089.71675348041,2101.43604119568,2113.07996434828,2124.64875997929,2136.14267127647,2147.56194740103,2158.90684331603,2170.17761961631,2181.37454236021,2192.49788290296,2203.54791773187,2214.52492830338,2225.42920088199,2236.26102638108,2247.02070020576,2257.70852209768,2268.32479598185,2278.86982981559,2289.34393543951,2299.7474284306,2310.08062795754,2320.34385663804,2330.53744039846,2340.66170833556,2350.71699258043,2360.7036281647,2370.6219528889,2380.47230719306,2390.25503402955,2399.97047873816,2409.61898892332,2419.20091433369,2428.71660674387,2438.16641983836,2447.5507090977,2456.86983168694,2466.12414634614,2475.31401328316,2484.43979406864,2493.50185153307,2502.50054966609,2511.43625351789,2520.30932910271,2529.12014330451,2537.86906378468,2546.55645889182,2555.18269757363,2563.74814929075,2572.25318393268,2580.69817173566,2589.08348320253,2597.40948902456,2605.67656000516,2613.88506698555,2622.03538077224,2630.12787206648,2638.16291139542,2646.14086904515,2654.06211499552,2661.92701885671,2669.73594980753,2677.48927653543,2685.18736717821,2692.83058926739,2700.41930967319,2707.95389455112,2715.43470929018,2722.86211846261,2730.23648577515,2737.55817402178,2744.82754503803,2752.04495965666
Alt_640,NaN,NaN,NaN,417.674000181359,436.540289558642,455.346063870019,474.09331002427,492.78364678185,511.418376826237,529.998531405927,548.52490852494,566.998105594101,585.418547358842,603.786509814942,622.102140723227,640.365477242923,658.57646112315,676.734951822872,694.840737870765,712.893546726891,730.893053366307,748.838887769917,766.730641478696,784.567873343067,802.350114578868,820.076873224338,837.747638078305,855.361882187823,872.919065943466,890.418639832068,907.860046889556,925.242724890545,942.566108306227,959.829630057824,977.032723089141,994.174821778684,1011.25536320908,1028.27378830926,1045.22954288301,1062.12207853551,1078.95085350846,1095.71533343279,1112.4149920069,1129.04931160772,1145.61778384068,1162.11991003423,1178.55520168389,1194.9231808501,1211.22338051394,1227.45534489418,1243.61862972878,1259.71280252369,1275.73744277159,1291.69214214268,1307.57650464982,1323.39014678972,1339.13269766208,1354.80379906802,1370.40310558951,1385.93028465081,1401.38501656332,1416.76699455492,1432.07592478473,1447.31152634427,1462.47353124593,1477.5616843995,1492.57574357755,1507.51547937032,1522.38067513075,1537.17112691042,1551.88664338672,1566.52704578197,1581.09216777497,1595.58185540535,1609.99596697138,1624.33437292135,1638.59695573927,1652.78360982504,1666.89424136946,1680.92876822462,1694.88711976973,1708.76923677291,1722.57507124912,1736.30458631464,1749.95775603814,1763.53456528891,1777.03500958224,1790.45909492232,1803.80683764285,1817.07826424563,1830.27341123716,1843.3923249638,1856.43506144525,1869.40168620692,1882.2922741111,1895.10690918727,1907.8456844616,1920.50870178586,1933.09607166587,1945.60791308968,1958.04435335547,1970.40552789953,1982.69158012424,1994.90266122631,2007.03893002527,2019.1005527925,2031.08770308069,2043.00056155401,2054.83931581898,2066.60416025619,2078.29529585293,2089.91293003681,2101.45727651046,2112.92855508741,2124.32699152913,2135.65281738345,2146.90626982428,2158.08759149274,2169.19703033978,2180.23483947034,2191.20127698909,2202.09660584773,2212.92109369404,2223.67501272258,2234.35863952717,2244.97225495513,2255.51614396335,2265.99059547619,2276.39590224524,2286.73236071104,2297.00027086658,2307.19993612294,2317.33166317665,2327.39576187924,2337.39254510864,2347.32232864259,2357.18543103413,2366.98217348902,2376.71287974522,2386.3778759544,2395.97749056545,2405.51205421006,2414.98189959028,2424.38736136816,2433.72877605734,2443.00648191673,2452.22081884619,2461.37212828416,2470.46075310736,2479.48703753245,2488.45132701962,2497.35396817826,2506.19530867447,2514.97569714056,2523.69548308651,2532.35501681327,2540.95464932801,2549.49473226124,2557.97561778579,2566.39765853764,2574.76120753857,2583.06661812062,2591.31424385237,2599.50443846693,2607.63755579175,2615.71394968011,2623.73397394434,2631.69798229074,2639.60632825613,2647.45936514608,2655.25744597475,2663.00092340632,2670.69014969804,2678.32547664475,2685.90725552504,2693.43583704886,2700.91157130659,2708.33480771964,2715.70589499247,2723.02518106598,2730.29301307235
Alt_650,NaN,NaN,NaN,411.137737609898,429.742227020271,448.287233231879,466.774799033197,485.20660031992,503.583997244834,521.908078231039,540.179697736618,558.399508621059,576.567989886171,594.685470472971,612.752149704602,630.768114880319,648.733356449713,666.647781130246,684.511223274522,702.323454745591,720.084193517988,737.793111188108,755.44983954889,773.053976359835,790.605090423296,808.10272606117,825.546407072008,842.935640236715,860.269918431037,877.54872339465,894.771528199566,911.937799454571,929.046999277347,946.098587061593,963.09202106279,980.026759823134,996.902263453474,1013.71799478779,1030.47342042379,1047.1680116615,1063.80124535029,1080.37260465344,1096.88157973841,1113.32766839981,1129.71037662153,1146.02921908341,1162.28371961767,1178.47341161931,1194.59783841444,1210.65655359029,1226.64912128975,1242.57511647346,1258.43412515203,1274.22574459055,1289.94958348762,1305.60526213065,1321.19241252935,1336.71067852865,1352.15971590284,1367.53919243189,1382.84878796143,1398.08819444727,1413.25711598554,1428.35526882947,1443.38238139344,1458.33819424542,1473.22246008816,1488.03494373014,1502.77542204676,1517.44368393234,1532.03953024362,1546.56277373517,1561.01323898723,1575.39076232647,1589.69519174008,1603.92638678363,1618.08421848308,1632.16856923125,1646.1793326792,1660.11641362282,1673.97972788486,1687.76920219288,1701.48477405321,1715.12639162134,1728.69401356893,1742.1876089477,1755.6071570505,1768.95264726964,1782.22407895294,1795.42146125741,1808.54481300106,1821.59416251281,1834.56954748079,1847.47101479921,1860.29862041392,1873.05242916688,1885.73251463966,1898.3389589961,1910.8718528244,1923.33129497856,1935.71739241956,1948.03026005618,1960.2700205857,1972.43680433466,1984.5307490996,1996.55199998809,2008.50070926,2020.37703616922,2032.18114680583,2043.91321393894,2055.57341686012,2067.16194122762,2078.67897891144,2090.12472783931,2101.49939184361,2112.8031805094,2124.03630902352,2135.19899802488,2146.29147345597,2157.31396641571,2168.26671301353,2179.14995422494,2189.9639357485,2200.7089078642,2211.38512529349,2221.99284706069,2232.53233635611,2243.00386040079,2253.40769031276,2263.74410097513,2274.01337090577,2284.21578212877,2294.3516200476,2304.42117332008,2314.42473373507,2324.362596091,2334.2350580762,2344.042420151,2353.78498543171,2363.46305957642,2373.07695067261,2382.62696912665,2392.11342755509,2401.53664067788,2410.89692521336,2420.19459977511,2429.42998477071,2438.60340230228,2447.71517606884,2456.7656312706,2465.75509451498,2474.68389372445,2483.55235804628,2492.36081776395,2501.10960421045,2509.79904968334,2518.4294873615,2527.00125122379,2535.51467596924,2543.97009693917,2552.36785004087,2560.70827167305,2568.99169865299,2577.21846814522,2585.38891759205,2593.50338464553,2601.56220710118,2609.56572283317,2617.5142697312,2625.40818563888,2633.24780829362,2641.03347526808,2648.7655239131,2656.44429130212,2664.07011417704,2671.64332889552,2679.16427137972,2686.63327706641,2694.05068085847,2701.41681707774,2708.73201941921
Alt_660,NaN,NaN,NaN,404.791995571723,423.142266696449,441.434021167751,459.669353623927,477.849993383835,495.977354625704,514.052579732682,532.076576601132,550.050050698152,567.973532596649,585.847401638383,603.67190629321,621.447181704249,639.173264837272,656.850107589793,674.47758816086,692.055520936056,709.583665102769,727.06173217746,744.489392598635,761.866281515686,779.19200388396,796.466138959828,813.688244275549,830.85785916198,847.974507877304,865.037702391568,882.046944869793,899.001729890441,915.901546430929,932.745879647591,949.534212473817,966.266027056956,982.940806051882,999.55803378684,1016.11719731521,1032.61778736511,1049.05929919734,1065.44123338082,1081.76309649369,1098.02440175723,1114.22466960884,1130.36342821984,1146.44021396295,1162.45457183399,1178.40605583167,1194.29422929907,1210.11866523001,1225.87894654303,1241.57466632569,1257.20542805138,1272.77084577083,1288.27054428011,1303.70415926688,1319.07133743642,1334.37173661895,1349.60502585935,1364.7708854907,1379.86900719244,1394.89909403451,1409.86086050799,1424.75403254344,1439.57834751745,1454.33355424835,1469.01941298158,1483.63569536544,1498.18218441782,1512.65867448438,1527.06497118877,1541.40089137532,1555.66626304467,1569.8609252828,1583.98472818381,1598.03753276679,1612.01921088734,1625.92964514378,1639.7687287786,1653.53636557545,1667.23246975175,1680.85696584749,1694.40978861027,1707.89088287686,1721.30020345169,1734.63771498226,1747.90339183186,1761.09721794972,1774.21918673891,1787.26930092198,1800.24757240481,1813.15402213849,1825.9886799798,1838.75158455015,1851.44278309322,1864.06233133156,1876.61029332213,1889.08674131109,1901.49175558778,1913.82542433824,1926.08784349815,1938.27911660557,1950.39935465339,1962.44867594167,1974.42720592998,1986.33507708991,1998.17242875765,2009.93940698698,2021.63616440256,2033.26286005368,2044.81965926864,2056.30673350962,2067.72426022837,2079.07242272255,2090.35140999302,2101.56141660191,2112.70264253171,2123.7752930454,2134.77957854758,2145.71571444673,2156.58392101874,2167.3844232715,2178.11745081087,2188.78323770791,2199.38202236742,2209.91404739792,2220.37955948297,2230.77880925402,2241.11205116458,2251.37954336608,2261.58154758509,2271.71832900217,2281.79015613227,2291.79730070669,2301.74003755668,2311.61864449863,2321.43340222091,2331.18459417234,2340.87250645231,2350.49742770259,2360.05964900079,2369.5594637555,2378.99716760311,2388.37305830632,2397.68743565434,2406.94060136474,2416.1328589871,2425.26451380816,2434.33587275885,2443.34724432287,2452.29893844697,2461.19126645296,2470.02454095131,2478.79907575642,2487.51518580358,2496.17318706754,2504.77339648268,2513.31613186487,2521.80171183488,2530.23045574337,2538.60268359756,2546.91871598935,2555.17887402509,2563.38347925684,2571.53285361518,2579.62731934356,2587.66719893406,2595.65281506474,2603.58449053842,2611.46254822286,2619.28731099245,2627.05910167126,2634.77824297754,2642.44505746957,2650.05986749287,2657.62299512878,2665.13476214436,2672.59548994358,2680.00549951989,2687.36511140991
Alt_670,NaN,NaN,NaN,NaN,416.731782302656,434.777488378977,452.767726968436,470.704277267451,488.58860419503,506.421901032193,524.205126243582,541.939035202182,559.624207499647,577.261070460511,594.84991940586,612.390935140169,629.884199068291,647.329706289996,664.727376967379,682.077066215603,699.378572729158,716.631646323387,733.835994543568,750.991288470755,768.097167834099,785.153245522985,802.159111578503,819.114336732172,836.018475549979,852.871069231534,869.671648107096,886.419733869289,903.11484157127,919.756481418797,936.344160379988,952.877383633441,969.355655872652,985.778482482445,1002.14537060107,1018.45583007998,1034.7093743518,1050.90552121577,1067.04379354873,1083.12371994892,1099.14483531899,1115.10668139371,1131.00880721759,1146.8507695767,1162.63213338877,1178.35247205513,1194.01136777757,1209.60841184308,1225.14320487903,1240.61535708103,1256.0244884156,1271.37022879958,1286.65221825793,1301.87010706147,1317.02355584608,1332.11223571446,1347.13582832184,1362.09402594659,1376.98653154671,1391.81305880322,1406.57333215121,1421.26708679931,1435.89406873835,1450.45403473991,1464.94675234523,1479.37199984522,1493.72956625205,1508.01925126275,1522.24086521547,1536.3942290386,1550.47917419338,1564.49554261031,1578.44318661966,1592.32196887659,1606.131762281,1619.87244989269,1633.54392484182,1647.14609023519,1660.67885905857,1674.14215407519,1687.53590772079,1700.86006199544,1714.11456835227,1727.29938758341,1740.41448970328,1753.45985382947,1766.43546806143,1779.34132935699,1792.1774434071,1804.94382450878,1817.64049543656,1830.26748731246,1842.82483947474,1855.31259934551,1867.73082229733,1880.07957151904,1892.35891788071,1904.56893979811,1916.70972309664,1928.7813608748,1940.78395336751,1952.71760780911,1964.58243829641,1976.37856565166,1988.10611728564,1999.76522706097,2011.35603515569,2022.87868792713,2034.33333777632,2045.72014301276,2057.03926771988,2068.29088162112,2079.47515994659,2090.59228330068,2101.64243753032,2112.62581359422,2123.542607433,2134.39301984025,2145.1772563347,2155.89552703339,2166.54804652595,2177.13503375007,2187.6567118681,2198.11330814492,2208.50505382701,2218.83218402288,2229.09493758468,2239.29355699132,2249.42828823279,2259.49938069599,2269.5070870519,2279.45166314418,2289.33336787924,2299.15246311776,2308.90921356766,2318.60388667863,2328.23675253805,2337.80808376851,2347.31815542681,2356.76724490451,2366.15563182993,2375.48359797183,2384.75142714447,2393.95940511435,2403.10781950839,2412.19695972369,2421.22711683886,2430.19858352687,2439.11165396938,2447.96662377272,2456.76378988529,2465.50345051657,2474.18590505754,2482.81145400277,2491.38039887382,2499.89304214433,2508.34968716643,2516.75063809874,2525.09619983577,2533.3866779388,2541.62237856823,2549.80360841729,2557.93067464727,2566.00388482407,2574.02354685615,2581.98996893397,2589.90345947064,2597.76432704402,2605.57288034017,2613.32942809804,2621.03427905557,2628.68774189699,2636.29012520148,2643.84173739303,2651.34288669158,2658.79388106537,2666.19502818454
Alt_680,NaN,NaN,NaN,NaN,410.502640266975,428.309204841455,446.06119761554,463.760444272332,481.408457334945,499.006478061796,516.555512751514,534.056364111097,551.509658322668,568.915868393891,586.275334314155,603.58828047357,620.854830739924,638.075021532552,655.248813182425,672.376099824626,689.45671803236,706.490454370064,723.477052016418,740.41621658536,757.30762125414,774.150911291211,790.94570806321,807.691612588695,824.388208696637,841.035065839379,857.631741602838,874.177783950773,890.672733234916,907.11612399848,923.507486596878,939.84634865637,956.132236388674,972.364675777259,988.543193649072,1004.66731864375,1020.73658209084,1036.75051880445,1052.70866780329,1068.61057296358,1084.45578361108,1100.24385505796,1115.97434908946,1131.64683440505,1147.26088701773,1162.81609061543,1178.31203688738,1193.74832581856,1209.12456595457,1224.44037463952,1239.69537822878,1254.88921227857,1270.0215217142,1285.09196097837,1300.10019416098,1315.04589511182,1329.92874753726,1344.74844508192,1359.50469139653,1374.19720019267,1388.82569528533,1403.38991062407,1417.88959031344,1432.32448862335,1446.69436998998,1460.99900900785,1475.23819041351,1489.4117090614,1503.51936989228,1517.5609878948,1531.53638806038,1545.44540533209,1559.28788454758,1573.06368037663,1586.77265725355,1600.41468930469,1613.98966027148,1627.49746342915,1640.93800150138,1654.31118657135,1667.61693998904,1680.8551922754,1694.02588302337,1707.12896079595,1720.16438302172,1733.13211588771,1746.03213423005,1758.86442142243,1771.62896926263,1784.32577785711,1796.95485550407,1809.51621857492,1822.00989139431,1834.43590611906,1846.79430261581,1859.08512833781,1871.30843820077,1883.46429445795,1895.55276657464,1907.57393110212,1919.5278715511,1931.41467826492,1943.23444829247,1954.98728526095,1966.67329924861,1978.29260665745,1989.8453300861,2001.33159820282,2012.75154561881,2024.10531276181,2035.39304575009,2046.61489626695,2057.77102143569,2068.86158369523,2079.88675067628,2090.8466950783,2101.74159454715,2112.57163155355,2123.33699327239,2134.03787146294,2144.67446234997,2155.24696650584,2165.75558873363,2176.20053795129,2186.58202707687,2196.90027291488,2207.15549604375,2217.34792070453,2227.47777469072,2237.54528923933,2247.55069892323,2257.4942415447,2267.37615803033,2277.19669232714,2286.9560913001,2296.65460463091,2306.2924847182,2315.86998657904,2325.38736775179,2334.84488820042,2344.24281022011,2353.58139834435,2362.86091925334,2372.08164168385,2381.2438363405,2390.3477758084,2399.39373446722,2408.3819884067,2417.31281534356,2426.1864945398,2435.00330672238,2443.76353400444,2452.46745980773,2461.11536878661,2469.70754675332,2478.24428060471,2486.72585825032,2495.15256854186,2503.52470120396,2511.84254676646,2520.10639649783,2528.31654234012,2536.47327684512,2544.57689311186,2552.62768472549,2560.62594569731,2568.57197040628,2576.46605354161,2584.30849004675,2592.09957506456,2599.83960388374,2607.52887188649,2615.16767449734,2622.75630713322,2630.29506515468,2637.78424381833,2645.22413823036
Alt_690,NaN,NaN,NaN,NaN,404.447165257471,422.021214285434,439.541532966863,457.009990224663,474.428143187073,491.797278301325,509.118447092137,526.392497149728,543.620098934264,560.801768947557,577.937889769846,595.028727401429,612.074446291934,629.075122387362,646.030754477889,662.941274088049,679.806554115213,696.626416391609,713.400638319049,730.128958703306,746.811082896351,763.446687338735,780.035423580949,796.576921851237,813.070794227669,829.516637464164,845.914035513146,862.262561781717,878.561781153121,894.811251801081,911.010526820872,927.159155697907,943.25668563192,959.302662732508,975.29663309986,991.238143802734,1007.12674376431,1022.96198456525,1038.74342117221,1054.470612599,1070.14312250697,1085.76051975011,1101.32237887013,1116.8282805459,1132.27781200125,1147.67056737488,1163.00614805534,1178.28416298417,1193.50422892971,1208.66597073386,1223.76902153393,1238.81302296153,1253.7976253201,1268.72248774276,1283.58727833172,1298.3916742808,1313.13536198196,1327.81803711709,1342.439404736,1356.99917932145,1371.49708484218,1385.93285479456,1400.30623223367,1414.61696979438,1428.86482970319,1443.04958378113,1457.17101343855,1471.228909662,1485.22307299388,1499.15331350517,1513.01945076166,1526.82131378403,1540.55874100225,1554.23158020445,1567.8396884807,1581.38293216203,1594.86118675479,1608.27433687082,1621.62227615359,1634.9049072005,1648.1221414817,1661.27389925549,1674.36010948069,1687.38070972598,1700.33564607656,1713.22487303825,1726.04835343917,1738.80605832925,1751.4979668776,1764.1240662681,1776.68435159311,1789.17882574564,1801.60749930999,1813.9703904511,1826.26752480261,1838.49893535386,1850.66466233587,1862.7647531065,1874.79926203477,1886.76825038456,1898.67178619776,1910.50994417689,1922.28280556741,1933.99045803969,1945.6329955708,1957.21051832621,1968.72313254138,1980.17095040341,1991.55408993286,2002.87267486561,2014.12683453514,2025.31670375491,2036.44242270131,2047.50413679692,2058.50199659422,2069.43615766001,2080.30678046018,2091.11403024534,2101.85807693699,2112.53909501448,2123.15726340273,2133.71276536078,2144.20578837114,2154.63652403007,2165.00516793882,2175.31191959571,2185.55698228931,2195.74056299259,2205.86287225807,2215.92412411412,2225.9245359623,2235.86432847581,2245.74372549909,2255.56295394861,2265.32224371471,2275.02182756482,2284.66194104768,2294.24282239895,2303.7647124479,2313.22785452548,2322.63249437353,2331.97888005535,2341.26726186741,2350.49789225245,2359.67102571385,2368.78691873118,2377.84582967719,2386.84801873594,2395.79374782236,2404.68328050301,2413.51688191818,2422.29481870523,2431.01735892332,2439.68477197935,2448.29732855516,2456.85530053614,2465.35896094098,2473.80858385278,2482.2044443514,2490.54681844706,2498.83598301523,2507.07221573273,2515.25579501513,2523.38699995526,2531.46611026312,2539.49340620685,2547.46916855499,2555.39367851991,2563.26721770244,2571.09006803763,2578.86251174175,2586.58483126037,2594.25730921766,2601.8802283667,2609.45387154106,2616.97852160736,2624.45446141901
Alt_700,NaN,NaN,NaN,NaN,NaN,415.906001587254,433.200955735613,450.444880041035,467.63937336615,484.785764681297,501.885148247197,518.938414199457,535.946275072072,552.909288775532,569.82787850232,586.702349981624,603.532906453266,620.319661681736,637.062651286705,653.761842626865,670.41714343957,687.028409409075,703.595450810749,720.118038356982,736.595908352078,753.028767247833,769.416295678183,785.758152040139,802.053975678631,818.30338972483,834.506003630618,850.661415436021,866.76921380144,882.828979832246,898.840288719664,914.802711218751,930.715814981609,946.579165761636,962.392328502681,978.154868325226,993.866351420255,1009.52634586018,1025.13442233509,1040.69015482162,1056.19312119093,1071.64290376145,1087.0390898015,1102.38127198646,1117.66904881417,1132.90202498262,1148.07981173273,1163.20202715941,1178.26829649334,1193.27825235584,1208.23153498896,1223.12779246268,1237.96668086092,1252.74786444789,1267.47101581632,1282.13581601871,1296.74195468285,1311.28913011268,1325.77704937546,1340.20542837613,1354.57399191975,1368.88247376267,1383.13061665327,1397.31817236281,1411.444901707,1425.51057455895,1439.51496985384,1453.45787558598,1467.33908879855,1481.15841556658,1494.9156709734,1508.61067908111,1522.24327289528,1535.81329432425,1549.32059413334,1562.76503189428,1576.1464759301,1589.46480325572,1602.71989951457,1615.91165891139,1629.03998414147,1642.10478631652,1655.10598488742,1668.04350756396,1680.91729023185,1693.72727686712,1706.47341944803,1719.15567786478,1731.77401982706,1744.32842076965,1756.81886375614,1769.24533938107,1781.60784567035,1793.90638798038,1806.1409788958,1818.31163812604,1830.41839240077,1842.46127536443,1854.44032746981,1866.35559587091,1878.20713431512,1889.99500303476,1901.71926863819,1913.38000400049,1924.97728815378,1936.51120617732,1947.98184908745,1959.38931372742,1970.73370265713,1982.01512404307,1993.23369154815,2004.38952422193,2015.48274639085,2026.51348754894,2037.48188224877,2048.38806999277,2059.23219512513,2070.01440672403,2080.7348584945,2091.39370866191,2101.99111986596,2112.52725905545,2123.00229738372,2133.4164101048,2143.76977647041,2154.06257962771,2164.29500651791,2174.46724777577,2184.57949763,2194.63195380454,2204.62481742087,2214.55829290122,2224.43258787283,2234.24791307322,2244.00448225645,2253.70251210052,2263.34222211576,2272.92383455435,2282.44757432093,2291.91366888433,2301.32234819044,2310.67384457614,2319.96839268448,2329.20622938097,2338.38759367098,2347.51272661841,2356.58187126544,2365.59527255349,2374.55317724541,2383.45583384876,2392.30349254036,2401.09640509196,2409.83482479718,2418.51900639954,2427.14920602176,2435.72568109617,2444.2486902964,2452.71849347012,2461.1353515731,2469.49952660432,2477.81128154229,2486.07088028258,2494.27858757643,2502.43466897055,2510.53939074808,2518.59301987061,2526.59582392144,2534.54807104986,2542.45002991662,2550.30196964042,2558.10415974561,2565.85687011084,2573.56037091889,2581.21493260756,2588.82082582153,2596.37832136534,2603.88769015744
Alt_710,NaN,NaN,NaN,NaN,NaN,409.956462800178,427.032113109903,444.057516060016,461.034309496399,477.963862361347,494.8473092714,511.685580675163,528.479429077362,545.229451808564,561.936110787512,578.59974967939,595.220608806723,611.798838124209,628.334508526911,644.827621723679,661.278118874632,677.685888162889,694.050771446038,710.372570111718,726.651050243643,742.885947189069,759.076969605656,775.223803054575,791.326113197316,807.383548645596,823.395743506984,839.362319663024,855.282888811668,871.157054301615,886.984412782503,902.764555691789,918.497070596496,934.181542405683,949.817554467531,965.40468956322,980.942530808287,996.430662470883,1011.86867071523,1027.25614427758,1042.59267508124,1057.8778587963,1073.11129534927,1088.29258938719,1103.42135070006,1118.4971946056,1133.51974229908,1148.48862117164,1163.40346509924,1178.26391470492,1193.06961759632,1207.82022858041,1222.51540985714,1237.15483119357,1251.73817007993,1266.26511186887,1280.73534989906,1295.14858560426,1309.50452860882,1323.80289681043,1338.0434164511,1352.225822177,1366.34985708787,1380.41527277676,1394.4218293605,1408.3692955016,1422.25744842214,1436.08607390986,1449.85496631722,1463.56392855363,1477.21277207131,1490.80131684515,1504.32939134683,1517.79683251369,1531.20348571244,1544.54920469816,1557.83385156874,1571.05729671517,1584.21941876765,1597.32010453811,1610.35924895898,1623.33675501875,1636.25253369422,1649.10650387992,1661.89859231455,1674.62873350497,1687.29686964759,1699.90295054747,1712.4469335353,1724.92878338232,1737.34847221335,1749.70597941807,1762.00129156068,1774.23440228809,1786.4053122366,1798.51402893745,1810.56056672113,1822.54494662059,1834.46719627353,1846.32734982387,1858.12544782232,1869.86153712638,1881.53567079966,1893.14790801076,1904.69831393163,1916.18695963565,1927.61392199534,1938.97928357996,1950.28313255284,1961.52556256878,1972.70667267127,1983.8265671899,1994.8853556378,2005.88315260924,2016.82007767746,2027.6962552928,2038.51181468111,2049.26688974249,2059.96161895056,2070.59614525203,2081.17061596692,2091.68518268921,2102.14000118811,2112.53523130994,2122.87103688066,2133.14758560907,2143.36504899075,2153.5236022127,2163.62342405878,2173.66469681597,2183.6476061814,2193.57234117029,2203.43909402468,2213.24806012318,2222.99943789147,2232.69342871389,2242.33023684587,2251.91006932738,2261.43313589731,2270.89964890894,2280.3098232463,2289.66387624166,2298.96202759394,2308.20449928827,2317.39151551652,2326.52330259895,2335.60008890682,2344.62210478625,2353.58958248293,2362.50275606812,2371.36186136561,2380.16713587976,2388.91881872475,2397.61715055476,2406.26237349536,2414.85473107594,2423.39446816327,2431.88183089604,2440.31706662068,2448.70042382805,2457.03215209139,2465.31250200522,2473.5417251254,2481.72007391024,2489.84780166262,2497.92516247325,2505.95241116493,2513.9298032379,2521.85759481618,2529.736042595,2537.56540378919,2545.34593608269,2553.07789757894,2560.76154675242,2568.39714240106,2575.98494359968,2583.52520965447
Alt_720,NaN,NaN,NaN,NaN,NaN,404.165877580086,421.028048371423,437.84070888584,454.605533312972,471.323928122847,487.997066010229,504.625915602824,521.211267367535,537.753756157066,554.253880817259,570.7120212394,587.128453200395,603.503361292179,619.836850202556,636.128954574091,652.379647636092,668.588848777091,684.756430201321,700.882222792109,716.96602128748,733.007588858234,749.006661165914,764.96294996717,780.876146321712,796.745923453116,812.571939304971,828.353838829128,844.091256037816,859.783815847237,875.4311357366,891.032827243448,906.588497313499,922.097749520889,937.560185172743,952.975404310295,968.343006617272,983.662592245013,998.933762562625,1014.15612083957,1029.32927286715,1044.45282752478,1059.52639729599,1074.54959873891,1089.52205291528,1104.44338578144,1119.31322854483,1134.13121798871,1148.89699676777,1163.61021367707,1178.27052389626,1192.87758921117,1207.43107821438,1221.93066648638,1236.37603675873,1250.76687906056,1265.10289084948,1279.38377712808,1293.60925054691,1307.77903149496,1321.89284817827,1335.95043668766,1349.95154105603,1363.89591330612,1377.78331348906,1391.61350971451,1405.38627817272,1419.10140314905,1432.75867703137,1446.35790031082,1459.89888157613,1473.38143750214,1486.80539283251,1500.17058035732,1513.47684088543,1526.7240232123,1539.9119840832,1553.04058815227,1566.1097079375,1579.11922377202,1592.0690237518,1604.95900367994,1617.78906700787,1630.55912477346,1643.26909553642,1655.91890531096,1668.50848749595,1681.03778280285,1693.50673918126,1705.91531174258,1718.26346268162,1730.55116119642,1742.77838340649,1754.94511226935,1767.05133749569,1779.09705546319,1791.08226912908,1803.00698794155,1814.87122775019,1826.67501071536,1838.41836521682,1850.10132576153,1861.72393289076,1873.2862330866,1884.78827867798,1896.23012774611,1907.61184402973,1918.93349682986,1930.19516091438,1941.39691642246,1952.53884876883,1963.62104854796,1974.64361143826,1985.60663810638,1996.51023411153,2007.35450981001,2018.1395802599,2028.86556512607,2039.53258858539,2050.14077923239,2060.69026998518,2071.18119799189,2081.61370453754,2091.98793495136,2102.30403851471,2112.5621683695,2122.76248142726,2132.9051382788,2142.99030310455,2153.01814358552,2162.98883081509,2172.90253921138,2182.7594464305,2192.5597332805,2202.30358363619,2211.9911843547,2221.6227251919,2231.19839871975,2240.7184002444,2250.18292772525,2259.5921816949,2268.94636517999,2278.24568362299,2287.49034480492,2296.68055876898,2305.8165377452,2314.898496076,2323.92665014273,2332.90121829319,2341.82242077019,2350.69047964096,2359.50561872772,2368.26806353909,2376.97804120264,2385.63578039832,2394.24151129299,2402.79546547586,2411.29787589504,2419.74897679498,2428.149003655,2436.4981931288,2444.79678298494,2453.04501204834,2461.24312014277,2469.39134803433,2477.48993737594,2485.53913065275,2493.53917112863,2501.4903027935,2509.39277031175,2517.24681897156,2525.05269463519,2532.8106436902,2540.52091300165,2548.18374986523,2555.79940196126,2563.3681173097
Alt_730,NaN,NaN,NaN,NaN,NaN,NaN,415.182174745957,431.78765051653,448.346019097075,464.858722141029,481.326968239633,497.751762157866,514.133930404682,530.474143541878,546.772935624647,563.030721138414,579.247809760604,595.424419238407,611.560686637198,627.656678180787,643.712397874529,659.727795075797,675.702771153202,691.637185355921,707.530859997326,723.383585042371,739.195122175575,754.965208415712,770.693559334116,786.379871925686,802.023827174957,817.625092353912,833.183323083302,848.69816518502,864.169256349549,879.596227639319,894.978704846231,910.316309719273,925.608661076174,940.855375811358,956.056069810953,971.210358784332,986.317859020558,1001.37818807712,1016.3909654075,1031.35581293338,1046.27235556665,1061.14022168575,1075.95904357059,1090.72845779947,1105.44810561151,1120.1176332373,1134.73669220055,1149.3049395931,1163.82203832528,1178.28765735368,1192.70147188804,1207.06316357876,1221.37242068653,1235.62893823535,1249.83241815013,1263.98256937986,1278.07910800746,1292.12175734715,1306.1102480301,1320.04431807922,1333.92371297367,1347.74818570389,1361.51749681753,1375.23141445697,1388.88971438897,1402.49218002671,1416.03860244489,1429.52878038817,1442.96252027335,1456.33963618561,1469.65994986923,1482.92329071303,1496.12949573078,1509.27840953698,1522.36988431816,1535.40377979997,1548.3799632103,1561.29830923865,1574.15869999198,1586.96102494711,1599.70518090006,1612.39107191232,1625.01860925434,1637.58771134628,1650.09830369639,1662.55031883683,1674.94369625745,1687.27838233734,1699.55433027447,1711.7715000135,1723.92985817187,1736.02937796418,1748.07003912526,1760.05182783162,1771.97473662179,1783.83876431536,1795.64391593094,1807.39020260309,1819.07764149837,1830.70625573047,1842.27607427465,1853.78713188145,1865.23946898975,1876.63313163943,1887.96817138338,1899.24464519922,1910.46261540067,1921.62214954861,1932.72332036195,1943.76620562833,1954.7508881147,1965.67745547794,1976.54600017532,1987.3566193752,1998.10941486768,2008.80449297547,2019.44196446498,2030.02194445754,2040.54455234101,2051.00991168162,2061.41815013624,2071.76939936494,2082.06379494407,2092.30147627972,2102.48258652174,2112.60727247822,2122.67568453051,2132.6879765489,2142.64430580879,2152.54483290757,2162.3897216821,2172.17913912689,2181.91325531296,2191.59224330742,2201.21627909375,2210.78554149291,2220.30021208515,2229.76047513258,2239.16651750266,2248.51852859232,2257.81670025311,2267.06122671702,2276.25230452322,2285.39013244567,2294.47491142157,2303.5068444807,2312.48613667564,2321.41299501287,2330.28762838478,2339.11024750263,2347.8810648303,2356.60029451909,2365.2681523433,2373.88485563689,2382.45062323087,2390.96567539179,2399.43023376105,2407.84452129513,2416.20876220684,2424.52318190737,2432.78800694935,2441.00346497079,2449.16978463996,2457.28719560119,2465.35592842156,2473.37621453849,2481.34828620833,2489.27237645571,2497.1487190239,2504.97754832605,2512.75909939723,2520.49360784751,2528.18130981576,2535.82244192441,2543.4172412351
Alt_740,NaN,NaN,NaN,NaN,NaN,NaN,409.488251285025,425.891889551885,442.249108236718,458.561381925467,474.82995301374,491.05586044807,507.239964942117,523.382971033253,539.48544634462,555.547838397008,571.570489284549,587.553648494589,603.497484118632,619.402092669799,635.267507693688,651.093707334068,666.880620992548,682.628135201958,698.336098816444,714.004327606845,729.632608337601,745.220702390841,760.76834899425,776.275268101579,791.741162968045,807.165722457184,822.548623110873,837.889531010069,853.188103450241,868.443990452374,883.656836127803,898.826279912828,913.951957687092,929.033502788001,944.070546931988,959.062721052103,974.009656060366,988.910983542253,1003.76633638992,1018.57534937999,1033.33765970103,1048.05290743543,1062.72073599968,1077.34079254679,1091.9127283341,1106.43619905946,1120.91086516836,1135.33639213444,1149.71245071547,1164.03871718679,1178.31487355388,1192.54060774571,1206.7156137902,1220.83959197318,1234.91224898201,1248.93329803492,1262.902458997,1276.81945848385,1290.6840299536,1304.49591378815,1318.25485736425,1331.96061511504,1345.61294858277,1359.21162646304,1372.75642464126,1386.24712622166,1399.68352154935,1413.06540822575,1426.39259111791,1439.66488236193,1452.88210136084,1466.04407477731,1479.15063652136,1492.20162773349,1505.19689676336,1518.13629914422,1531.01969756356,1543.84696182987,1556.61796883595,1569.33260251883,1581.99075381658,1594.59232062208,1607.13720773399,1619.62532680504,1632.05659628779,1644.43094137804,1656.74829395597,1669.00859252515,1681.2117821496,1693.35781438896,1705.44664723187,1717.4782450278,1729.45257841719,1741.3696242603,1753.22936556461,1765.03179141105,1776.77689687896,1788.46468297013,1800.09515653172,1811.66833017835,1823.1842222133,1834.64285654902,1846.04426262694,1857.38847533659,1868.67553493432,1879.9054869614,1891.07838216179,1902.19427639952,1913.25323057577,1924.25531054573,1935.20058703524,1946.08913555733,1956.92103632862,1967.69637418576,1978.41523850183,1989.07772310279,1999.68392618405,2010.23395022716,2020.72790191675,2031.16589205756,2041.54803549184,2051.87445101701,2062.14526130362,2072.36059281369,2082.52057571943,2092.62534382243,2102.67503447322,2112.66978849134,2122.60975008595,2132.49506677692,2142.32588931649,2152.10237161149,2161.82467064623,2171.49294640587,2181.10736180057,2190.66808259017,2200.1752773097,2209.62911719537,2219.02977611146,2228.37743047784,2237.67225919818,2246.91444358903,2256.10416730954,2265.24161629201,2274.3269786732,2283.36044472645,2292.34220679457,2301.27245922355,2310.1513982971,2318.97922217196,2327.7561308141,2336.48232593571,2345.15801093302,2353.78339082499,2362.35867219284,2370.88406312039,2379.35977313527,2387.78601315104,2396.16299541002,2404.49093342711,2412.7700419344,2421.00053682664,2429.18263510755,2437.31655483702,2445.40251507908,2453.44073585084,2461.43143807211,2469.37484351606,2477.27117476052,2485.12065514024,2492.92350869998,2500.67996014834,2508.39023481251,2516.05455859376,2523.67315792383
Alt_750,NaN,NaN,NaN,NaN,NaN,NaN,403.940360598156,420.147308297269,436.308485725786,452.425398238719,468.499320027827,484.531322346093,500.522298352052,516.472984899677,532.383981610287,548.255767550017,564.088715811777,579.883106271003,595.639136754034,611.356932828641,627.036556399234,642.678013264981,658.281259777635,673.846208717066,689.372734486235,704.860677713263,720.309849336152,735.72003423534,751.090994470338,766.422472169072,781.714192112011,796.965864047543,812.177184770237,827.347839989517,842.477506012693,857.565851263246,872.612537652619,887.61722182149,902.579556264547,917.499190351042,932.375771251966,947.208944783376,961.998356174281,976.743650766557,991.444474653458,1006.10047526259,1020.71130188853,1035.27660617978,1049.79604258405,1064.26926875571,1078.69594592863,1093.07573925734,1107.40831812925,1121.69335645016,1135.93053290544,1150.11953119856,1164.26004026889,1178.35175449035,1192.39437385214,1206.38760412323,1220.33115700132,1234.22475024782,1248.06810780946,1261.8609599276,1275.60304323612,1289.29410084841,1302.93388243448,1316.52214428846,1330.05864938742,1343.54316744178,1356.97547493797,1370.35535517377,1383.68259828668,1396.95700127582,1410.17836801772,1423.34650927622,1436.46124270704,1449.52239285702,1462.52979115858,1475.48327591955,1488.38269230857,1501.22789233641,1514.0187348333,1526.75508542268,1539.43681649125,1552.06380715589,1564.63594322727,1577.15311717057,1589.61522806337,1602.02218155083,1614.37388979838,1626.67027144203,1638.91125153637,1651.09676150053,1663.22673906203,1675.30112819884,1687.31987907956,1699.28294800203,1711.19029733024,1723.04189542992,1734.83771660257,1746.57774101837,1758.26195464778,1769.89034919204,1781.46292201269,1792.97967606001,1804.44061980073,1815.84576714479,1827.19513737144,1838.48875505466,1849.7266499879,1860.90885710836,1872.03541642077,1883.10637292068,1894.12177651743,1905.08168195683,1915.98614874351,1926.83524106308,1937.6290277042,1948.36758198039,1959.05098165189,1969.67930884747,1980.2526499862,1990.77109569934,2001.2347407523,2011.64368396675,2021.99802814282,2032.29787998168,2042.54335000814,2052.7345524937,2062.87160537983,2072.95463020155,2082.98375201144,2092.959099304,2102.88080394041,2112.74900107377,2122.56382907479,2132.32542945795,2142.03394680817,2151.68952870801,2161.29232566548,2170.84249104231,2180.34018098287,2189.78555434371,2199.17877262367,2208.51999989466,2217.80940273306,2227.0471501518,2236.23341353315,2245.36836656209,2254.4521851605,2263.48504742197,2272.46713354739,2281.39862578121,2290.27970834847,2299.11056739257,2307.89139091378,2316.62236870849,2325.30369230925,2333.93555492557,2342.51815138546,2351.0516780778,2359.5363328954,2367.97231517897,2376.35982566171,2384.69906641483,2392.99024079378,2401.23355338526,2409.42920995507,2417.57741739668,2425.67838368067,2433.73231780483,2441.73942974519,2449.69993040773,2457.6140315809,2465.48194588894,2473.30388674592,2481.08006831063,2488.81070544217,2496.49601365635,2504.13620908283
Alt_760,NaN,NaN,NaN,NaN,NaN,NaN,NaN,414.548101597375,430.518158432607,446.444592821586,462.328708822601,478.171608195506,493.974214856527,509.737296387168,525.461482904376,541.147283594215,556.795101192437,572.405244669885,587.97794035322,603.513341684361,619.011537796621,634.472561062457,649.89639374713,665.282973884484,680.632200475208,695.943938094269,711.218020982348,726.454256685918,741.652429301862,756.812302374971,771.93362149021,787.016116596102,802.059504090783,817.063488698193,832.027765158337,846.952019752497,861.835931681657,876.679174314124,891.481416316381,906.242322679478,920.961555651826,935.638775587937,950.273641721564,964.865812870704,979.414948081091,993.920707214031,1008.38275148382,1022.8007439494,1037.17434996432,1051.50323758887,1065.78707796749,1080.0255456746,1094.21831903143,1108.36508039622,1122.46551643001,1136.51931833998,1150.52618210196,1164.48580866387,1178.3979041314,1192.26217993735,1206.07835299562,1219.84614584122,1233.56528675703,1247.23550988831,1260.85655534579,1274.42816929808,1287.95010405411,1301.42211813616,1314.84397634416,1328.21544981177,1341.53631605469,1354.80635901169,1368.02536907889,1381.19314313742,1394.30948457516,1407.37420330264,1420.38711576358,1433.34804494023,1446.25682035396,1459.1132780612,1471.91726064509,1484.66861720298,1497.36720333007,1510.01288109937,1522.60551903819,1535.14499210126,1547.63118164077,1560.06397537345,1572.44326734478,1584.76895789064,1597.04095359629,1609.25916725312,1621.42351781302,1633.53393034069,1645.59033596387,1657.59267182172,1669.54088101139,1681.43491253284,1693.27472123212,1705.06026774315,1716.79151842803,1728.46844531612,1740.09102604178,1751.65924378101,1763.17308718703,1774.6325503248,1786.03763260464,1797.388338715,1808.68467855443,1819.92666716278,1831.11432465182,1842.24767613516,1853.32675165773,1864.35158612466,1875.3222192298,1886.23869538388,1897.10106364224,1907.90937763238,1918.66369548123,1929.36407974225,1940.01059732236,1950.60331940883,1961.14232139603,1971.62768281224,1982.0594872464,1992.43782227504,2002.76277938914,2013.03445392127,2023.25294497278,2033.41835534126,2043.53079144816,2053.59036326671,2063.59718425009,2073.55137125993,2083.45304449514,2093.30232742108,2103.09934669913,2112.84423211664,2122.53711651738,2132.17813573234,2141.76742851108,2151.3051364535,2160.79140394218,2170.2263780752,2179.6102085995,2188.94304784484,2198.22505065826,2207.45637433919,2216.63717857511,2225.76762537783,2234.84787902044,2243.8781059748,2252.85847484973,2261.78915632989,2270.6703231152,2279.50214986107,2288.28481311921,2297.01849127914,2305.70336451044,2314.33961470562,2322.92742542376,2331.46698183479,2339.95847066458,2348.4020801406,2356.79799993844,2365.14642112894,2373.44753612613,2381.70153863582,2389.90862360496,2398.06898717171,2406.18282661623,2414.25034031225,2422.27172767925,2430.2471891355,2438.17692605174,2446.06114070561,2453.90003623679,2461.69381660289,2469.44268653604,2477.14685150015,2484.80651764897
Alt_770,NaN,NaN,NaN,NaN,NaN,NaN,NaN,409.088757250389,424.872434985639,440.613097770078,456.31207767261,471.970505231193,487.589333500692,503.169359266656,518.711241702242,534.215518748745,549.682621487157,565.112886747006,580.506568174352,595.863845955961,611.184835372962,626.469594335393,641.718130029383,656.930404791245,672.106341307433,687.245827226003,702.348719253644,717.414846802354,732.444015241232,747.436008801456,762.390593176107,777.307517851051,792.186518198337,807.027317359512,821.829627942746,836.59315355464,851.317590184976,866.002627460387,880.647949781006,895.25323735242,909.818167123799,924.342413641783,938.825649828593,953.26754769185,967.667778972752,982.026015738487,996.341930924137,1010.61519882873,1024.84549556959,1039.03249949876,1053.17589158469,1067.27535576239,1081.33057925446,1095.34125286566,1109.30707125294,1123.22773317313,1137.10294170981,1150.93240448116,1164.71583383008,1178.45294699802,1192.14346628356,1205.78711918699,1219.38363854174,1232.93276263367,1246.43423530891,1259.88780607113,1273.29323016893,1286.65026867382,1299.95868854962,1313.21826271361,1326.42877009001,1339.58999565631,1352.70173048276,1365.76377176543,1378.77592285337,1391.73799326991,1404.64979872876,1417.51116114489,1430.3219086407,1443.08187554765,1455.79090240352,1468.44883594569,1481.0555291005,1493.610840969,1506.11463680923,1518.56678801516,1530.96717209263,1543.31567263222,1555.61217927942,1567.85658770208,1580.04879955537,1592.18872244437,1604.27626988435,1616.31136125902,1628.29392177661,1640.22388242414,1652.10117991985,1663.92575666392,1675.69756068756,1687.41654560059,1699.08267053759,1710.69590010272,1722.2562043132,1733.7635585417,1745.21794345753,1756.61934496686,1767.96775415192,1779.26316720934,1790.50558538761,1801.69501492379,1812.83146697952,1823.9149575764,1834.94550753065,1845.92314238741,1856.84789235442,1867.7197922353,1878.53888136247,1889.3052035297,1900.01880692435,1910.67974405943,1921.28807170537,1931.84385082172,1942.34714648862,1952.79802783826,1963.19656798629,1973.54284396318,1983.83693664563,1994.07893068803,2004.26891445404,2014.40697994822,2024.49322274788,2034.52774193511,2044.51064002894,2054.44202291782,2064.32199979233,2074.15068307816,2083.92818836945,2093.65463436238,2103.33014278917,2112.95483835247,2122.52884866011,2132.05230416025,2141.52533807702,2150.94808634654,2160.32068755347,2169.64328286802,2178.91601598341,2188.13903305391,2197.3124826334,2206.43651561441,2215.51128516774,2224.5369466827,2233.51365770781,2242.44157789217,2251.32086892741,2260.15169449019,2268.93422018536,2277.66861348975,2286.35504369648,2294.99368186007,2303.584700742,2312.12827475709,2320.62457992036,2329.07379379468,2337.47609543899,2345.83166535722,2354.14068544784,2362.4033389541,2370.61981041495,2378.79028561657,2386.91495154465,2394.99399633728,2403.02760923851,2411.01598055265,2418.95930159916,2426.85776466827,2434.71156297723,2442.52089062726,2450.28594256115,2458.00691452156,2465.68400300992
Alt_780,NaN,NaN,NaN,NaN,NaN,NaN,NaN,403.764037867491,419.365907138618,434.925336424066,450.443684016626,465.922107570044,481.361587722712,496.762949002315,512.126878258109,527.453940879014,542.744595048566,557.999204271001,573.218048381426,588.401333230564,603.549199212495,618.661728783178,633.738953098813,648.780857886309,663.787388643332,678.758455252452,693.693936082649,708.593681641632,723.457517834022,738.285248873116,753.076659887698,767.831519259912,782.549580725556,797.230585264133,811.874262802491,826.480333752908,841.048510403864,855.578498179486,870.069996781729,884.522701227629,898.936302792526,913.310489868836,927.644948748888,941.939364339305,956.193420813605,970.406802208937,984.579192972194,998.710278460195,1012.79974539813,1026.84728229995,1040.85257985413,1054.81533127771,1068.7352326413,1082.61198316763,1096.44528550552,1110.23484598155,1123.98037483095,1137.68158640947,1151.33819938759,1164.94993692845,1178.51652685061,1192.03770177682,1205.51319926977,1218.94276195558,1232.32613763614,1245.66307939076,1258.95334566803,1272.1967003684,1285.39291291814,1298.54175833516,1311.64301728726,1324.69647614319,1337.70192701699,1350.65916780597,1363.56800222274,1376.42823982159,1389.23969601954,1402.00219211241,1414.71555528602,1427.37961862304,1439.99422110547,1452.55920761314,1465.07442891835,1477.53974167697,1489.95500841598,1502.32009751789,1514.63488320194,1526.89924550247,1539.11307024446,1551.27624901642,1563.38867914084,1575.45026364215,1587.46091121256,1599.42053617566,1611.32905844806,1623.18640349903,1634.99250230845,1646.74729132291,1658.45071241025,1670.10271281258,1681.70324509777,1693.25226710967,1704.74974191696,1716.19563776085,1727.58992800157,1738.93259106387,1750.22361038143,1761.46297434044,1772.65067622223,1783.7867141451,1794.87109100541,1805.90381441802,1816.88489665597,1827.81435458973,1838.69220962579,1849.51848764482,1860.29321893936,1871.01643815122,1881.68818420834,1892.30850026157,1902.877433621,1913.39503569223,1923.8613619123,1934.27647168561,1944.64042831967,1954.95329896077,1965.21515452966,1975.42606965716,1985.58612261985,1995.6953952758,2005.75397300037,2015.76194462218,2025.71940235912,2035.62644175465,2045.48316161421,2055.28966394188,2065.04605387726,2074.75243963268,2084.40893243059,2094.01564644135,2103.57269872132,2113.08020915129,2122.53830037522,2131.94709773952,2141.30672923254,2150.61732542459,2159.87901940837,2169.09194673985,2178.25624537956,2187.37205563442,2196.43952010002,2205.45878360337,2214.42999314623,2223.35329784889,2232.2288488945,2241.05679947396,2249.83730473132,2258.57052170974,2267.25660929808,2275.89572817793,2284.48804077132,2293.033711189,2301.53290517926,2309.98579007737,2318.39253475566,2326.75330957409,2335.06828633157,2343.33763821775,2351.56153976554,2359.74016680416,2367.87369641285,2375.96230687516,2384.00617763395,2392.00548924687,2399.96042334259,2407.8711625776,2415.73789059359,2423.56079197557,2431.34005221046,2439.07585764644,2446.76839545281
Alt_790,NaN,NaN,NaN,NaN,NaN,NaN,NaN,NaN,413.99343249062,429.37600564087,444.718066301254,460.020797641407,475.28520638819,490.512143407364,505.702321899917,520.856333448485,535.974662148161,551.057697043616,566.105743076394,581.119030726041,596.097724508498,611.041930475762,625.951702843081,640.827049853855,655.667938978149,670.47430152818,685.246036763165,699.983015546341,714.685083608723,729.352064466991,743.98376203669,758.579962976591,773.140438795458,787.664947748435,802.153236546866,816.605041902343,831.020091923213,845.398107379543,859.738802850571,874.041887767028,888.307067359208,902.534043520413,916.722515594273,930.872181093466,944.982736356515,959.0538771486,973.085299211645,987.076698768396,1001.02777298467,1014.93822039352,1028.80774128472,1042.63603806245,1056.42281557407,1070.16778141221,1083.87064619248,1097.5311238088,1111.14893166795,1124.72379090518,1138.25542658216,1151.74356786863,1165.18794820907,1178.58830547523,1191.94438210579,1205.25592523391,1218.52268680339,1231.74442367452,1244.92089771995,1258.05187591146,1271.13713039813,1284.17643857641,1297.16958315271,1310.11635219877,1323.01653920048,1335.86994310032,1348.67636833386,1361.43562486079,1374.14752819053,1386.81189940292,1399.42856516424,1411.99735773869,1424.51811499572,1436.99068041329,1449.41490307744,1461.79063767816,1474.11774450195,1486.39608942111,1498.62554387994,1510.80598487803,1522.93729495089,1535.01936214779,1547.05208000724,1559.03534753005,1570.96906915013,1582.85315470322,1594.68751939353,1606.4720837585,1618.20677363174,1629.8915201042,1641.52625948377,1653.1109332533,1664.64548802716,1676.12987550641,1687.56405243266,1698.94798054074,1710.28162651015,1721.56496191544,1732.7979631756,1743.98061150241,1755.11289284797,1766.19479785134,1777.22632178441,1788.20746449702,1799.13823036142,1810.01862821614,1820.84867130921,1831.62837724091,1842.35776790601,1853.03686943561,1863.66571213852,1874.24433044238,1884.7727628344,1895.25105180184,1905.6792437723,1916.05738905374,1926.38554177444,1936.66375982272,1946.89210478669,1957.07064189379,1967.19943995047,1977.27857128171,1987.30811167071,1997.2881402985,2007.21873968377,2017.0999956227,2026.93199712896,2036.71483637392,2046.44860862696,2056.13341219603,2065.76934836842,2075.3565213518,2084.8950382155,2094.38500883208,2103.82654581921,2113.21976448186,2122.56478275484,2131.86172114572,2141.11070267802,2150.31185283492,2159.46529950325,2168.57117291797,2177.62960560705,2186.64073233673,2195.60469005736,2204.52161784952,2213.3916568708,2222.21495030289,2230.99164329926,2239.72188293334,2248.40581814709,2257.04359970026,2265.63538011998,2274.18131365105,2282.68155620665,2291.13626531959,2299.54560009417,2307.90972115855,2316.22879061766,2324.50297200667,2332.73243024505,2340.91733159116,2349.05784359744,2357.15413506612,2365.20637600552,2373.21473758699,2381.17939210228,2389.10051292167,2396.97827445247,2404.81285209829,2412.60442221876,2420.35316208984,2428.05924986481
Alt_800,NaN,NaN,NaN,NaN,NaN,NaN,NaN,NaN,408.750118448264,423.960059338954,439.130027121073,454.261228938922,469.354696169224,484.411304666132,499.431792710428,514.416776875094,529.366766024477,544.282173656297,559.163328780974,574.010485515,588.823831546528,603.603495613333,618.349554116486,633.062036977726,647.74093283482,662.386193657027,676.997738852147,691.575458927289,706.119218757402,720.628860508592,735.104206257127,749.5450603398,763.95121146671,778.322434623623,792.658492787623,806.959138476822,821.224115152341,835.453158488516,849.645997525403,863.802355715931,877.92195187861,892.004501065429,906.049715353457,920.057304567684,934.026976941813,947.95843972293,961.851399725354,975.705563838378,989.520639492111,1003.29633508518,1017.03236037767,1030.72842685229,1044.38424804652,1057.99953985811,1071.57402082625,1085.10741239017,1098.59943912721,1112.04982897177,1125.45831341674,1138.82462769862,1152.14851096764,1165.42970644389,1178.66796156053,1191.86302809491,1205.01466228845,1218.12262495616,1231.18668158627,1244.20660243079,1257.18216258753,1270.11314207408,1282.99932589433,1295.84050409785,1308.63647183273,1321.38702939211,1334.09198225488,1346.75114112079,1359.36432194035,1371.93134593983,1384.45203964148,1396.92623487945,1409.35376881148,1421.73448392658,1434.06822804906,1446.3548543389,1458.59422128881,1470.78619271805,1482.93063776325,1495.02743086629,1507.07645175944,1519.07758544798,1531.03072219022,1542.93575747525,1554.79259199842,1566.60113163474,1578.3612874102,1590.0729754712,1601.73611705221,1613.35063844161,1624.916470946,1636.43355085283,1647.90181939171,1659.32122269417,1670.69171175224,1682.01324237567,1693.28577514807,1704.50927538185,1715.68371307217,1726.80906284992,1737.88530393369,1748.91242008096,1759.89039953843,1770.81923499162,1781.69892351372,1792.52946651382,1803.31086968452,1814.04314294897,1824.7263004074,1835.36036028317,1845.94534486836,1856.48128046905,1866.96819735014,1877.40612967997,1887.79511547453,1898.13519654154,1908.42641842431,1918.66883034534,1928.86248514986,1939.00743924926,1949.10375256439,1959.15148846883,1969.15071373217,1979.10149846324,1989.0039160534,1998.8580431199,2008.66395944929,2018.42174794092,2028.13149455065,2037.79328823461,2047.40722089318,2056.97338731516,2066.49188512214,2075.9628147131,2085.38627920925,2094.76238439914,2104.0912386841,2113.37295302386,2122.60764088259,2131.79541817525,2140.93640321422,2150.03071665637,2159.07848145042,2168.07982278473,2177.03486803547,2185.94374671519,2194.80659042181,2203.62353278802,2212.3947094311,2221.12025790325,2229.80031764229,2238.43502992288,2247.02453780814,2255.56898610182,2264.06852130092,2272.52329154873,2280.9334465885,2289.29913771748,2297.62051774152,2305.89774093019,2314.13096297237,2322.32034093237,2330.46603320661,2338.56819948075,2346.62700068737,2354.64259896426,2362.61515761306,2370.54484105863,2378.4318148088,2386.27624541473,2394.07830043178,2401.83814838095,2409.55595871078
Alt_810,NaN,NaN,NaN,NaN,NaN,NaN,NaN,NaN,403.63130732778,418.672693207558,433.674617549387,448.638309986232,463.564825159169,478.45506261222,493.309784483349,508.129631180103,522.915135239662,537.6667335696,552.38477825421,567.069546095933,581.721247044715,596.340031651422,610.92599766562,625.479195883464,639.999635338262,654.487287914553,668.942092456217,683.363958430017,697.752769198101,712.108384946056,726.430645307143,740.719371718137,754.974369537711,769.19542995438,783.382331707654,797.534842643114,811.652721119589,825.735717284378,839.783574230564,853.796029048793,867.772813784415,881.713656309633,895.618281119194,909.486410057168,923.317762981531,937.112058372506,950.869013889983,964.588346884718,978.269774867574,991.913015940537,1005.51778919292,1019.08381506574,1032.6108156871,1046.0985151808,1059.54663995067,1072.95491894235,1086.32308388447,1099.65086951079,1112.93801376477,1126.18425798792,1139.38934709311,1152.55302972395,1165.67505840129,1178.75518965763,1191.79318416041,1204.78880682485,1217.74182691706,1230.65201814806,1243.51915875935,1256.3430316004,1269.12342419883,1281.86012882345,1294.55294254076,1307.20166726526,1319.80610980392,1332.36608189514,1344.88140024254,1357.35188654379,1369.77736751492,1382.15767491012,1394.49264553749,1406.78212127082,1419.02594905768,1431.22398092393,1443.37607397492,1455.48209039356,1467.54189743525,1479.55536742007,1491.52237772218,1503.44281075662,1515.31655396375,1527.14349979121,1538.92354567378,1550.65659401107,1562.34255214317,1573.98133232448,1585.57285169566,1597.11703225387,1608.61380082135,1620.06308901253,1631.46483319952,1642.81897447636,1654.12545862182,1665.384236061,1676.59526182574,1687.75849551389,1698.87390124749,1709.94144763003,1720.96110770269,1731.93285889969,1742.85668300285,1753.73256609536,1764.56049851476,1775.34047480529,1786.07249366958,1796.75655791977,1807.39267442804,1817.98085407663,1828.52111170747,1839.01346607127,1849.4579397763,1859.85455923679,1870.20335462104,1880.50435979918,1890.75761229074,1900.96315321201,1911.12102722318,1921.23128247532,1931.29397055729,1941.30914644249,1951.27686843556,1961.19719811908,1971.07020030019,1980.89594295724,1990.6744971865,2000.40593714887,2010.09034001674,2019.72778592086,2029.31835789741,2038.86214183517,2048.35922642285,2057.80970309659,2067.21366598769,2076.57121187054,2085.88244011074,2095.14745261351,2104.36635377237,2113.53925041804,2122.66625176767,2131.74746937439,2140.78301707713,2149.7730109508,2158.71756925681,2167.61681239391,2176.47086284945,2185.27984515095,2194.04388581811,2202.76311331517,2211.43765800367,2220.06765209568,2228.65322960736,2237.19452631302,2245.69167969954,2254.14482892131,2262.55411475555,2270.91967955809,2279.24166721965,2287.52022312252,2295.75549409776,2303.94762838281,2312.09677557963,2320.20308661331,2328.26671369109,2336.28781026199,2344.26653097677,2352.20303164856,2360.09746921379,2367.95000169377,2375.76078815665,2383.52998867997,2391.25776431363
Alt_820,NaN,NaN,NaN,NaN,NaN,NaN,NaN,NaN,NaN,413.509330487686,428.347122563379,443.14718941887,457.91060762407,472.638299162514,487.331048853186,501.989519827233,516.614267241496,531.205750411913,545.764343541813,560.290345207251,574.783986746688,589.245439687004,603.674822323028,618.072205553965,632.437618067525,646.771050951236,661.072461800465,675.341778383771,689.578901918556,703.783710003166,717.956059245759,732.095787625139,746.202716614287,760.276653093522,774.317391076822,788.32471327198,802.298392492711,816.238192938646,830.143871357247,844.015178100003,857.85185808381,871.653651667191,885.420295449897,899.151523003437,912.847065539288,926.506652520735,940.130012223665,953.71687225107,967.266960005479,980.780003123119,994.25572987318,1007.69386952524,1021.09415268759,1034.45631161886,1047.78008051522,1061.06519577517,1074.31139624356,1087.51842343672,1100.68602174992,1113.81393864868,1126.90192484506,1139.94973446003,1152.95712517293,1165.92385835902,1178.84969921576,1191.7344168788,1204.57778452827,1217.37957948592,1230.13958330399,1242.85758184591,1255.53336535983,1268.16672854496,1280.75747061154,1293.30539533451,1305.8103111015,1318.27203095527,1330.69037263108,1343.06515858911,1355.39621604238,1367.68337698023,1379.92647818779,1392.12536126146,1404.27987262079,1416.38986351679,1428.45519003696,1440.47571310718,1452.45129849056,1464.38181678354,1476.26714340917,1488.10715860791,1499.90174742599,1511.6507997014,1523.35421004768,1535.01187783566,1546.62370717315,1558.18960688275,1569.70949047785,1581.1832761369,1592.61088667607,1603.99224952034,1615.32729667308,1626.61596468429,1637.85819461748,1649.05393201528,1660.20312686383,1671.30573355609,1682.36171085404,1693.37102184986,1704.33363392615,1715.24951871527,1726.11865205779,1736.94101396017,1747.71658855162,1758.44536404036,1769.1273326691,1779.76249066998,1790.35083821891,1800.89237938932,1811.38712210553,1821.83507809553,1832.23626284344,1842.59069554153,1852.89839904189,1863.15939980782,1873.37372786488,1883.54141675173,1893.66250347074,1903.73702843838,1913.76503543547,1923.74657155729,1933.68168716357,1943.57043582839,1953.41287429005,1963.20906240087,1972.95906307699,1982.66294224819,1992.32076880773,2001.93261456225,2011.49855418174,2021.01866514961,2030.49302771285,2039.92172483239,2049.30484213348,2058.6424678564,2067.93469280722,2077.18161030878,2086.38331615199,2095.5399085472,2104.65148807593,2113.7181576428,2122.74002242778,2131.71718983862,2140.64976946371,2149.53787302511,2158.38161433203,2167.18110923451,2175.93647557751,2184.64783315533,2193.3153036664,2201.93901066838,2210.51907953369,2219.0556374054,2227.54881315348,2235.99873733151,2244.40554213368,2252.76936135232,2261.09033033578,2269.36858594668,2277.6042665207,2285.79751182567,2293.94846302122,2302.05726261871,2310.12405444178,2318.14898358716,2326.1321963861,2334.07384036608,2341.97406421311,2349.83301773442,2357.65085182157,2365.42771841411,2373.16377046362
Alt_830,NaN,NaN,NaN,NaN,NaN,NaN,NaN,NaN,NaN,408.465608738464,423.143047476155,437.783242093421,452.387289800607,466.95613381577,481.49058050652,495.991314658888,510.458913036977,524.893856402957,539.296540162307,553.667283788906,568.006339171611,582.313898010009,596.590098373324,610.835030523413,625.048742090798,639.23124268185,653.382507985544,667.502483439665,681.591087508773,695.648214619664,709.67373779428,723.667511015018,737.629371352993,751.559140886024,765.456628429804,779.321631102841,793.153935743239,806.953320193235,820.719554465503,834.452401803566,848.151619647237,861.816960512737,875.448172796026,889.04500150694,902.607188940852,916.134475293848,929.626599226748,943.083298382739,956.504309862839,969.889370663025,983.238218076403,996.550590063479,1009.82622559327,1023.06486495774,1036.26625006173,1049.43012469043,1062.5562347562,1075.64432852637,1088.6941568334,1101.70547326896,1114.67803436294,1127.61159974856,1140.50593231467,1153.360798346,1166.17596765237,1178.95121368752,1191.68631365823,1204.38104862447,1217.03520359115,1229.64856759193,1242.22093376567,1254.7520994259,1267.24186612391,1279.69003970554,1292.09643036237,1304.4608526774,1316.78312566565,1329.06307280992,1341.30052209198,1353.49530601951,1365.64726164889,1377.75623060415,1389.82205909232,1401.84459791522,1413.82370247805,1425.75923279476,1437.65105349059,1449.49903380163,1461.30304757187,1473.06297324753,1484.77869386914,1496.45009706119,1508.07707501965,1519.65952449738,1531.19734678755,1542.6904477052,1554.13873756696,1565.54213116909,1576.90054776387,1588.21391103444,1599.48214906818,1610.70519432868,1621.88298362634,1633.01545808776,1644.10256312393,1655.14424839718,1666.14046778715,1677.09117935571,1687.99634531089,1698.85593196984,1709.66990972106,1720.43825298566,1731.16094017794,1741.8379536652,1752.46927972686,1763.054908513,1773.59483400223,1784.08905395899,1794.53756989044,1804.94038700269,1815.29751415675,1825.60896382395,1835.87475204104,1846.09489836491,1856.26942582698,1866.39836088737,1876.48173338874,1886.51957650994,1896.51192671943,1906.4588237286,1916.3603104448,1926.21643292443,1936.02724032578,1945.79278486186,1955.5131217532,1965.18830918057,1974.8184082377,1984.40348288407,1993.94359989767,2003.43882882782,2012.88924194809,2022.29491420929,2031.65592319257,2040.97234906263,2050.24427452113,2059.47178476013,2068.65496741584,2077.79391252247,2086.88871246631,2095.93946194001,2104.94625789707,2113.90919950664,2122.82838810847,2131.70392716817,2140.53592223278,2149.32448088652,2158.06971270698,2166.77172922146,2175.4306438637,2184.04657193095,2192.61963054134,2201.14993859155,2209.63761671487,2218.08278723966,2226.48557414801,2234.84610303497,2243.16450106797,2251.44089694672,2259.67542086347,2267.86820446366,2276.01938080691,2284.1290843285,2292.19745080117,2300.22461729738,2308.21072215189,2316.1559049249,2324.06030636545,2331.9240683753,2339.74733397328,2347.53024725996,2355.27295338281
Alt_840,NaN,NaN,NaN,NaN,NaN,NaN,NaN,NaN,NaN,403.537367510635,418.058105296028,432.542056143009,446.990336658385,461.403910132529,475.783603390543,490.13012184446,504.444062891729,518.725927815767,532.976132343166,547.195016004416,561.382850433931,575.539846732709,589.666162004232,603.761905162047,617.827142096057,631.86190027417,645.866172846649,659.839922312166,673.783083797273,687.69556799451,701.57726379877,715.428040676573,729.24775079862,743.036230962235,756.793304327055,770.518781984462,784.212464378793,797.874142596192,811.503599535088,825.100610970643,838.664946524077,852.196370546509,865.694642925878,879.159519824516,892.590754354116,905.988097194106,919.351297158738,932.680101717701,945.97425747448,959.233510606288,972.457607268988,985.646293970046,998.799317912296,1011.91642731095,1024.99737168615,1038.04190213295,1051.04977157068,1064.02073497328,1076.95454958201,1089.85097510203,1102.70977388393,1115.53071109144,1128.31355485627,1141.05807642093,1153.76405027059,1166.4312542545,1179.05946969778,1191.64848150431,1204.19807825115,1216.70805227509,1229.17819975194,1241.60832076882,1253.99821939006,1266.34770371692,1278.65658594168,1290.92468239632,1303.15181359608,1315.33780427826,1327.4824834365,1339.58568435077,1351.64724461332,1363.66700615081,1375.64481524279,1387.58052253677,1399.47398306001,1411.32505622822,1423.13360585133,1434.89950013645,1446.62261168816,1458.30281750633,1469.93999898152,1481.534041888,1493.08483637477,1504.59227695435,1516.05626248965,1527.47669617903,1538.85348553945,1550.18654238799,1561.47578282176,1572.72112719617,1583.92250010187,1595.07983034016,1606.19305089712,1617.26209891651,1628.28691567136,1639.26744653452,1650.20364094806,1661.09545239167,1671.94283835001,1682.74576027925,1693.50418357258,1704.21807752502,1714.88741529739,1725.51217387948,1736.09233405262,1746.62788035153,1757.11880102553,1767.56508799926,1777.96673683272,1788.32374668094,1798.63612025307,1808.90386377112,1819.12698692817,1829.30550284635,1839.43942803437,1849.52878234477,1859.57358893091,1869.57387420363,1879.52966778774,1889.4410024783,1899.3079141967,1909.13044194658,1918.90862776962,1928.64251670125,1938.33215672627,1947.97759873431,1957.57889647543,1967.13610651551,1976.64928819173,1986.11850356808,1995.54381739086,2004.92529704421,2014.2630125058,2023.55703630249,2032.80744346621,2042.01431148982,2051.17772028323,2060.29775212959,2069.37449164167,2078.40802571835,2087.39844350143,2096.34583633249,2105.25029771005,2114.11192324691,2122.93081062775,2131.70705956696,2140.44077176672,2149.13205087534,2157.78100244589,2166.38773389507,2174.95235446244,2183.47497516986,2191.95570878133,2200.39466976305,2208.79197424384,2217.14773997592,2225.46208629599,2233.73513408662,2241.96700573802,2250.15782511017,2258.30771749528,2266.41680958061,2274.48522941167,2282.51310635576,2290.50057106593,2298.44775544524,2306.35479261148,2314.22181686223,2322.04896364028,2329.83636949951,2337.58417207106
Alt_850,NaN,NaN,NaN,NaN,NaN,NaN,NaN,NaN,NaN,NaN,413.088204940445,427.419420905279,441.71541955166,455.977183120432,470.205557841989,484.401268763073,498.564932976878,512.697071398173,526.798119227515,540.868435243482,554.908310052738,568.917973416734,582.897600762241,596.847318971526,610.767211537239,624.657323157142,638.517663834873,652.348212544877,666.148920512534,679.919714154227,693.660497716551,707.371155649046,721.051554740604,734.701546045989,748.320966625721,761.909641119716,775.467383172667,788.993996726989,802.489277197274,815.953012538587,829.384984219503,842.784968109522,856.15273528942,869.488052792115,882.790684280818,896.060390670441,909.296930697644,922.500061444279,935.669538818508,948.805117997405,961.906553834487,974.973601235207,988.006015503217,1001.00355265984,1013.965969739,1026.89302505966,1039.78447847752,1052.6400916177,1065.45962808984,1078.24285368699,1090.98953656956,1103.69944743532,1116.37235967664,1129.00804952573,1141.60629618887,1154.16688197027,1166.68959238634,1179.17421627102,1191.62054587271,1204.0283769434,1216.39750882045,1228.72774450155,1241.01889071318,1253.27075797303,1265.48316064678,1277.65591699947,1289.78884924186,1301.88178357197,1313.93455021221,1325.94698344221,1337.91892162765,1349.85020724529,1361.7406869044,1373.5902113648,1385.39863555163,1397.16581856707,1408.89162369916,1420.57591842781,1432.21857442821,1443.81946757177,1455.37847792454,1466.89548974356,1478.37039147087,1489.80307572561,1501.193439294,1512.54138311766,1523.84681227993,1535.10963599068,1546.32976756939,1557.50712442673,1568.64162804467,1579.73320395523,1590.7817817178,1601.7872948953,1612.74968102907,1623.66888161262,1634.54484206434,1645.37751169905,1656.1668436987,1666.91279508205,1677.61532667349,1688.27440307099,1698.88999261327,1709.46206734622,1719.99060298862,1730.47557889709,1740.91697803056,1751.31478691401,1761.66899560169,1771.97959763984,1782.24659002886,1792.46997318509,1802.64975090208,1812.78593031154,1822.87852184384,1832.92753918826,1842.93299925285,1852.89492212401,1862.8133310259,1872.68825227951,1882.51971526153,1892.30775236316,1902.05239894856,1911.75369331334,1921.41167664281,1931.02639297022,1940.59788913484,1950.12621474008,1959.61142211145,1969.05356625463,1978.45270481345,1987.80889802793,1997.12220869231,2006.39270211319,2015.6204460677,2024.80551076171,2033.94796878823,2043.04789508585,2052.10536689729,2061.12046372818,2070.09326730584,2079.02386153837,2087.91233247385,2096.75876825966,2105.56325910212,2114.32589722626,2123.0467768358,2131.7259940734,2140.36364698108,2148.959835461,2157.51466123633,2166.02822781253,2174.50064043882,2182.93200606993,2191.32243332816,2199.67203246573,2207.98091532736,2216.2491953133,2224.47698734247,2232.66440781611,2240.81157458161,2248.91860689671,2256.98562539407,2265.01275204612,2273.00011013023,2280.94782419434,2288.85602002274,2296.72482460244,2304.55436608963,2312.34477377673,2320.09617805964
Alt_860,NaN,NaN,NaN,NaN,NaN,NaN,NaN,NaN,NaN,NaN,408.229440238351,422.411315655537,436.558404692078,450.671707455566,464.752088566238,478.800291749747,492.816952891728,506.802611681561,520.757721978655,534.682661032095,548.577737677335,562.443199624099,576.279239939162,590.086002817144,603.863588722324,617.612058975056,631.331439847767,645.021726227777,658.682884897251,672.314857474514,685.917563055497,699.490900589429,713.034751018643,726.548979208809,740.03343569267,753.487958247616,766.912373324988,780.306497346882,793.670137884389,807.003094729565,820.30516087201,833.576123389703,846.815764262641,860.023861116875,873.200187905684,886.344515533926,899.456612430884,912.536245076438,925.583178484807,938.597176649703,951.578002954331,964.525420549309,977.439192701281,990.319083114711,1003.1648562291,1015.97627749365,1028.75311362123,1041.49513282321,1054.20210502682,1066.87380207621,1079.50999791853,1092.11046877625,1104.6749933065,1117.20335274856,1129.69533106034,1142.15071504441,1154.56929446465,1166.95086215374,1179.29521411249,1191.60214960129,1203.87147122421,1216.10298500639,1228.29650046489,1240.45183067358,1252.56879232239,1264.64720577116,1276.68689509854,1288.68768814615,1300.64941655822,1312.5719158171,1324.45502527473,1336.29858818032,1348.10245170454,1359.86646696024,1371.59048902001,1383.27437693069,1394.91799372496,1406.52120643024,1418.08388607492,1429.60590769213,1441.08715032117,1452.52749700665,1463.92683479551,1475.28505473201,1486.60205185074,1497.87772516784,1509.11197767035,1520.304716304,1531.45585195929,1542.56529945613,1553.63297752691,1564.65880879829,1575.64271977157,1586.58464080189,1597.48450607612,1608.34225358968,1619.15782512222,1629.93116621231,1640.66222613106,1651.35095785489,1661.99731803731,1672.60126697992,1683.1627686026,1693.68179041286,1704.15830347455,1714.59228237584,1724.98370519656,1735.33255347494,1745.63881217372,1755.9024696458,1766.12351759928,1776.30195106215,1786.43776834635,1796.53097101163,1806.58156382881,1816.58955474282,1826.55495483535,1836.47777828721,1846.35804234037,1856.19576725978,1865.99097629497,1875.74369564135,1885.45395440145,1895.12178454588,1904.74722087421,1914.3303009757,1923.8710651899,1933.36955656726,1942.82582082953,1952.23990633024,1961.61186401505,1970.94174738216,1980.22961244268,1989.47551768104,1998.67952401537,2007.84169475804,2016.96209557616,2026.04079445223,2035.0778616448,2044.07336964932,2053.02739315904,2061.94000902606,2070.81129622256,2079.64133580207,2088.43021086105,2097.1780065005,2105.88480978785,2114.55070971902,2123.17579718062,2131.76016491246,2140.30390747022,2148.80712118832,2157.2699041431,2165.69235611618,2174.07457855811,2182.41667455226,2190.71874877894,2198.98090747986,2207.20325842284,2215.38591086673,2223.52897552674,2231.63256453997,2239.69679143129,2247.72177107946,2255.70761968362,2263.65445473009,2271.56239495941,2279.43156033377,2287.26207200475,2295.05405228136,2302.80762459842
Alt_870,NaN,NaN,NaN,NaN,NaN,NaN,NaN,NaN,NaN,NaN,403.478079660534,417.513899083517,431.515342379935,445.483426476436,459.419033402373,473.322924640046,487.195753996635,501.038079110727,514.850371715773,528.633026783068,542.386370661676,556.110668324688,569.806129821887,583.472916029162,597.111143775589,610.72089042013,624.30219794169,637.85507659882,651.379508208671,664.875449088817,678.342832700362,691.781572026046,705.191561713034,718.572680006457,731.924790496695,745.247743700586,758.5413784944,771.805523414299,785.039997838155,798.244613061015,811.419173275067,824.563476463749,837.677315218539,850.76047748602,863.812747251977,876.833905168542,889.823729129747,902.781994800297,915.708476101822,928.602945660469,941.465175219256,954.294936018296,967.091999145649,979.856135861309,992.587117896575,1005.28471773084,1017.94870884765,1030.5788659716,1043.17496528776,1055.73678464479,1068.26410374308,1080.75670430906,1093.21437025662,1105.6368878367,1118.02404577574,1130.37563540387,1142.69145077361,1154.97128876949,1167.21494920953,1179.42223493877,1191.59295191566,1203.72690929154,1215.8239194838,1227.883798243,1239.90636471435,1251.89144149395,1263.83885467996,1275.74843391914,1287.6200124489,1299.45342713519,1311.24851850644,1323.00513078371,1334.72311190734,1346.40231356024,1358.04259118797,1369.6438040158,1381.20581506296,1392.72849115406,1404.21170292805,1415.65532484458,1427.05923518813,1438.42331606987,1449.74745342735,1461.03153702223,1472.27546043607,1483.47912106424,1494.64242010812,1505.7652625656,1516.84755722001,1527.8892166275,1538.89015710297,1549.85029870467,1560.76956521736,1571.64788413436,1582.48518663828,1593.28140758061,1604.03648546034,1614.75036240135,1625.42298412896,1636.05429994546,1646.64426270478,1657.19282878622,1667.69995806753,1678.16561389699,1688.589763065,1698.97237577477,1709.31342561245,1719.61288951665,1729.87074774731,1740.08698385405,1750.26158464397,1760.39454014899,1770.48584359269,1780.53549135674,1790.5434829469,1800.50982095867,1810.43451104253,1820.31756186892,1830.15898509286,1839.95879531832,1849.71701006233,1859.43364971885,1869.10873752242,1878.74229951161,1888.33436449235,1897.88496400107,1907.39413226768,1916.8619061785,1926.28832523907,1935.67343153684,1945.0172697039,1954.31988687954,1963.5813326729,1972.80165912555,1981.98092067406,1991.11917411261,2000.21647855566,2009.27289540063,2018.28848829064,2027.2633230773,2036.1974677837,2045.09099256733,2053.94396968322,2062.75647344717,2071.52858019913,2080.26036826666,2088.95191792861,2097.60331137895,2106.21463269068,2114.78596778009,2123.31740437102,2131.80903195948,2140.26094177832,2148.67322676226,2157.04598151303,2165.37930226478,2173.67328684974,2181.92803466404,2190.14364663391,2198.32022518197,2206.45787419394,2214.55669898544,2222.61680626925,2230.63830412265,2238.62130195518,2246.56591047661,2254.47224166521,2262.34040873632,2270.17052611119,2277.96270938614,2285.71707530201
Alt_880,NaN,NaN,NaN,NaN,NaN,NaN,NaN,NaN,NaN,NaN,NaN,412.723499457529,426.582456936784,440.408461892542,454.20241281539,467.965088053701,481.697158495952,495.399198934169,509.071698219704,522.715068325491,536.329652425817,549.91573209811,563.47353374311,577.003234310928,590.504966411716,603.978822881244,617.42486086384,630.843105467978,644.23355304337,657.59617412261,670.930916065306,684.237705438098,697.516450159969,710.767041438735,723.989355521524,737.183255279344,750.348591643485,763.4852049094,776.59292592192,789.671577154034,802.72097369009,815.740924123033,828.731231374209,841.691693443343,854.622104095433,867.522253490582,880.391928762152,893.230914548017,906.038993479237,918.815946629963,931.56155393206,944.275594557511,956.957847271401,969.608090757994,982.226103922139,994.811666168069,1007.36455765741,1019.88455954809,1032.37145421561,1044.82502545816,1057.24505868662,1069.63134110078,1081.98366185273,1094.30181219826,1106.5855856373,1118.83477804405,1131.04918778753,1143.22861584328,1155.3728658967,1167.48174443864,1179.55506085377,1191.59262750213,1203.59425979427,1215.55977626052,1227.48899861454,1239.3817518117,1251.23786410239,1263.05716708073,1274.83949572885,1286.58468845698,1298.29258713964,1309.9630371481,1321.59588737932,1333.19099028153,1344.74820187669,1356.26738177996,1367.74839321625,1379.19110303416,1390.59538171728,1401.9611033931,1413.28814583957,1424.57639048942,1435.82572243244,1447.03603041567,1458.20720684178,1469.33914776551,1480.43175288844,1491.48492555211,1502.49857272947,1513.47260501495,1524.40693661294,1535.30148532504,1546.15617253583,1556.97092319758,1567.74566581354,1578.48033242032,1589.17485856896,1599.82918330511,1610.44324914818,1621.01700206947,1631.55039146953,1642.04337015452,1652.49589431188,1662.90792348512,1673.27942054791,1683.6103516775,1693.90068632738,1704.15039719943,1714.35946021536,1724.52785448764,1734.65556228985,1744.7425690266,1754.78886320288,1764.794436393,1774.75928320913,1784.68340126942,1794.5667911657,1804.40945643095,1814.21140350632,1823.97264170796,1833.69318319348,1843.37304292823,1853.0122386513,1862.61079084131,1872.16872268207,1881.68606002793,1891.16283136916,1900.59906779702,1909.99480296881,1919.35007307282,1928.66491679314,1937.93937527444,1947.1734920867,1956.36731318988,1965.52088689859,1974.63426384674,1983.70749695219,1992.74064138142,2001.73375451429,2010.68689590871,2019.6001272655,2028.47351239329,2037.30711717342,2046.10100952503,2054.85525937021,2063.56993859923,2072.24512103599,2080.88088240346,2089.4773002894,2098.03445411214,2106.55242508656,2115.0312961902,2123.47115212962,2131.87207930682,2140.23416578598,2148.55750126031,2156.84217701917,2165.08828591529,2173.29592233235,2181.46518215267,2189.59616272521,2197.68896283372,2205.7436826652,2213.76042377857,2221.7392890736,2229.68038276008,2237.58381032727,2245.44967851358,2253.27809527656,2261.0691697631,2268.82301227998
Alt_890,NaN,NaN,NaN,NaN,NaN,NaN,NaN,NaN,NaN,NaN,NaN,408.03660542452,421.756137287041,435.443104154433,449.098420061695,462.722879362693,476.317169215937,489.881880799169,503.417519352638,516.924513156608,530.403221547593,543.853942072869,557.276916875775,570.672338396435,584.040354464349,597.381072851441,610.69456534669,623.980871406606,637.240001429614,650.471939696788,663.676647016403,676.854063105341,690.00410873648,703.126687677739,716.221688445434,729.288985891916,742.328442645143,755.339910415779,768.3232311856,781.278238289425,794.204757401397,807.102607435201,819.971601366769,832.811546987042,845.622247591544,858.403502612811,871.155108201018,883.876857757641,896.568542426425,909.229951545534,921.860873064315,934.461093927806,947.030400431747,959.56857855064,972.075414241095,984.550693722521,996.994203737011,1009.40573179008,1021.78506637379,1034.13199717359,1046.4463152602,1058.72781326758,1070.97628555807,1083.19152837564,1095.37333998804,1107.52152081877,1119.63587356944,1131.71620333324,1143.76231770013,1155.77402685432,1167.75114366439,1179.6934837668,1191.60086564295,1203.47311069028,1215.31004328784,1227.11149085658,1238.87728391467,1250.60725612824,1262.30124435763,1273.9590886996,1285.58063252557,1297.16572251617,1308.71420869232,1320.22594444295,1331.70078654966,1343.13859520832,1354.5392340479,1365.9025701466,1377.22847404542,1388.51681975935,1399.76748478619,1410.98035011321,1422.15530022177,1433.29222308982,1444.39101019264,1455.45155650166,1466.47376048166,1477.45752408619,1488.40275275152,1499.3093553891,1510.17724437645,1521.00633554687,1531.79654817766,1542.54780497726,1553.26003207102,1563.933158986,1574.56711863459,1585.16184729708,1595.71728460327,1606.23337351315,1616.71006029665,1627.14729451252,1637.54502898642,1647.90321978821,1658.22182620846,1668.50081073436,1678.7401390248,1688.93977988496,1699.09970524017,1709.2198901093,1719.30031257747,1729.34095376841,1739.34179781617,1749.30283183646,1759.22404589754,1769.10543299067,1778.94698900022,1788.74871267336,1798.51060558947,1808.2326721292,1817.91491944324,1827.55735742082,1837.15999865797,1846.72285842555,1856.24595463701,1865.72930781606,1875.17294106406,1884.57688002734,1893.94115286431,1903.26579021252,1912.5508251555,1921.79629318965,1931.00223219097,1940.1686823817,1949.29568629699,1958.38328875154,1967.43153680611,1976.44047973416,1985.41016898841,1994.34065816744,2003.23200298238,2012.08426122352,2020.89749272709,2029.67175934206,2038.407124897,2047.10365516704,2055.76141784096,2064.38048248832,2072.96092052675,2081.50280518938,2090.00621149231,2098.47121620233,2106.89789780476,2115.28633647137,2123.63661402856,2131.94881392568,2140.22302120348,2148.45932246283,2156.65780583353,2164.81856094342,2172.94167888761,2181.02725219795,2189.07537481273,2197.08614204656,2205.0596505605,2212.99599833239,2220.89528462749,2228.75760996922,2236.58307611026,2244.37178600384,2252.12384377532
Alt_900,NaN,NaN,NaN,NaN,NaN,NaN,NaN,NaN,NaN,NaN,NaN,403.449857398896,417.032928140664,430.583803436527,444.103411978505,457.592563293763,471.05196002702,484.482209000563,497.883831140233,511.257270364188,524.602901532256,537.921037550349,551.211935718545,564.475803404486,577.712803116218,590.923057041305,604.106651111961,617.26363864941,630.394043634705,643.497863647832,656.575072512064,669.62562267623,682.649447363732,695.64646251376,708.616568537194,721.559651907019,734.475586600829,747.364235410911,760.225451135661,773.059077664496,785.864950967051,798.642899996259,811.392747513811,824.114310845596,836.807402573857,849.471831172091,862.107401588078,874.713915779833,887.291173208798,899.838971294126,912.357105831517,924.845371379721,937.303561617496,949.731469673555,962.128888431755,974.495610813598,986.831430039875,999.136139873154,1011.40953484261,1023.65141045259,1035.86156337614,1048.03979163468,1060.1858947648,1072.29967397318,1084.38093228041,1096.4294746546,1108.44510813547,1120.42764194946,1132.37688761662,1144.29265904981,1156.17477264658,1168.02304737432,1179.83730484918,1191.61736940886,1203.36306818007,1215.07423114052,1226.75069117617,1238.39228413376,1249.99884886898,1261.57022729055,1273.10626440039,1284.60680833011,1296.07171037406,1307.50082501902,1318.89400997088,1330.25112617824,1341.57203785333,1352.85661249016,1364.10472088021,1375.31623712568,1386.4910386505,1397.62900620908,1408.73002389306,1419.79397913608,1430.8207627166,1441.81026875898,1452.76239473288,1463.67704145091,1474.55411306484,1485.39351706023,1496.19516424971,1506.95896876483,1517.68484804666,1528.37272283513,1539.02251715715,1549.63415831371,1560.2075768657,1570.74270661894,1581.23948460798,1591.69785107913,1602.11774947251,1612.49912640324,1622.84193164186,1633.14611809386,1643.4116417786,1653.6384618074,1663.826540361,1673.97584266641,1684.08633697304,1694.15799452838,1704.19078955301,1714.18469921513,1724.13970360462,1734.05578570656,1743.93293137437,1753.77112930247,1763.57037099859,1773.33065075568,1783.05196562346,1792.73431537968,1802.377702501,1811.98213213368,1821.54761206391,1831.07415268794,1840.56176698198,1850.01047047186,1859.42028120256,1868.79121970745,1878.12330897753,1887.41657443036,1896.671043879,1905.88674750074,1915.06371780582,1924.20198960598,1933.301599983,1942.3625882572,1951.38499595583,1960.36886678149,1969.31424658053,1978.22118331141,1987.0897270131,1995.91992977352,2004.71184569794,2013.46553087749,2022.1810433577,2030.85844310707,2039.49779198577,2048.09915371441,2056.6625938428,2065.18817971899,2073.67598045824,2082.12606691224,2090.53851163835,2098.91338886906,2107.2507744815,2115.5507459672,2123.81338240189,2132.03876441555,2140.22697416258,2148.37809529214,2156.49221291869,2164.56941359271,2172.60978527156,2180.61341729064,2188.58040033462,2196.51082640896,2204.40478881162,2212.26238210498,2220.08370208792,2227.86884576826,2235.61791133525
Alt_910,NaN,NaN,NaN,NaN,NaN,NaN,NaN,NaN,NaN,NaN,NaN,NaN,412.409521732893,425.827161188018,439.213900351808,452.570563119432,465.897866863981,479.196433336259,492.46679846875,505.70942117165,518.924691212017,532.112936265282,545.274428223772,558.409388840787,571.517994782033,584.600382149392,597.65665053536,610.68686666028,623.691067638748,636.669263916357,649.62144191323,662.547566406629,675.447582681141,688.321418471686,701.168985721617,713.990182175638,726.784892824978,739.55299122025,752.294340665682,765.008795306834,777.696201122578,790.356396830881,802.989214716922,815.594481391078,828.172018483561,840.721643281706,853.243169315285,865.73640689468,878.201163606206,890.637244768439,903.044453853048,915.422592873204,927.771462742406,940.090863606227,952.380595149266,964.640456879362,976.870248390921,989.069769609054,1001.23882101603,1013.37720386143,1025.4847203573,1037.56117385936,1049.60636903539,1061.62011202166,1073.6022105684,1085.5524741749,1097.47071421515,1109.35674405457,1121.21037915847,1133.03143719279,1144.81973811759,1156.57510427391,1168.29736046415,1179.98633402665,1191.64185490471,1203.26375571033,1214.8518717831,1226.40604124448,1237.92610504769,1249.41190702356,1260.86329392243,1272.28011545249,1283.66222431462,1295.00947623392,1306.3217299882,1317.59884743354,1328.84069352703,1340.04713634684,1351.21804710989,1362.35330018701,1373.45277311588,1384.51634661185,1395.54390457661,1406.53533410502,1417.49052548991,1428.4093722253,1439.29177100773,1450.13762173608,1460.94682750979,1471.71929462565,1482.45493257313,1493.15365402836,1503.81537484686,1514.44001405496,1525.02749384017,1535.57773954026,1546.09067963138,1556.56624571513,1567.00437250457,1577.40499780942,1587.7680625202,1598.09351059168,1608.38128902533,1618.63134785117,1628.8436401087,1639.01812182723,1649.15475200551,1659.25349259061,1669.31430845637,1679.33716738105,1689.32204002459,1699.26889990523,1709.17772337564,1719.04848959865,1728.88118052239,1738.67578085513,1748.43227803959,1758.15066222699,1767.8309262506,1777.4730655991,1787.07707838946,1796.64296533966,1806.17072974103,1815.66037743035,1825.11191676178,1834.52535857843,1843.90071618384,1853.2380053132,1862.53724410442,1871.79845306904,1881.02165506299,1890.20687525721,1899.35414110818,1908.46348232832,1917.53493085634,1926.56852082748,1935.56428854371,1944.52227244388,1953.4425130738,1962.32505305637,1971.16993706164,1979.97721177687,1988.74692587661,1997.47912999281,2006.17387668497,2014.83122041029,2023.45121749388,2032.03392609907,2040.57940619775,2049.08771954076,2057.55892962847,2065.99310168131,2074.39030261052,2082.75060098894,2091.07406702194,2099.36077251849,2107.61079086231,2115.82419698321,2124.00106732853,2132.14147983478,2140.24551389935,2148.31325035249,2156.34477142935,2164.34016074228,2172.29950325323,2180.22288524639,2188.11039430098,2195.96211926424,2203.77815022464,2211.5585784852,2219.30349653716
Alt_920,NaN,NaN,NaN,NaN,NaN,NaN,NaN,NaN,NaN,NaN,NaN,NaN,407.882750080723,421.169922210855,434.426543821266,447.653452395328,460.851379301302,474.02096052632,487.162746353633,500.277210061981,513.364755731227,526.425725238182,539.460404523221,552.46902920307,565.451789599165,578.408835244661,591.340278926991,604.246200316961,617.126649229883,629.981648559223,642.811196918706,655.615271024717,668.393827847215,681.146806554132,693.874130271347,706.575707677809,719.251434453131,731.901194593008,744.52486160607,757.122299604237,769.693364297324,782.23790390141,794.755759969469,807.246768151812,819.710758893093,832.147558071888,844.556987588216,856.938865903839,869.293008539634,881.619228533896,893.917336865071,906.187142842013,918.428454464585,930.641078757138,942.824822077138,954.979490401022,967.104889589122,979.20082563137,991.267104875292,1003.30353423769,1015.30992140127,1027.28607499734,1039.23180477569,1051.14692176246,1063.03123840709,1074.88456871885,1086.70672839398,1098.49753493384,1110.25680775488,1121.98436829082,1133.68004008767,1145.34364889201,1156.97502273297,1168.57399199828,1180.14038950484,1191.674050564,1203.17481304207,1214.64251741611,1226.07700682549,1237.47812711934,1248.84572690009,1260.17965756347,1271.47977333501,1282.7459313033,1293.97799145021,1305.17581667811,1316.33927283441,1327.46822873344,1338.56255617582,1349.62212996549,1360.64682792443,1371.63653090536,1382.59112280224,1393.51049055893,1404.39452417597,1415.2431167156,1426.05616430503,1436.83356613821,1447.57522447597,1458.28104464475,1468.95093503387,1479.58480709149,1490.18257531934,1500.74415726611,1511.26947351977,1521.75844769868,1532.21100644176,1542.62707939747,1553.00659921192,1563.34950151603,1573.65572491172,1583.92521095736,1594.15790415229,1604.35375192061,1614.51270459422,1624.63471539513,1634.71974041706,1644.76773860648,1654.7786717429,1664.75250441869,1674.6892040182,1684.5887406965,1694.45108735745,1704.27621963141,1714.0641158524,1723.81475703485,1733.52812684996,1743.2042116016,1752.84300020193,1762.44448414656,1772.00865748946,1781.53551681755,1791.02506122492,1800.47729228687,1809.89221403367,1819.269832924,1828.61015781829,1837.91319995177,1847.17897290735,1856.40749258833,1865.59877719096,1874.75284717682,1883.8697252451,1892.94943630475,1901.99200744655,1910.99746791503,1919.96584908038,1928.89718441024,1937.79150944147,1946.64886175187,1955.46928093185,1964.2528085561,1972.99948815525,1981.70936518751,1990.38248701034,1999.01890285216,2007.61866378399,2016.18182269129,2024.70843424571,2033.19855487695,2041.65224274468,2050.06955771054,2058.45056131022,2066.79531672557,2075.10388875692,2083.3763437954,2091.6127497954,2099.81317624716,2107.97769414948,2116.10637598251,2124.19929568077,2132.25652860619,2140.2781515214,2148.26424256311,2156.21488121565,2164.13014828469,2172.01012587113,2179.8548973451,2187.66454732022,2195.43916162796,2203.17882729224
Alt_930,NaN,NaN,NaN,NaN,NaN,NaN,NaN,NaN,NaN,NaN,NaN,NaN,403.449577719009,416.60896722708,429.738140283759,442.837947205008,455.909132644422,468.952346155867,481.968151739376,494.957036439954,507.919418076396,520.855652178671,533.766038210285,546.650825147821,559.510216484547,572.344374719265,585.153425385798,597.937460672928,610.696542679399,623.43070634374,636.139962084306,648.824298180952,661.483682926209,674.118066570682,686.727383084563,699.311551754666,711.870478634193,724.404057860483,736.912172854303,749.394697412668,761.851496705928,774.282428188578,786.687342432297,799.066083888732,811.418491588773,823.744399784331,836.043638537983,848.316034265319,860.561410234278,872.77958702536,884.970382956186,897.133614473522,909.269096515593,921.376642847219,933.45606637005,945.507179409984,957.529793983622,969.523722045461,981.488775717353,993.424767501626,1005.33151047913,1017.20881849333,1029.05650632158,1040.87438983439,1052.66228614368,1064.42001374076,1076.14739262477,1087.84424442227,1099.51039249848,1111.14566206093,1122.74988025581,1134.32287625768,1145.86448135279,1157.37452901664,1168.85285498588,1180.29929732511,1191.71369648878,1203.09589537851,1214.44573939609,1225.76307649244,1237.04775721271,1248.29963473778,1259.5185649223,1270.70440632959,1281.85702026333,1292.97627079653,1304.06202479758,1315.11415195382,1326.13252479254,1337.1170186997,1348.06751193637,1358.98388565305,1369.86602390197,1380.71381364745,1391.52714477442,1402.30591009519,1413.05000535456,1423.75932923332,1434.43378335018,1445.07327226233,1455.67770346457,1466.24698738703,1476.78103739179,1487.27976976807,1497.74310372647,1508.17096139191,1518.56326779564,1528.91995086616,1539.24094141916,1549.52617314656,1559.77558260466,1569.98910920139,1580.16669518278,1590.30828561863,1600.41382838744,1610.48327416062,1620.51657638601,1630.51369127075,1640.47457776354,1650.39919753628,1660.28751496515,1670.13949711114,1679.9551137001,1689.73433710221,1699.47714231111,1709.18350692246,1718.85341111213,1728.48683761403,1738.08377169743,1747.64420114411,1757.16811622496,1766.65550967643,1776.10637667655,1785.52071482078,1794.89852409745,1804.23980686312,1813.54456781753,1822.81281397847,1832.04455465633,1841.23980142861,1850.39856811408,1859.52087074691,1868.60672755059,1877.65615891176,1886.66918735388,1895.64583751082,1904.58613610036,1913.49011189753,1922.35779570805,1931.18922034149,1939.98442058459,1948.74343317439,1957.46629677138,1966.15305193271,1974.80374108524,1983.41840849875,1991.99710025901,2000.53986424103,2009.04675008218,2017.51780915548,2025.95309454284,2034.35266100841,2042.71656497195,2051.04486448233,2059.33761919101,2067.59489032572,2075.8167406641,2084.00323450755,2092.15443765513,2100.27041737754,2108.35124239126,2116.39698283284,2124.4077102332,2132.38349749215,2140.32441885308,2148.23054987765,2156.10196742077,2163.93874960565,2171.74097579904,2179.50872658658,2187.24208374837
Alt_940,NaN,NaN,NaN,NaN,NaN,NaN,NaN,NaN,NaN,NaN,NaN,NaN,NaN,412.141305900871,425.145619760386,438.120898876579,451.067900500704,463.987287105221,476.879635793733,489.745446795353,502.585151113456,515.399117401858,528.187658140612,540.951035180333,553.689464719396,566.403121773221,579.092144189486,591.756636257906,604.39667195823,617.01229788552,629.603535887491,642.170385444919,654.712825822628,667.230818015489,679.72430651113,692.193220888595,704.637477270023,717.056979640519,729.451621049671,741.821284706686,754.165844979798,766.485168309395,778.779114043341,791.047535201997,803.290279179671,815.507188388504,827.698100850158,839.862850740125,852.001268888962,864.113183244336,876.198419297339,888.256800476223,900.288148510349,912.29228376692,924.269025562752,936.218192453197,948.139602500051,960.033073520172,971.898423316338,983.735469891725,995.544031649304,1007.32392757727,1019.07497742161,1030.79700184665,1042.48982258468,1054.15326257512,1065.78714609431,1077.39129887634,1088.9655482256,1100.50972312169,1112.02365431711,1123.50717442819,1134.9601180198,1146.38232168415,1157.77362411406,1169.13386617111,1180.46289094884,1191.76054383149,1203.02667254834,1214.2611272241,1225.46376042536,1236.63442720356,1247.77298513451,1258.87929435461,1269.95321759419,1280.99462020779,1292.00337020187,1302.97933825978,1313.92239776437,1324.83242481823,1335.7092982617,1346.55289968877,1357.36311346097,1368.13982671935,1378.88292939463,1389.5923142156,1400.26787671586,1410.90951523898,1421.51713094215,1432.09062779839,1442.62991259734,1453.13489494479,1463.60548726086,1474.0416047771,1484.44316553227,1494.81009036716,1505.14230291827,1515.43972961052,1525.70229964893,1535.92994500943,1546.12260042875,1556.28020339347,1566.40269412827,1576.49001558334,1586.54211342111,1596.55893600223,1606.54043437088,1616.48656223939,1626.39727597232,1636.27253456983,1646.11229965055,1655.9165354339,1665.68520872189,1675.41828888034,1685.11574781978,1694.77755997578,1704.40370228885,1713.99415418405,1723.54889755003,1733.06791671788,1742.5511984395,1751.99873186571,1761.41050852402,1770.78652229613,1780.1267693951,1789.43124834231,1798.69995994415,1807.93290726849,1817.13009562093,1826.29153252081,1835.41722767715,1844.50719296426,1853.56144239732,1862.57999210772,1871.56286031837,1880.51006731877,1889.42163544007,1898.29758902997,1907.13795442757,1915.94275993813,1924.71203580776,1933.44581419807,1942.14412916079,1950.80701661229,1959.43451430819,1968.0266618178,1976.58350049875,1985.10507347141,1993.59142559351,2002.04260343465,2010.45865525089,2018.83963095939,2027.18558211306,2035.49656187527,2043.77262499464,2052.01382777985,2060.22022807456,2068.39188523241,2076.52886009205,2084.63121495236,2092.69901354762,2100.73232102295,2108.73120390971,2116.69573010111,2124.62596882788,2132.5219906341,2140.38386735313,2148.21167208368,2156.00547916601,2163.76536415831,2171.49140381314
Alt_950,NaN,NaN,NaN,NaN,NaN,NaN,NaN,NaN,NaN,NaN,NaN,NaN,NaN,407.764070283365,420.646037694486,433.499287138194,446.324587796792,459.12261443355,471.893956662144,484.63912733276,497.35857009753,510.052666222782,522.721740715957,535.366067832758,547.985876026291,560.581352395371,573.152646684279,585.699874881355,598.223122459142,610.722447294364,623.19788230195,635.649437813637,648.077103728299,660.480851458156,672.860635692342,685.216395996885,697.548058268054,709.85553605412,722.138731758918,734.397537739124,746.631837305833,758.841505639873,771.026410629298,783.186413636532,795.321370201907,807.431130689561,819.515540881094,831.574442521762,843.607673823543,855.61506992894,867.596463338997,879.551684308666,891.480561212347,903.382920882139,915.258588921104,927.107389993612,938.92914809466,950.723686799844,962.490829497542,974.230399604708,985.942220767533,997.626117048143,1009.28191309839,1020.90943432167,1032.50850702371,1044.07895855298,1055.62061743168,1067.13331347776,1078.6168779187,1090.0711434976,1101.49594457206,1112.89111720637,1124.2564992574,1135.59193045463,1146.89725247468,1158.17230901066,1169.41694583666,1180.63101086776,1191.81435421564,1202.96682824023,1214.08828759755,1225.17858928391,1236.23759267681,1247.26515957255,1258.26115422082,1269.2254433565,1280.15789622864,1291.05838462693,1301.9267829057,1312.76296800556,1323.56681947295,1334.33821947742,1345.07705282706,1355.78320698194,1366.4565720658,1377.09704087593,1387.70450889147,1398.27887428013,1408.82003790336,1419.32790332014,1429.80237678936,1440.24336727092,1450.65078642555,1461.02454861341,1471.36457089164,1481.67077301068,1491.94307740961,1502.18140921052,1512.38569621181,1522.55586888065,1532.69186034454,1542.793606382,1552.86104541245,1562.89411848535,1572.89276926853,1582.8569440359,1592.78659165435,1602.68166357013,1612.5421137945,1622.36789888884,1632.15897794918,1641.91531259015,1651.63686692844,1661.32360756575,1670.97550357126,1680.59252646366,1690.1746501927,1699.7218511204,1709.23410800178,1718.71140196531,1728.15371649291,1737.56103739969,1746.93335281332,1756.27065315312,1765.57293110883,1774.84018161918,1784.07240185013,1793.26959117292,1802.43175114185,1811.55888547189,1820.65100001607,1829.7081027427,1838.7302037124,1847.71731505501,1856.66945094628,1865.58662758453,1874.46886316709,1883.3161778667,1892.12859380776,1900.90613504254,1909.64882752727,1918.35669909817,1927.02977944747,1935.66810009929,1944.27169438557,1952.84059742192,1961.37484608347,1969.87447898069,1978.33953643523,1986.77006045572,1995.16609471366,2003.52768451924,2011.85487679726,2020.14772006301,2028.40626439829,2036.63056142739,2044.82066429313,2052.97662763305,2061.09850755558,2069.18636161626,2077.24024879416,2085.26022946827,2093.24636539403,2101.19871967995,2109.11735676431,2117.002342392,2124.85374359145,2132.67162865167,2140.4560670994,2148.20712967643,2155.92488831698
Alt_960,NaN,NaN,NaN,NaN,NaN,NaN,NaN,NaN,NaN,NaN,NaN,NaN,NaN,403.47450865088,416.236568650808,428.970213682135,441.676224211612,454.355286684881,467.00800265093,479.634897036133,492.236425623169,504.812981796628,517.364902618748,529.892474297443,542.395937105737,554.875489807687,567.331293641489,579.763475905883,592.172133191564,604.557334295128,616.919122849153,629.257519698447,641.572525049261,653.86412041531,666.132270381855,678.376924206709,690.598017274992,702.795472422562,714.969201141436,727.119104679022,739.245075041731,751.346995912347,763.424743489565,775.478187257164,787.507190689525,799.511611899475,811.491304233811,823.446116821322,835.375895077609,847.280481170584,859.159714450121,871.013431845005,882.841468229992,894.643656765533,906.419829212456,918.169816223704,929.893447614975,941.590552616016,953.260960104066,964.904498820894,976.52099757468,988.110285427911,999.672191872345,1011.206546992,1022.71318161508,1034.19192745554,1045.64261724522,1057.06508485695,1068.45916541951,1079.82469542482,1091.16151282796,1102.46945714048,1113.74836951744,1124.99809283859,1136.21847178401,1147.40935290469,1158.57058468814,1169.70201761955,1180.80350423867,1191.87489919261,1202.9160592849,1213.92684352092,1224.90711315005,1235.8567317045,1246.77556503522,1257.66348134494,1268.52035121845,1279.34604765038,1290.14044607053,1300.90342436688,1311.63486290636,1322.33464455367,1333.00265468797,1343.63878121772,1354.2429145938,1364.81494782079,1375.35477646671,1385.86229867115,1396.33741515192,1406.78002921026,1417.19004673474,1427.56737620378,1437.911928687,1448.22361784533,1458.50235993002,1468.74807378049,1478.96068082124,1489.14010505766,1499.28627307092,1509.39911401199,1519.47855959468,1529.52454408793,1539.53700430724,1549.51587960534,1559.46111186211,1569.3726454738,1579.2504273416,1589.09440685946,1598.9045359014,1608.68076880815,1618.42306237323,1628.13137582849,1637.80567082914,1647.44591143826,1657.0520641108,1666.62409767717,1676.16198332642,1685.66569458888,1695.13520731853,1704.57049967495,1713.97155210487,1723.33834732339,1732.67087029495,1741.96910821389,1751.23305048474,1760.46268870229,1769.65801663131,1778.8190301861,1787.94572740975,1797.03810845322,1806.09617555415,1815.1199330156,1824.10938718444,1833.06454642972,1841.98542112081,1850.8720236054,1859.7243681874,1868.54247110465,1877.32635050663,1886.07602643192,1894.79152078575,1903.47285731727,1912.12006159692,1920.73316099365,1929.3121846521,1937.85716346975,1946.36813007401,1954.84511879934,1963.28816566427,1971.69730834848,1980.07258616983,1988.41404006146,1996.7217125488,2004.99564772668,2013.23589123646,2021.44249024317,2029.61549341267,2037.75495088889,2045.86091427116,2053.93343659146,2061.97257229193,2069.97837720224,2077.95090851721,2085.89022477441,2093.79638583187,2101.66945284588,2109.50948824889,2117.3165557275,2125.09072020055,2132.83204779733,2140.5406058359
Alt_970,NaN,NaN,NaN,NaN,NaN,NaN,NaN,NaN,NaN,NaN,NaN,NaN,NaN,NaN,411.914500388284,424.53089610949,437.119957996676,449.682383587802,462.21878581021,474.729701138836,487.215596985439,499.676878374862,512.113893967311,524.526941485327,536.916272601856,549.282097342408,561.62458805031,573.943882959906,586.240089418379,598.513286792924,610.763529096246,622.990847359917,635.195251782007,647.376733672517,659.535267217625,671.670811081427,683.783309861839,695.872695415482,707.93888806475,719.981797698846,732.00132477927,743.997361259113,755.969791424524,767.918492665811,779.843336184846,791.744187644763,803.620907767283,815.473352882484,827.301375435313,839.104824452718,850.883545974878,862.637383453668,874.366178121192,886.06976933092,897.747994873747,909.400691271048,921.027694046618,932.628837979199,944.203957337158,955.752886096702,967.275458144927,978.771507468848,990.240868331493,1001.68337543599,1013.09886407857,1024.48717029126,1035.848130975,1047.18158402394,1058.48736844133,1069.76532444786,1081.01529358269,1092.23711879786,1103.43064454637,1114.59571686442,1125.73218344817,1136.83989372533,1147.91869892193,1158.96845212453,1169.98900833824,1180.98022454062,1191.94195973185,1202.87407498137,1213.77643347109,1224.64890053546,1235.49134369851,1246.3036327081,1257.08563956741,1267.8372385639,1278.55830629591,1289.24872169686,1299.90836605738,1310.53712304523,1321.13487872341,1331.70152156623,1342.23694247376,1352.74103478437,1363.21369428587,1373.65481922493,1384.06431031507,1394.44207074329,1404.78800617526,1415.10202475928,1425.38403712898,1435.63395640486,1445.85169819466,1456.03718059266,1466.19032417801,1476.31105201194,1486.39928963412,1496.45496505807,1506.4780087657,1516.46835370103,1526.42593526305,1536.35069129788,1546.24256209014,1556.10149035364,1565.92742122142,1575.72030223501,1585.48008333326,1595.20671684041,1604.90015745366,1614.56036223021,1624.18729057368,1633.78090422018,1643.34116722372,1652.86804594132,1662.36150901757,1671.82152736884,1681.24807416703,1690.64112482297,1700.00065696947,1709.32665044398,1718.61908727094,1727.87795164384,1737.1032299069,1746.29491053659,1755.45298412273,1764.57744334949,1773.66828297601,1782.72549981688,1791.7490927224,1800.73906255856,1809.69541218695,1818.61814644436,1827.50727212236,1836.36279794658,1845.18473455596,1853.97309448178,1862.72789212667,1871.44914374338,1880.13686741356,1888.79108302641,1897.41181225719,1905.99907854579,1914.55290707506,1923.07332474925,1931.56036017231,1940.01404362614,1948.43440704889,1956.82148401316,1965.1753097042,1973.49592089813,1981.78335594016,1990.03765472274,1998.25885866383,2006.44701068513,2014.60215519031,2022.72433804336,2030.81360654687,2038.87000942044,2046.8935967791,2054.88442011176,2062.84253225981,2070.76798739566,2078.66084100144,2086.52114984778,2094.3489719726,2102.14436666001,2109.90739441937,2117.63811696434,2125.33659719206
Alt_980,NaN,NaN,NaN,NaN,NaN,NaN,NaN,NaN,NaN,NaN,NaN,NaN,NaN,NaN,407.677228280986,420.178662229625,432.65305015748,445.101100122278,457.523435889683,469.920604971978,482.293085924452,494.641294949649,506.965591863911,519.266285481374,531.54363846904,543.797871723763,556.029168318477,568.237677061166,580.423515706239,592.586773854186,604.727515571855,616.845781762384,628.941592310777,641.014948028343,653.065832416769,665.094213270292,677.100044132489,689.083265622386,701.043806642992,712.981585483953,724.896510828777,736.788482675913,748.657393182038,760.503127434975,772.325564162899,784.124576385799,795.900032014534,807.651794402276,819.379722852654,831.083673088454,842.763497684375,854.419046466953,866.050166884515,877.656704349682,889.238502556745,900.795403776002,912.32724912693,923.833878831922,935.315132452123,946.770849106789,958.200867677446,969.60502699801,980.983166031944,992.335124037404,1003.66074072127,1014.95985638286,1026.23231204808,1037.47794959469,1048.69661186924,1059.88814279638,1071.05238748088,1082.18919230307,1093.29840500786,1104.37987478806,1115.43345236207,1126.45899004652,1137.45634182405,1148.42536340656,1159.3659122942,1170.27784783041,1181.16103125306,1192.01532574218,1202.84059646425,1213.63671061333,1224.40353744924,1235.14094833286,1245.84881675874,1256.52701838528,1267.17543106233,1277.79393485666,1288.38241207517,1298.94074728609,1309.46882733815,1319.96654137798,1330.43378086563,1340.87043958851,1351.27641367359,1361.65160159816,1371.99590419909,1382.30922468067,1392.59146862107,1402.84254397768,1413.06236109098,1423.25083268746,1433.40787388129,1443.53340217493,1453.62733745878,1463.68960200973,1473.72012048886,1483.71881993823,1493.6856297767,1503.62048179505,1513.52331015023,1523.39405135883,1533.23264428986,1543.03903015681,1552.813152509,1562.55495722235,1572.26439248948,1581.9414088092,1591.58595897547,1601.19799806581,1610.77748342912,1620.32437467312,1629.83863365115,1639.32022444865,1648.76911336915,1658.18526891975,1667.56866179637,1676.91926486845,1686.23705316337,1695.52200385053,1704.77409622498,1713.9933116909,1723.17963374461,1732.33304795741,1741.4535419581,1750.54110541521,1759.59573001902,1768.61740946335,1777.6061394271,1786.56191755558,1795.48474344168,1804.37461860681,1813.23154648169,1822.05553238698,1830.84658351374,1839.60470890375,1848.32991942972,1857.02222777537,1865.68164841535,1874.30819759516,1882.90189331088,1891.46275528885,1899.99080496529,1908.48606546583,1916.94856158503,1925.37831976572,1933.7753680785,1942.139736201,1950.47145539726,1958.77055849701,1967.03707987497,1975.27105543012,1983.472522565,1991.64152016499,1999.77808857762,2007.88226959187,2015.95410641755,2023.99364366464,2032.00092732272,2039.97600474044,2047.91892460497,2055.82973692159,2063.7084929933,2071.55524540047,2079.37004798058,2087.15295580803,2094.904025174,2102.62331356646,2110.31087965016
Alt_990,NaN,NaN,NaN,NaN,NaN,NaN,NaN,NaN,NaN,NaN,NaN,NaN,NaN,NaN,403.522250063787,415.910944690581,428.272868971819,440.608740929091,452.919194642462,465.204788165962,477.46601072801,489.703289260994,501.916994309847,514.107445371129,526.27491571348,538.419636728044,550.541801854484,562.641570124717,574.719069362963,586.774399077153,598.807633073351,610.81882182171,622.807994599524,634.775161434279,646.720314867194,658.643431555527,670.544473729997,682.423390521888,694.280119172849,706.114586139003,717.926708099749,729.716392880502,741.483540297681,753.228042933341,764.949786846085,776.648652224211,788.32451398642,799.977242334869,811.606703264878,823.212759035144,834.795268601961,846.35408802056,857.88907081643,869.400068329132,880.886930030959,892.349503822493,903.78763630698,915.201173045211,926.58995879249,937.95383771908,949.292653615425,960.606250083319,971.894470714073,983.157159254666,994.394159762763,1005.6053167514,1016.79047532411,1027.94948130109,1039.08218133714,1050.18842303191,1061.26805503281,1072.32092713143,1083.3468903535,1094.3457970431,1105.31750094136,1116.26185725998,1127.17872275001,1138.06795576603,1148.92941632613,1159.76296616787,1170.56846880046,1181.34578955344,1192.09479562199,1202.81535610906,1213.50734206454,1224.17062652164,1234.80508453052,1245.41059318949,1255.98703167372,1266.53428126176,1277.05222535982,1287.54074952407,1297.99974148097,1308.42909114568,1318.82869063884,1329.1984343015,1339.53821870862,1349.84794268088,1360.12750729516,1370.37681589351,1380.59577409092,1390.78428978168,1400.94227314461,1411.06963664712,1421.16629504811,1431.23216539986,1441.26716704881,1451.27122163552,1461.24425309346,1471.18618764715,1481.09695380925,1490.97648237689,1500.82470642724,1510.64156131228,1520.42698465279,1530.18091633177,1539.90329848708,1549.59407550343,1559.25319400385,1568.88060284045,1578.47625308471,1588.04009801711,1597.57209311638,1607.07219604811,1616.54036665295,1625.97656693434,1635.3807610458,1644.75291527777,1654.09299804408,1663.40097986797,1672.67683336784,1681.92053324255,1691.13205625643,1700.31138122394,1709.45848899404,1718.57336243427,1727.65598641452,1736.70634779056,1745.72443538732,1754.7102399819,1763.66375428636,1772.58497293034,1781.47389244341,1790.33051123726,1799.1548295877,1807.94684961651,1816.70657527309,1825.434012316,1834.12916829433,1842.79205252896,1851.4226760937,1860.02105179627,1868.58719415929,1877.12111940102,1885.62284541616,1894.09239175647,1902.5297796114,1910.93503178859,1919.30817269436,1927.64922831414,1935.95822619285,1944.2351954153,1952.48016658648,1960.6931718119,1968.87424467789,1977.0234202319,1985.14073496283,1993.22622678128,2001.27993499992,2009.30190031383,2017.29216478081,2025.25077180184,2033.17776610146,2041.07319370827,2048.93710193539,2056.76953936107,2064.57055580928,2072.34020233039,2080.07853118186,2087.78559580911,2095.46145082634
Alt_1000,NaN,NaN,NaN,NaN,NaN,NaN,NaN,NaN,NaN,NaN,NaN,NaN,NaN,NaN,NaN,411.725275918368,423.976884822625,436.202715039203,448.403410453993,460.579539182032,472.731600668882,484.860032142931,496.965214463738,509.047477414328,521.107104485382,533.144337197728,545.159379006952,557.15239883089,569.123534237488,581.07289432722,593.000562341019,604.90659802171,616.79103975407,628.653906506084,640.495199591604,652.314904272493,664.11299121641,675.889417824683,687.644129443182,699.377060467709,711.088135354224,722.77726954312,734.444370305786,746.089337520854,757.712064386728,769.312438076333,780.890340339395,792.445648057044,803.978233753014,815.487966065322,826.974710181892,838.438328243267,849.878679715237,861.295621733938,872.689009425727,884.058696203941,895.404534044406,906.726373741445,918.024065145913,929.297457386702,940.546399076981,951.770738506359,962.970323820033,974.145003185894,985.294624950479,996.41903778459,1007.51809081931,1018.59163377313,1029.63951707071,1040.66159195404,1051.65771058629,1062.62772614902,1073.5714929331,1084.48886642376,1095.37970338018,1106.2438619099,1117.08120153851,1127.89158327468,1138.67486967108,1149.43092488122,1160.1596147126,1170.86080667623,1181.53437003292,1192.18017583635,1202.79809697318,1213.38800820037,1223.94978617984,1234.48330951054,1244.98845875829,1255.46511648314,1265.9131672648,1276.33249772589,1286.72299655328,1297.0845545176,1307.41706449102,1317.72042146329,1327.99452255623,1338.23926703673,1348.45455632821,1358.64029402079,1368.79638588007,1378.9227398547,1389.01926608266,1399.08587689652,1409.12248682742,1419.12901260816,1429.10537317513,1439.05148966938,1448.96728543668,1458.85268602675,1468.70761919156,1478.53201488289,1488.32580524905,1498.08892463083,1507.82130955676,1517.52289873771,1527.19363306067,1536.83345558211,1546.4423115205,1556.02014824841,1565.56691528395,1575.08256428168,1584.56704902303,1594.02032540617,1603.44235143544,1612.83308721028,1622.19249491377,1631.52053880067,1640.81718518514,1650.08240242798,1659.31616092356,1668.51843308642,1677.68919333739,1686.82841808955,1695.93608573378,1705.01217662403,1714.05667306232,1723.06955928344,1732.05082143944,1741.00044758383,1749.91842765556,1758.80475346277,1767.65941866637,1776.48241876337,1785.27375107003,1794.03341470489,1802.76141057154,1811.45774134128,1820.12241143569,1828.75542700894,1837.35679593008,1845.92652776513,1854.46463375913,1862.97112681803,1871.44602149052,1879.88933394976,1888.30108197501,1896.68128493328,1905.02996376077,1913.34714094439,1921.63284050315,1929.88708796955,1938.10991037091,1946.30133621068,1954.46139544974,1962.59011948766,1970.68754114398,1978.75369463943,1986.78861557724,1994.79234092438,2002.76490899284,2010.70635942095,2018.61673315465,2026.49607242891,2034.34442074905,2042.16182287221,2049.94832478874,2057.7039737038,2065.42881801885,2073.12290731327,2080.78629232606
